{"id":"212","credits":"2","dollars":"9.99","summary":"Learn to communicate with confidence in your business and personal life.","description":"Learn to use the essential elements of trust, credibility, and confident behavior to communicate effectively and confidently.","date":"2014-10-15 04:34:45","iconURL":"icon212.jpg","imageURL":"image212.jpg","vimeo":"","title":"Confident Communicator Demo Course -  FIX INTRO\/This That","editDate":"2014-10-15 05:48:21","buildAvailable":"1","published":"0","publicationDate":null}