[{"id":"55082","courseId":"175","type":"1","summary":"The Basics of Confident Communication","index":"0","json":"{\\\\\\\"type\\\\\\\":3,\\\\\\\"intro\\\\\\\":{\\\\\\\"title\\\\\\\":\\\\\\\"The Basics of Confident Communication\\\\\\\",\\\\\\\"description\\\\\\\":\\\\\\\"In this Blink Training course, you&#39;ll learn how confident communication can improve your life in many ways.&#10;&#10;Blink Training courses serve up content in small units (called Blinks), add just enough gaming to keep it fun and arrange those Blinks into short sequences (called Bursts). Each Burst takes just a few minutes to complete so you can do them waiting on line for a cappuccino, waiting for a phone call at work, or whenever you have some free time. Blink Training turns your downtime into learning time.&#10;&#10;Touch Next to start the first Burst.&#10;&#10;(NOTE: The content of this demo course was adapted from Skillsoft&#39;s course &#34;Interpersonal Communications: Communicating with Confidence.&#34;)\\\\\\\",\\\\\\\"image\\\\\\\":\\\\\\\"\\\\\\\",\\\\\\\"sound\\\\\\\":\\\\\\\"\\\\\\\",\\\\\\\"volume\\\\\\\":50},\\\\\\\"unlockscore\\\\\\\":0,\\\\\\\"quicklink\\\\\\\":false,\\\\\\\"quotation\\\\\\\":\\\\\\\"\\\\\\\",\\\\\\\"dossier\\\\\\\":true}","lite":"0","guid":"2b576205-31e3-45f3-9125-4f8e5a446cac","growth_activity":"0"},{"id":"55083","courseId":"175","type":"3","summary":"The Big Ideas","index":"1","json":"{\\\\\\\"type\\\\\\\":20,\\\\\\\"multiple\\\\\\\":{\\\\\\\"timer\\\\\\\":60,\\\\\\\"answers\\\\\\\":[{\\\\\\\"correct\\\\\\\":false,\\\\\\\"text\\\\\\\":\\\\\\\"\\\\\\\"},{\\\\\\\"correct\\\\\\\":false,\\\\\\\"text\\\\\\\":\\\\\\\"\\\\\\\"}],\\\\\\\"sound\\\\\\\":\\\\\\\"\\\\\\\",\\\\\\\"text\\\\\\\":\\\\\\\"Which of these behaviors demonstrate essential elements of confident communication?\\\\\\\"},\\\\\\\"feedback\\\\\\\":[\\\\\\\"\\\\\\\",\\\\\\\"\\\\\\\"],\\\\\\\"score\\\\\\\":0,\\\\\\\"gems\\\\\\\":0,\\\\\\\"intro\\\\\\\":{\\\\\\\"title\\\\\\\":\\\\\\\"The Big Ideas\\\\\\\",\\\\\\\"description\\\\\\\":\\\\\\\"In this first Burst, you&#39;ll learn how confidence can help you to:&#10;   - Speak Freely&#10;   - Assert Yourself&#10;   - Reduce Anxiety&#10;   - Listen Better&#10;   - Contribute More&#10;&#10;On the left, the two gem-like shapes mean that you can earn two gems in this Burst. &#10;&#10;You&#39;ll also notice that you must earn 20 points to unlock the next Burst.&#10;&#10;Touch Start to being this Burst.\\\\\\\",\\\\\\\"image\\\\\\\":\\\\\\\"\\\\\\\",\\\\\\\"sound\\\\\\\":\\\\\\\"\\\\\\\",\\\\\\\"volume\\\\\\\":50},\\\\\\\"unlockscore\\\\\\\":\\\\\\\"20\\\\\\\",\\\\\\\"quicklink\\\\\\\":false,\\\\\\\"quotation\\\\\\\":\\\\\\\"Trust is the cornerstone of confidence.\\\\\\\"}","lite":"0","guid":"a615c6de-d77b-4224-a93a-b0b1ee739a14","growth_activity":"0"},{"id":"55084","courseId":"175","type":"11","summary":"The Big Ideas","index":"2","json":"{\\\\\\\"type\\\\\\\":11,\\\\\\\"simon\\\\\\\":{\\\\\\\"prompt\\\\\\\":\\\\\\\"                                        THE BIG IDEAS\\\\\\\",\\\\\\\"sounds\\\\\\\":[\\\\\\\"DBCB5194-8605-B9C1-1BC5-F352D42B3825.mp3\\\\\\\",\\\\\\\"28BF30BF-302E-6D4F-5D98-04105FFCE1F1.mp3\\\\\\\",\\\\\\\"FDBF054F-9A08-3BE9-82BB-0131E2EEC43D.mp3\\\\\\\",\\\\\\\"DA7B63A5-50B8-CBD8-12A5-4C9D33C5749D.mp3\\\\\\\",\\\\\\\"5B836D54-9D93-35C0-84A2-E51AEB266F1D.mp3\\\\\\\",\\\\\\\"1DFF2ED3-9E4C-C39F-1313-8BFD1E2505BE.mp3\\\\\\\",\\\\\\\"E6B2357A-0683-B5D0-A4DC-4DB7517A2DAD.mp3\\\\\\\",\\\\\\\"6815592E-0AF4-B7B3-C702-3A66193F630D.mp3\\\\\\\",\\\\\\\"4C185A3C-8E54-C938-D556-37C6DA58FE06.mp3\\\\\\\",\\\\\\\"\\\\\\\",\\\\\\\"7D175353-A449-E9D9-0932-172081B6D15E.mp3\\\\\\\",\\\\\\\"3174B0A0-1A24-B754-F2A9-4B73E759B78E.mp3\\\\\\\"],\\\\\\\"phrase\\\\\\\":\\\\\\\"Confidence|Speak Freely|Assert Yourself|Listen Better|Reduce Anxiety|Contribute More\\\\\\\",\\\\\\\"wrong\\\\\\\":\\\\\\\"Arrogance|Suspicion|Mistrust|Rejection|Frustration|Resentment\\\\\\\",\\\\\\\"time\\\\\\\":0,\\\\\\\"score\\\\\\\":0,\\\\\\\"gems\\\\\\\":0,\\\\\\\"sound\\\\\\\":\\\\\\\"\\\\\\\"},\\\\\\\"feedback\\\\\\\":[\\\\\\\"This is an overview of where we&#39;re headed in this course. From learning to be more confident to contributing more to your organization. \\\\\\\",\\\\\\\"Oh, try again.\\\\\\\"],\\\\\\\"score\\\\\\\":\\\\\\\"100\\\\\\\",\\\\\\\"gems\\\\\\\":\\\\\\\"1\\\\\\\"}","lite":"0","guid":"1595052e-4657-4201-94f6-81ecbd91a078","growth_activity":"0"},{"id":"55085","courseId":"175","type":"13","summary":"Intro Dialog","index":"3","json":"{\\\\\\\"type\\\\\\\":13,\\\\\\\"thisthat\\\\\\\":{\\\\\\\"questions\\\\\\\":[{\\\\\\\"text\\\\\\\":\\\\\\\"With enough confidence you can go just about anywhere. &#10;&#10;Do you believe this?\\\\\\\",\\\\\\\"correct\\\\\\\":\\\\\\\"I do\\\\\\\",\\\\\\\"wrong\\\\\\\":\\\\\\\"Not really\\\\\\\",\\\\\\\"value\\\\\\\":true,\\\\\\\"feedback\\\\\\\":[\\\\\\\"Good and here&#39;s a secret: you can build your own confidence.\\\\\\\",\\\\\\\"You ought to believe this because confidence can empower you to reach for your dreams. And here&#39;s a secret: you can build your own confidence.\\\\\\\"]},{\\\\\\\"text\\\\\\\":\\\\\\\"Communicating well is one way you can build your confidence, and gain the confidence of others. &#10;&#10;Do you know what we mean by this?\\\\\\\",\\\\\\\"correct\\\\\\\":\\\\\\\"I do\\\\\\\",\\\\\\\"wrong\\\\\\\":\\\\\\\"Not really\\\\\\\",\\\\\\\"value\\\\\\\":true,\\\\\\\"feedback\\\\\\\":[\\\\\\\"Then you know that when you&#39;re confident, you can speak freely, without fear of what others might think of you. You can be assertive and ask for what you want. This builds your self confidence.\\\\\\\",\\\\\\\"Let me explain: when you&#39;re confident, you can speak freely, without fear of what others might think of you. You can be assertive and ask for what you want. This builds your self confidence.\\\\\\\"]},{\\\\\\\"text\\\\\\\":\\\\\\\"And when you&#39;re confident, you even listen better to other people. &#10;&#10;Do you know why this is?\\\\\\\",\\\\\\\"correct\\\\\\\":\\\\\\\"I do\\\\\\\",\\\\\\\"wrong\\\\\\\":\\\\\\\"Not really\\\\\\\",\\\\\\\"value\\\\\\\":true,\\\\\\\"feedback\\\\\\\":[\\\\\\\"You&#39;ve got insight. You know that when you&#39;re more confident, your perception of what others are saying is not distorted by your fears and anxiety.\\\\\\\",\\\\\\\"When you&#39;re confident, you can listen better to people because your perception of what others are saying is not distorted by your fears and anxiety.\\\\\\\"]}],\\\\\\\"timer\\\\\\\":0,\\\\\\\"noscore\\\\\\\":true},\\\\\\\"feedback\\\\\\\":[\\\\\\\"To sum up: confidence can help you to reach your dreams. And learning to communicate better is one way to build your confidence. Worth working at it!\\\\\\\",\\\\\\\"To sum up: confidence can help you to reach your dreams. And learning to communicate better is one way to raise your confidence. Worth working at it!\\\\\\\"],\\\\\\\"score\\\\\\\":\\\\\\\"20\\\\\\\",\\\\\\\"gems\\\\\\\":0}","lite":"0","guid":"f78a1e79-6c34-46e2-beb6-46798b73c359","growth_activity":"0"},{"id":"55086","courseId":"175","type":"10","summary":"Confident Speaker","index":"4","json":"{\\\\\\\"type\\\\\\\":10,\\\\\\\"dragdrop\\\\\\\":{\\\\\\\"timer\\\\\\\":30,\\\\\\\"layout\\\\\\\":0,\\\\\\\"goals\\\\\\\":[{\\\\\\\"isImage\\\\\\\":true,\\\\\\\"text\\\\\\\":\\\\\\\"\\\\\\\",\\\\\\\"image\\\\\\\":\\\\\\\"3A6478D7-6FFB-E7FD-7A6B-EC4E69BEB93D.png\\\\\\\"}],\\\\\\\"items\\\\\\\":[{\\\\\\\"goal\\\\\\\":1,\\\\\\\"isImage\\\\\\\":false,\\\\\\\"text\\\\\\\":\\\\\\\"Speak freely\\\\\\\",\\\\\\\"image\\\\\\\":\\\\\\\"\\\\\\\",\\\\\\\"feedback\\\\\\\":[\\\\\\\"Yes, as a confident communicator Mary is now able to speak freely and this adds to the overall happiness in her life.\\\\\\\",\\\\\\\"\\\\\\\"]},{\\\\\\\"goal\\\\\\\":1,\\\\\\\"isImage\\\\\\\":false,\\\\\\\"text\\\\\\\":\\\\\\\"Reduce anxiety\\\\\\\",\\\\\\\"image\\\\\\\":\\\\\\\"\\\\\\\",\\\\\\\"feedback\\\\\\\":[\\\\\\\"Yes, as a confident communicator Mary now has little anxiety when speaking to others and it frees her up to truly share ideas and feelings.\\\\\\\",\\\\\\\"\\\\\\\"]},{\\\\\\\"goal\\\\\\\":1,\\\\\\\"isImage\\\\\\\":false,\\\\\\\"text\\\\\\\":\\\\\\\"Let yourself be heard\\\\\\\",\\\\\\\"image\\\\\\\":\\\\\\\"\\\\\\\",\\\\\\\"feedback\\\\\\\":[\\\\\\\"Yes, as a confident communicator Mary isn&#39;t standing in the way of herself. Instead, her message is front and center and being heard.\\\\\\\",\\\\\\\"\\\\\\\"]},{\\\\\\\"goal\\\\\\\":1,\\\\\\\"isImage\\\\\\\":false,\\\\\\\"text\\\\\\\":\\\\\\\"Listen better\\\\\\\",\\\\\\\"image\\\\\\\":\\\\\\\"\\\\\\\",\\\\\\\"feedback\\\\\\\":[\\\\\\\"Yes, as a confident communicator, Mary can listen better to other people because she is no longer listening through a veil of distortion and fear.\\\\\\\",\\\\\\\"\\\\\\\"]},{\\\\\\\"goal\\\\\\\":0,\\\\\\\"isImage\\\\\\\":false,\\\\\\\"text\\\\\\\":\\\\\\\"Lose opportunities\\\\\\\",\\\\\\\"image\\\\\\\":\\\\\\\"\\\\\\\",\\\\\\\"feedback\\\\\\\":[\\\\\\\"\\\\\\\",\\\\\\\"No, as a confident communicator Mary now has a better chance to create opportunities and to take advantage of opportunities that come her way.\\\\\\\"]},{\\\\\\\"goal\\\\\\\":0,\\\\\\\"isImage\\\\\\\":false,\\\\\\\"text\\\\\\\":\\\\\\\"Fall behind\\\\\\\",\\\\\\\"image\\\\\\\":\\\\\\\"\\\\\\\",\\\\\\\"feedback\\\\\\\":[\\\\\\\"\\\\\\\",\\\\\\\"No, as a confident communicator Mary is now able to focus on moving forward in her personal and professional life.\\\\\\\"]}],\\\\\\\"prompt\\\\\\\":\\\\\\\"Mary suffered anxiety and fear when speaking with others, but she took the time to build her confidence. Drag all the words that apply to her. \\\\\\\",\\\\\\\"sound\\\\\\\":\\\\\\\"\\\\\\\"},\\\\\\\"feedback\\\\\\\":[\\\\\\\"This course can help you to become a more confident communicator like Mary. And clearly it&#39;s worth working at because it can improve your life in many ways.\\\\\\\",\\\\\\\"This course can help you to become a more confident communicator like Mary. And clearly it&#39;s worth working at because it can improve your life in many ways.\\\\\\\"],\\\\\\\"score\\\\\\\":\\\\\\\"30\\\\\\\",\\\\\\\"gems\\\\\\\":\\\\\\\"1\\\\\\\"}","lite":"0","guid":"1a3c1342-6d25-49c0-9585-2b5389c557f0","growth_activity":"0"},{"id":"55087","courseId":"175","type":"7","summary":"How are you doing?","index":"5","json":"{\\\\\\\"type\\\\\\\":7,\\\\\\\"input\\\\\\\":{\\\\\\\"type\\\\\\\":7,\\\\\\\"prompt\\\\\\\":\\\\\\\"Think about your own confidence as a communicator. Rate yourself by moving the ball below right (more confident) or left (less). Then write about it. \\\\\\\",\\\\\\\"locked\\\\\\\":false,\\\\\\\"text\\\\\\\":\\\\\\\"\\\\\\\",\\\\\\\"isNumber\\\\\\\":false,\\\\\\\"useImages\\\\\\\":true,\\\\\\\"left\\\\\\\":\\\\\\\"AFF2029D-BECF-F899-4DA5-F22F17F97041.png\\\\\\\",\\\\\\\"right\\\\\\\":\\\\\\\"C019DB10-E215-2EDD-7C65-234626BACD30.png\\\\\\\",\\\\\\\"ideal\\\\\\\":50},\\\\\\\"feedback\\\\\\\":[\\\\\\\"\\\\\\\",\\\\\\\"\\\\\\\"],\\\\\\\"score\\\\\\\":\\\\\\\"5\\\\\\\",\\\\\\\"gems\\\\\\\":\\\\\\\"1\\\\\\\"}","lite":"0","guid":"95b8f4a6-3847-424e-9302-394f32153e2d","growth_activity":"0"},{"id":"55088","courseId":"175","type":"4","summary":"Burst 1","index":"6","json":"{ \\\\\\\"type\\\\\\\":4}","lite":"0","guid":"37b6931d-49f5-490b-9ad7-b8c88589c7e3","growth_activity":"0"},{"id":"55089","courseId":"175","type":"3","summary":"Without Confidence","index":"7","json":"{\\\\\\\"type\\\\\\\":3,\\\\\\\"intro\\\\\\\":{\\\\\\\"title\\\\\\\":\\\\\\\"Communicating without confidence\\\\\\\",\\\\\\\"description\\\\\\\":\\\\\\\"We all need to communicate with other people in both our business and personal lives. And sometimes we don&#39;t feel confident when communicating. That&#39;s when the unpleasant emotions can begin.&#10;&#10;In this Burst, you&#39;ll explore:&#10;   - How it feels to speak without confidencene&#10;   - How it feels to listen to someone who doesn&#39;t have confidence&#10;&#10;Note that you can earn two gems in this Burst and it will take 20 points to unlock the next Burst.\\\\\\\",\\\\\\\"image\\\\\\\":\\\\\\\"\\\\\\\",\\\\\\\"sound\\\\\\\":\\\\\\\"\\\\\\\",\\\\\\\"volume\\\\\\\":50},\\\\\\\"unlockscore\\\\\\\":\\\\\\\"20\\\\\\\",\\\\\\\"quicklink\\\\\\\":false,\\\\\\\"quotation\\\\\\\":\\\\\\\"If you lack confidence, you&#39;ll stand in the way of your message. Get out of the way!\\\\\\\",\\\\\\\"dossier\\\\\\\":false}","lite":"0","guid":"199a88fd-fb65-4953-9907-85f16cbcc005","growth_activity":"0"},{"id":"55090","courseId":"175","type":"7","summary":"Speaking without confidence","index":"8","json":"{\\\\\\\"type\\\\\\\":7,\\\\\\\"input\\\\\\\":{\\\\\\\"type\\\\\\\":2,\\\\\\\"prompt\\\\\\\":\\\\\\\"Think back to a time when you had to talk with other people, yet you didn&#39;t feel confident. How did it make you feel?&#10;&#10;Type the three main feelings that come to mind.\\\\\\\",\\\\\\\"locked\\\\\\\":false,\\\\\\\"in\\\\\\\":2,\\\\\\\"out\\\\\\\":0,\\\\\\\"time\\\\\\\":1,\\\\\\\"count\\\\\\\":3,\\\\\\\"characters\\\\\\\":20},\\\\\\\"feedback\\\\\\\":[\\\\\\\"\\\\\\\",\\\\\\\"\\\\\\\"],\\\\\\\"score\\\\\\\":\\\\\\\"5\\\\\\\",\\\\\\\"gems\\\\\\\":\\\\\\\"1\\\\\\\"}","lite":"0","guid":"435ced36-4382-4d37-989e-8c485ec6aad7","growth_activity":"0"},{"id":"55091","courseId":"175","type":"15","summary":"Fear, anxiety and anger","index":"9","json":"{\\\\\\\"type\\\\\\\":15,\\\\\\\"rotator\\\\\\\":{\\\\\\\"prompt\\\\\\\":\\\\\\\"WHAT DO YOU THINK?&#10;&#10;Many people who are not confident as speakers experience negative feelings, such as fear, anxiety and anger, when they have to communicate. &#10;&#10;Often this can lead to the speaker ___________________________. (Rotate the options below to your choice, then touch Done.) \\\\\\\",\\\\\\\"statements\\\\\\\":[{\\\\\\\"text\\\\\\\":\\\\\\\"having a distorted perception of what the listener is thinking\\\\\\\",\\\\\\\"correct\\\\\\\":true},{\\\\\\\"text\\\\\\\":\\\\\\\"wanting to freely share his or her thoughts and feelings\\\\\\\",\\\\\\\"correct\\\\\\\":false},{\\\\\\\"text\\\\\\\":\\\\\\\"contributing in a big way to the organization\\\\\\\",\\\\\\\"correct\\\\\\\":false},{\\\\\\\"text\\\\\\\":\\\\\\\"All of the above\\\\\\\",\\\\\\\"correct\\\\\\\":false}],\\\\\\\"timer\\\\\\\":45,\\\\\\\"sound\\\\\\\":\\\\\\\"\\\\\\\"},\\\\\\\"feedback\\\\\\\":[\\\\\\\"Correct. When a speaker is feeling negative emotions, they may feel the listeners are being critical and judgmental. This does NOT create a space for sharing or contributing, which is what communication is all about. \\\\\\\",\\\\\\\"That&#39;s incorrect. When a speaker is feeling negative emotions, it doesn&#39;t usually lead to sharing or contributing. Rather, it often makes the speaker feel that the listeners are being critical and judgmental. \\\\\\\"],\\\\\\\"score\\\\\\\":\\\\\\\"10\\\\\\\",\\\\\\\"gems\\\\\\\":0}","lite":"0","guid":"5592a580-83dc-483b-a7f6-c552ad6e5c94","growth_activity":"0"},{"id":"55092","courseId":"175","type":"15","summary":"Losing temper","index":"10","json":"{\\\\\\\"type\\\\\\\":15,\\\\\\\"rotator\\\\\\\":{\\\\\\\"prompt\\\\\\\":\\\\\\\"THINK ABOUT IT&#10;&#10;Lack of confidence when speaking can result in negative outcomes, including ______________________.\\\\\\\",\\\\\\\"statements\\\\\\\":[{\\\\\\\"text\\\\\\\":\\\\\\\"losing one&#39;s temper and doing inappropriate things\\\\\\\",\\\\\\\"correct\\\\\\\":false},{\\\\\\\"text\\\\\\\":\\\\\\\"hurting other people&#39;s feelings\\\\\\\",\\\\\\\"correct\\\\\\\":false},{\\\\\\\"text\\\\\\\":\\\\\\\"saying things you regret later\\\\\\\",\\\\\\\"correct\\\\\\\":false},{\\\\\\\"text\\\\\\\":\\\\\\\"All of the above\\\\\\\",\\\\\\\"correct\\\\\\\":true}],\\\\\\\"timer\\\\\\\":45,\\\\\\\"sound\\\\\\\":\\\\\\\"\\\\\\\"},\\\\\\\"feedback\\\\\\\":[\\\\\\\"All of these things can result from lack of confidence. And they can all result in very negative consequences.\\\\\\\",\\\\\\\"That&#39;s only partially correct. All of these things can result from lack of confidence. And they can all result in very negative consequences.\\\\\\\"],\\\\\\\"score\\\\\\\":\\\\\\\"10\\\\\\\",\\\\\\\"gems\\\\\\\":0}","lite":"0","guid":"ef35a0aa-4ccc-48f9-8c10-a037c6653580","growth_activity":"0"},{"id":"55093","courseId":"175","type":"15","summary":"More bad feelings","index":"11","json":"{\\\\\\\"type\\\\\\\":15,\\\\\\\"rotator\\\\\\\":{\\\\\\\"prompt\\\\\\\":\\\\\\\"CONSIDER THIS&#10;&#10;When someone is speaking without confidence they might feel rejected, inadequate, frustrated, or resentful. Sometimes they can feel vulnerable, trapped and easily hurt.&#10;&#10;This can lead to a situation in which the speaker is ________________.\\\\\\\",\\\\\\\"statements\\\\\\\":[{\\\\\\\"text\\\\\\\":\\\\\\\"open to an honest critique of his or her ideas\\\\\\\",\\\\\\\"correct\\\\\\\":false},{\\\\\\\"text\\\\\\\":\\\\\\\"unable to tolerate criticism\\\\\\\",\\\\\\\"correct\\\\\\\":true},{\\\\\\\"text\\\\\\\":\\\\\\\"patient and ready for productive dialog\\\\\\\",\\\\\\\"correct\\\\\\\":false},{\\\\\\\"text\\\\\\\":\\\\\\\"All of the above\\\\\\\",\\\\\\\"correct\\\\\\\":false}],\\\\\\\"timer\\\\\\\":30,\\\\\\\"sound\\\\\\\":\\\\\\\"\\\\\\\"},\\\\\\\"feedback\\\\\\\":[\\\\\\\"Correct. Speaking without confidence can close down the speaker&#39;s ability to receive honest criticism - a very important element in productive communication.\\\\\\\",\\\\\\\"That&#39;s not correct. Speaking without confidence can close down the speaker&#39;s ability to receive honest criticism - a very important element in productive communication.\\\\\\\"],\\\\\\\"score\\\\\\\":\\\\\\\"10\\\\\\\",\\\\\\\"gems\\\\\\\":0}","lite":"0","guid":"6c11ee09-468e-48b3-a170-fe06e205eb62","growth_activity":"0"},{"id":"55094","courseId":"175","type":"15","summary":"Listening to a non-confident speaker","index":"12","json":"{\\\\\\\"type\\\\\\\":15,\\\\\\\"rotator\\\\\\\":{\\\\\\\"prompt\\\\\\\":\\\\\\\"THINK ABOUT IT&#10;&#10;We&#39;ve explored what it&#39;s like to talk without confidence. Now, let&#39;s look at it from the listener&#39;s point of view. We&#39;ve all been there, too. &#10;&#10;Listening to someone who lacks confidence can provoke negative feelings, which can lead to the listener __________________.\\\\\\\",\\\\\\\"statements\\\\\\\":[{\\\\\\\"text\\\\\\\":\\\\\\\"finding it hard to focus on the information being communicated\\\\\\\",\\\\\\\"correct\\\\\\\":true},{\\\\\\\"text\\\\\\\":\\\\\\\"wanting to spend more time in the conversation\\\\\\\",\\\\\\\"correct\\\\\\\":false},{\\\\\\\"text\\\\\\\":\\\\\\\"recommending the speaker for key assignments\\\\\\\",\\\\\\\"correct\\\\\\\":false},{\\\\\\\"text\\\\\\\":\\\\\\\"All of the above.\\\\\\\",\\\\\\\"correct\\\\\\\":false}],\\\\\\\"timer\\\\\\\":45,\\\\\\\"sound\\\\\\\":\\\\\\\"\\\\\\\"},\\\\\\\"feedback\\\\\\\":[\\\\\\\"Yes, that is correct. When speakers lack confidence, listeners may find that they are reacting to the person rather than the message being communicating.\\\\\\\",\\\\\\\"That is incorrect. When speakers lack confidence, listeners may find that they are reacting to the person rather than the message being communicating.\\\\\\\"],\\\\\\\"score\\\\\\\":\\\\\\\"10\\\\\\\",\\\\\\\"gems\\\\\\\":0}","lite":"0","guid":"3952c50c-2a88-47ea-b6e1-71960cd8e2c5","growth_activity":"0"},{"id":"55095","courseId":"175","type":"15","summary":"Listening 2","index":"13","json":"{\\\\\\\"type\\\\\\\":15,\\\\\\\"rotator\\\\\\\":{\\\\\\\"prompt\\\\\\\":\\\\\\\"THINK ABOUT IT&#10;&#10;When listening to a speaker who lacks confidence we may ___________________.\\\\\\\",\\\\\\\"statements\\\\\\\":[{\\\\\\\"text\\\\\\\":\\\\\\\"find it easier to focus on the speaker&#39;s message\\\\\\\",\\\\\\\"correct\\\\\\\":false},{\\\\\\\"text\\\\\\\":\\\\\\\"be less inclined to give the speaker what he or she wants\\\\\\\",\\\\\\\"correct\\\\\\\":true},{\\\\\\\"text\\\\\\\":\\\\\\\"immediately form a positive image of the speaker\\\\\\\",\\\\\\\"correct\\\\\\\":false},{\\\\\\\"text\\\\\\\":\\\\\\\"All of the above.\\\\\\\",\\\\\\\"correct\\\\\\\":false}],\\\\\\\"timer\\\\\\\":45,\\\\\\\"sound\\\\\\\":\\\\\\\"\\\\\\\"},\\\\\\\"feedback\\\\\\\":[\\\\\\\"Yes, that is correct. When speakers lack confidence, listeners may find that they are less inclined to give the speaker what he or she wants.\\\\\\\",\\\\\\\"That is incorrect. When speakers lack confidence, listeners may find that they are less inclined to give the speaker what he or she wants.\\\\\\\"],\\\\\\\"score\\\\\\\":\\\\\\\"10\\\\\\\",\\\\\\\"gems\\\\\\\":0}","lite":"0","guid":"96fa797e-6b3c-4801-84ed-2a5e5c7efe6f","growth_activity":"0"},{"id":"55096","courseId":"175","type":"15","summary":"Listening 3","index":"14","json":"{\\\\\\\"type\\\\\\\":15,\\\\\\\"rotator\\\\\\\":{\\\\\\\"prompt\\\\\\\":\\\\\\\"THINK ABOUT IT&#10;&#10;When communicating with someone who lacks confidence, we would ________________.\\\\\\\",\\\\\\\"statements\\\\\\\":[{\\\\\\\"text\\\\\\\":\\\\\\\"tend to consider that person for potential promotions\\\\\\\",\\\\\\\"correct\\\\\\\":false},{\\\\\\\"text\\\\\\\":\\\\\\\"want to put that person in a position of responsibility\\\\\\\",\\\\\\\"correct\\\\\\\":false},{\\\\\\\"text\\\\\\\":\\\\\\\"feel that the person is less likely to help the organization succeed\\\\\\\",\\\\\\\"correct\\\\\\\":true},{\\\\\\\"text\\\\\\\":\\\\\\\"All of the above.\\\\\\\",\\\\\\\"correct\\\\\\\":false}],\\\\\\\"timer\\\\\\\":45,\\\\\\\"sound\\\\\\\":\\\\\\\"\\\\\\\"},\\\\\\\"feedback\\\\\\\":[\\\\\\\"Yes, that is correct. When speakers lack confidence, listeners may feel that they person is less likely to help the organization succeed.\\\\\\\",\\\\\\\"That is incorrect. When speakers lack confidence, listeners may feel that they person is less likely to help the organization succeed.\\\\\\\"],\\\\\\\"score\\\\\\\":\\\\\\\"10\\\\\\\",\\\\\\\"gems\\\\\\\":\\\\\\\"1\\\\\\\"}","lite":"0","guid":"d7d2f614-214e-4bb3-8a22-3d7f048016f7","growth_activity":"0"},{"id":"55097","courseId":"175","type":"4","summary":"Without Confidence","index":"15","json":"{\\\\\\\"type\\\\\\\":7,\\\\\\\"input\\\\\\\":{\\\\\\\"type\\\\\\\":7,\\\\\\\"prompt\\\\\\\":\\\\\\\"Now that you&#39;re at the end of the third Burst, rate yourself as to how confident a communicator you are and t below.hen write about it\\\\\\\",\\\\\\\"locked\\\\\\\":false,\\\\\\\"text\\\\\\\":\\\\\\\"\\\\\\\",\\\\\\\"isNumber\\\\\\\":false,\\\\\\\"useImages\\\\\\\":true,\\\\\\\"left\\\\\\\":\\\\\\\"E2A5F2E3-FD94-C1AF-DF1F-5FA40DB62E4B.png\\\\\\\",\\\\\\\"right\\\\\\\":\\\\\\\"3BA8534D-FAC7-1AC3-8A01-1BFDE8D9CA02.png\\\\\\\",\\\\\\\"ideal\\\\\\\":50}}","lite":"0","guid":"e90cc3f8-7785-421a-a8b2-e1176fcee30b","growth_activity":"0"},{"id":"55098","courseId":"175","type":"3","summary":"PDF Quick Link Review","index":"16","json":"{\\\\\\\"type\\\\\\\":3,\\\\\\\"intro\\\\\\\":{\\\\\\\"title\\\\\\\":\\\\\\\"InfoBurst 1\\\\\\\",\\\\\\\"description\\\\\\\":\\\\\\\"This is an InfoBurst. It contains a quick review of what we&#39;ve learned so far.\\\\\\\",\\\\\\\"image\\\\\\\":\\\\\\\"E6E6251B-CD07-488A-1484-95B363B6FC1A.png\\\\\\\",\\\\\\\"sound\\\\\\\":\\\\\\\"\\\\\\\",\\\\\\\"volume\\\\\\\":50},\\\\\\\"unlockscore\\\\\\\":0,\\\\\\\"quicklink\\\\\\\":true,\\\\\\\"quotation\\\\\\\":\\\\\\\"\\\\\\\"}","lite":"0","guid":"c1107dcd-b978-4170-807d-e2cd6be6bbbb","growth_activity":"0"},{"id":"55099","courseId":"175","type":"5","summary":"Learned So Far","index":"17","json":"{\\\\\\\"type\\\\\\\":5,\\\\\\\"ebook\\\\\\\":\\\\\\\"1AF64CD5-A004-11E5-071E-381A4426DB44.pdf\\\\\\\"}","lite":"0","guid":"1e1ab8cc-6691-42a6-b9a6-fd6697a3b7ec","growth_activity":"0"},{"id":"55100","courseId":"175","type":"4","summary":"PDF Quick Link Review","index":"18","json":"{ \\\\\\\"type\\\\\\\":4}","lite":"0","guid":"17b3d93b-d482-452d-9e19-a95e2c1c6ef1","growth_activity":"0"},{"id":"55101","courseId":"175","type":"3","summary":"Example of Confident Communicator","index":"19","json":"{\\\\\\\"type\\\\\\\":3,\\\\\\\"intro\\\\\\\":{\\\\\\\"title\\\\\\\":\\\\\\\"An Example of a Confident Communicator\\\\\\\",\\\\\\\"description\\\\\\\":\\\\\\\"Now that we&#39;ve explored how lack of confidence can hurt communications, let&#39;s watch a confident communicator in action.\\\\\\\",\\\\\\\"image\\\\\\\":\\\\\\\"\\\\\\\",\\\\\\\"sound\\\\\\\":\\\\\\\"\\\\\\\",\\\\\\\"volume\\\\\\\":50},\\\\\\\"unlockscore\\\\\\\":\\\\\\\"0\\\\\\\",\\\\\\\"quicklink\\\\\\\":false,\\\\\\\"quotation\\\\\\\":\\\\\\\"If you&#39;re confident, people listen.\\\\\\\"}","lite":"0","guid":"4454ccaf-12ef-4f2d-82dc-699769d1244f","growth_activity":"0"},{"id":"55102","courseId":"175","type":"6","summary":"Conversation Intro","index":"20","json":"{\\\\\\\"type\\\\\\\":6,\\\\\\\"image\\\\\\\":\\\\\\\"50BF986B-191C-3436-CFDE-2F808A3F213B.png\\\\\\\",\\\\\\\"presentation\\\\\\\":[{\\\\\\\"text\\\\\\\":\\\\\\\"Conversation Background\\\\\\\",\\\\\\\"in\\\\\\\":1,\\\\\\\"time\\\\\\\":1,\\\\\\\"sound\\\\\\\":\\\\\\\"\\\\\\\",\\\\\\\"font\\\\\\\":0,\\\\\\\"size\\\\\\\":2,\\\\\\\"color\\\\\\\":1,\\\\\\\"alignment\\\\\\\":0},{\\\\\\\"text\\\\\\\":\\\\\\\"Now that you have thought about some of the negatives, follow along as a confident communicator, Amrit, speaks to a colleague. \\\\\\\",\\\\\\\"in\\\\\\\":1,\\\\\\\"time\\\\\\\":2,\\\\\\\"sound\\\\\\\":\\\\\\\"\\\\\\\",\\\\\\\"alignment\\\\\\\":0,\\\\\\\"size\\\\\\\":0,\\\\\\\"font\\\\\\\":0,\\\\\\\"color\\\\\\\":\\\\\\\"#000000\\\\\\\"},{\\\\\\\"text\\\\\\\":\\\\\\\"In this conversation, Amrit needs Mario, the stock controller, to provide her with reports earlier than he has been so that she can determine what stock to purchase in good time.\\\\\\\",\\\\\\\"in\\\\\\\":1,\\\\\\\"time\\\\\\\":0,\\\\\\\"sound\\\\\\\":\\\\\\\"\\\\\\\",\\\\\\\"alignment\\\\\\\":0,\\\\\\\"size\\\\\\\":0,\\\\\\\"font\\\\\\\":0}]}","lite":"0","guid":"3c3d5213-7349-48f8-921a-ecf885a13a77","growth_activity":"0"},{"id":"55103","courseId":"175","type":"19","summary":"Amrit and Mario","index":"21","json":"{\\\\\\\"type\\\\\\\":19,\\\\\\\"conversation\\\\\\\":[{\\\\\\\"text\\\\\\\":\\\\\\\"Hi, Mario. Thank you for the report yesterday. I can always rely on your reports to be accurate. But I&#39;m worrying that the Paint Department is often under-stocked. What do you think?\\\\\\\",\\\\\\\"image\\\\\\\":\\\\\\\"CD23C54C-2BE6-258A-3513-DCF09AE446AC.png\\\\\\\",\\\\\\\"sound\\\\\\\":\\\\\\\"C86625D6-1CF2-8BC2-EA57-2A500BC2F28B.mp3\\\\\\\"},{\\\\\\\"text\\\\\\\":\\\\\\\"Yes, you&#39;re right. The stock always seems to arrive late. Why can&#39;t you keep our orders coming in fast enough?\\\\\\\",\\\\\\\"image\\\\\\\":\\\\\\\"55D82293-C823-932A-F245-76B4D4C4856E.png\\\\\\\",\\\\\\\"sound\\\\\\\":\\\\\\\"4332C3B3-6BB7-9E0F-1C01-99231AA42FE3.mp3\\\\\\\"},{\\\\\\\"text\\\\\\\":\\\\\\\"Well, it takes me a whole day to source stock and get the paperwork in order. So the earlier I can get the reports, the quicker I can get the purchases in. Would it be possible for you to get them to me a day earlier?\\\\\\\",\\\\\\\"image\\\\\\\":\\\\\\\"A3226452-F18E-B9D2-CDC7-D0B426A363B3.png\\\\\\\",\\\\\\\"sound\\\\\\\":\\\\\\\"4810C522-7BD2-E66A-19AA-942AC95FC8A7.mp3\\\\\\\"},{\\\\\\\"text\\\\\\\":\\\\\\\"Oh, I didn&#39;t realize it took so long on your side. I&#39;ll try to get the reports to you earlier.\\\\\\\",\\\\\\\"image\\\\\\\":\\\\\\\"C54AA1D8-7D95-BEAB-165B-D81F55A3B9B6.png\\\\\\\",\\\\\\\"sound\\\\\\\":\\\\\\\"F9EFEE0D-F7FA-3D21-9230-571F66D6A4FE.mp3\\\\\\\"},{\\\\\\\"text\\\\\\\":\\\\\\\"So, I can expect the next report on Tuesday morning? Or would it suit you better to get it to me by close of business on Monday?\\\\\\\",\\\\\\\"image\\\\\\\":\\\\\\\"5F0294B5-3FB4-A5B6-95CF-9B96D3CF4B6A.png\\\\\\\",\\\\\\\"sound\\\\\\\":\\\\\\\"4A0C40D8-A3B4-C7C8-04C7-A41C232901B3.mp3\\\\\\\"},{\\\\\\\"text\\\\\\\":\\\\\\\"Actually, Monday would be better. Part of the problem is that mornings are very busy for me, so I often have distractions and other things to deal with. Giving you the report in the afternoon sounds like a much better idea.\\\\\\\",\\\\\\\"image\\\\\\\":\\\\\\\"ECCED22A-1698-B23B-552F-EF5F78DA1AD8.png\\\\\\\",\\\\\\\"sound\\\\\\\":\\\\\\\"5A41C381-A871-DF4E-4EFE-855A77B39EFF.mp3\\\\\\\"}],\\\\\\\"feedback\\\\\\\":\\\\\\\"Amrit was confident and was able to communicate her message so that Mario was open to hearing it and to making a change in his behavior.\\\\\\\"}","lite":"0","guid":"5b5a7d06-5ec0-46b7-b7aa-d8ddab348974","growth_activity":"0"},{"id":"55104","courseId":"175","type":"4","summary":"Example of Confident Communicator","index":"22","json":"{ \\\\\\\"type\\\\\\\":4}","lite":"0","guid":"cc2cd7d3-3fa7-4190-8d5f-9916d79aee19","growth_activity":"0"},{"id":"55105","courseId":"175","type":"3","summary":"Benefits of Confident Communication","index":"23","json":"{\\\\\\\"type\\\\\\\":3,\\\\\\\"intro\\\\\\\":{\\\\\\\"title\\\\\\\":\\\\\\\"Benefits of Confident Communication\\\\\\\",\\\\\\\"description\\\\\\\":\\\\\\\"In this Burst, you&#39;ll learn the benefits of confident communication including:&#10;   - keeping the discussion focused on the message&#10;   - having more satisfying interactions&#10;   - being more likely to get what you want&#10;   - being more able to contribute to your organization\\\\\\\",\\\\\\\"image\\\\\\\":\\\\\\\"\\\\\\\",\\\\\\\"sound\\\\\\\":\\\\\\\"1A8A8BDE-5FC0-A49F-DD33-D2713B9796D4.mp3\\\\\\\",\\\\\\\"volume\\\\\\\":50},\\\\\\\"unlockscore\\\\\\\":\\\\\\\"20\\\\\\\",\\\\\\\"quicklink\\\\\\\":false,\\\\\\\"quotation\\\\\\\":\\\\\\\"Being a confident communicator can improve your life in so many ways.\\\\\\\",\\\\\\\"dossier\\\\\\\":false}","lite":"0","guid":"b7cf5291-bab9-4b20-87ab-d5fee49a2a9a","growth_activity":"0"},{"id":"55106","courseId":"175","type":"6","summary":"When you speak with confidence","index":"24","json":"{\\\\\\\"type\\\\\\\":6,\\\\\\\"image\\\\\\\":\\\\\\\"FE7294F7-F923-71AF-E1C7-8BD51F3319B4.png\\\\\\\",\\\\\\\"presentation\\\\\\\":[{\\\\\\\"text\\\\\\\":\\\\\\\"When you speak with confidence...\\\\\\\",\\\\\\\"in\\\\\\\":2,\\\\\\\"time\\\\\\\":0,\\\\\\\"sound\\\\\\\":\\\\\\\"\\\\\\\",\\\\\\\"size\\\\\\\":2,\\\\\\\"color\\\\\\\":\\\\\\\"#256ED7\\\\\\\"},{\\\\\\\"text\\\\\\\":\\\\\\\"...you focus more on the message. &#10;&#10;...you and your listeners are more relaxed and attentive and they feel more confident, too.&#10;&#10;...it leads to fewer misunderstandings when communicating with colleagues, customers, and other parties.\\\\\\\",\\\\\\\"in\\\\\\\":1,\\\\\\\"time\\\\\\\":2,\\\\\\\"sound\\\\\\\":\\\\\\\"\\\\\\\",\\\\\\\"font\\\\\\\":0,\\\\\\\"alignment\\\\\\\":0,\\\\\\\"size\\\\\\\":0,\\\\\\\"color\\\\\\\":0}]}","lite":"0","guid":"f3b733ef-f6cd-432e-bf36-9d1d2bc87993","growth_activity":"0"},{"id":"55107","courseId":"175","type":"9","summary":"Focus more on the message","index":"25","json":"{\\\\\\\"type\\\\\\\":9,\\\\\\\"wordfill\\\\\\\":{\\\\\\\"text\\\\\\\":\\\\\\\"Because your ##4## don&#39;t get in the way and ##2## the meaning of your words. Your listeners will hear ##1##, rather than be ##5## on you.\\\\\\\",\\\\\\\"prompt\\\\\\\":\\\\\\\"Think about this: when you speak with confidence, you focus more on the message.nnWhy would that be? nn\\\\\\\",\\\\\\\"sound\\\\\\\":\\\\\\\"\\\\\\\",\\\\\\\"words\\\\\\\":[\\\\\\\"your message\\\\\\\",\\\\\\\"distort\\\\\\\",\\\\\\\"courage\\\\\\\",\\\\\\\"insecurities\\\\\\\",\\\\\\\"focusing\\\\\\\",\\\\\\\"clarity\\\\\\\"],\\\\\\\"timer\\\\\\\":60},\\\\\\\"feedback\\\\\\\":[\\\\\\\"This is a very important benefit of confidence: you don&#39;t get in the way of your message. It opens up great possibilities for personal and professional growth.\\\\\\\",\\\\\\\"You could have earned a gem, but nevertheless, the point is: when you have confidence, you don&#39;t get in the way of your message. It opens up great possibilities for personal and professional growth.\\\\\\\"],\\\\\\\"score\\\\\\\":\\\\\\\"20\\\\\\\",\\\\\\\"gems\\\\\\\":\\\\\\\"1\\\\\\\"}","lite":"0","guid":"b7177a76-5e43-48c6-a4e6-c5128eb4a3f6","growth_activity":"0"},{"id":"55108","courseId":"175","type":"9","summary":"More Relaxed and Attentive","index":"26","json":"{\\\\\\\"type\\\\\\\":9,\\\\\\\"wordfill\\\\\\\":{\\\\\\\"text\\\\\\\":\\\\\\\"Because your confidence builds a sense of ##3## towards a shared goal, which generates ##4## and makes you and your listeners feel more ##1##. And as they become more confident, too, they will respond to you more ##5##.\\\\\\\",\\\\\\\"prompt\\\\\\\":\\\\\\\"Now consider this: when you speak with confidence, you and your listeners are more relaxed and attentive, and it enables your listeners to be more confident, too.&#10;&#10;And why is that?\\\\\\\",\\\\\\\"sound\\\\\\\":\\\\\\\"\\\\\\\",\\\\\\\"words\\\\\\\":[\\\\\\\"satisfied\\\\\\\",\\\\\\\"education\\\\\\\",\\\\\\\"cooperation\\\\\\\",\\\\\\\"good will\\\\\\\",\\\\\\\"positively\\\\\\\",\\\\\\\"adventure\\\\\\\"],\\\\\\\"timer\\\\\\\":60},\\\\\\\"feedback\\\\\\\":[\\\\\\\"When you feel confident it greases the entire situation and you and your listeners relax and more easily come together as one, looking for solutions and finding resolution.\\\\\\\",\\\\\\\"You could have earned a gem, but still, the point is: when you feel confident it greases the entire situation, everyone relaxes and more easily comes together as one, looking for solutions and finding resolution.\\\\\\\"],\\\\\\\"score\\\\\\\":\\\\\\\"15\\\\\\\",\\\\\\\"gems\\\\\\\":\\\\\\\"1\\\\\\\"}","lite":"0","guid":"d786fd3f-73ca-45f3-8ee2-11a2c54dacd8","growth_activity":"0"},{"id":"55109","courseId":"175","type":"9","summary":"Fewer Misunderstandings","index":"27","json":"{\\\\\\\"type\\\\\\\":9,\\\\\\\"wordfill\\\\\\\":{\\\\\\\"text\\\\\\\":\\\\\\\"Fewer misunderstandings preempts many ##2## and can significantly increase the efficiency and ##5## of your organization. Customers and suppliers will sense a cooperative ##1## and will be more likely to want to continue ##3## with your organization.\\\\\\\",\\\\\\\"prompt\\\\\\\":\\\\\\\"Finally, think on this: when you speak with confidence, it leads to fewer misunderstandings with colleagues, customers, and other parties.nnAnd what does that lead to?\\\\\\\",\\\\\\\"sound\\\\\\\":\\\\\\\"\\\\\\\",\\\\\\\"words\\\\\\\":[\\\\\\\"attitude\\\\\\\",\\\\\\\"problems\\\\\\\",\\\\\\\"doing business\\\\\\\",\\\\\\\"helpful\\\\\\\",\\\\\\\"effectiveness\\\\\\\",\\\\\\\"positive\\\\\\\"],\\\\\\\"timer\\\\\\\":60},\\\\\\\"feedback\\\\\\\":[\\\\\\\"When you speak with confidence, your job, your business, your whole life can run more smoothly. \\\\\\\",\\\\\\\"You could have earned a gem, but the point remains: when you speak with confidence, your job, your business, your whole life can run more smoothly. \\\\\\\"],\\\\\\\"score\\\\\\\":\\\\\\\"15\\\\\\\",\\\\\\\"gems\\\\\\\":\\\\\\\"1\\\\\\\"}","lite":"0","guid":"e6c387b7-4e96-461e-9bf6-64d215bb0f26","growth_activity":"0"},{"id":"55110","courseId":"175","type":"7","summary":"How are you doing?","index":"28","json":"{\\\\\\\"type\\\\\\\":7,\\\\\\\"input\\\\\\\":{\\\\\\\"type\\\\\\\":7,\\\\\\\"prompt\\\\\\\":\\\\\\\"To end this Burst, weigh your fears or concerns about becoming a more confident communicator with the benefits you now see. Then write about it below.\\\\\\\",\\\\\\\"locked\\\\\\\":false,\\\\\\\"text\\\\\\\":\\\\\\\"\\\\\\\",\\\\\\\"isNumber\\\\\\\":false,\\\\\\\"useImages\\\\\\\":false,\\\\\\\"left\\\\\\\":\\\\\\\"FEARS & CONCERNS\\\\\\\",\\\\\\\"right\\\\\\\":\\\\\\\"BENEFITS\\\\\\\",\\\\\\\"ideal\\\\\\\":50},\\\\\\\"feedback\\\\\\\":[\\\\\\\"\\\\\\\",\\\\\\\"\\\\\\\"],\\\\\\\"score\\\\\\\":0,\\\\\\\"gems\\\\\\\":0}","lite":"0","guid":"bc5d510e-9b74-4e97-adfa-a7bb7d31846b","growth_activity":"0"},{"id":"55111","courseId":"175","type":"4","summary":"Benefits of Confident Communication","index":"29","json":"{ \\\\\\\"type\\\\\\\":4}","lite":"0","guid":"9f5e62e1-ebb2-4f9c-9c98-4387256f0c62","growth_activity":"0"},{"id":"55112","courseId":"175","type":"3","summary":"Benefits Review","index":"30","json":"{\\\\\\\"type\\\\\\\":3,\\\\\\\"intro\\\\\\\":{\\\\\\\"title\\\\\\\":\\\\\\\"Benefits Review\\\\\\\",\\\\\\\"description\\\\\\\":\\\\\\\"It&#39;s very important that you see the wide-ranging benefits of becoming a more confident communicator so we will spend another burst on those benefits.\\\\\\\",\\\\\\\"image\\\\\\\":\\\\\\\"\\\\\\\",\\\\\\\"sound\\\\\\\":\\\\\\\"\\\\\\\",\\\\\\\"volume\\\\\\\":50},\\\\\\\"unlockscore\\\\\\\":\\\\\\\"20\\\\\\\",\\\\\\\"quicklink\\\\\\\":false,\\\\\\\"quotation\\\\\\\":\\\\\\\"Confidence is the grease that makes your dreams come true.\\\\\\\"}","lite":"0","guid":"1ddd5eb6-f40a-419d-87b2-8cd349d50fee","growth_activity":"0"},{"id":"55113","courseId":"175","type":"14","summary":"More influence","index":"31","json":"{\\\\\\\"type\\\\\\\":14,\\\\\\\"question\\\\\\\":{\\\\\\\"timer\\\\\\\":30,\\\\\\\"multiplechoice\\\\\\\":true,\\\\\\\"answers\\\\\\\":[{\\\\\\\"correct\\\\\\\":true,\\\\\\\"text\\\\\\\":\\\\\\\"more influence over your customers and suppliers.\\\\\\\",\\\\\\\"feedback\\\\\\\":\\\\\\\"Yes, if you are confident, you can influence people more.\\\\\\\"},{\\\\\\\"correct\\\\\\\":false,\\\\\\\"text\\\\\\\":\\\\\\\"the ability to push people around.\\\\\\\",\\\\\\\"feedback\\\\\\\":\\\\\\\"That is incorrect. You can&#39;t push people around, but you are more likely to influence their choices.\\\\\\\"},{\\\\\\\"correct\\\\\\\":false,\\\\\\\"text\\\\\\\":\\\\\\\"the power to fire people.\\\\\\\",\\\\\\\"feedback\\\\\\\":\\\\\\\"People both with and without confidence have the power to make staff decisions, but if you are confident, you are more likely to make better choices.\\\\\\\"}],\\\\\\\"sound\\\\\\\":\\\\\\\"\\\\\\\",\\\\\\\"text\\\\\\\":\\\\\\\"Being confident in your communications gives you:\\\\\\\"},\\\\\\\"feedback\\\\\\\":[\\\\\\\"\\\\\\\",\\\\\\\"\\\\\\\"],\\\\\\\"score\\\\\\\":\\\\\\\"10\\\\\\\",\\\\\\\"gems\\\\\\\":\\\\\\\"1\\\\\\\"}","lite":"0","guid":"5ce9317d-f7b4-4f31-b2a6-4e829b8dd9b3","growth_activity":"0"},{"id":"55114","courseId":"175","type":"14","summary":"Good will generated","index":"32","json":"{\\\\\\\"type\\\\\\\":14,\\\\\\\"question\\\\\\\":{\\\\\\\"timer\\\\\\\":30,\\\\\\\"multiplechoice\\\\\\\":true,\\\\\\\"answers\\\\\\\":[{\\\\\\\"correct\\\\\\\":true,\\\\\\\"text\\\\\\\":\\\\\\\"more good will is generated.\\\\\\\",\\\\\\\"feedback\\\\\\\":\\\\\\\"Yes, if you and your listeners are in harmony, more good will is generated and this can lead to many potential positive outcomes.\\\\\\\"},{\\\\\\\"correct\\\\\\\":false,\\\\\\\"text\\\\\\\":\\\\\\\"you will all break out into song and dance.\\\\\\\",\\\\\\\"feedback\\\\\\\":\\\\\\\"This is incorrect. Rather, good will is generated. Then again, when all are in harmony your actions can become like a well choreographed dance.\\\\\\\"},{\\\\\\\"correct\\\\\\\":false,\\\\\\\"text\\\\\\\":\\\\\\\"they will start to question your intention.\\\\\\\",\\\\\\\"feedback\\\\\\\":\\\\\\\"This is incorrect. When you speak without confidence, people may be confused and question your intentions. But speaking with confidence will usually generate good will.\\\\\\\"}],\\\\\\\"sound\\\\\\\":\\\\\\\"\\\\\\\",\\\\\\\"text\\\\\\\":\\\\\\\"Ultimately, if you are speaking with confidence, both you and your listeners will be more in harmony and...\\\\\\\"},\\\\\\\"feedback\\\\\\\":[\\\\\\\"\\\\\\\",\\\\\\\"\\\\\\\"],\\\\\\\"score\\\\\\\":\\\\\\\"10\\\\\\\",\\\\\\\"gems\\\\\\\":\\\\\\\"1\\\\\\\"}","lite":"0","guid":"58bd778a-8a38-48e3-963c-109eabde2d03","growth_activity":"0"},{"id":"55115","courseId":"175","type":"14","summary":"Which one is true?","index":"33","json":"{\\\\\\\"type\\\\\\\":14,\\\\\\\"question\\\\\\\":{\\\\\\\"timer\\\\\\\":30,\\\\\\\"multiplechoice\\\\\\\":true,\\\\\\\"answers\\\\\\\":[{\\\\\\\"correct\\\\\\\":false,\\\\\\\"text\\\\\\\":\\\\\\\"Being confident results in more misunderstanding and confusion.\\\\\\\",\\\\\\\"feedback\\\\\\\":\\\\\\\"This is incorrect. Being confident surely results in fewer misunderstandings.\\\\\\\"},{\\\\\\\"correct\\\\\\\":true,\\\\\\\"text\\\\\\\":\\\\\\\"Being confident will allow your message to come across more clearly.\\\\\\\",\\\\\\\"feedback\\\\\\\":\\\\\\\"This is true and this is perhaps the most important point: if you want your message to be heard, you must build confidence so you can get out of the way of the listener.\\\\\\\"},{\\\\\\\"correct\\\\\\\":false,\\\\\\\"text\\\\\\\":\\\\\\\"Being confident will breed suspicion and fear.\\\\\\\",\\\\\\\"feedback\\\\\\\":\\\\\\\"This is incorrect. Suspicion and fear are symptoms of lack of confidence.\\\\\\\"}],\\\\\\\"sound\\\\\\\":\\\\\\\"\\\\\\\",\\\\\\\"text\\\\\\\":\\\\\\\"Which of the following statements is true?\\\\\\\"},\\\\\\\"feedback\\\\\\\":[\\\\\\\"\\\\\\\",\\\\\\\"\\\\\\\"],\\\\\\\"score\\\\\\\":\\\\\\\"10\\\\\\\",\\\\\\\"gems\\\\\\\":\\\\\\\"1\\\\\\\"}","lite":"0","guid":"58948b68-06ef-43ae-9914-b6f94bea8025","growth_activity":"0"},{"id":"55116","courseId":"175","type":"14","summary":"Awkward situations","index":"34","json":"{\\\\\\\"type\\\\\\\":14,\\\\\\\"question\\\\\\\":{\\\\\\\"timer\\\\\\\":30,\\\\\\\"multiplechoice\\\\\\\":true,\\\\\\\"answers\\\\\\\":[{\\\\\\\"correct\\\\\\\":false,\\\\\\\"text\\\\\\\":\\\\\\\"You&#39;ll avoid awkward situations.\\\\\\\",\\\\\\\"feedback\\\\\\\":\\\\\\\"This is incorrect. Being confident doesn&#39;t prevent awkward situations from occurring. However, you may be able to deal with those situations with more grace when you&#39;re confident.\\\\\\\"},{\\\\\\\"correct\\\\\\\":false,\\\\\\\"text\\\\\\\":\\\\\\\"You&#39;ll be able to dominate conversations.\\\\\\\",\\\\\\\"feedback\\\\\\\":\\\\\\\"This is incorrect. People who tend to dominate in conversations often suffer from poor confidence. And failing to listen can lead to damaging breakdowns in communication.\\\\\\\"},{\\\\\\\"correct\\\\\\\":true,\\\\\\\"text\\\\\\\":\\\\\\\"You&#39;ll contribute more to the success of your organization. \\\\\\\",\\\\\\\"feedback\\\\\\\":\\\\\\\"This is correct. Confidence enables good communication in most contexts, and good communication ensures things get done more effectively and efficiently in an organization.\\\\\\\"}],\\\\\\\"sound\\\\\\\":\\\\\\\"\\\\\\\",\\\\\\\"text\\\\\\\":\\\\\\\"One advantage of communicating with confidence is:\\\\\\\"},\\\\\\\"feedback\\\\\\\":[\\\\\\\"\\\\\\\",\\\\\\\"\\\\\\\"],\\\\\\\"score\\\\\\\":\\\\\\\"10\\\\\\\",\\\\\\\"gems\\\\\\\":\\\\\\\"1\\\\\\\"}","lite":"0","guid":"4cb5056c-2e0e-4ec9-a195-8f340f837102","growth_activity":"0"},{"id":"55117","courseId":"175","type":"9","summary":"Benefits ","index":"35","json":"{\\\\\\\"type\\\\\\\":9,\\\\\\\"wordfill\\\\\\\":{\\\\\\\"text\\\\\\\":\\\\\\\"If you&#39;re ##3## about how you will ##5##, your ##2## are less likely to ##4## and will listen ##1## to what you ##6##. There is more ##7## communication, building a sense of cooperation towards ##8##. This results in more ##9## to your suggestions.\\\\\\\",\\\\\\\"prompt\\\\\\\":\\\\\\\"Reviewing Those Benefits\\\\\\\",\\\\\\\"sound\\\\\\\":\\\\\\\"\\\\\\\",\\\\\\\"words\\\\\\\":[\\\\\\\"more closely\\\\\\\",\\\\\\\"listeners\\\\\\\",\\\\\\\"not worrying\\\\\\\",\\\\\\\"focus on you\\\\\\\",\\\\\\\"come across\\\\\\\",\\\\\\\"have to say\\\\\\\",\\\\\\\"harmonious\\\\\\\",\\\\\\\"a shared goal\\\\\\\",\\\\\\\"favorable responses\\\\\\\"],\\\\\\\"timer\\\\\\\":120},\\\\\\\"feedback\\\\\\\":[\\\\\\\"Yes, it pays to become a more confident communicator.\\\\\\\",\\\\\\\"Study the benefits - they tell a story of how much can come from being a confident communicator.\\\\\\\"],\\\\\\\"score\\\\\\\":\\\\\\\"60\\\\\\\",\\\\\\\"gems\\\\\\\":\\\\\\\"2\\\\\\\"}","lite":"0","guid":"1da21956-8fed-439f-83f0-32ea0621e604","growth_activity":"0"},{"id":"55118","courseId":"175","type":"4","summary":"Benefits Review","index":"36","json":"{ \\\\\\\"type\\\\\\\":4}","lite":"0","guid":"f46b069d-df20-478c-96db-215938a06b2d","growth_activity":"0"},{"id":"55119","courseId":"175","type":"3","summary":"Factors that affect your confidence","index":"37","json":"{\\\\\\\"type\\\\\\\":3,\\\\\\\"intro\\\\\\\":{\\\\\\\"title\\\\\\\":\\\\\\\"Factors that affect your confidence.\\\\\\\",\\\\\\\"description\\\\\\\":\\\\\\\"In this Burst, you&#39;ll learn about factors that affect your confidence including:&#10;   - Fear&#10;   - How your listeners feel about you&#10;   - How you&#39;ve communicated in the past&#10;   - How you carry yourself while communicating \\\\\\\",\\\\\\\"image\\\\\\\":\\\\\\\"\\\\\\\",\\\\\\\"sound\\\\\\\":\\\\\\\"\\\\\\\",\\\\\\\"volume\\\\\\\":50},\\\\\\\"unlockscore\\\\\\\":\\\\\\\"20\\\\\\\",\\\\\\\"quicklink\\\\\\\":false,\\\\\\\"quotation\\\\\\\":\\\\\\\"Fake it till you make it! (It really works.)\\\\\\\",\\\\\\\"dossier\\\\\\\":false}","lite":"0","guid":"cdbd7ddd-7a40-47e8-a913-e795ad610040","growth_activity":"0"},{"id":"55120","courseId":"175","type":"6","summary":"More Factors presented 1","index":"38","json":"{\\\\\\\"type\\\\\\\":6,\\\\\\\"image\\\\\\\":\\\\\\\"95F245FD-5132-83CC-377D-22F12CB88FBE.png\\\\\\\",\\\\\\\"presentation\\\\\\\":[{\\\\\\\"text\\\\\\\":\\\\\\\"What affects your confidence?\\\\\\\",\\\\\\\"in\\\\\\\":1,\\\\\\\"time\\\\\\\":1,\\\\\\\"sound\\\\\\\":\\\\\\\"833B59AB-BD9E-E49B-319A-3EE340E5B660.mp3\\\\\\\",\\\\\\\"color\\\\\\\":\\\\\\\"#256ED7\\\\\\\",\\\\\\\"font\\\\\\\":0,\\\\\\\"size\\\\\\\":2},{\\\\\\\"text\\\\\\\":\\\\\\\"There are many situational and personal factors that affect your level of confidence when communicating. These vary from situation to situation and person to person.&#10;&#10;For example, you may not feel confident because you are new to your position and feel unprepared. And you don&#39;t know how to ask for help.\\\\\\\",\\\\\\\"in\\\\\\\":1,\\\\\\\"time\\\\\\\":2,\\\\\\\"sound\\\\\\\":\\\\\\\"\\\\\\\"}]}","lite":"0","guid":"55e3d282-b829-4a00-b4ad-625ea5cd1674","growth_activity":"0"},{"id":"55121","courseId":"175","type":"6","summary":"More Factors presented 2","index":"39","json":"{\\\\\\\"type\\\\\\\":6,\\\\\\\"image\\\\\\\":\\\\\\\"412AD521-A99F-DA73-5C70-908B4E745420.png\\\\\\\",\\\\\\\"presentation\\\\\\\":[{\\\\\\\"text\\\\\\\":\\\\\\\"The Main Factors\\\\\\\",\\\\\\\"in\\\\\\\":1,\\\\\\\"time\\\\\\\":1,\\\\\\\"sound\\\\\\\":\\\\\\\"\\\\\\\",\\\\\\\"color\\\\\\\":\\\\\\\"#256ED7\\\\\\\",\\\\\\\"font\\\\\\\":0,\\\\\\\"size\\\\\\\":2},{\\\\\\\"text\\\\\\\":\\\\\\\"Among the main factors that affect most people&#39;s confidence when communicating are:&#10;   - how listeners feel about the speaker&#10;   - the communication history of the speaker&#10;   - how the speaker carries himself or herself during    &#10;     the communication\\\\\\\",\\\\\\\"in\\\\\\\":1,\\\\\\\"time\\\\\\\":2,\\\\\\\"sound\\\\\\\":\\\\\\\"\\\\\\\"}]}","lite":"0","guid":"c18ffe60-eb6a-4fbf-a4bc-21db34b62334","growth_activity":"0"},{"id":"55122","courseId":"175","type":"8","summary":"More factors","index":"40","json":"{\\\\\\\"type\\\\\\\":8,\\\\\\\"statement\\\\\\\":{\\\\\\\"prompt\\\\\\\":\\\\\\\"Hidden below are three factors that will affect your confidence when speaking. nnTry to find them.\\\\\\\",\\\\\\\"wrong\\\\\\\":\\\\\\\"when someone is not|and then there is|where there is|to be or not\\\\\\\",\\\\\\\"statements\\\\\\\":[\\\\\\\"How the listeners are|feeling about you.\\\\\\\",\\\\\\\"How you have|communicated|in the past.\\\\\\\",\\\\\\\"How you carry|yourself during|the communication.\\\\\\\"],\\\\\\\"ordered\\\\\\\":true,\\\\\\\"timer\\\\\\\":90,\\\\\\\"sound\\\\\\\":\\\\\\\"\\\\\\\"},\\\\\\\"feedback\\\\\\\":[\\\\\\\"You found them all! Your confidence when speaking is affected by many factors that have to do with you, the people you&#39;re speaking with and what has happened in the past.\\\\\\\",\\\\\\\"You didn&#39;t find them all. You can review the material, then try again. It&#39;s important to grasp the main factors that will affect your confidence when communicating.\\\\\\\"],\\\\\\\"score\\\\\\\":\\\\\\\"60\\\\\\\",\\\\\\\"gems\\\\\\\":\\\\\\\"1\\\\\\\"}","lite":"0","guid":"43443c0b-61df-4afb-9fc3-77fcadbd29d0","growth_activity":"0"},{"id":"55123","courseId":"175","type":"9","summary":"Some factors","index":"41","json":"{\\\\\\\"type\\\\\\\":9,\\\\\\\"wordfill\\\\\\\":{\\\\\\\"text\\\\\\\":\\\\\\\"&#34;You are always correct. Just tell me what to do.&#34; ##2##         &#34;I don&#39;t care what you think. This is what I want!&#34; ##6##   &#34;Whatever, it doesn&#39;t really matter to me.&#34; ##4##\\\\\\\",\\\\\\\"prompt\\\\\\\":\\\\\\\"Fear can very negatively affect your communication behavior. Below are quotes reflective of various behaviors.&#10;&#10;Drag the correct label from below to each example.\\\\\\\",\\\\\\\"sound\\\\\\\":\\\\\\\"\\\\\\\",\\\\\\\"words\\\\\\\":[\\\\\\\"Being Fair\\\\\\\",\\\\\\\"Submissive\\\\\\\",\\\\\\\"Honesty\\\\\\\",\\\\\\\"Uncaring\\\\\\\",\\\\\\\"Sharing\\\\\\\",\\\\\\\"Domineering\\\\\\\"],\\\\\\\"timer\\\\\\\":60},\\\\\\\"feedback\\\\\\\":[\\\\\\\"The bottom line: however poor confidence manifests itself, the root cause is usually fear. A speaker who lacks confidence is most likely afraid of something.\\\\\\\",\\\\\\\"The bottom line: however poor confidence manifests itself, the root cause is usually fear. A speaker who lacks confidence is most likely afraid of something.\\\\\\\"],\\\\\\\"score\\\\\\\":\\\\\\\"30\\\\\\\",\\\\\\\"gems\\\\\\\":\\\\\\\"1\\\\\\\"}","lite":"0","guid":"f3adda43-74b6-44ab-90d5-9c8dc5ef0d47","growth_activity":"0"},{"id":"55124","courseId":"175","type":"7","summary":"How are you doing?","index":"42","json":"{\\\\\\\"type\\\\\\\":7,\\\\\\\"input\\\\\\\":{\\\\\\\"type\\\\\\\":7,\\\\\\\"prompt\\\\\\\":\\\\\\\"You&#39;ll learn more about building confidence in the rest of this Unit and in the next Unit, but right now at this moment, rate yourself again - left is not confident at all as a speaker and right is very confident as a speaker.\\\\\\\",\\\\\\\"locked\\\\\\\":false,\\\\\\\"text\\\\\\\":\\\\\\\"\\\\\\\",\\\\\\\"isNumber\\\\\\\":false,\\\\\\\"useImages\\\\\\\":true,\\\\\\\"left\\\\\\\":\\\\\\\"01B75241-56FD-1A76-0225-67561F0CEBD5.png\\\\\\\",\\\\\\\"right\\\\\\\":\\\\\\\"31B27D37-7982-44FB-805E-3992C7CB710B.png\\\\\\\",\\\\\\\"ideal\\\\\\\":50},\\\\\\\"feedback\\\\\\\":[\\\\\\\"\\\\\\\",\\\\\\\"\\\\\\\"],\\\\\\\"score\\\\\\\":0,\\\\\\\"gems\\\\\\\":0}","lite":"0","guid":"b51a32df-5d53-45c0-b986-6078e4bc5b29","growth_activity":"0"},{"id":"55125","courseId":"175","type":"4","summary":"Factors that can affect your level of confidence","index":"43","json":"{ \\\\\\\"type\\\\\\\":4}","lite":"0","guid":"3258d4c4-002d-4ea5-9d9d-aba2d51e73c7","growth_activity":"0"},{"id":"55126","courseId":"175","type":"3","summary":"Speaking Confidently: Key Elements","index":"44","json":"{\\\\\\\"type\\\\\\\":3,\\\\\\\"intro\\\\\\\":{\\\\\\\"title\\\\\\\":\\\\\\\"Speaking Confidently: Key Elements\\\\\\\",\\\\\\\"description\\\\\\\":\\\\\\\"In this Burst, you&#39;ll learn about the three key elements of confident communications.&#10;&#10;These three elements are:&#10;   - Trust&#10;   - Credibility&#10;   - Confident Behavior when communicating\\\\\\\",\\\\\\\"image\\\\\\\":\\\\\\\"\\\\\\\",\\\\\\\"sound\\\\\\\":\\\\\\\"\\\\\\\",\\\\\\\"volume\\\\\\\":50},\\\\\\\"unlockscore\\\\\\\":\\\\\\\"20\\\\\\\",\\\\\\\"quicklink\\\\\\\":false,\\\\\\\"quotation\\\\\\\":\\\\\\\"Trust is the cornerstone of confident communication.\\\\\\\"}","lite":"0","guid":"c10739d9-c46a-4dc9-a2a6-8b3f60031c78","growth_activity":"0"},{"id":"55127","courseId":"175","type":"6","summary":"Elements that Enable Conf Comm","index":"45","json":"{\\\\\\\"type\\\\\\\":6,\\\\\\\"image\\\\\\\":\\\\\\\"EDCA2E36-F8D7-05AB-543A-B11F0C9E246A.png\\\\\\\",\\\\\\\"presentation\\\\\\\":[{\\\\\\\"text\\\\\\\":\\\\\\\"Enabling Confident Communication\\\\\\\",\\\\\\\"in\\\\\\\":1,\\\\\\\"time\\\\\\\":1,\\\\\\\"sound\\\\\\\":\\\\\\\"\\\\\\\",\\\\\\\"color\\\\\\\":\\\\\\\"#256ED7\\\\\\\",\\\\\\\"size\\\\\\\":2},{\\\\\\\"text\\\\\\\":\\\\\\\"So far in this course, we&#39;ve discussed how lack of confidence can impede your progress towards your goals and how confident communications can help you move forward in many areas of your life.\\\\\\\",\\\\\\\"in\\\\\\\":1,\\\\\\\"time\\\\\\\":2,\\\\\\\"sound\\\\\\\":\\\\\\\"\\\\\\\"},{\\\\\\\"text\\\\\\\":\\\\\\\"We&#39;ve determined that the main factors that affect your confidence are how others feel about you, how you&#39;ve communicated in the past and how you behave during your communications.\\\\\\\",\\\\\\\"in\\\\\\\":1,\\\\\\\"time\\\\\\\":2,\\\\\\\"sound\\\\\\\":\\\\\\\"\\\\\\\"}]}","lite":"0","guid":"746a25f2-3c1c-4842-b766-05f488fa0caf","growth_activity":"0"},{"id":"55128","courseId":"175","type":"6","summary":"Elements that Enable Conf Comm 2","index":"46","json":"{\\\\\\\"type\\\\\\\":6,\\\\\\\"image\\\\\\\":\\\\\\\"DE5E8D85-A112-19C6-2062-6D88EA0EB264.png\\\\\\\",\\\\\\\"presentation\\\\\\\":[{\\\\\\\"text\\\\\\\":\\\\\\\"Enabling Confident Communication\\\\\\\",\\\\\\\"in\\\\\\\":1,\\\\\\\"time\\\\\\\":1,\\\\\\\"sound\\\\\\\":\\\\\\\"\\\\\\\",\\\\\\\"color\\\\\\\":\\\\\\\"#256ED7\\\\\\\",\\\\\\\"size\\\\\\\":2},{\\\\\\\"text\\\\\\\":\\\\\\\"Now we&#39;re going to reveal the three main elements that experts have identified that enable confident communication. &#10;&#10;These are trust, credibility and confident behavior.\\\\\\\",\\\\\\\"in\\\\\\\":1,\\\\\\\"time\\\\\\\":2,\\\\\\\"sound\\\\\\\":\\\\\\\"\\\\\\\"}]}","lite":"0","guid":"c06dcc80-cbf2-4063-9dca-f4a76207e32b","growth_activity":"0"},{"id":"55129","courseId":"175","type":"6","summary":"Trust Detail","index":"47","json":"{\\\\\\\"type\\\\\\\":6,\\\\\\\"image\\\\\\\":\\\\\\\"\\\\\\\",\\\\\\\"presentation\\\\\\\":[{\\\\\\\"text\\\\\\\":\\\\\\\"TRUST\\\\\\\",\\\\\\\"in\\\\\\\":1,\\\\\\\"time\\\\\\\":1,\\\\\\\"sound\\\\\\\":\\\\\\\"\\\\\\\",\\\\\\\"color\\\\\\\":\\\\\\\"#256ED7\\\\\\\",\\\\\\\"size\\\\\\\":2},{\\\\\\\"text\\\\\\\":\\\\\\\"Trust is the feeling that others have good intentions towards you and that they openly and honestly share information. When there is trust, you and the other person are both open to feedback and able to admit shortcomings. This openness enables others to feel safer because their views are being taken into account. And when you know you&#39;re being trusted by others, your confidence grows.\\\\\\\",\\\\\\\"in\\\\\\\":1,\\\\\\\"time\\\\\\\":2,\\\\\\\"sound\\\\\\\":\\\\\\\"\\\\\\\"}]}","lite":"0","guid":"48bd4c55-ec06-4dd0-841f-581046c43f69","growth_activity":"0"},{"id":"55130","courseId":"175","type":"7","summary":"Trust slider text","index":"48","json":"{\\\\\\\"type\\\\\\\":7,\\\\\\\"input\\\\\\\":{\\\\\\\"type\\\\\\\":7,\\\\\\\"prompt\\\\\\\":\\\\\\\"TRUST: In general, when you communicate with others, do you feel others have a weak or a strong sense of trust in you? Adjust the slider and write your thoughts below.\\\\\\\",\\\\\\\"locked\\\\\\\":false,\\\\\\\"text\\\\\\\":\\\\\\\"\\\\\\\",\\\\\\\"isNumber\\\\\\\":false,\\\\\\\"useImages\\\\\\\":false,\\\\\\\"left\\\\\\\":\\\\\\\"Weak\\\\\\\",\\\\\\\"right\\\\\\\":\\\\\\\"Strong\\\\\\\",\\\\\\\"ideal\\\\\\\":50}}","lite":"0","guid":"61fa0395-f03f-44c8-ab2a-f3b2ef9ae772","growth_activity":"0"},{"id":"55131","courseId":"175","type":"6","summary":"Credibility Detail","index":"49","json":"{\\\\\\\"type\\\\\\\":6,\\\\\\\"image\\\\\\\":\\\\\\\"\\\\\\\",\\\\\\\"presentation\\\\\\\":[{\\\\\\\"text\\\\\\\":\\\\\\\"CREDIBILITY\\\\\\\",\\\\\\\"in\\\\\\\":1,\\\\\\\"time\\\\\\\":1,\\\\\\\"sound\\\\\\\":\\\\\\\"\\\\\\\",\\\\\\\"color\\\\\\\":\\\\\\\"#256ED7\\\\\\\",\\\\\\\"size\\\\\\\":2},{\\\\\\\"text\\\\\\\":\\\\\\\"When you have credibility, you are being convincing and believable to others. Listeners decide whether a speaker is credible based on their assessment of the speaker&#39;s motives, knowledge and truthfulness. \\\\\\\",\\\\\\\"in\\\\\\\":1,\\\\\\\"time\\\\\\\":2,\\\\\\\"sound\\\\\\\":\\\\\\\"\\\\\\\"},{\\\\\\\"text\\\\\\\":\\\\\\\"If you keep your word, then others believe what you say, and you gain confidence. And if you are accurate in what you say, it adds greatly to your credibility. \\\\\\\",\\\\\\\"in\\\\\\\":1,\\\\\\\"time\\\\\\\":0,\\\\\\\"sound\\\\\\\":\\\\\\\"\\\\\\\"}]}","lite":"0","guid":"740cfcc9-5e18-4848-9ca8-284c8994a3c8","growth_activity":"0"},{"id":"55132","courseId":"175","type":"7","summary":"Credibility slider text","index":"50","json":"{\\\\\\\"type\\\\\\\":7,\\\\\\\"input\\\\\\\":{\\\\\\\"type\\\\\\\":7,\\\\\\\"prompt\\\\\\\":\\\\\\\"CREDIBILITY: In general, when you communicate with others, do you feel your project a weak or a strong sense of credibility? Adjust the slider and write your thoughts below.\\\\\\\",\\\\\\\"locked\\\\\\\":false,\\\\\\\"text\\\\\\\":\\\\\\\"\\\\\\\",\\\\\\\"isNumber\\\\\\\":false,\\\\\\\"useImages\\\\\\\":false,\\\\\\\"left\\\\\\\":\\\\\\\"Weak\\\\\\\",\\\\\\\"right\\\\\\\":\\\\\\\"Strong\\\\\\\",\\\\\\\"ideal\\\\\\\":50}}","lite":"0","guid":"31b69851-ca8a-4654-948e-1e28eb36a8a1","growth_activity":"0"},{"id":"55133","courseId":"175","type":"6","summary":"Conf Beh Detail","index":"51","json":"{\\\\\\\"type\\\\\\\":6,\\\\\\\"image\\\\\\\":\\\\\\\"\\\\\\\",\\\\\\\"presentation\\\\\\\":[{\\\\\\\"text\\\\\\\":\\\\\\\"CONFIDENT BEHAVIOR\\\\\\\",\\\\\\\"in\\\\\\\":1,\\\\\\\"time\\\\\\\":1,\\\\\\\"sound\\\\\\\":\\\\\\\"\\\\\\\",\\\\\\\"color\\\\\\\":\\\\\\\"#256ED7\\\\\\\",\\\\\\\"size\\\\\\\":2},{\\\\\\\"text\\\\\\\":\\\\\\\"Open and relaxed body language, good posture, appropriate eye contact and clear speaking are all examples of confident behavior. Others feel more comfortable around you when you behave confidently.&#10;&#10;And when you behave in this way it actually fosters a genuine feeling of confidence on your part. &#10;&#10;Fake it till you make it! It really works.\\\\\\\",\\\\\\\"in\\\\\\\":1,\\\\\\\"time\\\\\\\":2,\\\\\\\"sound\\\\\\\":\\\\\\\"\\\\\\\"}]}","lite":"0","guid":"022c480c-30c7-4c20-99d4-2808011a3bee","growth_activity":"0"},{"id":"55134","courseId":"175","type":"7","summary":"Confident Behavior slider text","index":"52","json":"{\\\\\\\"type\\\\\\\":7,\\\\\\\"input\\\\\\\":{\\\\\\\"type\\\\\\\":7,\\\\\\\"prompt\\\\\\\":\\\\\\\"CONFIDENT BEHAVIOR: In general, when you communicate with others, do you feel your behavior projects a weak or a strong sense of confidence? Adjust the slider and write your thoughts below.\\\\\\\",\\\\\\\"locked\\\\\\\":false,\\\\\\\"text\\\\\\\":\\\\\\\"\\\\\\\",\\\\\\\"isNumber\\\\\\\":false,\\\\\\\"useImages\\\\\\\":false,\\\\\\\"left\\\\\\\":\\\\\\\"Weak\\\\\\\",\\\\\\\"right\\\\\\\":\\\\\\\"Strong\\\\\\\",\\\\\\\"ideal\\\\\\\":50}}","lite":"0","guid":"eb6dc362-c369-49e1-a1a0-393b287e3ab4","growth_activity":"0"},{"id":"55135","courseId":"175","type":"14","summary":"Trust, Cred, Conf 1","index":"53","json":"{\\\\\\\"type\\\\\\\":14,\\\\\\\"question\\\\\\\":{\\\\\\\"timer\\\\\\\":30,\\\\\\\"multiplechoice\\\\\\\":true,\\\\\\\"answers\\\\\\\":[{\\\\\\\"correct\\\\\\\":true,\\\\\\\"text\\\\\\\":\\\\\\\"Trust\\\\\\\",\\\\\\\"feedback\\\\\\\":\\\\\\\"Yes, this is correct. Trust is the feeling that someone else has good intentions and shares information freely. Trust is the cornerstone of confident communications.\\\\\\\"},{\\\\\\\"correct\\\\\\\":false,\\\\\\\"text\\\\\\\":\\\\\\\"Credibility\\\\\\\",\\\\\\\"feedback\\\\\\\":\\\\\\\"No, this is incorrect. The correct answer is trust.\\\\\\\"},{\\\\\\\"correct\\\\\\\":false,\\\\\\\"text\\\\\\\":\\\\\\\"Confident Behavior\\\\\\\",\\\\\\\"feedback\\\\\\\":\\\\\\\"No, this is incorrect. The correct answer is trust.\\\\\\\"}],\\\\\\\"sound\\\\\\\":\\\\\\\"\\\\\\\",\\\\\\\"text\\\\\\\":\\\\\\\"This can be defined as the feeling that you have that another person has good intentions and shares information openly and honestly with you.\\\\\\\"},\\\\\\\"feedback\\\\\\\":[\\\\\\\"\\\\\\\",\\\\\\\"\\\\\\\"],\\\\\\\"score\\\\\\\":\\\\\\\"10\\\\\\\",\\\\\\\"gems\\\\\\\":\\\\\\\"0\\\\\\\"}","lite":"0","guid":"0d559a84-a6cd-4b2d-a83b-4fc6c5e72c93","growth_activity":"0"},{"id":"55136","courseId":"175","type":"14","summary":"Trust, Cred, Conf 2","index":"54","json":"{\\\\\\\"type\\\\\\\":14,\\\\\\\"question\\\\\\\":{\\\\\\\"timer\\\\\\\":30,\\\\\\\"multiplechoice\\\\\\\":true,\\\\\\\"answers\\\\\\\":[{\\\\\\\"correct\\\\\\\":false,\\\\\\\"text\\\\\\\":\\\\\\\"Trust\\\\\\\",\\\\\\\"feedback\\\\\\\":\\\\\\\"No, this is incorrect. The correct answer is credibility.\\\\\\\"},{\\\\\\\"correct\\\\\\\":true,\\\\\\\"text\\\\\\\":\\\\\\\"Credibility\\\\\\\",\\\\\\\"feedback\\\\\\\":\\\\\\\"Yes, this is correct, when you are credible you are convincing and believable to others.\\\\\\\"},{\\\\\\\"correct\\\\\\\":false,\\\\\\\"text\\\\\\\":\\\\\\\"Confident Behavior\\\\\\\",\\\\\\\"feedback\\\\\\\":\\\\\\\"No, this is incorrect. The correct answer is credibility.\\\\\\\"}],\\\\\\\"sound\\\\\\\":\\\\\\\"\\\\\\\",\\\\\\\"text\\\\\\\":\\\\\\\"This can be defined as being convincing or believable to others. \\\\\\\"},\\\\\\\"feedback\\\\\\\":[\\\\\\\"\\\\\\\",\\\\\\\"\\\\\\\"],\\\\\\\"score\\\\\\\":\\\\\\\"10\\\\\\\",\\\\\\\"gems\\\\\\\":\\\\\\\"0\\\\\\\"}","lite":"0","guid":"cfbb87ad-d1f8-4d1c-858d-8b5fc6ad5fbf","growth_activity":"0"},{"id":"55137","courseId":"175","type":"14","summary":"Trust, Cred, Conf 3","index":"55","json":"{\\\\\\\"type\\\\\\\":14,\\\\\\\"question\\\\\\\":{\\\\\\\"timer\\\\\\\":30,\\\\\\\"multiplechoice\\\\\\\":true,\\\\\\\"answers\\\\\\\":[{\\\\\\\"correct\\\\\\\":false,\\\\\\\"text\\\\\\\":\\\\\\\"Trust\\\\\\\",\\\\\\\"feedback\\\\\\\":\\\\\\\"No, this is incorrect. The correct answer is confident behavior.\\\\\\\"},{\\\\\\\"correct\\\\\\\":false,\\\\\\\"text\\\\\\\":\\\\\\\"Credibility\\\\\\\",\\\\\\\"feedback\\\\\\\":\\\\\\\"No, this is incorrect. The correct answer is confident behavior.\\\\\\\"},{\\\\\\\"correct\\\\\\\":true,\\\\\\\"text\\\\\\\":\\\\\\\"Confident Behavior\\\\\\\",\\\\\\\"feedback\\\\\\\":\\\\\\\"Yes, this is correct. We&#39;ll talk more about confident behaviors later, but for now consider this: if you&#39;re confident, you&#39;ll be open, relaxed, and speaking clearly because you believe in yourself and in your message.\\\\\\\"}],\\\\\\\"sound\\\\\\\":\\\\\\\"\\\\\\\",\\\\\\\"text\\\\\\\":\\\\\\\"This includes open and relaxed body language, good posture, appropriate eye contact and clear speaking.\\\\\\\"},\\\\\\\"feedback\\\\\\\":[\\\\\\\"\\\\\\\",\\\\\\\"\\\\\\\"],\\\\\\\"score\\\\\\\":\\\\\\\"10\\\\\\\",\\\\\\\"gems\\\\\\\":\\\\\\\"0\\\\\\\"}","lite":"0","guid":"7f58a5ab-fc4a-4456-a20c-522344122456","growth_activity":"0"},{"id":"55138","courseId":"175","type":"9","summary":"Trust, Cred, Conf","index":"56","json":"{\\\\\\\"type\\\\\\\":9,\\\\\\\"wordfill\\\\\\\":{\\\\\\\"text\\\\\\\":\\\\\\\"Others feel you have good intentions towards them.    ##2##       &#10;You consistently keep your promises and honor your commitments. ##3##                     &#10;Your actions and mannerisms reflect a sense of confidence. ##1##\\\\\\\",\\\\\\\"prompt\\\\\\\":\\\\\\\"Drag the element to the correct example.\\\\\\\",\\\\\\\"sound\\\\\\\":\\\\\\\"\\\\\\\",\\\\\\\"words\\\\\\\":[\\\\\\\"Confident Behavior\\\\\\\",\\\\\\\"Trust\\\\\\\",\\\\\\\"Credibility\\\\\\\"],\\\\\\\"timer\\\\\\\":20},\\\\\\\"feedback\\\\\\\":[\\\\\\\"Trust, credibility and confident behavior - the three elements of confident communication.\\\\\\\",\\\\\\\"Oh, you didn&#39;t get it. Remember: trust, credibility and confident behavior are the three elements of confident communication.\\\\\\\"],\\\\\\\"score\\\\\\\":\\\\\\\"30\\\\\\\",\\\\\\\"gems\\\\\\\":\\\\\\\"2\\\\\\\"}","lite":"0","guid":"33c49210-3a0b-4b5a-aad7-d064b4eaf524","growth_activity":"0"},{"id":"55139","courseId":"175","type":"4","summary":"Trust, Credibility, Confident Behavior","index":"57","json":"{ \\\\\\\"type\\\\\\\":4}","lite":"0","guid":"5872a972-ab0d-4988-ac0f-8de016239d5e","growth_activity":"0"},{"id":"55140","courseId":"175","type":"3","summary":"Trust and Credibility - I and You","index":"58","json":"{\\\\\\\"type\\\\\\\":3,\\\\\\\"intro\\\\\\\":{\\\\\\\"title\\\\\\\":\\\\\\\"Trust and Credibility - I and You\\\\\\\",\\\\\\\"description\\\\\\\":\\\\\\\"In this Burst, you&#39;ll learn:&#10;- the important distinction between trust and credibility\\\\\\\",\\\\\\\"image\\\\\\\":\\\\\\\"\\\\\\\",\\\\\\\"sound\\\\\\\":\\\\\\\"\\\\\\\",\\\\\\\"volume\\\\\\\":50},\\\\\\\"unlockscore\\\\\\\":\\\\\\\"20\\\\\\\",\\\\\\\"quicklink\\\\\\\":false,\\\\\\\"quotation\\\\\\\":\\\\\\\"I trust YOU. YOU are confident.\\\\\\\"}","lite":"0","guid":"ad581c16-0701-457a-a1a8-87fe2773a6df","growth_activity":"0"},{"id":"55141","courseId":"175","type":"13","summary":"Trust or Credibility?","index":"59","json":"{\\\\\\\"type\\\\\\\":13,\\\\\\\"thisthat\\\\\\\":{\\\\\\\"questions\\\\\\\":[{\\\\\\\"text\\\\\\\":\\\\\\\"Can you figure it out? Which is which?&#10;&#10;More objective, rational and fact-based.\\\\\\\",\\\\\\\"correct\\\\\\\":\\\\\\\"Trust\\\\\\\",\\\\\\\"wrong\\\\\\\":\\\\\\\"Credibility\\\\\\\",\\\\\\\"value\\\\\\\":false,\\\\\\\"feedback\\\\\\\":[\\\\\\\"This is correct. Credibility is more objective, rational and fact-based, whereas trust is more inherent and subjective.\\\\\\\",\\\\\\\"This is incorrect. Credibility is more objective, rational and fact-based, whereas trust is more inherent and subjective.\\\\\\\"]},{\\\\\\\"text\\\\\\\":\\\\\\\"Your bookkeeper&#39;s (trust or credibility?) is based on her training and work experience and her history of honest and accurate communication.\\\\\\\",\\\\\\\"correct\\\\\\\":\\\\\\\"Trust\\\\\\\",\\\\\\\"wrong\\\\\\\":\\\\\\\"Credibility\\\\\\\",\\\\\\\"value\\\\\\\":false,\\\\\\\"feedback\\\\\\\":[\\\\\\\"That is correct. Her credibility is based on those historical and fact-based conditions. On the other hand, you may trust the bookkeeper but it is based on a subjective judgment on your part.\\\\\\\",\\\\\\\"This is incorrect. Her credibility is based on those historical and fact-based conditions. On the other hand, you may trust the bookkeeper but it is based on a subjective judgment on your part.\\\\\\\"]},{\\\\\\\"text\\\\\\\":\\\\\\\"One of the two resides within the recipient as opposed to belonging to the speaker.\\\\\\\",\\\\\\\"correct\\\\\\\":\\\\\\\"Trust\\\\\\\",\\\\\\\"wrong\\\\\\\":\\\\\\\"Credibility\\\\\\\",\\\\\\\"value\\\\\\\":true,\\\\\\\"feedback\\\\\\\":[\\\\\\\"Yes, trust resides within the recipient, whereas credibility belongs to the speaker. In other words, I trust you because you are credible to me. Trust and credibility are closely similar, but they are not identical.\\\\\\\",\\\\\\\"That is incorrect. Trust resides within the recipient, whereas credibility belongs to the speaker. In other words, I trust you because you are credible to me. Trust and credibility are similar, but not identical.\\\\\\\"]},{\\\\\\\"text\\\\\\\":\\\\\\\"The recipient listens to the speaker and thinks: I have (trust or credibility) in you?\\\\\\\",\\\\\\\"correct\\\\\\\":\\\\\\\"Trust\\\\\\\",\\\\\\\"wrong\\\\\\\":\\\\\\\"Credibility\\\\\\\",\\\\\\\"value\\\\\\\":true,\\\\\\\"feedback\\\\\\\":[\\\\\\\"Yes, the recipient thinks &#34;I have trust in you because you have credibility.&#34;\\\\\\\",\\\\\\\"That is incorrect. The recipient thinks &#34;I have trust in you because you have credibility.&#34;\\\\\\\"]}],\\\\\\\"timer\\\\\\\":90,\\\\\\\"noscore\\\\\\\":false},\\\\\\\"feedback\\\\\\\":[\\\\\\\"\\\\\\\",\\\\\\\"\\\\\\\"],\\\\\\\"score\\\\\\\":\\\\\\\"80\\\\\\\",\\\\\\\"gems\\\\\\\":\\\\\\\"1\\\\\\\"}","lite":"0","guid":"1a4d4b95-9c3b-4441-b69a-d8f272cd41be","growth_activity":"0"},{"id":"55142","courseId":"175","type":"4","summary":"Trust and Credibility - I and You","index":"60","json":"{ \\\\\\\"type\\\\\\\":4}","lite":"0","guid":"3d815dba-48a2-4bad-9620-ff03ed292604","growth_activity":"0"},{"id":"55143","courseId":"175","type":"3","summary":"All three elements in place","index":"61","json":"{\\\\\\\"type\\\\\\\":3,\\\\\\\"intro\\\\\\\":{\\\\\\\"title\\\\\\\":\\\\\\\"All three elements\\\\\\\",\\\\\\\"description\\\\\\\":\\\\\\\"In this Burst, you&#39;ll learn:&#10;   - that all three elements must be in place&#10;   - that if any one is missing, confident communication will not occur&#10;   - how to spot the various elements of confident communication\\\\\\\",\\\\\\\"image\\\\\\\":\\\\\\\"\\\\\\\",\\\\\\\"sound\\\\\\\":\\\\\\\"\\\\\\\",\\\\\\\"volume\\\\\\\":50},\\\\\\\"unlockscore\\\\\\\":\\\\\\\"20\\\\\\\",\\\\\\\"quicklink\\\\\\\":false,\\\\\\\"quotation\\\\\\\":\\\\\\\"Trust, credibility, and confident behavior - like the three legs of a stool.\\\\\\\"}","lite":"0","guid":"7ef250b2-d561-42e7-bfbf-75d6defc51ce","growth_activity":"0"},{"id":"55144","courseId":"175","type":"6","summary":"None can be missing","index":"62","json":"{\\\\\\\"type\\\\\\\":6,\\\\\\\"image\\\\\\\":\\\\\\\"\\\\\\\",\\\\\\\"presentation\\\\\\\":[{\\\\\\\"text\\\\\\\":\\\\\\\"ALL THREE ELEMENTS MUST BE PRESENT\\\\\\\",\\\\\\\"in\\\\\\\":1,\\\\\\\"time\\\\\\\":1,\\\\\\\"sound\\\\\\\":\\\\\\\"\\\\\\\",\\\\\\\"color\\\\\\\":0},{\\\\\\\"text\\\\\\\":\\\\\\\"To create confident communications, you need all three elements in place: Trust, Credibility, and Confident Behavior. If any one is missing, it will not work.&#10;&#10;For example, if credibility is missing, your confidence will be eroded and you will not effectively communicate your message.&#10;&#10;Or, if you lack the trust of your audience, you cannot communicate with them effectively just by behaving - or trying to behave - confidently.&#10;&#10;It&#39;s also not possible to achieve credibility in an environment of mistrust, or vice versa.\\\\\\\",\\\\\\\"in\\\\\\\":1,\\\\\\\"time\\\\\\\":2,\\\\\\\"sound\\\\\\\":\\\\\\\"\\\\\\\"}]}","lite":"0","guid":"f43a5289-f1c9-4bb6-be13-54a7a3b3ede7","growth_activity":"0"},{"id":"55145","courseId":"175","type":"12","summary":"What element is missing? 1","index":"63","json":"{\\\\\\\"type\\\\\\\":12,\\\\\\\"orderitems\\\\\\\":{\\\\\\\"slots\\\\\\\":[\\\\\\\"Start of statement\\\\\\\",\\\\\\\"\\\\\\\",\\\\\\\"\\\\\\\",\\\\\\\"\\\\\\\",\\\\\\\"\\\\\\\",\\\\\\\"end of statement\\\\\\\"],\\\\\\\"items\\\\\\\":[{\\\\\\\"text\\\\\\\":\\\\\\\"Confident behavior\\\\\\\",\\\\\\\"slot\\\\\\\":1},{\\\\\\\"text\\\\\\\":\\\\\\\"alone could not\\\\\\\",\\\\\\\"slot\\\\\\\":2},{\\\\\\\"text\\\\\\\":\\\\\\\"make up for\\\\\\\",\\\\\\\"slot\\\\\\\":3},{\\\\\\\"text\\\\\\\":\\\\\\\"lack of \\\\\\\",\\\\\\\"slot\\\\\\\":4},{\\\\\\\"text\\\\\\\":\\\\\\\"trust and\\\\\\\",\\\\\\\"slot\\\\\\\":5},{\\\\\\\"text\\\\\\\":\\\\\\\"credibility.\\\\\\\",\\\\\\\"slot\\\\\\\":6}],\\\\\\\"ordered\\\\\\\":true,\\\\\\\"timer\\\\\\\":60,\\\\\\\"sound\\\\\\\":\\\\\\\"\\\\\\\",\\\\\\\"prompt\\\\\\\":\\\\\\\"Mary was listening to a speaker who was dressed sharply and made good eye contact. But people knew him to exaggerate and not live up to his word. Build the appropriate statement below.\\\\\\\"},\\\\\\\"feedback\\\\\\\":[\\\\\\\"You got it. This slick dude couldn&#39;t overcome his past behavior and so people did not trust him, and act as confident as he could he did not have credibility.\\\\\\\",\\\\\\\"Oh, you didn&#39;t get it.\\\\\\\"],\\\\\\\"score\\\\\\\":\\\\\\\"60\\\\\\\",\\\\\\\"gems\\\\\\\":\\\\\\\"1\\\\\\\"}","lite":"0","guid":"4c61e477-d189-4727-93b8-98130b7dad2b","growth_activity":"0"},{"id":"55146","courseId":"175","type":"12","summary":"What element is missing? 2","index":"64","json":"{\\\\\\\"type\\\\\\\":12,\\\\\\\"orderitems\\\\\\\":{\\\\\\\"slots\\\\\\\":[\\\\\\\"Start of statement\\\\\\\",\\\\\\\"\\\\\\\",\\\\\\\"\\\\\\\",\\\\\\\"\\\\\\\",\\\\\\\"\\\\\\\",\\\\\\\"end of statement\\\\\\\"],\\\\\\\"items\\\\\\\":[{\\\\\\\"text\\\\\\\":\\\\\\\"Lack of \\\\\\\",\\\\\\\"slot\\\\\\\":1},{\\\\\\\"text\\\\\\\":\\\\\\\"confident behavior\\\\\\\",\\\\\\\"slot\\\\\\\":2},{\\\\\\\"text\\\\\\\":\\\\\\\"undermined\\\\\\\",\\\\\\\"slot\\\\\\\":3},{\\\\\\\"text\\\\\\\":\\\\\\\"this woman&#39;s\\\\\\\",\\\\\\\"slot\\\\\\\":4},{\\\\\\\"text\\\\\\\":\\\\\\\"credibility\\\\\\\",\\\\\\\"slot\\\\\\\":5},{\\\\\\\"text\\\\\\\":\\\\\\\"and trust\\\\\\\",\\\\\\\"slot\\\\\\\":6}],\\\\\\\"ordered\\\\\\\":true,\\\\\\\"timer\\\\\\\":60,\\\\\\\"sound\\\\\\\":\\\\\\\"\\\\\\\",\\\\\\\"prompt\\\\\\\":\\\\\\\"Mary was listening to a speaker who fidgeted and closed her eyes when she talked. Mary had heard good things about her, but she had trouble believing the woman&#39;s words. Build the correct statement below.\\\\\\\"},\\\\\\\"feedback\\\\\\\":[\\\\\\\"You got it. This woman&#39;s behavior did not reflect a sense of confidence and so it undermined any trust and credibility that were present.\\\\\\\",\\\\\\\"Oh, you didn&#39;t get it.\\\\\\\"],\\\\\\\"score\\\\\\\":\\\\\\\"60\\\\\\\",\\\\\\\"gems\\\\\\\":\\\\\\\"1\\\\\\\"}","lite":"0","guid":"32b4d492-1164-4c9d-bf47-685858701d87","growth_activity":"0"},{"id":"55147","courseId":"175","type":"13","summary":"Element or not?","index":"65","json":"{\\\\\\\"type\\\\\\\":13,\\\\\\\"thisthat\\\\\\\":{\\\\\\\"questions\\\\\\\":[{\\\\\\\"text\\\\\\\":\\\\\\\"Is this an example of one of the three essential elements of confident communication: Making only commitments you can fulfill.\\\\\\\",\\\\\\\"correct\\\\\\\":\\\\\\\"Element\\\\\\\",\\\\\\\"wrong\\\\\\\":\\\\\\\"Not Element\\\\\\\",\\\\\\\"value\\\\\\\":true,\\\\\\\"feedback\\\\\\\":[\\\\\\\"That&#39;s correct. If you speak and act with integrity, your words will be regarded as credible - and credibility is one of the essential elements of confident communication.\\\\\\\",\\\\\\\"That&#39;s incorrect. If you speak and act with integrity, your words will be regarded as credible - and credibility is one of the essential elements of confident communication.\\\\\\\"]},{\\\\\\\"text\\\\\\\":\\\\\\\"Is this an example of one of the three essential elements of confident communication:&#10;&#10;Making only statements you know other people agree with.&#10;\\\\\\\",\\\\\\\"correct\\\\\\\":\\\\\\\"Element\\\\\\\",\\\\\\\"wrong\\\\\\\":\\\\\\\"Not Element\\\\\\\",\\\\\\\"value\\\\\\\":false,\\\\\\\"feedback\\\\\\\":[\\\\\\\"Yes, not an element. If you say only what you know others already agree with, people will realize your statements aren&#39;t spoken to contribute new information. They&#39;ll trust you less and see you as less credible.\\\\\\\",\\\\\\\"Not an element. If you say only what you know others already agree with, people will realize your statements aren&#39;t spoken to contribute new information. So they&#39;ll trust you less and see you as less credible.\\\\\\\"]},{\\\\\\\"text\\\\\\\":\\\\\\\"Is this an example of one of the three essential elements of confident communication:&#10;&#10;Sharing only accurate, factual information rather than theories or assumptions.\\\\\\\",\\\\\\\"correct\\\\\\\":\\\\\\\"Element\\\\\\\",\\\\\\\"wrong\\\\\\\":\\\\\\\"Not Element\\\\\\\",\\\\\\\"value\\\\\\\":false,\\\\\\\"feedback\\\\\\\":[\\\\\\\"Correct, this is not an element. Sharing hypotheses and suppositions can bring valuable insights - provided you make it clear that you&#39;re not certain of the accuracy of your information.\\\\\\\",\\\\\\\"This is not an element. Sharing hypotheses and suppositions can bring valuable insights - provided you make it clear that you&#39;re not certain of the accuracy of your information.\\\\\\\"]},{\\\\\\\"text\\\\\\\":\\\\\\\"Is this an example of one of the three essential elements of confident communication:&#10;&#10;Being open to feedback from others.&#10;&#10;&#10;\\\\\\\",\\\\\\\"correct\\\\\\\":\\\\\\\"Element\\\\\\\",\\\\\\\"wrong\\\\\\\":\\\\\\\"Not Element\\\\\\\",\\\\\\\"value\\\\\\\":true,\\\\\\\"feedback\\\\\\\":[\\\\\\\"This is correct. When you&#39;re open to feedback, others will be able to trust you because they&#39;ll know their opinions will be considered. Trust is an essential element required for effective, confident communication.\\\\\\\",\\\\\\\"That&#39;s incorrect. When you&#39;re open to feedback, others will be able to trust you because they&#39;ll know their opinions will be considered. Trust is an essential element required for effective, confident communication.\\\\\\\"]},{\\\\\\\"text\\\\\\\":\\\\\\\"Is this an example of one of the three essential elements of confident communication:&#10;&#10;Making appropriate eye contact with people you are communicating with.&#10;\\\\\\\",\\\\\\\"correct\\\\\\\":\\\\\\\"Element\\\\\\\",\\\\\\\"wrong\\\\\\\":\\\\\\\"Not Element\\\\\\\",\\\\\\\"value\\\\\\\":true,\\\\\\\"feedback\\\\\\\":[\\\\\\\"That is correct. Making eye contact is an important aspect of confidential behavior.\\\\\\\",\\\\\\\"That is incorrect. Making eye contact is an important aspect of confidential behavior.\\\\\\\"]}],\\\\\\\"timer\\\\\\\":60,\\\\\\\"noscore\\\\\\\":false},\\\\\\\"feedback\\\\\\\":[\\\\\\\"\\\\\\\",\\\\\\\"\\\\\\\"],\\\\\\\"score\\\\\\\":\\\\\\\"100\\\\\\\",\\\\\\\"gems\\\\\\\":\\\\\\\"1\\\\\\\"}","lite":"0","guid":"adfa9546-caa9-4e27-abc1-c05ce81e12ad","growth_activity":"0"},{"id":"55148","courseId":"175","type":"4","summary":"All three elements in place","index":"66","json":"{ \\\\\\\"type\\\\\\\":4}","lite":"0","guid":"4181e38d-36b1-4a61-a0d3-756f51d4ccf6","growth_activity":"0"},{"id":"55149","courseId":"175","type":"3","summary":"Review Fun","index":"67","json":"{\\\\\\\"type\\\\\\\":3,\\\\\\\"intro\\\\\\\":{\\\\\\\"title\\\\\\\":\\\\\\\"Fun with Review\\\\\\\",\\\\\\\"description\\\\\\\":\\\\\\\"Let&#39;s review what we&#39;ve learned - and have some fun, too.\\\\\\\",\\\\\\\"image\\\\\\\":\\\\\\\"A32A1C4E-9A5D-A17B-C8CC-49ED0D26A231.png\\\\\\\",\\\\\\\"sound\\\\\\\":\\\\\\\"220371F9-3413-C3B5-267D-7F83F56C821A.mp3\\\\\\\",\\\\\\\"volume\\\\\\\":50},\\\\\\\"unlockscore\\\\\\\":\\\\\\\"20\\\\\\\",\\\\\\\"quicklink\\\\\\\":false,\\\\\\\"quotation\\\\\\\":\\\\\\\"You can be a confident communicator - just follow along and give it your best.\\\\\\\"}","lite":"0","guid":"8efd351a-dc5c-48fd-b1d8-b905f5c6b53e","growth_activity":"0"},{"id":"55150","courseId":"175","type":"18","summary":"Review time","index":"68","json":"{\\\\\\\"type\\\\\\\":18,\\\\\\\"catch\\\\\\\":{\\\\\\\"prompt\\\\\\\":\\\\\\\"As the words fly towards you, touch those that make up the big idea of this course.\\\\\\\",\\\\\\\"items\\\\\\\":[{\\\\\\\"isImage\\\\\\\":false,\\\\\\\"correct\\\\\\\":true,\\\\\\\"text\\\\\\\":\\\\\\\"Be Confident\\\\\\\",\\\\\\\"image\\\\\\\":\\\\\\\"\\\\\\\",\\\\\\\"bonus\\\\\\\":0,\\\\\\\"slot\\\\\\\":1},{\\\\\\\"isImage\\\\\\\":false,\\\\\\\"correct\\\\\\\":true,\\\\\\\"text\\\\\\\":\\\\\\\"Speak Freely\\\\\\\",\\\\\\\"image\\\\\\\":\\\\\\\"\\\\\\\",\\\\\\\"bonus\\\\\\\":0,\\\\\\\"slot\\\\\\\":2},{\\\\\\\"isImage\\\\\\\":false,\\\\\\\"correct\\\\\\\":true,\\\\\\\"text\\\\\\\":\\\\\\\"Assert Yourself\\\\\\\",\\\\\\\"image\\\\\\\":\\\\\\\"\\\\\\\",\\\\\\\"bonus\\\\\\\":0,\\\\\\\"slot\\\\\\\":3},{\\\\\\\"isImage\\\\\\\":false,\\\\\\\"correct\\\\\\\":true,\\\\\\\"text\\\\\\\":\\\\\\\"Listen Better\\\\\\\",\\\\\\\"image\\\\\\\":\\\\\\\"\\\\\\\",\\\\\\\"bonus\\\\\\\":0,\\\\\\\"slot\\\\\\\":4},{\\\\\\\"isImage\\\\\\\":false,\\\\\\\"correct\\\\\\\":true,\\\\\\\"text\\\\\\\":\\\\\\\"Contribute More\\\\\\\",\\\\\\\"image\\\\\\\":\\\\\\\"\\\\\\\",\\\\\\\"bonus\\\\\\\":0,\\\\\\\"slot\\\\\\\":5},{\\\\\\\"isImage\\\\\\\":false,\\\\\\\"correct\\\\\\\":true,\\\\\\\"text\\\\\\\":\\\\\\\"EXTRA POINTS\\\\\\\",\\\\\\\"image\\\\\\\":\\\\\\\"\\\\\\\",\\\\\\\"bonus\\\\\\\":1,\\\\\\\"slot\\\\\\\":0},{\\\\\\\"isImage\\\\\\\":false,\\\\\\\"correct\\\\\\\":true,\\\\\\\"text\\\\\\\":\\\\\\\"EXTRA TIME\\\\\\\",\\\\\\\"image\\\\\\\":\\\\\\\"\\\\\\\",\\\\\\\"bonus\\\\\\\":2,\\\\\\\"slot\\\\\\\":0},{\\\\\\\"isImage\\\\\\\":false,\\\\\\\"correct\\\\\\\":false,\\\\\\\"text\\\\\\\":\\\\\\\"Afraid to speak\\\\\\\",\\\\\\\"image\\\\\\\":\\\\\\\"\\\\\\\",\\\\\\\"bonus\\\\\\\":0,\\\\\\\"slot\\\\\\\":0},{\\\\\\\"isImage\\\\\\\":false,\\\\\\\"correct\\\\\\\":false,\\\\\\\"text\\\\\\\":\\\\\\\"being judged\\\\\\\",\\\\\\\"image\\\\\\\":\\\\\\\"\\\\\\\",\\\\\\\"bonus\\\\\\\":0,\\\\\\\"slot\\\\\\\":0},{\\\\\\\"isImage\\\\\\\":false,\\\\\\\"correct\\\\\\\":false,\\\\\\\"text\\\\\\\":\\\\\\\"lost opportunities\\\\\\\",\\\\\\\"image\\\\\\\":\\\\\\\"\\\\\\\",\\\\\\\"bonus\\\\\\\":0,\\\\\\\"slot\\\\\\\":0}],\\\\\\\"ordered\\\\\\\":true,\\\\\\\"timer\\\\\\\":120,\\\\\\\"sound\\\\\\\":\\\\\\\"\\\\\\\",\\\\\\\"speed\\\\\\\":5,\\\\\\\"frequency\\\\\\\":6},\\\\\\\"feedback\\\\\\\":[\\\\\\\"You got it! Be confident so you can speak freely, assert yourself and contribute more to your organization. Let yourself be heard!\\\\\\\",\\\\\\\"You didn&#39;t get it all!\\\\\\\"],\\\\\\\"score\\\\\\\":\\\\\\\"60\\\\\\\",\\\\\\\"gems\\\\\\\":\\\\\\\"2\\\\\\\"}","lite":"0","guid":"f312f51a-b0ab-4c93-9412-11f56c1b7441","growth_activity":"0"},{"id":"55151","courseId":"175","type":"4","summary":"Review Fun","index":"69","json":"{ \\\\\\\"type\\\\\\\":4}","lite":"0","guid":"c585f3b8-845f-4dfa-baad-4045b48227b3","growth_activity":"0"},{"id":"55152","courseId":"175","type":"3","summary":"Summary","index":"70","json":"{\\\\\\\"type\\\\\\\":3,\\\\\\\"intro\\\\\\\":{\\\\\\\"title\\\\\\\":\\\\\\\"Summary So Far\\\\\\\",\\\\\\\"description\\\\\\\":\\\\\\\"In this final Burst, we&#39;ll summarize the contents of this course.\\\\\\\",\\\\\\\"image\\\\\\\":\\\\\\\"\\\\\\\",\\\\\\\"sound\\\\\\\":\\\\\\\"\\\\\\\",\\\\\\\"volume\\\\\\\":50},\\\\\\\"unlockscore\\\\\\\":\\\\\\\"0\\\\\\\",\\\\\\\"quicklink\\\\\\\":false,\\\\\\\"quotation\\\\\\\":\\\\\\\"Anyone can become confident with practice once they understand how confidence is built.\\\\\\\"}","lite":"0","guid":"e1997e97-8701-4d72-8ca4-239bd499ece1","growth_activity":"0"},{"id":"55153","courseId":"175","type":"6","summary":"Summary","index":"71","json":"{\\\\\\\"type\\\\\\\":6,\\\\\\\"image\\\\\\\":\\\\\\\"\\\\\\\",\\\\\\\"presentation\\\\\\\":[{\\\\\\\"text\\\\\\\":\\\\\\\"SUMMARY SO FAR\\\\\\\",\\\\\\\"in\\\\\\\":1,\\\\\\\"time\\\\\\\":1,\\\\\\\"sound\\\\\\\":\\\\\\\"\\\\\\\",\\\\\\\"color\\\\\\\":0},{\\\\\\\"text\\\\\\\":\\\\\\\"Lack of confidence when communicating is a stressful problem, which can make it difficult for you to interact effectively with others. Although lack of confidence can manifest itself in a variety of ways, it is usually caused by a feeling of fear.&#10;&#10;Anyone can become confident with practice once they understand how confidence is built. The key to building confidence is to earn the trust of others, establish your credibility and carry yourself in a confident way. If you achieve these three goals, you can become a confident communicator!\\\\\\\",\\\\\\\"in\\\\\\\":1,\\\\\\\"time\\\\\\\":2,\\\\\\\"sound\\\\\\\":\\\\\\\"\\\\\\\"}]}","lite":"0","guid":"6594f6ab-1562-4a9a-9e26-1825f2010d24","growth_activity":"0"},{"id":"55154","courseId":"175","type":"12","summary":"What is what?","index":"72","json":"{\\\\\\\"type\\\\\\\":12,\\\\\\\"orderitems\\\\\\\":{\\\\\\\"slots\\\\\\\":[\\\\\\\"Confident behavior\\\\\\\",\\\\\\\"Feeling of fear\\\\\\\",\\\\\\\"How to build credibility\\\\\\\",\\\\\\\"One secret of confidence\\\\\\\",\\\\\\\"Benefits of confident communication\\\\\\\",\\\\\\\"Symptom of lack of confidence\\\\\\\"],\\\\\\\"items\\\\\\\":[{\\\\\\\"text\\\\\\\":\\\\\\\"Open body stance, good eye contact\\\\\\\",\\\\\\\"slot\\\\\\\":1},{\\\\\\\"text\\\\\\\":\\\\\\\"Usual reason for lack of confidence\\\\\\\",\\\\\\\"slot\\\\\\\":2},{\\\\\\\"text\\\\\\\":\\\\\\\"Making good on your promises\\\\\\\",\\\\\\\"slot\\\\\\\":3},{\\\\\\\"text\\\\\\\":\\\\\\\"You can build it with patience\\\\\\\",\\\\\\\"slot\\\\\\\":4},{\\\\\\\"text\\\\\\\":\\\\\\\"Reduce anxiety, speak freely\\\\\\\",\\\\\\\"slot\\\\\\\":5},{\\\\\\\"text\\\\\\\":\\\\\\\"Feeling listeners are judging you\\\\\\\",\\\\\\\"slot\\\\\\\":6}],\\\\\\\"ordered\\\\\\\":true,\\\\\\\"timer\\\\\\\":90,\\\\\\\"sound\\\\\\\":\\\\\\\"\\\\\\\",\\\\\\\"prompt\\\\\\\":\\\\\\\"Drag the descriptions below to the examples on top.\\\\\\\"},\\\\\\\"feedback\\\\\\\":[\\\\\\\"You&#39;re on your way to building your confidence. Keep at it!\\\\\\\",\\\\\\\"You might want to go through this course demo again to review. Building your confidence is worth it!\\\\\\\"],\\\\\\\"score\\\\\\\":\\\\\\\"120\\\\\\\",\\\\\\\"gems\\\\\\\":\\\\\\\"1\\\\\\\"}","lite":"0","guid":"0e17f038-67dc-4f61-927c-29b920309f3e","growth_activity":"0"},{"id":"55155","courseId":"175","type":"7","summary":"How are you doing?","index":"73","json":"{\\\\\\\"type\\\\\\\":7,\\\\\\\"input\\\\\\\":{\\\\\\\"type\\\\\\\":7,\\\\\\\"prompt\\\\\\\":\\\\\\\"Now that you&#39;re at the end of this demo course, rate yourself as to how confident a communicator you are and then write about it below.\\\\\\\",\\\\\\\"locked\\\\\\\":false,\\\\\\\"text\\\\\\\":\\\\\\\"\\\\\\\",\\\\\\\"isNumber\\\\\\\":false,\\\\\\\"useImages\\\\\\\":true,\\\\\\\"left\\\\\\\":\\\\\\\"57FBE969-0AE2-3983-2D4C-6B176B6A0CD3.png\\\\\\\",\\\\\\\"right\\\\\\\":\\\\\\\"63EF511D-F7DF-53EB-1812-FF9A260F3BB9.png\\\\\\\",\\\\\\\"ideal\\\\\\\":50},\\\\\\\"feedback\\\\\\\":[\\\\\\\"\\\\\\\",\\\\\\\"\\\\\\\"],\\\\\\\"score\\\\\\\":0,\\\\\\\"gems\\\\\\\":0}","lite":"0","guid":"09e3e939-5d48-4e60-8281-4e28fc5c8c5c","growth_activity":"0"},{"id":"55156","courseId":"175","type":"4","summary":"Summary","index":"74","json":"{ \\\\\\\"type\\\\\\\":4}","lite":"0","guid":"e696d72c-bae2-46f0-9ebe-50157bb4080e","growth_activity":"0"},{"id":"55157","courseId":"175","type":"2","summary":"Advantages and elements of confident communication","index":"75","json":"{ \\\\\\\"type\\\\\\\":2}","lite":"0","guid":"ff2a0d3d-1329-4bd3-9ca4-386e979cd75f","growth_activity":"0"}]