{"id":"175","credits":"2","dollars":"9.99","summary":"Learn to communicate with confidence in your business and personal life.","description":"Learn to use the essential elements of trust, credibility, and confident behavior to communicate effectively and confidently.","date":"2014-09-14 07:27:17","iconURL":"icon175.jpg","imageURL":"image159.jpg","vimeo":"","title":"Confident Communicator Demo Course Testing","editDate":"0000-00-00 00:00:00","buildAvailable":"0","published":"1","publicationDate":null}