[{"id":"100168","courseId":"231","type":"1","summary":"Introduction to Your Future","index":"0","json":"{\"type\":1,\"intro\":{\"title\":\"Introduction to Your Future\",\"description\":\"Get ready to change your life. This Blink Course is a new vision of Think and Grow Rich, Napoleon Hill&#39;s timeless classic. Written in the 1930s in the heart of the Great Depression, this book was a call out to the future, to growth, to not giving in to fear.&#10;&#10;&#10;&#10;&#10;&#10;&#10;&#10;&#10;&#10;In a dark time, Hill&#39;s philosophy focuses on light and hope. \",\"image\":\"2E75F165-B597-8145-DCF7-794FE13AA3C4.png\"},\"dossier\":false}","lite":"1","guid":"412942f6-bd44-428f-97d4-df7c6653d4cc","growth_activity":"0"},{"id":"100169","courseId":"231","type":"3","summary":"Why You Are Here","index":"1","json":"{\"type\":3,\"intro\":{\"title\":\"Why You Are Here\",\"description\":\"It is no accident that you have been drawn to this course at this time in your life&#39;s journey. You are being called to step up to the plate and fully be all that you are capable of being.  &#10;&#10;&#10;&#10;&#10;&#10;&#10;&#10;This course will help you to do that.\",\"image\":\"29E85D2E-D4CA-78C6-F897-65E5FA8C42B3.png\",\"sound\":\"\",\"volume\":50},\"unlockscore\":0,\"quicklink\":false,\"quotation\":\"\"}","lite":"1","guid":"1eae2df4-aa31-4c45-8168-560c561f5e37","growth_activity":"0"},{"id":"100170","courseId":"231","type":"16","summary":"What do you desire?","index":"2","json":"{\"type\":16,\"wordheat\":{\"prompt\":\"To help start thinking about what you truly desire, play with the words below, moving them further away and closer. Closer is more important; further away is less important. There are no right and wrong answers.\",\"words\":[{\"word\":\"Wealth\",\"layer\":5},{\"word\":\"Love\",\"layer\":0},{\"word\":\"Contentment\",\"layer\":0},{\"word\":\"Power\",\"layer\":0},{\"word\":\"Fame\",\"layer\":0},{\"word\":\"Sex\",\"layer\":0},{\"word\":\"Challenge\",\"layer\":5},{\"word\":\"Friends\",\"layer\":0},{\"word\":\"Comfort\",\"layer\":0},{\"word\":\"Pain\",\"layer\":0},{\"word\":\"Family\",\"layer\":0},{\"word\":\"Honor\",\"layer\":0}],\"timer\":0,\"sound\":\"\"},\"feedback\":[\"Consider these desires and how you have placed them. See what is important to you and let this guide you when you settle on your goal that you will pursue above all else.\",\"Fail\"],\"score\":0,\"gems\":0}","lite":"1","guid":"22803e7d-36ad-4e05-8f8e-7e060d7a837a","growth_activity":"0"},{"id":"100184","courseId":"231","type":"4","summary":"Your Desire","index":"16","json":"{ \"type\":4}","lite":"1","guid":"ae19127e-95a0-4e1a-b16c-b4f2de6ae2f9","growth_activity":"0"},{"id":"100185","courseId":"231","type":"2","summary":"Thoughts are Things","index":"17","json":"{ \"type\":2}","lite":"1","guid":"ab0c2ccf-f55a-438c-8557-702845563b13","growth_activity":"0"}]