{"id":"271","authorId":"0","groupId":"0","credits":"2","dollars":"9.99","summary":"What Ted Cruz will bring to America as its next President","description":"Learn why Ted Cruz wants to be the next president and why you should vote for him if you care about our country, our Constitution and our families.","date":"2015-05-20 11:01:48","iconURL":"icon271.jpg","imageURL":"image271.jpg","vimeo":"","title":"Ted Cruz 2016","editDate":"2015-05-22 12:17:32","buildAvailable":"1","published":"0","publicationDate":null}