[{"id":"438079","courseId":"296","type":"1","summary":"Introduction","index":"0","json":"{\"type\":1,\"intro\":{\"title\":\"Introduction\",\"description\":\"This Blink Course is a new way to experience the George S. Clason classic, The Richest Man in Babylon. First published as a series of pamphlets on thrift and financial success starting in 1926, they used parables set in ancient Babylon to make their points.&#10;&#10;&#10;&#10;&#10;&#10;&#10;&#10;This book has changed countless lives and through this course, it can change your life.\",\"image\":\"1644A2C8-6E93-457F-9A9C-1D23DB965114.png\"},\"dossier\":false}","lite":"0","guid":"d122ec55-aca6-4b1f-a316-7bb27be9ad23","growth_activity":"0"},{"id":"438080","courseId":"296","type":"3","summary":"Preface","index":"1","json":"{\"type\":3,\"intro\":{\"title\":\"Preface\",\"description\":\"Ahead of you stretches your future like a road leading into the distance. Along that road are ambitions you wish to accomplish, desires you wish to gratify.&#10;&#10;&#10;&#10;&#10;&#10;&#10;&#10;To bring your ambitions and desires to fulfillment, you must be successful with money.\",\"image\":\"DA178BD6-235E-C237-7657-F41EEFD79879.png\",\"sound\":\"\",\"volume\":50},\"unlockscore\":\"300\",\"quicklink\":false,\"quotation\":\"\"}","lite":"0","guid":"5db37949-b2b7-41b3-97bb-bc3e1039babe","growth_activity":"0"},{"id":"438081","courseId":"296","type":"6","summary":"Use These Principles","index":"2","json":"{\"type\":6,\"image\":\"\",\"presentation\":[{\"text\":\"Use These Principles\",\"in\":1,\"time\":1,\"sound\":\"\",\"size\":2,\"color\":\"#256ED7\"},{\"text\":\"Use the financial principles made clear in this course. Let them guide you away from the stringencies of a lean purse to that fuller, happier life a full purse makes possible.\",\"in\":1,\"time\":2,\"sound\":\"\"},{\"text\":\"Like the law of gravity, they are universal and unchanging. May they prove for you, as they have proven to so many others, a sure key to a fat purse, larger bank balances and gratifying financial progress.\",\"in\":1,\"time\":2,\"sound\":\"\"}]}","lite":"0","guid":"3381684d-ee74-4d98-b1ff-ef0417237877","growth_activity":"0"},{"id":"438082","courseId":"296","type":"9","summary":"Money Is Plentiful","index":"3","json":"{\"type\":9,\"wordfill\":{\"text\":\"Lo, money is ##1##&#10;For those who ##2##&#10;These simple principles of its ##3##\",\"prompt\":\"Let this be your motto for the rest of your life:\",\"sound\":\"\",\"words\":[\"plentiful\",\"understand\",\"acquisition\"],\"timer\":60},\"feedback\":[\"Lo, money is plentiful for those who understand these simple principles of its acquisition.\",\"Lo, money is plentiful for those who understand these simple principles of its acquisition.\"],\"score\":\"75\",\"gems\":\"1\"}","lite":"0","guid":"ed2a5138-71f3-44a6-a5c4-3cdd8a3c7dbe","growth_activity":"0"},{"id":"438083","courseId":"296","type":"12","summary":"A Fat Purse","index":"4","json":"{\"type\":12,\"orderitems\":{\"slots\":[\"Start thy\",\"purse to\",\"fattening.\"],\"items\":[{\"text\":\"Start thy\",\"slot\":1},{\"text\":\"purse to\",\"slot\":2},{\"text\":\"fattening.\",\"slot\":3}],\"ordered\":true,\"timer\":30,\"sound\":\"\",\"prompt\":\"Money Acquisition Principle 1\"},\"feedback\":[\"Money Acquisition Principle 1: Start thy purse to fattening.\",\"Money Acquisition Principle 1: Start thy purse to fattening.\"],\"score\":\"75\",\"gems\":\"1\"}","lite":"0","guid":"763a8315-2821-4fab-8c31-42ad596fc033","growth_activity":"0"},{"id":"438084","courseId":"296","type":"12","summary":"Control Expenditures","index":"5","json":"{\"type\":12,\"orderitems\":{\"slots\":[\"Control\",\"thy\",\"expenditures.\"],\"items\":[{\"text\":\"Control\",\"slot\":1},{\"text\":\"thy\",\"slot\":2},{\"text\":\"expenditures.\",\"slot\":3}],\"ordered\":true,\"timer\":30,\"sound\":\"\",\"prompt\":\"Money Acquisition Principle 2\"},\"feedback\":[\"Money Acquisition Principle 2: Control thy expenditures.\",\"Money Acquisition Principle 2: Control thy expenditures.\"],\"score\":\"75\",\"gems\":\"1\"}","lite":"0","guid":"326227a0-44f6-46e6-89b8-62042d5ca7bf","growth_activity":"0"},{"id":"438085","courseId":"296","type":"12","summary":"Multiply Thy Gold","index":"6","json":"{\"type\":12,\"orderitems\":{\"slots\":[\"Multiply\",\"thy\",\"gold.\"],\"items\":[{\"text\":\"Multiply\",\"slot\":1},{\"text\":\"thy\",\"slot\":2},{\"text\":\"gold.\",\"slot\":3}],\"ordered\":true,\"timer\":30,\"sound\":\"\",\"prompt\":\"Money Acquisition Principle 3\"},\"feedback\":[\"Money Acquisition Principle 3: Multiply they gold.\",\"Money Acquisition Principle 3: Multiply they gold.\"],\"score\":\"75\",\"gems\":\"1\"}","lite":"0","guid":"304b2dce-cde5-4c17-bf98-717404085274","growth_activity":"0"},{"id":"438086","courseId":"296","type":"12","summary":"Guard thy treasures","index":"7","json":"{\"type\":12,\"orderitems\":{\"slots\":[\"Guard\",\"thy\",\"treasures.\"],\"items\":[{\"text\":\"Guard\",\"slot\":1},{\"text\":\"thy\",\"slot\":2},{\"text\":\"treasures.\",\"slot\":3}],\"ordered\":true,\"timer\":30,\"sound\":\"\",\"prompt\":\"Money Acquisition Principle 4\"},\"feedback\":[\"Money Acquisition Principle 4: Guard thy treasures.\",\"Money Acquisition Principle 4: Guard thy treasures.\"],\"score\":\"75\",\"gems\":\"1\"}","lite":"0","guid":"d8955e54-b4c1-422a-971d-0e02b61bbe1f","growth_activity":"0"},{"id":"438087","courseId":"296","type":"12","summary":"A profitable investment","index":"8","json":"{\"type\":12,\"orderitems\":{\"slots\":[\"Make of\",\"thy dwelling a\",\"profitable investment.\"],\"items\":[{\"text\":\"Make of\",\"slot\":1},{\"text\":\"thy dwelling a\",\"slot\":2},{\"text\":\"profitable investment.\",\"slot\":3}],\"ordered\":true,\"timer\":30,\"sound\":\"\",\"prompt\":\"Money Acquisition Principle 5\"},\"feedback\":[\"Money Acquisition Principle 5: Make of they dwelling a profitable investment.\",\"Money Acquisition Principle 5: Make of they dwelling a profitable investment.\"],\"score\":\"75\",\"gems\":\"1\"}","lite":"0","guid":"7a696832-1247-4c58-a232-6f9cddb80f89","growth_activity":"0"},{"id":"438088","courseId":"296","type":"12","summary":"Insure a future income","index":"9","json":"{\"type\":12,\"orderitems\":{\"slots\":[\"Insure\",\"a future\",\"income.\"],\"items\":[{\"text\":\"Insure\",\"slot\":1},{\"text\":\"a future\",\"slot\":2},{\"text\":\"income.\",\"slot\":3}],\"ordered\":true,\"timer\":30,\"sound\":\"\",\"prompt\":\"Money Acquisition Principle 6\"},\"feedback\":[\"Money Acquisition Principle 6: Insure a future income.\",\"Money Acquisition Principle 6: Insure a future income.\"],\"score\":\"75\",\"gems\":\"1\"}","lite":"0","guid":"edf19177-b9da-4816-ab5d-c8a5ef10a33d","growth_activity":"0"},{"id":"438089","courseId":"296","type":"12","summary":"Increase thy earning","index":"10","json":"{\"type\":12,\"orderitems\":{\"slots\":[\"Increase\",\"thy\",\"earning.\"],\"items\":[{\"text\":\"Increase\",\"slot\":1},{\"text\":\"thy\",\"slot\":2},{\"text\":\"earning.\",\"slot\":3}],\"ordered\":true,\"timer\":30,\"sound\":\"\",\"prompt\":\"Money Acquisition Principle 7\"},\"feedback\":[\"Money Acquisition Principle 7: Increase thy earning.\",\"Money Acquisition Principle 7: Increase thy earning.\"],\"score\":\"75\",\"gems\":\"1\"}","lite":"0","guid":"dc251db7-1614-4216-91b4-278a473b9023","growth_activity":"0"},{"id":"438090","courseId":"296","type":"6","summary":"Blinks and Bursts","index":"11","json":"{\"type\":6,\"image\":\"\",\"presentation\":[{\"text\":\"Blinks and Bursts\",\"in\":1,\"time\":1,\"sound\":\"\",\"size\":2,\"color\":\"#256ED7\"},{\"text\":\"Youu2019ve just experienced a series of Blinks (small interactives) and youu2019re now almost done with this courseu2019s first Burst (a sequence of Blinks). \",\"in\":1,\"time\":2,\"sound\":\"\"},{\"text\":\"This first Burst was about the ideas in the preface to the book, and you were able to earn 8 gems. How many did you earn? Gems reflect how well you understand the material. \",\"in\":1,\"time\":1,\"sound\":\"\"},{\"text\":\"To unlock the next Burst, you must have accumulated at least 300 points (see Target score to the left).\",\"in\":1,\"time\":2,\"sound\":\"\"}]}","lite":"0","guid":"ea76e130-6141-4b3d-91d4-ca7d6b7b7913","growth_activity":"0"},{"id":"438091","courseId":"296","type":"6","summary":"Progress Screen","index":"12","json":"{\"type\":6,\"image\":\"54226376-2DF6-40C3-0E1B-0F9D513B92A0.png\",\"presentation\":[{\"text\":\"Progress Screen\",\"in\":1,\"time\":1,\"sound\":\"\",\"size\":2,\"color\":\"#256ED7\"},{\"text\":\"This is the final Blink in this Burst. At the end of each Burst you&#39;ll see your Progress Screen (see sample above) where you&#39;ll find stats on how you&#39;re doing and see where you are on your way up the mountain of mastery. And the better the weather, the better you appear to be grasping the material.\",\"in\":1,\"time\":2,\"sound\":\"\"},{\"text\":\"If there&#39;s a check mark next to &#34;Target Score,&#34; you&#39;ve unlocked the next Burst. If not, replay this Burst and try for a higher score. If there&#39;s a check mark next to &#34;Max Gems,&#34; you&#39;ve earned all available gems. You don&#39;t need all the gems to move on, but if you want, come back and try to earn them all.\",\"in\":1,\"time\":2,\"sound\":\"\"},{\"text\":\"Enjoy your journey!\",\"in\":1,\"time\":2,\"sound\":\"\"}]}","lite":"0","guid":"d3eb7051-bbf7-41e3-8bbe-9fe56aca59af","growth_activity":"0"},{"id":"438092","courseId":"296","type":"4","summary":"Preface","index":"13","json":"{ \"type\":4}","lite":"0","guid":"d059224f-d240-4dd2-8cf0-0d0b341e082e","growth_activity":"0"},{"id":"438093","courseId":"296","type":"3","summary":"Forward","index":"14","json":"{\"type\":3,\"intro\":{\"title\":\"Forward\",\"description\":\"Our nationu2019s prosperity depends upon the personal financial prosperity of each of us as individuals.  This course deals with the personal successes of each of us. The goal is to offer those who are ambitious for financial success an insight which will aid themu2026&#10;&#10;&#10;&#10;&#10;&#10;&#10;&#10;&#10;...to acquire money, to keep money and to make their surpluses earn more money.\",\"image\":\"0BFA71B4-0882-6EEA-729B-9E8083F88ED2.png\",\"sound\":\"\",\"volume\":50},\"unlockscore\":\"100\",\"quicklink\":false,\"quotation\":\"\"}","lite":"0","guid":"f2a1f8b6-4026-4507-ba5e-a08be5bd8744","growth_activity":"0"},{"id":"438094","courseId":"296","type":"9","summary":"Success means...","index":"15","json":"{\"type\":9,\"wordfill\":{\"text\":\"Proper ##3## is the key to our ##1##. ##2## can be no wiser than our ##4##. Our ##6## be no wiser than ##5##.\",\"prompt\":\"Success means accomplishments as the result of our own efforts and abilities.\",\"sound\":\"\",\"words\":[\"success\",\"Our acts\",\"preparation\",\"thoughts\",\"our understanding\",\"thinking can\"],\"timer\":60},\"feedback\":[\"Proper preparation is the key to our success. Our acts can be no wiser than our thoughts. Our thinking can be no wiser than our understanding.\",\"Proper preparation is the key to our success. Our acts can be no wiser than our thoughts. Our thinking can be no wiser than our understanding.\"],\"score\":\"150\",\"gems\":\"1\"}","lite":"0","guid":"8c970240-1be5-42a3-991c-be0c0b206d63","growth_activity":"0"},{"id":"438095","courseId":"296","type":"10","summary":"Babylon, the cradle","index":"16","json":"{\"type\":10,\"dragdrop\":{\"timer\":60,\"layout\":0,\"goals\":[{\"isImage\":false,\"text\":\"Babylon&#39;s Citizens\",\"image\":\"\"}],\"items\":[{\"goal\":1,\"isImage\":false,\"text\":\"Richest People\",\"image\":\"\",\"feedback\":[\"Babylon&#39;s citizens were the richest people of their time.\",\"Babylon&#39;s citizens were the richest people of their time.\"]},{\"goal\":1,\"isImage\":false,\"text\":\"Value of Money\",\"image\":\"\",\"feedback\":[\"Babylon&#39;s citizens appreciated the value of money.\",\"Babylon&#39;s citizens appreciated the value of money.\"]},{\"goal\":1,\"isImage\":false,\"text\":\"Sound Financial Principles\",\"image\":\"\",\"feedback\":[\"Babylon&#39;s citizens practiced sound financial principles in acquiring money, keeping money and making their money earn more money.\",\"Babylon&#39;s citizens practiced sound financial principles in acquiring money, keeping money and making their money earn more money.\"]},{\"goal\":1,\"isImage\":false,\"text\":\"Future Income\",\"image\":\"\",\"feedback\":[\"Babylon&#39;s citizens provided for themselves what we all desire: income for the future.\",\"Babylon&#39;s citizens provided for themselves what we all desire: income for the future.\"]}],\"prompt\":\"In this course, we will be taken back to Babylon, the cradle in which was nurtured the basic principles of finance now used the world over. Babylon became the wealthiest city of the ancient world because:\",\"sound\":\"\"},\"feedback\":[\"If youu2019d like to read the original book that this course is based upon, a DIGITAL COPY OF THE BOOK is included in this course. To access it, finish this Burst, then touch the three line icon in the upper left and choose Activities from the menu.\",\"If youu2019d like to read the original book that this course is based upon, a DIGITAL COPY OF THE BOOK is included in this course. To access it, finish this Burst, then touch the three line icon in the upper left and choose Activities from the menu.\"],\"score\":\"100\",\"gems\":\"1\"}","lite":"0","guid":"60dbc181-3a76-41f4-83cb-7818277a64fe","growth_activity":"0"},{"id":"438096","courseId":"296","type":"6","summary":"Our Wish","index":"17","json":"{\"type\":6,\"image\":\"\",\"presentation\":[{\"text\":\"It is Our Wish\",\"in\":1,\"time\":1,\"sound\":\"\",\"size\":2,\"color\":\"#256ED7\"},{\"text\":\"It is our wish that this course may inspire...\",\"in\":1,\"time\":2,\"sound\":\"\"},{\"text\":\"Growing bank accounts...\",\"in\":1,\"time\":2,\"sound\":\"\"},{\"text\":\"Greater financial success...\",\"in\":1,\"time\":2,\"sound\":\"\"},{\"text\":\"And the solution of difficult personal financial problems.\",\"in\":1,\"time\":2,\"sound\":\"\"}]}","lite":"0","guid":"9eec2546-4cb7-443b-b962-5bda16dd18d8","growth_activity":"0"},{"id":"438097","courseId":"296","type":"4","summary":"Forward","index":"18","json":"{ \"type\":4}","lite":"0","guid":"03622627-b833-4e28-855b-2215142feca4","growth_activity":"0"},{"id":"438098","courseId":"296","type":"3","summary":"Credits, Copyright and Contact Info","index":"19","json":"{\"type\":3,\"intro\":{\"title\":\"Credits, Copyright and Contact Info\",\"description\":\"We hope this course helps you to change your life for the better. In this Burst, we take a moment to list the wonderful folks who helped to make this course and Blink Training a reality. &#10;&#10;&#10;&#10;&#10;&#10;&#10;&#10;We never give up and we hope you never give up either.&#10;\",\"image\":\"C71A41F4-8817-544A-2ED7-5E4952328E4E.png\",\"sound\":\"\",\"volume\":50},\"unlockscore\":0,\"quicklink\":false,\"quotation\":\"\"}","lite":"0","guid":"9965a14d-01dd-495c-a67e-27fe1160b088","growth_activity":"0"},{"id":"438099","courseId":"296","type":"6","summary":"Credits","index":"20","json":"{\"type\":6,\"image\":\"\",\"presentation\":[{\"text\":\"Credits\",\"in\":1,\"time\":1,\"sound\":\"\",\"size\":2,\"color\":\"#256ED7\"},{\"text\":\"App and Blinks interactive design  Jeff Siegel and Nik Lever&#10;App GUI additional graphic design  Aidan Siegel&#10;Sound Effects  Ed Lima&#10;&#10;Catalyst Pictures LTD&#10;   Nik Lever - chief software engineer&#10;   Ky Thanh - software engineer&#10;   Pam Lever - design&#10;&#10;Blink Training Systems, LLC&#10;   Jeff Siegel, President\",\"in\":1,\"time\":2,\"sound\":\"\"}]}","lite":"0","guid":"f1232d99-3ba9-412a-bf26-db90dc13d827","growth_activity":"0"},{"id":"438100","courseId":"296","type":"6","summary":"Copyright","index":"21","json":"{\"type\":6,\"image\":\"\",\"presentation\":[{\"text\":\"Copyright Information\",\"in\":1,\"time\":1,\"sound\":\"\",\"size\":2,\"color\":\"#256ED7\"},{\"text\":\"The Richest Man in Babylon...in a Blink course is Copyright (c) 2016 by Blink Training Systems, LLC. All Rights Reserved.&#10;&#10;Portions of this course are from the original 1926 version of The Richest Man in Babylon by George S. Clason. Originally a series of separate informational pamphlets distributed by banks and insurance companies, the pamphlets were bound together and published in book form in 1926 and is now in the public domain. &#10;&#10;This course is not sponsored or endorsed by, or otherwise affiliated with, George S. Clason or his family and heirs or any other person or entity.&#10;&#10;Blink eye logo, interactive course design, and course look and feel copyright (c) 2016 by Blink Training Systems, LLC. All Rights Reserved.&#10;&#10;No part of this course may be reproduced or transmitted in any form, by any means, (electronic, photocopying, recording, or otherwise) without the prior written permission of the author. No liability is assumed with respect to the use of the information contained within. Although every precaution has been taken, the author assumes no liability for errors or omissions. Neither is any liability assumed for damages resulting from the use of the information contained herein.\",\"in\":1,\"time\":2,\"sound\":\"\"}]}","lite":"0","guid":"67b2f5eb-6065-4607-bb77-73fd51bd3f5d","growth_activity":"0"},{"id":"438101","courseId":"296","type":"6","summary":"Contact Info","index":"22","json":"{\"type\":6,\"image\":\"\",\"presentation\":[{\"text\":\"Contact Information\",\"in\":1,\"time\":1,\"sound\":\"\",\"size\":2,\"color\":\"#256ED7\"},{\"text\":\"If you have suggestions, observations, or want to get in touch for any other reason, please send email to jeff.siegel@jeffmedia.com.\",\"in\":1,\"time\":2,\"sound\":\"\"}]}","lite":"0","guid":"a51de52a-3f1b-4b8b-9d83-2df5d510eb40","growth_activity":"0"},{"id":"438102","courseId":"296","type":"4","summary":"Credits, Copyright and Contact Info","index":"23","json":"{ \"type\":4}","lite":"0","guid":"1edf9ad2-6f5b-4444-80fa-ebbc5458fb6e","growth_activity":"0"},{"id":"438103","courseId":"296","type":"2","summary":"Introduction","index":"24","json":"{ \"type\":2}","lite":"0","guid":"550a07aa-c7cb-48cc-8a65-3d73f29403c9","growth_activity":"0"},{"id":"438104","courseId":"296","type":"1","summary":"The Great City of Babylon","index":"25","json":"{\"type\":1,\"intro\":{\"title\":\"The Great City of Babylon\",\"description\":\"As Clason tells it, in the pages of history there lived no city more glamorous than Babylon. Its name conjures visions of wealth and splendor. Its treasures of gold and jewels were fabulous. Its citizens were an educated and enlightened people. &#10;&#10;&#10;&#10;&#10;&#10;&#10;They were pioneers in engineering, astronomy, mathematics, finance and writing.\",\"image\":\"B7878E7E-FF15-8CF2-00EE-6C84A3326130.png\"},\"dossier\":false}","lite":"0","guid":"eaf2707e-af9f-4d31-828b-262113ab8f7b","growth_activity":"0"},{"id":"438105","courseId":"296","type":"3","summary":"Achieving Great Goals","index":"26","json":"{\"type\":3,\"intro\":{\"title\":\"Achieving Great Goals\",\"description\":\"With all of Babylon\/s wonders, one might expect the city to be surrounded by rich natural resources of forests and mines. But such was not the case. It was located beside the Euphrates River, in a flat, arid valley with even insufficient rainfall to raise crops.&#10;&#10;&#10;&#10;&#10;&#10;&#10;&#10;&#10;Babylon is an outstanding example of man&#39;s ability to achieve great objectives, using whatever means are at his disposal.\",\"image\":\"375F72A0-B2E6-4D71-0135-137CB457F650.png\",\"sound\":\"\",\"volume\":50},\"unlockscore\":\"35\",\"quicklink\":false,\"quotation\":\"\"}","lite":"0","guid":"260c5624-4773-4c0e-9403-21a662584dde","growth_activity":"0"},{"id":"438106","courseId":"296","type":"14","summary":"Babylon's Resources","index":"27","json":"{\"type\":14,\"question\":{\"timer\":30,\"multiplechoice\":true,\"answers\":[{\"correct\":false,\"text\":\"Supplied generously by nature\",\"feedback\":\"No, all of the resources were developed by man and all its riches were manmade. Out of almost nothing, greatness was born.\"},{\"correct\":true,\"text\":\"Developed by man \",\"feedback\":\"Yes, all of the resources were developed by man and all its riches were manmade. Out of almost nothing, greatness was born.\"}],\"sound\":\"\",\"text\":\"Babylon - A Model to Get Rich By&#10;&#10;All of the resources supporting the city were:\"},\"feedback\":[\"\",\"\"],\"score\":\"25\",\"gems\":\"1\"}","lite":"0","guid":"ac875916-5885-4f52-be9e-1346605f2145","growth_activity":"0"},{"id":"438107","courseId":"296","type":"14","summary":"Soil and Water","index":"28","json":"{\"type\":14,\"question\":{\"timer\":30,\"multiplechoice\":true,\"answers\":[{\"correct\":true,\"text\":\"Fertile soil, water in the river\",\"feedback\":\"Yes, with one of the greatest engineering accomplishments, Babylonian engineers diverted the waters from the river by means of dams and immense irrigation canals. Far out across the arid valley these canals brought life-giving waters to the fertile soil, which begat abundant crops.\"},{\"correct\":false,\"text\":\"Endless forests, rich minerals\",\"feedback\":\"No, with one of the greatest engineering accomplishments, Babylonian engineers diverted the waters from the river by means of dams and immense irrigation canals. Far out across the arid valley these canals brought life-giving waters to the fertile soil, which begat abundant crops.\"}],\"sound\":\"\",\"text\":\"Babylon - A Model To Get Rich By&#10;&#10;Babylon possessed just two natural resources:\"},\"feedback\":[\"\",\"\"],\"score\":\"25\",\"gems\":\"1\"}","lite":"0","guid":"798b74c4-9235-412d-b1f7-df43e69aee2e","growth_activity":"0"},{"id":"438108","courseId":"296","type":"14","summary":"Wise Kings","index":"29","json":"{\"type\":14,\"question\":{\"timer\":30,\"multiplechoice\":true,\"answers\":[{\"correct\":false,\"text\":\"Strove to conquer many lands\",\"feedback\":\"No, Babylon produced no strutting monarchs who sought to conquer the known world that all nations might pay homage to their egotism. While it engaged in many wars, most were local or defensive against ambitious conquerors who coveted the fabulous treasures of Babylon.\"},{\"correct\":true,\"text\":\"Were wise, just and creative\",\"feedback\":\"Yes, Babylon produced no strutting monarchs who sought to conquer the known world that all nations might pay homage to their egotism. While it engaged in many wars, most were local or defensive against ambitious conquerors who coveted the fabulous treasures of Babylon.\"}],\"sound\":\"\",\"text\":\"Babylon - A Model To Get Rich By&#10;&#10;During its long existence, Babylon was ruled by kings who:\"},\"feedback\":[\"\",\"\"],\"score\":\"25\",\"gems\":\"1\"}","lite":"0","guid":"4dd31d62-dd01-4624-9b06-f351ee0a9697","growth_activity":"0"},{"id":"438109","courseId":"296","type":"6","summary":"Like a Person","index":"30","json":"{\"type\":6,\"image\":\"\",\"presentation\":[{\"text\":\"Babylon - A Model to Get Rich By\",\"in\":1,\"time\":1,\"sound\":\"\",\"size\":2,\"color\":\"#256ED7\"},{\"text\":\"Babylon was like a person with few natural talents, living in an area with little obvious opportunity.\",\"in\":1,\"time\":2,\"sound\":\"\"},{\"text\":\"Rather than simply living a meager existence, this person dug deep within to excavate and fully develop all that he or she had to build a fabulously successful life.\",\"in\":1,\"time\":2,\"sound\":\"\"},{\"text\":\"What can you learn from this?\",\"in\":0,\"time\":0,\"sound\":\"\"}]}","lite":"0","guid":"e7db4a41-957b-460e-a28e-305bf0247ff3","growth_activity":"0"},{"id":"438110","courseId":"296","type":"4","summary":"Achieving Great Goals","index":"31","json":"{ \"type\":4}","lite":"0","guid":"a1715714-4a39-4a29-a364-b76f90f89f1d","growth_activity":"0"},{"id":"438111","courseId":"296","type":"3","summary":"A Great City","index":"32","json":"{\"type\":3,\"intro\":{\"title\":\"A Great City\",\"description\":\"The Babylon of old exists no more. When the energizing human forces that built and maintained the city for thousands of years were withdrawn, it soon became a deserted ruin. Dotting the valley of the Euphrates are hills considered by travelers for centuries to be nothing more until archeologists noted broken pieces of pottery and brick washed down by the occasional rain storms. &#10;&#10;&#10;&#10;&#10;&#10;&#10;&#10;Expeditions proved the hills to be ancient cities, including Babylon.\",\"image\":\"075EAF5F-4B7B-3104-C5F3-EABFC48DF30E.png\",\"sound\":\"\",\"volume\":50},\"unlockscore\":\"175\",\"quicklink\":false,\"quotation\":\"\"}","lite":"0","guid":"ae306fb5-a28b-4bbc-aa7b-a41e98b1b883","growth_activity":"0"},{"id":"438112","courseId":"296","type":"20","summary":"8000 Years Ago","index":"33","json":"{\"type\":20,\"multiple\":{\"timer\":60,\"answers\":[{\"correct\":false,\"text\":\"They were extremely warlike.\",\"feedback\":\"No, they were an educated and enlightened people.\"},{\"correct\":true,\"text\":\"They were curious and inventive,\",\"feedback\":\"Yes, they were engineers, astronomers, and mathematicians. Their irrigation canals are an example of their success: when empty of water, a dozen horses could be ridden abreast along their bottoms. They manufactured metal weapons and agricultural implements\"},{\"correct\":true,\"text\":\"They pioneered the written word.\",\"feedback\":\"Yes, they were one of the first peoples to have a written language. They engraved their writings on clay tablets.\"},{\"correct\":false,\"text\":\"They scientific, but not artistic.\",\"feedback\":\"No, the Babylonians were both scientific and artistic. They were skilled in sculpture, painting, weaving, gold working, and other arts.\"},{\"correct\":true,\"text\":\"They were financial pioneers.\",\"feedback\":\"Yes, they were clever financiers and traders, pioneers of money as a means of exchange, and users of promissory notes and written titles to property.\"}],\"sound\":\"\",\"text\":\"8000 years ago the inhabitants of Babylon lived within a great walled city with streets and shops, peddlers offering their wares through residential districts and priests officiated in magnificent temples. Which of these were true about them?\"},\"feedback\":[\"Very good. Now, touch Close and then touch any answer to learn more.\",\"Some were wrong. Now, touch Close and then touch any answer to learn more.\"],\"score\":\"75\",\"gems\":\"1\"}","lite":"0","guid":"d59750de-79b4-42d2-abba-3115291cbf47","growth_activity":"0"},{"id":"438113","courseId":"296","type":"10","summary":"Clay Tablets","index":"34","json":"{\"type\":10,\"dragdrop\":{\"timer\":60,\"layout\":0,\"goals\":[{\"isImage\":false,\"text\":\"Clay Tablets\",\"image\":\"\"}],\"items\":[{\"goal\":1,\"isImage\":false,\"text\":\"Legends, poetry, stories\",\"image\":\"\",\"feedback\":[\"\",\"\"]},{\"goal\":1,\"isImage\":false,\"text\":\"History, letters\",\"image\":\"\",\"feedback\":[\"\",\"\"]},{\"goal\":1,\"isImage\":false,\"text\":\"Royal decrees, laws\",\"image\":\"\",\"feedback\":[\"\",\"\"]},{\"goal\":1,\"isImage\":false,\"text\":\"Property titles, promissory notes\",\"image\":\"\",\"feedback\":[\"\",\"\"]}],\"prompt\":\"The glory of Babylon has faded but its wisdom has been preserved for us on clay tablets that were engraved and then baked into hard tiles about six by eight inches and an inch in thickness. Drag all the types of writing that were engraved on these tablets\",\"sound\":\"\"},\"feedback\":[\"From these tablets we are permitted an insight into the intimate, person affairs of the people. Hundreds of thousands of these tablets have been recovered.\",\"From these tablets we are permitted an insight into the intimate, person affairs of the people. Hundreds of thousands of these tablets have been recovered.\"],\"score\":\"100\",\"gems\":\"1\"}","lite":"0","guid":"fc97855c-f150-4b3f-9e23-7db9f64ae734","growth_activity":"0"},{"id":"438114","courseId":"296","type":"13","summary":"The Great Walls","index":"35","json":"{\"type\":13,\"thisthat\":{\"questions\":[{\"text\":\"One of the outstanding wonders of Babylon were the immense walls surrounding the city. &#10;&#10;It is estimated they were:\",\"correct\":\"50 to 150 feet high \",\"wrong\":\"10 to 20 feet high\",\"value\":true,\"feedback\":[\"\",\"\"]},{\"text\":\"One of the outstanding wonders of Babylon were the immense walls surrounding the city. &#10;&#10;The walls were face on the outer side with burnt brick and protected by:\",\"correct\":\"Thorn bushes\",\"wrong\":\"A deep moat of water \",\"value\":false,\"feedback\":[\"\",\"\"]},{\"text\":\"One of the outstanding wonders of Babylon were the immense walls surrounding the city. &#10;&#10;They were so wide that the top could fit:\",\"correct\":\"A six-horse chariot\",\"wrong\":\"Sixty horses abreast\",\"value\":true,\"feedback\":[\"\",\"\"]}],\"timer\":60,\"noscore\":false},\"feedback\":[\"Of this tremendous structure, little now remains. But against the walls of Babylon marched many armies of almost every conqueror. A host of kings laid siege to Babylon, but always in vain.\",\"Of this tremendous structure, little now remains. But against the walls of Babylon marched many armies of almost every conqueror. A host of kings laid siege to Babylon, but always in vain.\"],\"score\":\"75\",\"gems\":\"1\"}","lite":"0","guid":"5b9aa33b-7495-4693-8909-a4e226dfa816","growth_activity":"0"},{"id":"438115","courseId":"296","type":"6","summary":"The Walls Never Captured","index":"36","json":"{\"type\":6,\"image\":\"\",\"presentation\":[{\"text\":\"The Walls Were Never Captured\",\"in\":1,\"time\":1,\"sound\":\"\",\"size\":2,\"color\":\"#256ED7\"},{\"text\":\"Invading armies were not to be taken lightly, some consisting of 10,000 horsemen, 25,000 chariots, 1200 regiments of foot soldiers with 1000 men to the regiment.\",\"in\":1,\"time\":2,\"sound\":\"\"},{\"text\":\"These were fantastically huge armies, but Babylon was never entered by hostile armies...\",\"in\":1,\"time\":2,\"sound\":\"\"},{\"text\":\"Until about 540 years before the birth of Christ.\",\"in\":1,\"time\":2,\"sound\":\"\"},{\"text\":\"Even then, the walls were not captured.\",\"in\":1,\"time\":2,\"sound\":\"\"}]}","lite":"0","guid":"b2b5a445-6754-4a91-b3b8-dacff164b385","growth_activity":"0"},{"id":"438116","courseId":"296","type":"4","summary":"A Great City","index":"37","json":"{ \"type\":4}","lite":"0","guid":"0d3b8590-f10d-4f88-aeeb-bda6b39af09f","growth_activity":"0"},{"id":"438117","courseId":"296","type":"3","summary":"Babylon Endures","index":"38","json":"{\"type\":3,\"intro\":{\"title\":\"Babylon Endures\",\"description\":\"The story goes that Cyrus, the great conqueror, intended to attack the city. Advisors to Babylon&#39;s king persuaded him to go meet Cyrus and give him battle outside the city before it was besieged. &#10;&#10;&#10;&#10;&#10;&#10;&#10;&#10;In the succeeding defeat to the Babylonian army, it fled away from the city. Cyrus, thereupon, entered the open gates and took possession. without resistance.\",\"image\":\"64EB09D5-025C-5D28-421F-699B3258122E.png\",\"sound\":\"\",\"volume\":50},\"unlockscore\":\"400\",\"quicklink\":false,\"quotation\":\"\"}","lite":"0","guid":"2b285166-6b48-45db-b4ef-ba5ef1132f27","growth_activity":"0"},{"id":"438118","courseId":"296","type":"9","summary":"The City Waned","index":"39","json":"{\"type\":9,\"wordfill\":{\"text\":\"Left for the ##2## to level once again to that ##1## which its ##3## had originally ##4##.\",\"prompt\":\"Thereafter the power and prestige of the city gradually waned until, in the course of a few hundred years, it was eventually abandoned, deserted:\",\"sound\":\"\",\"words\":[\"desert earth from\",\"winds and storms\",\"grandeur\",\"been built\"],\"timer\":60},\"feedback\":[\"The eons of time have crumbled to dust the proud walls of its temples, but the wisdom of Babylon endures.\",\"Left for the winds and storms to level once again to that desert earth from which its grandeur had originally been built. The eons of time have crumbled to dust the proud walls of its temples, but the wisdom of Babylon endures.\"],\"score\":\"100\",\"gems\":\"1\"}","lite":"0","guid":"4e6f1aba-58a0-4327-9e88-ed2cd9acd6ff","growth_activity":"0"},{"id":"438119","courseId":"296","type":"8","summary":"Money is the medium","index":"40","json":"{\"type\":8,\"statement\":{\"prompt\":\"Money is...\",\"wrong\":\"Babylon Endures\",\"statements\":[\"Money is|the medium by|which earthly|success is|measured,\"],\"ordered\":true,\"timer\":60,\"sound\":\"\"},\"feedback\":[\"Do you agree with this statement? How does your thinking affect your ability to accumulate riches?\",\"Do you agree with this statement? How does your thinking affect your ability to accumulate riches?\"],\"score\":\"125\",\"gems\":\"1\"}","lite":"0","guid":"e20b7bf9-9422-4358-97af-a12c47a74e6c","growth_activity":"0"},{"id":"438120","courseId":"296","type":"8","summary":"Money makes possible","index":"41","json":"{\"type\":8,\"statement\":{\"prompt\":\"Money makes possible...\",\"wrong\":\"Babylon Endures\",\"statements\":[\"Money makes|possible the|enjoyment of|the best the|earth affords,\"],\"ordered\":true,\"timer\":60,\"sound\":\"\"},\"feedback\":[\"Do you agree with this statement? How does your thinking affect the goals youu2019ve set for yourself?\",\"Do you agree with this statement? How does your thinking affect the goals youu2019ve set for yourself?\"],\"score\":\"125\",\"gems\":\"1\"}","lite":"0","guid":"8d9bf2dd-7ce4-46ab-8f54-a137c417c0cf","growth_activity":"0"},{"id":"438121","courseId":"296","type":"8","summary":"Money is plentiful","index":"42","json":"{\"type\":8,\"statement\":{\"prompt\":\"Money is plentiful...\",\"wrong\":\"Babylon Endures\",\"statements\":[\"Money is plentiful|for those who|understand the simple|laws which govern|its acquisition,\"],\"ordered\":true,\"timer\":60,\"sound\":\"\"},\"feedback\":[\"Is this a statement you agree with? How have your thoughts affected your ability to accumulate wealth?\",\"Is this a statement you agree with? How have your thoughts affected your ability to accumulate wealth?\"],\"score\":\"125\",\"gems\":\"1\"}","lite":"0","guid":"36f1f13b-f7b2-477d-8ff4-6da7859ab06a","growth_activity":"0"},{"id":"438122","courseId":"296","type":"8","summary":"Money is governed","index":"43","json":"{\"type\":8,\"statement\":{\"prompt\":\"Money is governed...\",\"wrong\":\"Babylon Endures\",\"statements\":[\"Money is governed|today by the|same laws which|controlled it when|prosperous men|thronged the streets|of Babylon, 6000|years ago,\"],\"ordered\":true,\"timer\":60,\"sound\":\"\"},\"feedback\":[\"Each of these five statements will come up throughout this course. Think about them over time and see if your ideas change.\",\"Each of these five statements will come up throughout this course. Think about them over time and see if your ideas change.\"],\"score\":\"200\",\"gems\":\"1\"}","lite":"0","guid":"f2dc3dfd-f232-49b1-8f70-a8855d302e54","growth_activity":"0"},{"id":"438123","courseId":"296","type":"4","summary":"Babylon Endures","index":"44","json":"{ \"type\":4}","lite":"0","guid":"aeb8ba31-03d9-4686-9968-9b70bacb01b3","growth_activity":"0"},{"id":"438124","courseId":"296","type":"2","summary":"The Great City of Babylon","index":"45","json":"{ \"type\":2}","lite":"0","guid":"fea894cd-0429-457c-be78-88c03d6afe00","growth_activity":"0"},{"id":"438125","courseId":"296","type":"1","summary":"The Man Who Desired Gold","index":"46","json":"{\"type\":1,\"intro\":{\"title\":\"The Man Who Desired Gold\",\"description\":\"Clason teaches about financial success through a series of stories that take place in ancient Babylon. The first story is u201cThe Man Who Desired Gold.u201d Following it are interactive exercises to help you get the most out of the story.&#10;&#10;&#10;&#10;&#10;&#10;&#10;&#10;&#10;Remember, those who acquire wealth are those who focus on seeking wealth.\",\"image\":\"718E0ADE-2295-FA36-11A7-CA337C134270.png\"},\"dossier\":false}","lite":"0","guid":"5e4fb301-7a1a-4872-ab14-f8ba6c47fa1e","growth_activity":"0"},{"id":"438126","courseId":"296","type":"3","summary":"The Man Who Desired Gold","index":"47","json":"{\"type\":3,\"intro\":{\"title\":\"The Man Who Desired Gold\",\"description\":\"This Burst contains the story, u201cThe Man Who Desired Gold.u201d Take your time to read it.\",\"image\":\"\",\"sound\":\"\",\"volume\":50},\"unlockscore\":0,\"quicklink\":false,\"quotation\":\"\"}","lite":"0","guid":"b42126f8-6900-45d3-aa26-713232ed7a81","growth_activity":"0"},{"id":"438127","courseId":"296","type":"5","summary":"The Man Who Desired Gold","index":"48","json":"{\"type\":5,\"ebook\":\"772EA459-67E4-DCE6-9AD1-9637EF2CF37C.pdf\"}","lite":"0","guid":"a1b5a3cb-9f75-4be2-ae91-9de055f3cd94","growth_activity":"0"},{"id":"438128","courseId":"296","type":"4","summary":"The Man Who Desired Gold","index":"49","json":"{ \"type\":4}","lite":"0","guid":"f1ce3b2b-5b54-404d-82bd-be9037d8026a","growth_activity":"0"},{"id":"438129","courseId":"296","type":"3","summary":"Do You Desire Gold?","index":"50","json":"{\"type\":3,\"intro\":{\"title\":\"Do You Desire Gold?\",\"description\":\"Take your time to think about the exercises in this Burst.\",\"image\":\"\",\"sound\":\"\",\"volume\":50},\"unlockscore\":\"100\",\"quicklink\":false,\"quotation\":\"\"}","lite":"0","guid":"7cc0b0c9-a391-4924-a094-2764139a70e4","growth_activity":"0"},{"id":"438130","courseId":"296","type":"7","summary":"Bansir's Predicament","index":"51","json":"{\"type\":7,\"input\":{\"type\":1,\"prompt\":\"The story opens with Bansir, a man who is discouraged. He has worked hard his whole life but has very little material wealth. Describe how Bansir&#39;s predicament is or is not a reflection of your own life. \",\"locked\":false},\"feedback\":[\"\",\"\"],\"score\":0,\"gems\":0}","lite":"0","guid":"821946b7-50a6-4df4-bef2-6364a6650b83","growth_activity":"0"},{"id":"438131","courseId":"296","type":"14","summary":"Contentment","index":"52","json":"{\"type\":14,\"question\":{\"timer\":0,\"multiplechoice\":true,\"answers\":[{\"correct\":true,\"text\":\"Great contentment\",\"feedback\":\"Yes, Bansir felt content in his dream and saw his wife free from worry.\"},{\"correct\":false,\"text\":\"Wanting more and more\",\"feedback\":\"No, Bansir felt content in his dream and saw his wife free from worry.\"}],\"sound\":\"\",\"text\":\"Bansir had a dream of great wealth. &#10;&#10;In that dream, as he describes it, he had a feeling of:\"},\"feedback\":[\"\",\"\"],\"score\":\"0\",\"gems\":0}","lite":"0","guid":"e88032aa-80f5-4d7a-950f-f3073b413a4c","growth_activity":"0"},{"id":"438132","courseId":"296","type":"7","summary":"Bansir's Rebellion","index":"53","json":"{\"type\":7,\"input\":{\"type\":1,\"prompt\":\"When Bansir awoke to his life, a feeling of rebellion swept over him. Write about how you have or have not had similar feelings in your life.\",\"locked\":false},\"feedback\":[\"\",\"\"],\"score\":0,\"gems\":0}","lite":"0","guid":"10ca2295-4188-4893-a6cc-9c9b2fa2d812","growth_activity":"0"},{"id":"438133","courseId":"296","type":"7","summary":"Life is Unfair","index":"54","json":"{\"type\":7,\"input\":{\"type\":1,\"prompt\":\"Bansir tells his friend Kobbi that he is willing to work hard to be fairly rewarded for his efforts. He asks &#34;What is the matter with us? Why can&#39;t we have our just share?&#34; Describe how you have or have not felt this way.\",\"locked\":false},\"feedback\":[\"\",\"\"],\"score\":0,\"gems\":0}","lite":"0","guid":"4e6b276a-7801-4afa-a771-74da0cb18417","growth_activity":"0"},{"id":"438134","courseId":"296","type":"7","summary":"Their Friend Arkad","index":"55","json":"{\"type\":7,\"input\":{\"type\":1,\"prompt\":\"Their friend Arkad was the richest man in Babylon. He looked down on no one and smiled and waved to onlookers. Might this be a secret to his wealth?\",\"locked\":false},\"feedback\":[\"\",\"\"],\"score\":0,\"gems\":0}","lite":"0","guid":"7a39edec-90dd-44f6-854b-26ecda6ae772","growth_activity":"0"},{"id":"438135","courseId":"296","type":"12","summary":"His Fat Wallet","index":"56","json":"{\"type\":12,\"orderitems\":{\"slots\":[\"\",\"\",\"\",\"\",\"\",\"\",\"\",\"\",\"\"],\"items\":[{\"text\":\"A fat purse quickly\",\"slot\":1},{\"text\":\"empties if there is \",\"slot\":2},{\"text\":\"no golden stream\",\"slot\":3},{\"text\":\"to refill it. Arkad has\",\"slot\":4},{\"text\":\"an income that\",\"slot\":5},{\"text\":\"constantly keeps\",\"slot\":6},{\"text\":\"his purse full\",\"slot\":7},{\"text\":\"no matter how\",\"slot\":8},{\"text\":\"liberally he spends.\",\"slot\":9}],\"ordered\":true,\"timer\":0,\"sound\":\"\",\"prompt\":\"Bansir fears that he would steal Arkad&#39;s fat wallet if given the chance. But Kobbi says &#34;Nonsense, a man&#39;s wealth is not in the purse he carries.&#34;\"},\"feedback\":[\"\",\"\"],\"score\":0,\"gems\":0}","lite":"0","guid":"2bb9dd36-1727-4543-987b-5d36b069b680","growth_activity":"0"},{"id":"438136","courseId":"296","type":"7","summary":"An Income Stream","index":"57","json":"{\"type\":7,\"input\":{\"type\":1,\"prompt\":\"Bansir says that he wishes he had an income that kept flowing into his purse whether he sat upon the wall or traveled to foreign lands. Describe how you would feel if you had such an income stream.\",\"locked\":false},\"feedback\":[\"\",\"\"],\"score\":0,\"gems\":0}","lite":"0","guid":"98c60cea-7d96-490f-a739-b2646f8cdf46","growth_activity":"0"},{"id":"438137","courseId":"296","type":"14","summary":"Are You Seeking Wealth?","index":"58","json":"{\"type\":14,\"question\":{\"timer\":0,\"multiplechoice\":true,\"answers\":[{\"correct\":true,\"text\":\"We have never sought it.\",\"feedback\":\"Yes, they have succeeded at their chosen skills, but they have never sought wealth and so they never acquired wealth.\"},{\"correct\":false,\"text\":\"We are failures at our chosen skills.\",\"feedback\":\"No, they have succeeded at their chosen skills, but they have never sought wealth and so they never acquired wealth.\"}],\"sound\":\"\",\"text\":\"Upon considering the idea of asking Arkad how to get wealthy, Bansir has a thought - The reason why we have never found any measure of wealth is:\"},\"feedback\":[\"\",\"\"],\"score\":0,\"gems\":0}","lite":"0","guid":"9b6c0b9e-68b4-4837-a6b5-95b0d1843f42","growth_activity":"0"},{"id":"438138","courseId":"296","type":"7","summary":"Not Seeking Wealth","index":"59","json":"{\"type\":7,\"input\":{\"type\":1,\"prompt\":\"Kobbi suggests that he and Bansir have not gotten rich because they have not focused on pursuing wealth. Might this be true about you, too?\",\"locked\":false},\"feedback\":[\"\",\"\"],\"score\":0,\"gems\":0}","lite":"0","guid":"0fc3a710-7fbf-43a9-8476-ad21eda6ec59","growth_activity":"0"},{"id":"438139","courseId":"296","type":"4","summary":"Do You Desire Gold?","index":"60","json":"{ \"type\":4}","lite":"0","guid":"ca9fb60a-72ff-41d1-b193-974e57547b5a","growth_activity":"0"},{"id":"438140","courseId":"296","type":"2","summary":"The Man Who Desired Gold","index":"61","json":"{ \"type\":2}","lite":"0","guid":"e9ffce4c-2af6-489e-ba9e-d07180d3cebb","growth_activity":"0"}]