[{"id":"128346","courseId":"259","type":"3","summary":"Original Burst","index":"0","json":"{\"type\":3,\"intro\":{\"title\":\"Testing Copy Burst\",\"description\":\"This Burst is all about testing copy burst\",\"image\":\"5E7FC532-62AE-53BD-861A-5870E4F6455D.png\",\"sound\":\"\",\"volume\":50},\"unlockscore\":0,\"quicklink\":false,\"quotation\":\"\"}","lite":"0","guid":"1ae1770d-d67a-439c-8dea-b1cec1ff9996","growth_activity":"0"},{"id":"128347","courseId":"259","type":"5","summary":"ebook","index":"1","json":"{\"type\":5,\"ebook\":\"25073A0D-465D-E1DE-CCCD-B1E4E27D4E5F.pdf\"}","lite":"0","guid":"51935aa4-2fab-40be-84c1-896ffb66d2c4","growth_activity":"0"},{"id":"128348","courseId":"259","type":"6","summary":"Presentation","index":"2","json":"{\"type\":6,\"image\":\"F430538E-B9F4-B603-415D-1B07D8EB1A6C.png\",\"presentation\":[{\"text\":\"This is a test of copy Burst.\",\"in\":0,\"time\":0,\"sound\":\"\",\"font\":1,\"alignment\":1,\"size\":1,\"color\":\"#256ED7\"}]}","lite":"0","guid":"654bb781-98ae-4333-9944-ecf355f8bba6","growth_activity":"0"},{"id":"128349","courseId":"259","type":"7","summary":"Input","index":"3","json":"{\"type\":7,\"input\":{\"type\":6,\"prompt\":\"This is a test of Copy Burst. What do you think?\",\"locked\":false,\"isNumber\":false,\"useImages\":true,\"left\":\"097C7E6B-16F6-7E10-BD87-9F043C156BC9.png\",\"right\":\"33BEBB1C-CD78-D062-AA9C-22241C071820.png\",\"ideal\":50,\"min\":0,\"max\":0,\"integer\":true},\"feedback\":[\"\",\"\"],\"score\":0,\"gems\":0}","lite":"0","guid":"e15b997a-8b9c-4721-934f-5085fcff8f55","growth_activity":"0"},{"id":"128350","courseId":"259","type":"8","summary":"Build statement","index":"4","json":"{\"type\":8,\"statement\":{\"prompt\":\"Do you think copy burst will work correctly?\",\"wrong\":\"no|can&#39;t happen|no way\",\"statements\":[\"1 Yes, yes, yes|2 I do, I do, I do|3 You better believe it\"],\"ordered\":true,\"timer\":0,\"sound\":\"\"},\"feedback\":[\"You got it\",\"You didn&#39;t get it\"],\"score\":\"60\",\"gems\":\"1\"}","lite":"0","guid":"05c6b78d-8eed-45f0-ae35-5dfe835bf3c3","growth_activity":"0"},{"id":"128351","courseId":"259","type":"9","summary":"Word fill","index":"5","json":"{\"type\":9,\"wordfill\":{\"text\":\"Does ##2## burst work ##1## or does it ##3##?\",\"prompt\":\"Copy burst work?\",\"sound\":\"\",\"words\":[\"correctly\",\"copy\",\"not\"],\"timer\":60},\"feedback\":[\"Pass\",\"Fail\"],\"score\":\"60\",\"gems\":\"1\"}","lite":"0","guid":"0433d704-f506-4c3b-9a08-eb1ed24e54af","growth_activity":"0"},{"id":"128352","courseId":"259","type":"10","summary":"drag and drop","index":"6","json":"{\"type\":10,\"dragdrop\":{\"timer\":60,\"layout\":0,\"goals\":[{\"isImage\":false,\"text\":\"Copy Burst Works\",\"image\":\"\"},{\"isImage\":false,\"text\":\"Copy Burst Doesn&#39;t Work\",\"image\":\"\"}],\"items\":[{\"goal\":2,\"isImage\":false,\"text\":\"It&#39;s broken\",\"image\":\"\",\"feedback\":[\"\",\"\"]},{\"goal\":1,\"isImage\":false,\"text\":\"It works like a charm!\",\"image\":\"\",\"feedback\":[\"\",\"\"]}],\"prompt\":\"Copy the burst work?\",\"sound\":\"\"},\"feedback\":[\"You did it!\",\"You failed!\"],\"score\":\"40\",\"gems\":\"1\"}","lite":"0","guid":"993d108a-fc9c-4ab1-8d82-45d01ef21b4f","growth_activity":"0"},{"id":"128353","courseId":"259","type":"11","summary":"simon","index":"7","json":"{\"type\":11,\"simon\":{\"prompt\":\"Does Copy Burst Work?\",\"sounds\":[\"F0DDC88C-2294-E0FC-5A8F-8839A555BDBF.mp3\",\"3C2EC784-3C05-328C-8810-A47B8548170D.mp3\",\"96FDF91D-E34E-C6F2-E781-41BD1B1D7935.mp3\",\"A4137959-DC3E-C3BB-59B1-FE81CB7D2528.mp3\",\"EE31C609-7926-76EE-9DD2-F4C3530AF927.mp3\",\"BB83834A-8BF3-B1A5-8FB3-E7420E591DC1.mp3\",\"2DC50965-B048-C095-F2B5-5524AB1222A1.mp3\",\"C97C4B0B-AA36-CFEB-B81E-621B7F43A1A7.mp3\"],\"phrase\":\"There is|a secret|for getting|rich.\",\"wrong\":\"Imagination|Persistence|Planning|Desire!\",\"time\":0,\"score\":0,\"gems\":0,\"sound\":\"\"},\"feedback\":[\"\",\"\"],\"score\":\"80\",\"gems\":\"1\"}","lite":"0","guid":"866493db-c6a8-4365-8a78-c42bcf1a510e","growth_activity":"0"},{"id":"128354","courseId":"259","type":"12","summary":"Order items","index":"8","json":"{\"type\":12,\"orderitems\":{\"slots\":[\"start\",\"\",\"\",\"end\"],\"items\":[{\"text\":\"Copy\",\"slot\":1},{\"text\":\"Burst\",\"slot\":2},{\"text\":\"Works\",\"slot\":3},{\"text\":\"Like a charm\",\"slot\":4}],\"ordered\":true,\"timer\":0,\"sound\":\"\",\"prompt\":\"Put them in order\"},\"feedback\":[\"Pass!\",\"Fail!\"],\"score\":\"80\",\"gems\":\"1\"}","lite":"0","guid":"9b5ed84a-97d7-42e1-8315-6aca6ec2fca8","growth_activity":"0"},{"id":"128355","courseId":"259","type":"13","summary":"This or that","index":"9","json":"{\"type\":13,\"thisthat\":{\"questions\":[{\"text\":\"Does Copy Burst work?\",\"correct\":\"Yes\",\"wrong\":\"No\",\"value\":true,\"feedback\":[\"Yes it does!\",\"No, you&#39;re wrong. It does!\"]},{\"text\":\"But it sucks, right?\",\"correct\":\"Yes\",\"wrong\":\"No\",\"value\":false,\"feedback\":[\"Copy burst rocks!\",\"You&#39;re wrong!\"]}],\"timer\":0,\"noscore\":false},\"feedback\":[\"You passed\",\"You failed\"],\"score\":\"40\",\"gems\":\"1\"}","lite":"0","guid":"a8a252ea-e136-4b34-a073-e1c316a70e38","growth_activity":"0"},{"id":"128356","courseId":"259","type":"14","summary":"Question","index":"10","json":"{\"type\":14,\"question\":{\"timer\":60,\"multiplechoice\":true,\"answers\":[{\"correct\":true,\"text\":\"Yes, it does.\",\"feedback\":\"Good.\"},{\"correct\":false,\"text\":\"No it doesn&#39;t\",\"feedback\":\"You&#39;re wrong.\"},{\"correct\":false,\"text\":\"Sometimes when it feels like it\",\"feedback\":\"You&#39;re stupid and wrong.\"}],\"sound\":\"\",\"text\":\"Does Copy Burst work correctly?\"},\"feedback\":[\"\",\"\"],\"score\":\"20\",\"gems\":\"1\"}","lite":"0","guid":"babed07e-33c0-475d-aef3-72e73d9c1927","growth_activity":"0"},{"id":"128357","courseId":"259","type":"15","summary":"statement rotator","index":"11","json":"{\"type\":15,\"rotator\":{\"prompt\":\"Does copy burst work correctly?\",\"statements\":[{\"text\":\"Never, never, never\",\"correct\":false},{\"text\":\"Always always always\",\"correct\":true},{\"text\":\"Sometimes sometimes sometimes\",\"correct\":false}],\"timer\":20,\"sound\":\"\"},\"feedback\":[\"You got it!\",\"You didn&#39;t get it!\"],\"score\":\"20\",\"gems\":\"1\"}","lite":"0","guid":"542ac36e-cedf-472e-9da4-de3dc0305d68","growth_activity":"0"},{"id":"128358","courseId":"259","type":"16","summary":"word heat","index":"12","json":"{\"type\":16,\"wordheat\":{\"prompt\":\"Order them from one to five\",\"words\":[{\"word\":\"One\",\"layer\":1},{\"word\":\"Two\",\"layer\":2},{\"word\":\"Three\",\"layer\":3},{\"word\":\"Four\",\"layer\":4},{\"word\":\"Five\",\"layer\":5}],\"timer\":30,\"sound\":\"\"},\"feedback\":[\"You got it!\",\"You failed!\"],\"score\":\"100\",\"gems\":\"1\"}","lite":"0","guid":"743995a0-fcd2-48c0-bcd0-14a9fe42c105","growth_activity":"0"},{"id":"128359","courseId":"259","type":"17","summary":"video","index":"13","json":"{\"type\":17,\"video\":{\"prompt\":\"Watch it\",\"vimeo\":\"119573363\"}}","lite":"0","guid":"fb5a2a45-6dbd-4c10-a1dd-e74d994e59ca","growth_activity":"0"},{"id":"128360","courseId":"259","type":"18","summary":"Catch game","index":"14","json":"{\"type\":18,\"catch\":{\"prompt\":\"Catch the verbs\",\"items\":[{\"isImage\":false,\"correct\":true,\"text\":\"Move\",\"image\":\"\",\"bonus\":0,\"slot\":0},{\"isImage\":false,\"correct\":true,\"text\":\"Eat\",\"image\":\"\",\"bonus\":0,\"slot\":0},{\"isImage\":false,\"correct\":true,\"text\":\"Sit\",\"image\":\"\",\"bonus\":0,\"slot\":0},{\"isImage\":false,\"correct\":false,\"text\":\"Dog\",\"image\":\"\",\"bonus\":0,\"slot\":0},{\"isImage\":false,\"correct\":false,\"text\":\"Cat\",\"image\":\"\",\"bonus\":0,\"slot\":0},{\"isImage\":false,\"correct\":false,\"text\":\"Farm\",\"image\":\"\",\"bonus\":0,\"slot\":0}],\"ordered\":true,\"timer\":15,\"sound\":\"\",\"speed\":5,\"frequency\":5},\"feedback\":[\"You got it\",\"You failed\"],\"score\":\"60\",\"gems\":\"1\"}","lite":"0","guid":"59bf04d6-8ae0-4c90-8857-619a292250e3","growth_activity":"0"},{"id":"128361","courseId":"259","type":"19","summary":"Conversation","index":"15","json":"{\"type\":19,\"conversation\":[{\"text\":\"Does copy burst work?\",\"image\":\"C264E5A6-C9D0-B5EE-FEA0-254FD346D1DB.png\",\"sound\":\"9D12406B-084C-331E-BF68-D24D7390375C.mp3\"},{\"text\":\"Does it still work?\",\"image\":\"619A7F58-92CD-FEE3-985C-D8A5DB48260C.png\",\"sound\":\"D72C9C6A-CC2A-2B40-F515-18106AE36384.mp3\"}],\"feedback\":\"That&#39;s cool.\"}","lite":"0","guid":"493a19f9-5500-4bfa-8fbf-f7f82878e64d","growth_activity":"0"},{"id":"128362","courseId":"259","type":"20","summary":"Multiple answers","index":"16","json":"{\"type\":20,\"multiple\":{\"timer\":60,\"answers\":[{\"correct\":true,\"text\":\"Making courses more quickly\",\"feedback\":\"Yes, true\"},{\"correct\":false,\"text\":\"Better tasting coffee\",\"feedback\":\"not really\"},{\"correct\":true,\"text\":\"Making prototype courses\",\"feedback\":\"Yes, it would work for this.\"}],\"sound\":\"\",\"text\":\"What is copy burst useful for?\"},\"feedback\":[\"You got it!\",\"You didn&#39;t get it\"],\"score\":\"40\",\"gems\":\"1\"}","lite":"0","guid":"743ef1cb-879a-45ae-8982-824b32fbc1a8","growth_activity":"0"},{"id":"128363","courseId":"259","type":"4","summary":"Original Burst","index":"17","json":"{ \"type\":4}","lite":"0","guid":"6c984361-eca7-46c6-a479-75370c2c061d","growth_activity":"0"},{"id":"128364","courseId":"259","type":"3","summary":"Copied Burst","index":"18","json":"{\"type\":3,\"intro\":{\"title\":\"Testing Copy Burst\",\"description\":\"This Burst is all about testing copy burst\",\"image\":\"37F8CEAB-6165-83A3-F146-BC281F92DD1C.png\",\"sound\":\"\",\"volume\":50},\"unlockscore\":0,\"quicklink\":false,\"quotation\":\"\"}","lite":"0","guid":"1ae1770d-d67a-439c-8dea-b1cec1ff9996","growth_activity":"0"},{"id":"128365","courseId":"259","type":"5","summary":"ebook","index":"19","json":"{\"type\":5,\"ebook\":\"21E800B1-5107-0128-8863-CE42C2E7017D.pdf\"}","lite":"0","guid":"51935aa4-2fab-40be-84c1-896ffb66d2c4","growth_activity":"0"},{"id":"128366","courseId":"259","type":"6","summary":"Presentation","index":"20","json":"{\"type\":6,\"image\":\"AF8A3C41-F2FB-9642-2B59-DB44DDFEA1D9.png\",\"presentation\":[{\"text\":\"This is a test of copy Burst.\",\"in\":0,\"time\":0,\"sound\":\"\",\"font\":1,\"alignment\":1,\"size\":1,\"color\":\"#256ED7\"}]}","lite":"0","guid":"654bb781-98ae-4333-9944-ecf355f8bba6","growth_activity":"0"},{"id":"128367","courseId":"259","type":"7","summary":"Input","index":"21","json":"{\"type\":7,\"input\":{\"type\":6,\"prompt\":\"COPY COPY COPY This is a test of Copy Burst. What do you think?\",\"locked\":false,\"isNumber\":false,\"useImages\":true,\"left\":\"E6D0943E-F142-8920-D0F9-09BFB95CAE3A.png\",\"right\":\"C765B2CD-A49F-77EE-6A88-C76BFC73ED25.png\",\"ideal\":50,\"min\":0,\"max\":0,\"integer\":true},\"feedback\":[\"\",\"\"],\"score\":0,\"gems\":0}","lite":"0","guid":"e15b997a-8b9c-4721-934f-5085fcff8f55","growth_activity":"0"},{"id":"128368","courseId":"259","type":"8","summary":"Build statement","index":"22","json":"{\"type\":8,\"statement\":{\"prompt\":\"COPY COPY COPY Do you think copy burst will work correctly?\",\"wrong\":\"no|can&#39;t happen|no way\",\"statements\":[\"1 Yes, yes, yes|2 I do, I do, I do|3 You better believe it\"],\"ordered\":true,\"timer\":0,\"sound\":\"\"},\"feedback\":[\"You got it\",\"You didn&#39;t get it\"],\"score\":\"60\",\"gems\":\"1\"}","lite":"0","guid":"05c6b78d-8eed-45f0-ae35-5dfe835bf3c3","growth_activity":"0"},{"id":"128369","courseId":"259","type":"9","summary":"Word fill","index":"23","json":"{\"type\":9,\"wordfill\":{\"text\":\"Does ##2## burst work ##1## or does it ##3##?\",\"prompt\":\"COPY COPY COPY Copy burst work?\",\"sound\":\"\",\"words\":[\"correctly\",\"copy\",\"not\"],\"timer\":60},\"feedback\":[\"Pass\",\"Fail\"],\"score\":\"60\",\"gems\":\"1\"}","lite":"0","guid":"0433d704-f506-4c3b-9a08-eb1ed24e54af","growth_activity":"0"},{"id":"128370","courseId":"259","type":"10","summary":"drag and drop","index":"24","json":"{\"type\":10,\"dragdrop\":{\"timer\":60,\"layout\":0,\"goals\":[{\"isImage\":false,\"text\":\"Copy Burst Works\",\"image\":\"\"},{\"isImage\":false,\"text\":\"Copy Burst Doesn&#39;t Work\",\"image\":\"\"}],\"items\":[{\"goal\":2,\"isImage\":false,\"text\":\"It&#39;s broken\",\"image\":\"\",\"feedback\":[\"\",\"\"]},{\"goal\":1,\"isImage\":false,\"text\":\"It works like a charm!\",\"image\":\"\",\"feedback\":[\"\",\"\"]}],\"prompt\":\"COPY COPY COPY Copy the burst work?\",\"sound\":\"\"},\"feedback\":[\"You did it!\",\"You failed!\"],\"score\":\"40\",\"gems\":\"1\"}","lite":"0","guid":"993d108a-fc9c-4ab1-8d82-45d01ef21b4f","growth_activity":"0"},{"id":"128371","courseId":"259","type":"11","summary":"simon","index":"25","json":"{\"type\":11,\"simon\":{\"prompt\":\"Does Copy Burst Work?\",\"sounds\":[\"F0DDC88C-2294-E0FC-5A8F-8839A555BDBF.mp3\",\"3C2EC784-3C05-328C-8810-A47B8548170D.mp3\",\"96FDF91D-E34E-C6F2-E781-41BD1B1D7935.mp3\",\"A4137959-DC3E-C3BB-59B1-FE81CB7D2528.mp3\",\"EE31C609-7926-76EE-9DD2-F4C3530AF927.mp3\",\"BB83834A-8BF3-B1A5-8FB3-E7420E591DC1.mp3\",\"2DC50965-B048-C095-F2B5-5524AB1222A1.mp3\",\"C97C4B0B-AA36-CFEB-B81E-621B7F43A1A7.mp3\",\"\"],\"phrase\":\"There is|a secret|for getting|rich.\",\"wrong\":\"Imagination|Persistence|Planning|Desire!|COPY COPY COPY\",\"time\":0,\"score\":0,\"gems\":0,\"sound\":\"\"},\"feedback\":[\"\",\"\"],\"score\":\"80\",\"gems\":\"1\"}","lite":"0","guid":"866493db-c6a8-4365-8a78-c42bcf1a510e","growth_activity":"0"},{"id":"128372","courseId":"259","type":"12","summary":"Order items","index":"26","json":"{\"type\":12,\"orderitems\":{\"slots\":[\"start\",\"\",\"\",\"end\"],\"items\":[{\"text\":\"Copy\",\"slot\":1},{\"text\":\"Burst\",\"slot\":2},{\"text\":\"Works\",\"slot\":3},{\"text\":\"Like a charm\",\"slot\":4}],\"ordered\":true,\"timer\":0,\"sound\":\"\",\"prompt\":\"COPY COPY COPY Put them in order\"},\"feedback\":[\"Pass!\",\"Fail!\"],\"score\":\"80\",\"gems\":\"1\"}","lite":"0","guid":"9b5ed84a-97d7-42e1-8315-6aca6ec2fca8","growth_activity":"0"},{"id":"128373","courseId":"259","type":"13","summary":"This or that","index":"27","json":"{\"type\":13,\"thisthat\":{\"questions\":[{\"text\":\"COPY COPY COPY Does Copy Burst work?\",\"correct\":\"Yes\",\"wrong\":\"No\",\"value\":true,\"feedback\":[\"Yes it does!\",\"No, you&#39;re wrong. It does!\"]},{\"text\":\"COPY COPY COPY But it sucks, right?\",\"correct\":\"Yes\",\"wrong\":\"No\",\"value\":false,\"feedback\":[\"Copy burst rocks!\",\"You&#39;re wrong!\"]}],\"timer\":0,\"noscore\":false},\"feedback\":[\"You passed\",\"You failed\"],\"score\":\"40\",\"gems\":\"1\"}","lite":"0","guid":"a8a252ea-e136-4b34-a073-e1c316a70e38","growth_activity":"0"},{"id":"128374","courseId":"259","type":"14","summary":"Question","index":"28","json":"{\"type\":14,\"question\":{\"timer\":60,\"multiplechoice\":true,\"answers\":[{\"correct\":true,\"text\":\"Yes, it does.\",\"feedback\":\"Good.\"},{\"correct\":false,\"text\":\"No it doesn&#39;t\",\"feedback\":\"You&#39;re wrong.\"},{\"correct\":false,\"text\":\"Sometimes when it feels like it\",\"feedback\":\"You&#39;re stupid and wrong.\"}],\"sound\":\"\",\"text\":\"COPY COPY COPY Does Copy Burst work correctly?\"},\"feedback\":[\"\",\"\"],\"score\":\"20\",\"gems\":\"1\"}","lite":"0","guid":"babed07e-33c0-475d-aef3-72e73d9c1927","growth_activity":"0"},{"id":"128375","courseId":"259","type":"15","summary":"statement rotator","index":"29","json":"{\"type\":15,\"rotator\":{\"prompt\":\"COPY COPY COPY Does copy burst work correctly?\",\"statements\":[{\"text\":\"Never, never, never\",\"correct\":false},{\"text\":\"Always always always\",\"correct\":true},{\"text\":\"Sometimes sometimes sometimes\",\"correct\":false}],\"timer\":20,\"sound\":\"\"},\"feedback\":[\"You got it!\",\"You didn&#39;t get it!\"],\"score\":\"20\",\"gems\":\"1\"}","lite":"0","guid":"542ac36e-cedf-472e-9da4-de3dc0305d68","growth_activity":"0"},{"id":"128376","courseId":"259","type":"16","summary":"word heat","index":"30","json":"{\"type\":16,\"wordheat\":{\"prompt\":\"COPY COPY COPY Order them from one to five\",\"words\":[{\"word\":\"One\",\"layer\":1},{\"word\":\"Two\",\"layer\":2},{\"word\":\"Three\",\"layer\":3},{\"word\":\"Four\",\"layer\":4},{\"word\":\"Five\",\"layer\":5}],\"timer\":30,\"sound\":\"\"},\"feedback\":[\"You got it!\",\"You failed!\"],\"score\":\"100\",\"gems\":\"1\"}","lite":"0","guid":"743995a0-fcd2-48c0-bcd0-14a9fe42c105","growth_activity":"0"},{"id":"128377","courseId":"259","type":"17","summary":"video","index":"31","json":"{\"type\":17,\"video\":{\"prompt\":\"COPY COPY COPY Watch it\",\"vimeo\":\"119573363\"}}","lite":"0","guid":"fb5a2a45-6dbd-4c10-a1dd-e74d994e59ca","growth_activity":"0"},{"id":"128378","courseId":"259","type":"18","summary":"Catch game","index":"32","json":"{\"type\":18,\"catch\":{\"prompt\":\"COPY COPY COPY Catch the verbs\",\"items\":[{\"isImage\":false,\"correct\":true,\"text\":\"Move\",\"image\":\"\",\"bonus\":0,\"slot\":0},{\"isImage\":false,\"correct\":true,\"text\":\"Eat\",\"image\":\"\",\"bonus\":0,\"slot\":0},{\"isImage\":false,\"correct\":true,\"text\":\"Sit\",\"image\":\"\",\"bonus\":0,\"slot\":0},{\"isImage\":false,\"correct\":false,\"text\":\"Dog\",\"image\":\"\",\"bonus\":0,\"slot\":0},{\"isImage\":false,\"correct\":false,\"text\":\"Cat\",\"image\":\"\",\"bonus\":0,\"slot\":0},{\"isImage\":false,\"correct\":false,\"text\":\"Farm\",\"image\":\"\",\"bonus\":0,\"slot\":0}],\"ordered\":true,\"timer\":15,\"sound\":\"\",\"speed\":5,\"frequency\":5},\"feedback\":[\"You got it\",\"You failed\"],\"score\":\"60\",\"gems\":\"1\"}","lite":"0","guid":"59bf04d6-8ae0-4c90-8857-619a292250e3","growth_activity":"0"},{"id":"128379","courseId":"259","type":"19","summary":"Conversation","index":"33","json":"{\"type\":19,\"conversation\":[{\"text\":\"Does copy burst work?\",\"image\":\"C264E5A6-C9D0-B5EE-FEA0-254FD346D1DB.png\",\"sound\":\"9D12406B-084C-331E-BF68-D24D7390375C.mp3\"},{\"text\":\"Does it still work?\",\"image\":\"619A7F58-92CD-FEE3-985C-D8A5DB48260C.png\",\"sound\":\"D72C9C6A-CC2A-2B40-F515-18106AE36384.mp3\"}],\"feedback\":\"That&#39;s cool.\"}","lite":"0","guid":"493a19f9-5500-4bfa-8fbf-f7f82878e64d","growth_activity":"0"},{"id":"128380","courseId":"259","type":"20","summary":"Multiple answers","index":"34","json":"{\"type\":20,\"multiple\":{\"timer\":60,\"answers\":[{\"correct\":true,\"text\":\"Making courses more quickly\",\"feedback\":\"Yes, true\"},{\"correct\":false,\"text\":\"Better tasting coffee\",\"feedback\":\"not really\"},{\"correct\":true,\"text\":\"Making prototype courses\",\"feedback\":\"Yes, it would work for this.\"}],\"sound\":\"\",\"text\":\"COPY COPY COPY What is copy burst useful for?\"},\"feedback\":[\"You got it!\",\"You didn&#39;t get it\"],\"score\":\"40\",\"gems\":\"1\"}","lite":"0","guid":"743ef1cb-879a-45ae-8982-824b32fbc1a8","growth_activity":"0"},{"id":"128381","courseId":"259","type":"4","summary":"Original Burst","index":"35","json":"{ \"type\":4}","lite":"0","guid":"6c984361-eca7-46c6-a479-75370c2c061d","growth_activity":"0"}]