{"id":"268","authorId":"4","groupId":"0","credits":"600","dollars":"9.99","summary":"A new version of Wallace Wattles timeless classic.","description":"This ...in a Blink course can help you to quickly learn and forever retain Wattles' message from his classic, The Science of Getting Rich. (Includes the full text of the book.)","date":"2015-04-06 18:43:56","iconURL":"icon268.jpg","imageURL":"image268.jpg","vimeo":"","title":"The Science of Getting Rich by Wallace Wattles","editDate":"2016-03-23 04:59:02","buildAvailable":"1","published":"1","publicationDate":null,"listOrder":"2"}