{"id":"232","credits":"2","dollars":"9.99","summary":"A new vision of the Napoleon Hill classic","description":"In-a-Blink courses cut through the clutter and present the essence of the material. In this easy-to-follow version of Think and Grow Rich, you will quickly unlock the secret to attaining your desire.","date":"2014-12-06 11:17:09","iconURL":"icon182.jpg","imageURL":"image182.jpg","vimeo":"","title":"Think and Grow Rich in a Blink! - copy 1 ACTIVITY BUG","editDate":"2014-12-06 11:18:09","buildAvailable":"1","published":"0","publicationDate":null}