[{"id":"84752","courseId":"60","type":"10","summary":"Stones Beatles ","index":"0","json":"{\"type\":10,\"dragdrop\":{\"timer\":60,\"layout\":0,\"goals\":[{\"isImage\":false,\"text\":\"Beatles\",\"image\":\"2E2BB42E-945F-58FF-FD90-1E6249058628.png\"},{\"isImage\":false,\"text\":\"Stones\",\"image\":\"\"}],\"items\":[{\"goal\":0,\"isImage\":false,\"text\":\"\",\"image\":\"\"},{\"goal\":0,\"isImage\":false,\"text\":\"\",\"image\":\"\"},{\"goal\":0,\"isImage\":false,\"text\":\"\",\"image\":\"\"},{\"goal\":0,\"isImage\":false,\"text\":\"\",\"image\":\"\"}],\"prompt\":\"Drag each item to the correct learning goal\"},\"feedback\":[\"\",\"\"],\"score\":0,\"gems\":0}","lite":"1","guid":"064ec275-f11c-4405-929e-3938d247029f","growth_activity":"0"},{"id":"84753","courseId":"60","type":"9","summary":"Beatles","index":"1","json":"{\"type\":9,\"feedback\":[\"\",\"\"],\"score\":0,\"gems\":0,\"wordfill\":{\"words\":[\"van\",\"stupid \",\"cornflake \",\"grow long\",\"naughty \",\"barber\",\"clean\"],\"text\":\"Sitting on a ##3## waiting for the ##1## to comenCorporation teeshirt, ##2## bloody TuesdaynMan you been a ##5## boy. You let your face ##4##nI am the eggman, they are the eggmen\",\"timer\":15}}","lite":"1","guid":"ae4fe140-b164-460b-b3f4-b0bba6d40931","growth_activity":"0"}]