[{"id":"161425","courseId":"263","type":"3","summary":"Think and Grow Rich text","index":"0","json":"{\"type\":3,\"intro\":{\"title\":\"Think and Grow Rich by Napoleon Hill\",\"description\":\"In this Activity, you can read the text of the original version of Think and Grow Rich, first published in 1937.\",\"image\":\"5FBBF629-086E-E5EF-7E86-79FE6B4E628D.png\",\"sound\":\"\",\"volume\":50},\"unlockscore\":0,\"quicklink\":false,\"quotation\":\"\"}","lite":"0","guid":"6d785dad-3f08-4884-b965-d2b090fa574e","growth_activity":"1"},{"id":"161426","courseId":"263","type":"5","summary":"Intros and Chapter 1","index":"1","json":"{\"type\":5,\"ebook\":\"3A1D52F8-252F-88B6-D2A4-EBF4647EC72D.pdf\"}","lite":"0","guid":"d23ff9b0-e94b-4a93-b924-dd55b079d918","growth_activity":"1"},{"id":"161427","courseId":"263","type":"4","summary":"Text of Book","index":"2","json":"{ \"type\":4}","lite":"0","guid":"186a7b63-c4a6-411e-84e8-578938ccd0be","growth_activity":"1"},{"id":"161428","courseId":"263","type":"3","summary":"24 Hours","index":"3","json":"{\"type\":3,\"intro\":{\"title\":\"24 Hours\",\"description\":\"Encourage the positive. Discourage the negative.&#10;&#10;Write about your thoughts and emotions for the next 24 hours.\",\"image\":\"608AA5D8-3C5E-47B2-9028-71929BADC1D3.png\",\"sound\":\"\",\"volume\":50},\"unlockscore\":0,\"quicklink\":false,\"quotation\":\"\"}","lite":"0","guid":"a4f18444-410a-497d-ab69-ff3c58cbd13a","growth_activity":"1"},{"id":"161429","courseId":"263","type":"7","summary":"24 Hours Positive","index":"4","json":"{\"type\":7,\"input\":{\"type\":1,\"prompt\":\"Write about your positive emotions and thoughts here.\",\"locked\":false},\"feedback\":[\"\",\"\"],\"score\":0,\"gems\":0}","lite":"0","guid":"ef8afc5e-f36e-4108-b290-8016dbcc116c","growth_activity":"1"},{"id":"161430","courseId":"263","type":"7","summary":"24 Hours Negative","index":"5","json":"{\"type\":7,\"input\":{\"type\":1,\"prompt\":\"Write about your negative thoughts and emotions here.\",\"locked\":false},\"feedback\":[\"\",\"\"],\"score\":0,\"gems\":0}","lite":"0","guid":"e7e70546-3779-44a2-b5a5-68fc86886469","growth_activity":"1"},{"id":"161431","courseId":"263","type":"7","summary":"What have you discovered?","index":"6","json":"{\"type\":7,\"input\":{\"type\":1,\"prompt\":\"Write about what you have discovered about being positive and negative over the past 24 hours. Did it help you change your behavior in any way?\",\"locked\":false},\"feedback\":[\"\",\"\"],\"score\":0,\"gems\":0}","lite":"0","guid":"08e7f425-2aa9-4254-8fba-debfdda701ef","growth_activity":"1"},{"id":"161432","courseId":"263","type":"6","summary":"Come back","index":"7","json":"{\"type\":6,\"image\":\"\",\"presentation\":[{\"text\":\"Come back throughout the day and write more.\",\"in\":0,\"time\":0,\"sound\":\"\"}]}","lite":"0","guid":"f7331ca3-670e-424b-9b29-49b14e41fede","growth_activity":"1"},{"id":"161433","courseId":"263","type":"4","summary":"24 Hours","index":"8","json":"{ \"type\":4}","lite":"0","guid":"67881184-6baf-4c87-ae6a-70cadc0fd4b2","growth_activity":"1"},{"id":"161434","courseId":"263","type":"3","summary":"Your Statement","index":"9","json":"{\"type\":3,\"intro\":{\"title\":\"Your Statement\",\"description\":\"Use this activity to both write your statement and then return twice daily to read your statement.\",\"image\":\"F620689C-73FE-1D05-F875-8D39F0076B64.png\",\"sound\":\"\",\"volume\":50},\"unlockscore\":0,\"quicklink\":false,\"quotation\":\"\"}","lite":"0","guid":"7079338a-c68f-41e0-99c2-62d21724d953","growth_activity":"1"},{"id":"161435","courseId":"263","type":"6","summary":"The Parts of Your Statement","index":"10","json":"{\"type\":6,\"image\":\"\",\"presentation\":[{\"text\":\"The Four Parts of Your Statement\",\"in\":1,\"time\":1,\"sound\":\"\",\"color\":\"#FF9500\",\"size\":2},{\"text\":\"1. The exact amount of money you desire.&#10;Examples: $30,000 per month, or $100,000 in the bank free and clear of taxes, or some other defined amount.&#10;&#10;2. What you will give in return for this money.&#10;Examples: I will offer the highest quality consulting services in the field of human resource benefits. Or, I will build my personal hygiene products business by offering one-of-a-kind products that people can use to improve their health.&#10;&#10;3. When you intend to possess this money.&#10;Examples: I will start to earn this amount per month on March 1, 2015. Or, I will have this money in the bank by April 1, 2015.&#10;&#10;4. A definite plan for carrying out this desire.&#10;Example: I will market my human resource services to mid-level companies that are not in a position to build a multifaceted internal HR department. I will offer these companies a set of services that will help them to hire and retain employees of a caliber they would not otherwise be able to achieve.\",\"in\":1,\"time\":1,\"sound\":\"\",\"size\":0}]}","lite":"0","guid":"16b6a56a-64c1-4f65-ad75-93e0735e9260","growth_activity":"1"},{"id":"161436","courseId":"263","type":"6","summary":"Putting Emotion into Your Statement","index":"11","json":"{\"type\":6,\"image\":\"\",\"presentation\":[{\"text\":\"Putting Emotions Into Your Statement\",\"in\":0,\"time\":1,\"sound\":\"\",\"color\":\"#FF9500\",\"size\":2},{\"text\":\"You want your statement to resonate with you each time you read it. You want it to make you feel inspired and excited about the future. To foster this, include key words that will help to bring out these feelings in you.&#10;&#10;For example, instead of writing:&#10;I will offer the highest quality consulting services in the field of human resource benefits.&#10;&#10;You might write:&#10;I will be excited to offer the highest quality consulting services that help to advance the field of human resource benefits.&#10;&#10;Mold your statement to inspire you each time you read it. \",\"in\":1,\"time\":2,\"sound\":\"\",\"size\":0}]}","lite":"0","guid":"8f43b9fe-409a-4e9e-bb89-d54f0f4184c2","growth_activity":"1"},{"id":"161437","courseId":"263","type":"7","summary":"Write Your Statement","index":"12","json":"{\"type\":7,\"input\":{\"type\":1,\"prompt\":\"Using the information on the previous screens, write out your statement, using the language and desires that resonate deeply with you. And don&#39;t worry, you can always go back in and edit it. Just be excited and be yourself.\",\"locked\":false},\"feedback\":[\"\",\"\"],\"score\":0,\"gems\":0}","lite":"0","guid":"1a955e53-9ea1-42e9-b732-50f4740810a0","growth_activity":"1"},{"id":"161438","courseId":"263","type":"6","summary":"Reading Your Statement","index":"13","json":"{\"type\":6,\"image\":\"\",\"presentation\":[{\"text\":\"How to Read Your Statement\",\"in\":0,\"time\":1,\"sound\":\"\",\"color\":\"#FF9500\",\"size\":2},{\"text\":\"Here are very important instructions for reading your statement:&#10;- Read your statement twice daily, once before going to bed at night and once upon arising in the morning.&#10;- Read it with great emotion, seeing and feeling and believing that you are already in possession of the money.&#10;- When visualizing the money, see yourself rendering the service or delivering the product you intend to give in return for the money.&#10;- Keep at it and you will eventually have absolute faith and achieve your goal.\",\"in\":1,\"time\":2,\"sound\":\"\",\"size\":0}]}","lite":"0","guid":"688e3aa2-95e7-417a-8490-8002f3cbe26f","growth_activity":"1"},{"id":"161439","courseId":"263","type":"4","summary":"Your Statement","index":"14","json":"{ \"type\":4}","lite":"0","guid":"60da5c91-48a7-4272-a52e-f34913913940","growth_activity":"1"},{"id":"161440","courseId":"263","type":"3","summary":"Self Confidence Formula","index":"15","json":"{\"type\":3,\"intro\":{\"title\":\"Self Confidence Formula\",\"description\":\"Use this activity to help develop your self confidence. Improved self confidence will help you to better achieve all your goals in life.&#10;&#10;&#10;&#10;&#10;&#10;&#10;&#10;On the next three screens you&#39;ll find Hill&#39;s Self Confidence Formula. Read it, commit it to memory and follow what it says. It will be well worth your time and effort.\",\"image\":\"6D2367AD-CC25-ACB0-D371-E7871874D883.png\",\"sound\":\"\",\"volume\":50},\"unlockscore\":0,\"quicklink\":false,\"quotation\":\"\"}","lite":"0","guid":"f8384ae8-709d-4e19-801d-f49503a374ef","growth_activity":"1"},{"id":"161441","courseId":"263","type":"6","summary":"Formula One","index":"16","json":"{\"type\":6,\"image\":\"\",\"presentation\":[{\"text\":\"Self Confidence Formula\",\"in\":1,\"time\":1,\"sound\":\"\",\"color\":\"#FF9500\",\"size\":2},{\"text\":\"First&#10;I know that I have the ability to achieve the object of my Definite Purpose in life, therefore, I DEMAND of myself persistent, continuous action toward its attainment, and I here and now promise to render such action.&#10;&#10;Second&#10;I realize the dominating thoughts of my mind will eventually reproduce themselves in outward, physical action, and gradually transform themselves into physical reality, therefore, I will concentrate my thoughts for thirty minutes daily, upon the task of thinking of the person I intend to become, thereby creating in my mind a clear mental picture of that person.\",\"in\":1,\"time\":2,\"sound\":\"\",\"size\":0}]}","lite":"0","guid":"b998fb61-8df6-4909-8da6-87171555e4e5","growth_activity":"1"},{"id":"161442","courseId":"263","type":"6","summary":"Formula Two ","index":"17","json":"{\"type\":6,\"image\":\"\",\"presentation\":[{\"text\":\"Third&#10;I know through the principle of autosuggestion, any desire that I persistently hold in my mind will eventually seek expression through some practical means of attaining the object back of it, therefore, I will devote ten minutes daily to demanding of myself the development of SELF-CONFIDENCE.&#10;&#10;Fourth&#10;I have clearly written down a description of my DEFINITE CHIEF AIM in life, and I will never stop trying, until I shall have developed sufficient self-confidence for its attainment. \",\"in\":1,\"time\":2,\"sound\":\"\",\"size\":0}]}","lite":"0","guid":"084d8a8d-176c-408e-ae4f-e0e84e6e0748","growth_activity":"1"},{"id":"161443","courseId":"263","type":"6","summary":"Formula Three","index":"18","json":"{\"type\":6,\"image\":\"\",\"presentation\":[{\"text\":\"Fifth: I fully realize that no wealth or position can long endure, unless built upon truth and justice, therefore, I will engage in no transaction which does not benefit all whom it affects. I will succeed by attracting to myself the forces I wish to use, and the cooperation of other people. I will induce others to serve me, because of my willingness to serve others. I will eliminate hatred, envy, jealousy, selfishness, and cynicism, by developing love for all humanity, because I know that a negative attitude toward others can never bring me success. I will cause others to believe in me, because I will believe in them, and in myself. &#10;&#10;I will commit this formula to memory and repeat it aloud once a day with full FAITH that it will gradually influence my THOUGHTS and ACTIONS so that I will become a self-reliant and successful person&#10;&#10;\",\"in\":1,\"time\":2,\"sound\":\"\",\"size\":0}]}","lite":"0","guid":"60e3a358-5593-4b3e-8c3c-ade9c333c453","growth_activity":"1"},{"id":"161444","courseId":"263","type":"4","summary":"Self Confidence Formula","index":"19","json":"{ \"type\":4}","lite":"0","guid":"24a4d649-7e40-4db8-a61a-18a7e954bf68","growth_activity":"1"},{"id":"161445","courseId":"263","type":"3","summary":"Create Your Master Mind","index":"20","json":"{\"type\":3,\"intro\":{\"title\":\"Create Your Master Mind\",\"description\":\"To help you succeed, you need to create a group of like-minded people who will support you in your vision and in all your activities to achieve your goal. These must be people you trust, who will share whatever it is they have that will help you to succeed.&#10;&#10;&#10;&#10;&#10;&#10;&#10;It is imperative to build this group: but take your time and include the right people.\",\"image\":\"660FDE20-2B63-8824-5E8A-ED76FB6D3760.png\",\"sound\":\"\",\"volume\":50},\"unlockscore\":0,\"quicklink\":false,\"quotation\":\"\"}","lite":"0","guid":"108220e4-892e-4a09-b7c8-dad2b47d0109","growth_activity":"1"},{"id":"161446","courseId":"263","type":"7","summary":"Brainstorm ","index":"21","json":"{\"type\":7,\"input\":{\"type\":1,\"prompt\":\"The first step in creating your Master Mind is to list all the people you would consider inviting. Think widely and freely and be bold. After each name write up to three words describing why that person would be a valuable member of your group. You might write words like: technical skill, good contacts, management experience, etc.\",\"locked\":false},\"feedback\":[\"\",\"\"],\"score\":0,\"gems\":0}","lite":"0","guid":"b2072517-e61d-439f-992a-87039113f14f","growth_activity":"1"},{"id":"161447","courseId":"263","type":"7","summary":"Winnow down","index":"22","json":"{\"type\":7,\"input\":{\"type\":2,\"prompt\":\"The next step is to look at that list and then winnow it down to no more than 10 names. You might aim for five people in your group - remember that not all you invite will accept.\",\"locked\":false,\"in\":0,\"out\":0,\"time\":0,\"count\":10,\"characters\":12},\"feedback\":[\"\",\"\"],\"score\":0,\"gems\":0}","lite":"0","guid":"f614e0ee-cb85-41e2-a6a6-fcf0a5529836","growth_activity":"1"},{"id":"161448","courseId":"263","type":"7","summary":"The Final Group","index":"23","json":"{\"type\":7,\"input\":{\"type\":2,\"prompt\":\"Once you have a group of no more than 10 names, start contacting these people and building your group. When you have finalized the team, enter the names here. There are seven slots, but you need no more than five, even a solid group of three people can help you to accomplish your goals. And you might start with three and build to five.\",\"locked\":false,\"in\":0,\"out\":0,\"time\":0,\"count\":7,\"characters\":12},\"feedback\":[\"\",\"\"],\"score\":0,\"gems\":0}","lite":"0","guid":"8e75c1ca-b878-455d-ab07-6d6dcadc2143","growth_activity":"1"},{"id":"161449","courseId":"263","type":"4","summary":"Create Your Master Mind","index":"24","json":"{ \"type\":4}","lite":"0","guid":"2ee39cb9-6302-4a63-af8b-cce4ac8ca0f3","growth_activity":"1"},{"id":"161450","courseId":"263","type":"3","summary":"Personal Persistence Inventory","index":"25","json":"{\"type\":3,\"intro\":{\"title\":\"Personal Persistence Inventory\",\"description\":\"In this activity, you will find the real enemies which stand between you and noteworthy achievement. Here you will find not only the &#34;symptoms&#34; indicating weakness of persistence, but also the deeply seated subconscious causes of this weakness. Study these enemies carefully and face yourself squarely if you really wish to know who you are and what you are capable of doing. &#10;&#10;&#10;&#10;&#10;&#10;&#10;&#10;&#10;These are the weaknesses which must be mastered by all who accumulate riches.\",\"image\":\"1BC323BA-177D-5DF8-A95A-E52D10A97DDF.png\",\"sound\":\"\",\"volume\":50},\"unlockscore\":0,\"quicklink\":false,\"quotation\":\"\"}","lite":"0","guid":"2f1d6eb2-2930-47d2-9d9b-8a12953ec697","growth_activity":"1"},{"id":"161451","courseId":"263","type":"7","summary":"Enemy 1","index":"26","json":"{\"type\":7,\"input\":{\"type\":1,\"prompt\":\"Think honestly about yourself and this symptom of persistence. Then write about it. &#10;&#10;1. Failure to recognize and to clearly define exactly what one wants.&#10;&#10;\",\"locked\":false},\"feedback\":[\"\",\"\"],\"score\":0,\"gems\":0}","lite":"0","guid":"75a0fa6d-ae69-4da6-8853-31a025648b2b","growth_activity":"1"},{"id":"161452","courseId":"263","type":"7","summary":"Enemy 2","index":"27","json":"{\"type\":7,\"input\":{\"type\":1,\"prompt\":\"Think honestly about yourself and this symptom of persistence. Then write about it. &#10;&#10;2. Procrastination, with or without cause. (Usually backed up with a formidable array of alibis and excuses).\",\"locked\":false},\"feedback\":[\"\",\"\"],\"score\":0,\"gems\":0}","lite":"0","guid":"71c816ff-4c3c-4574-a2e9-48e49485039f","growth_activity":"1"},{"id":"161453","courseId":"263","type":"7","summary":"Enemy 3","index":"28","json":"{\"type\":7,\"input\":{\"type\":1,\"prompt\":\"Think honestly about yourself and this symptom of persistence. Then write about it. &#10;&#10;3. Lack of interest in acquiring specialized knowledge.\",\"locked\":false},\"feedback\":[\"\",\"\"],\"score\":0,\"gems\":0}","lite":"0","guid":"b0b341f4-1c3b-4b1e-8d52-943e1ab8c9d8","growth_activity":"1"},{"id":"161454","courseId":"263","type":"7","summary":"Enemy 4","index":"29","json":"{\"type\":7,\"input\":{\"type\":1,\"prompt\":\"Think honestly about yourself and this symptom of persistence. Then write about it. &#10;&#10;4. Indecision, the habit of &#34;passing the buck&#34; on all occasions, instead of facing issues squarely. (Also backed by alibis).\",\"locked\":false},\"feedback\":[\"\",\"\"],\"score\":0,\"gems\":0}","lite":"0","guid":"1dd14fba-b6e8-432a-bede-5ec83ad6f990","growth_activity":"1"},{"id":"161455","courseId":"263","type":"7","summary":"Enemy 5","index":"30","json":"{\"type\":7,\"input\":{\"type\":1,\"prompt\":\"Think honestly about yourself and this symptom of persistence. Then write about it. &#10;&#10;5. The habit of relying upon alibis instead of creating definite plans for the solution of problems.\",\"locked\":false},\"feedback\":[\"\",\"\"],\"score\":0,\"gems\":0}","lite":"0","guid":"339442d9-e650-45c5-ba4b-4c3ac8a0ea72","growth_activity":"1"},{"id":"161456","courseId":"263","type":"7","summary":"Enemy 6","index":"31","json":"{\"type\":7,\"input\":{\"type\":1,\"prompt\":\"Think honestly about yourself and this symptom of persistence. Then write about it. &#10;&#10;6. Self-satisfaction. There is but little remedy for this affliction, and no hope for those who suffer from it.\",\"locked\":false},\"feedback\":[\"\",\"\"],\"score\":0,\"gems\":0}","lite":"0","guid":"f17f563e-6eef-4ec3-8d44-8824329d721f","growth_activity":"1"},{"id":"161457","courseId":"263","type":"7","summary":"Enemy 7","index":"32","json":"{\"type\":7,\"input\":{\"type\":1,\"prompt\":\"Think honestly about yourself and this symptom of persistence. Then write about it.&#10;&#10;7. Indifference, usually reflected in one&#39;s readiness to compromise on all occasions, rather than meet opposition and fight it.\",\"locked\":false},\"feedback\":[\"\",\"\"],\"score\":0,\"gems\":0}","lite":"0","guid":"aae4e8a8-0b88-4ebb-9b40-02de933b79a9","growth_activity":"1"},{"id":"161458","courseId":"263","type":"7","summary":"Enemy 8","index":"33","json":"{\"type\":7,\"input\":{\"type\":1,\"prompt\":\"Think honestly about yourself and this symptom of persistence. Then write about it.&#10;&#10;8. The habit of blaming others for one&#39;s mistakes, and accepting unfavorable circumstances as being unavoidable.\",\"locked\":false},\"feedback\":[\"\",\"\"],\"score\":0,\"gems\":0}","lite":"0","guid":"b45d6ca4-d0a4-4d37-a9e7-de28abfee890","growth_activity":"1"},{"id":"161459","courseId":"263","type":"7","summary":"Enemy 9","index":"34","json":"{\"type\":7,\"input\":{\"type\":1,\"prompt\":\"Think honestly about yourself and this symptom of persistence. Then write about it.&#10;&#10;9. Weakness of desire, due to neglect in the choice of motives that impel action.\",\"locked\":false},\"feedback\":[\"\",\"\"],\"score\":0,\"gems\":0}","lite":"0","guid":"19d46d7a-02aa-47aa-b114-fd12ae6b442d","growth_activity":"1"},{"id":"161460","courseId":"263","type":"7","summary":"Enemy 10","index":"35","json":"{\"type\":7,\"input\":{\"type\":1,\"prompt\":\"Think honestly about yourself and this symptom of persistence. Then write about it.&#10;&#10;10. Willingness, even eagerness, to quit at the first sign of defeat.\",\"locked\":false},\"feedback\":[\"\",\"\"],\"score\":0,\"gems\":0}","lite":"0","guid":"b715dba3-4efa-43fe-b46c-430c94d0b77f","growth_activity":"1"},{"id":"161461","courseId":"263","type":"7","summary":"Enemy 11","index":"36","json":"{\"type\":7,\"input\":{\"type\":1,\"prompt\":\"Think honestly about yourself and this symptom of persistence. Then write about it.&#10;&#10;11. Lack of organized plans, placed in writing where they may be analyzed.\",\"locked\":false},\"feedback\":[\"\",\"\"],\"score\":0,\"gems\":0}","lite":"0","guid":"5dd30b15-a5bd-4335-b93d-b9e24a625bf3","growth_activity":"1"},{"id":"161462","courseId":"263","type":"7","summary":"Enemy 12","index":"37","json":"{\"type\":7,\"input\":{\"type\":1,\"prompt\":\"Think honestly about yourself and this symptom of persistence. Then write about it.&#10;&#10;12. The habit of neglecting to move on ideas or to grasp opportunity when it presents itself.\",\"locked\":false},\"feedback\":[\"\",\"\"],\"score\":0,\"gems\":0}","lite":"0","guid":"c6db5ef5-e90b-486c-b496-ba56e40ea33d","growth_activity":"1"},{"id":"161463","courseId":"263","type":"7","summary":"Enemy 13","index":"38","json":"{\"type\":7,\"input\":{\"type\":1,\"prompt\":\"Think honestly about yourself and this symptom of persistence. Then write about it.&#10;&#10;13. Wishing instead of willing.\",\"locked\":false},\"feedback\":[\"\",\"\"],\"score\":0,\"gems\":0}","lite":"0","guid":"b34efe30-89fe-4152-9548-2df8c5d8cf45","growth_activity":"1"},{"id":"161464","courseId":"263","type":"7","summary":"Enemy 14","index":"39","json":"{\"type\":7,\"input\":{\"type\":1,\"prompt\":\"Think honestly about yourself and this symptom of persistence. Then write about it.&#10;&#10;14. The habit of compromising with poverty instead of aiming at riches. General absence of ambition to be, to do, and to own.\",\"locked\":false},\"feedback\":[\"\",\"\"],\"score\":0,\"gems\":0}","lite":"0","guid":"368a9b47-142e-4eca-8550-de64fea30193","growth_activity":"1"},{"id":"161465","courseId":"263","type":"7","summary":"Enemy 15","index":"40","json":"{\"type\":7,\"input\":{\"type\":1,\"prompt\":\"Think honestly about yourself and this symptom of persistence. Then write about it.&#10;&#10;15. Searching for all the short-cuts to riches, trying to get without giving a fair equivalent, usually reflected in the habit of gambling, endeavoring to drive &#34;sharp&#34; bargains.\",\"locked\":false},\"feedback\":[\"\",\"\"],\"score\":0,\"gems\":0}","lite":"0","guid":"d926c15e-5f72-49de-bf3c-86a237a06af0","growth_activity":"1"},{"id":"161466","courseId":"263","type":"7","summary":"Enemy 16","index":"41","json":"{\"type\":7,\"input\":{\"type\":1,\"prompt\":\"Think honestly about yourself and this symptom of persistence. Then write about it.&#10;&#10;16. Fear of criticism, failure to create plans and to put them into action, because of what other people will think, do, or say. This enemy belongs at the head of the list, because it generally exists in one&#39;s subconscious mind, where its presence is not recognized. \",\"locked\":false},\"feedback\":[\"\",\"\"],\"score\":0,\"gems\":0}","lite":"0","guid":"4c303228-b3af-454d-be5a-aff40473ce42","growth_activity":"1"},{"id":"161467","courseId":"263","type":"6","summary":"Come back again","index":"42","json":"{\"type\":6,\"image\":\"F4EFDD40-3CE5-14D0-0273-6273E3C90F91.png\",\"presentation\":[{\"text\":\"Keep These Enemies in Mind\",\"in\":0,\"time\":0,\"sound\":\"\",\"size\":2,\"color\":\"#256ED7\"},{\"text\":\"Think about these enemies, these symptoms of lack of persistence, and how you can surmount those that most afflict you. Return to this activity and write more about each or update your text as you overcome each of these enemies and head towards success.\",\"in\":0,\"time\":0,\"sound\":\"\"},{\"text\":\"Persistence - There is No Other Way\",\"in\":0,\"time\":0,\"sound\":\"\",\"size\":2,\"color\":\"#256ED7\"}]}","lite":"0","guid":"ba8cdc90-a107-44ed-8f69-b7ce179c819f","growth_activity":"1"},{"id":"161468","courseId":"263","type":"4","summary":"Personal Persistence Inventory","index":"43","json":"{ \"type\":4}","lite":"0","guid":"396cf429-46bb-4255-b37f-b71792e8a656","growth_activity":"1"}]