[{"id":"104558","courseId":"182","type":"3","summary":"Text of Book","index":"0","json":"{ \"type\":3}","lite":"0","guid":"5427389d-d20a-42d5-9d59-06edc5459152","growth_activity":"1"},{"id":"104559","courseId":"182","type":"5","summary":"Book Text","index":"1","json":"{\"type\":5,\"ebook\":\"C66DD231-C41B-A75D-63F9-2B081F55FD03.pdf\"}","lite":"0","guid":"f9233956-7aa3-41fa-bf93-31a2eb740017","growth_activity":"1"},{"id":"104560","courseId":"182","type":"4","summary":"Text of Book","index":"2","json":"{ \"type\":4}","lite":"0","guid":"28877d83-0408-4527-b791-ab377d40f444","growth_activity":"1"},{"id":"104561","courseId":"182","type":"3","summary":"24 Hours","index":"3","json":"{ \"type\":3}","lite":"0","guid":"a4f18444-410a-497d-ab69-ff3c58cbd13a","growth_activity":"1"},{"id":"104562","courseId":"182","type":"7","summary":"24 Hours Positive","index":"4","json":"{\"type\":7,\"input\":{\"type\":1,\"prompt\":\"Write about your positive emotions and thoughts here.\",\"locked\":false},\"feedback\":[\"\",\"\"],\"score\":0,\"gems\":0}","lite":"0","guid":"ef8afc5e-f36e-4108-b290-8016dbcc116c","growth_activity":"1"},{"id":"104563","courseId":"182","type":"7","summary":"24 Hours Negative","index":"5","json":"{\"type\":7,\"input\":{\"type\":1,\"prompt\":\"Write about your negative thoughts and emotions here.\",\"locked\":false},\"feedback\":[\"\",\"\"],\"score\":0,\"gems\":0}","lite":"0","guid":"e7e70546-3779-44a2-b5a5-68fc86886469","growth_activity":"1"},{"id":"104564","courseId":"182","type":"6","summary":"Come back","index":"6","json":"{\"type\":6,\"image\":\"\",\"presentation\":[{\"text\":\"Come back throughout the day and write more.\",\"in\":0,\"time\":0,\"sound\":\"\"}]}","lite":"0","guid":"f7331ca3-670e-424b-9b29-49b14e41fede","growth_activity":"1"},{"id":"104565","courseId":"182","type":"4","summary":"24 Hours","index":"7","json":"{ \"type\":4}","lite":"0","guid":"67881184-6baf-4c87-ae6a-70cadc0fd4b2","growth_activity":"1"}]