{"id":"295","authorId":"4","groupId":"0","credits":"300","dollars":"9.99","summary":"Master the keys to financial success!","description":"Play with George S. Clason's timeless tales and start accumulating, protecting and growing your wealth today. MASTER THE KEYS TO FINANCIAL SUCCESS efficiently and enjoyably. (Includes the full text of the book.)","date":"2016-01-08 17:19:44","iconURL":"icon295.jpg","imageURL":"image295.jpg","vimeo":"","title":"Richest Man in Babylon: The Blink Training Course","editDate":"2017-03-13 16:55:55","buildAvailable":"1","published":"1","publicationDate":null,"listOrder":"4"}