[{"id":"843080","courseId":"295","type":"3","summary":"Richest Man in Babylon Ebook","index":"0","json":"{\"type\":3,\"intro\":{\"title\":\"Richest Man in Babylon Ebook\",\"description\":\"In this Activity, you can read the original version of the Richest Man in Babylon by George S. Clason.\",\"image\":\"\",\"sound\":\"\",\"volume\":50},\"unlockscore\":0,\"quicklink\":false,\"quotation\":\"\"}","lite":"0","guid":"9230e225-8d3a-4f3e-a77f-37bf187217e1","growth_activity":"1"},{"id":"843081","courseId":"295","type":"5","summary":"Foreward and Historical Sketch","index":"1","json":"{\"type\":5,\"ebook\":\"20AE76DF-1D30-9194-8A9C-A6CE1AB64F31.pdf\"}","lite":"0","guid":"7988977d-a7d9-46a1-a6b4-59692bbdd499","growth_activity":"1"},{"id":"843082","courseId":"295","type":"5","summary":"The Man Who Desired Gold","index":"2","json":"{\"type\":5,\"ebook\":\"6B4DEFFF-C92D-6A9C-91AC-66655153C1D3.pdf\"}","lite":"0","guid":"f09052e7-5662-403e-a54d-036ee6557604","growth_activity":"1"},{"id":"843083","courseId":"295","type":"5","summary":"The Richest Man in Babylon","index":"3","json":"{\"type\":5,\"ebook\":\"74323984-7C71-92AE-88C4-8BA08B5D3D55.pdf\"}","lite":"0","guid":"a2f9b4c6-9d66-4522-b7bd-21f2b897bb8f","growth_activity":"1"},{"id":"843084","courseId":"295","type":"5","summary":"Seven Cures for a Lean Purse","index":"4","json":"{\"type\":5,\"ebook\":\"98874D6B-D5FC-F085-D90A-61883207C772.pdf\"}","lite":"0","guid":"79b15617-4eeb-4bc6-9571-d8df53dee9b3","growth_activity":"1"},{"id":"843085","courseId":"295","type":"5","summary":"Meet the Goddess of Good Luck","index":"5","json":"{\"type\":5,\"ebook\":\"F7B14C9E-79A7-844C-B35C-04A8F7842FB9.pdf\"}","lite":"0","guid":"602020df-6100-4417-a758-f204868059df","growth_activity":"1"},{"id":"843086","courseId":"295","type":"5","summary":"The Five Laws of Gold","index":"6","json":"{\"type\":5,\"ebook\":\"2E03B9A4-1B58-3629-9539-064B647EA7E1.pdf\"}","lite":"0","guid":"567ece0c-e123-429c-a390-147d92976491","growth_activity":"1"},{"id":"843087","courseId":"295","type":"5","summary":"The Gold Lender of Babylon","index":"7","json":"{\"type\":5,\"ebook\":\"0129705D-FF50-092C-484C-F66220276003.pdf\"}","lite":"0","guid":"6837b70a-6e42-4691-bf10-9453d87c8330","growth_activity":"1"},{"id":"843088","courseId":"295","type":"5","summary":"The Walls of Babylon","index":"8","json":"{\"type\":5,\"ebook\":\"E1CC73CB-8F29-043C-BDFD-C48281239A60.pdf\"}","lite":"0","guid":"9e1af942-64dd-4c15-b7a2-e4b5a833b649","growth_activity":"1"},{"id":"843089","courseId":"295","type":"5","summary":"The Camel Trader of Babylon","index":"9","json":"{\"type\":5,\"ebook\":\"A6992E5B-471D-3E8D-CB7E-AC72B0575C6E.pdf\"}","lite":"0","guid":"6c08b275-8570-49de-aedd-f735acb685af","growth_activity":"1"},{"id":"843090","courseId":"295","type":"5","summary":"The Clay Tablets From Babylon","index":"10","json":"{\"type\":5,\"ebook\":\"F2B75043-F64B-1F98-D289-1AFF5D28285F.pdf\"}","lite":"0","guid":"d8249a6c-21da-4e38-82f2-cf0e7f98ea79","growth_activity":"1"},{"id":"843091","courseId":"295","type":"5","summary":"The Luckiest Man in Babylon","index":"11","json":"{\"type\":5,\"ebook\":\"03F2705B-233F-98B4-8ADD-01B6D649B24B.pdf\"}","lite":"0","guid":"937a5ae8-61db-4ae1-8cca-da94e33d1acb","growth_activity":"1"},{"id":"843092","courseId":"295","type":"4","summary":"Richest Man in Babylon Ebook","index":"12","json":"{ \"type\":4}","lite":"0","guid":"db087dff-bd3e-4fa2-84ed-7d22fd4dcd8f","growth_activity":"1"},{"id":"843093","courseId":"295","type":"3","summary":"Credits, Copyright and Contact Info","index":"13","json":"{\"type\":3,\"intro\":{\"title\":\"Credits, Copyright and Contact Info\",\"description\":\"Here is a list of the great people who have helped to make Blink Training and this course a reality. We have one wish: that you use Blink Training to make a positive change in your life and in the world.\",\"image\":\"\",\"sound\":\"\",\"volume\":50},\"unlockscore\":0,\"quicklink\":false,\"quotation\":\"\"}","lite":"0","guid":"454c09e9-7dc0-4ad2-a0f8-ca2bc6e75805","growth_activity":"1"},{"id":"843094","courseId":"295","type":"5","summary":"Credits, Copyright and Contact Info","index":"14","json":"{\"type\":5,\"ebook\":\"033539FA-7E92-88FC-9D70-DB4AC758B4AF.pdf\"}","lite":"0","guid":"df6389f1-b76f-44f8-9296-36ce986a0fde","growth_activity":"1"},{"id":"843095","courseId":"295","type":"4","summary":"Credits, Copyright and Contact Info","index":"15","json":"{ \"type\":4}","lite":"0","guid":"8909a422-0934-4305-96a8-a0c3fb813784","growth_activity":"1"}]