[{"id":"6011","courseId":"142","type":"6","summary":"About insurance","index":"0","json":"{\\\"type\\\":6,\\\"presentation\\\":[{\\\"text\\\":\\\"Insurance is necdssary\\\",\\\"in\\\":2,\\\"out\\\":0,\\\"time\\\":1},{\\\"text\\\":\\\"Next\\\",\\\"in\\\":3,\\\"out\\\":0,\\\"time\\\":2},{\\\"text\\\":\\\"I added this new text today.\\\",\\\"in\\\":0,\\\"out\\\":0,\\\"time\\\":3}]}","lite":"0","guid":"bb280e93-42d8-4bc9-88be-5c12f27af061","growth_activity":"0"},{"id":"6012","courseId":"142","type":"6","summary":"lkjlj","index":"1","json":"{\\\"type\\\":6,\\\"presentation\\\":[{\\\"text\\\":\\\"txe\\\",\\\"in\\\":0,\\\"out\\\":0,\\\"time\\\":0}]}","lite":"0","guid":"02b8b1bb-489f-4606-8539-c639c650226f","growth_activity":"0"}]