[{"id":"100343","courseId":"230","type":"1","summary":"Introduction to Your Future","index":"0","json":"{\"type\":1,\"intro\":{\"title\":\"Introduction to Your Future\",\"description\":\"Get ready to change your life. This Blink Course is a new vision of Think and Grow Rich, Napoleon Hill&#39;s timeless classic. Written in the 1930s in the heart of the Great Depression, this book was a call out to the future, to growth, to not giving in to fear.&#10;&#10;&#10;&#10;&#10;&#10;&#10;&#10;&#10;&#10;In a dark time, Hill&#39;s philosophy focuses on light and hope. \",\"image\":\"2E75F165-B597-8145-DCF7-794FE13AA3C4.png\"},\"dossier\":false}","lite":"1","guid":"412942f6-bd44-428f-97d4-df7c6653d4cc","growth_activity":"0"},{"id":"100344","courseId":"230","type":"3","summary":"Welcome to Your Dreams","index":"1","json":"{\"type\":3,\"intro\":{\"title\":\"Welcome to your dreams\",\"description\":\"Blink courses serve up content in small chunks (called Blinks) and arrange those Blinks into short sequences (called Bursts). In this first Burst, we&#39;ll give you an overview of the course, and you can earn two gems. Gems reflect how well you understand the material.&#10;&#10;&#10;&#10;&#10;&#10;&#10;&#10;&#10;&#10;To unlock the next Burst, you must accumulate at least 20 points. \",\"image\":\"F8B5997C-F687-30DE-74D0-DFF137BD03C3.png\",\"sound\":\"\",\"volume\":50},\"unlockscore\":\"20\",\"quicklink\":false,\"quotation\":\"\"}","lite":"1","guid":"545fa8f0-d336-4baa-8976-f5e5b0c99834","growth_activity":"0"},{"id":"100345","courseId":"230","type":"11","summary":"There is a Secret","index":"2","json":"{\"type\":11,\"simon\":{\"prompt\":\"                    Take a breath. Calm down. Watch and repeat.\",\"sounds\":[\"33DA43B0-6A51-1EBE-C286-114958FEE8F1.mp3\",\"79BFBD58-A586-A61A-F91E-A7BFA6D8C284.mp3\",\"7B1740DE-1868-86F4-681C-CF3A08542EE6.mp3\",\"32DEBF0F-F736-3842-F06F-D594E9441918.mp3\",\"E1C1C5C4-75A1-BB42-3822-0D872D7C8432.mp3\",\"54C24D07-677A-7733-8F56-15CDB3E0E7FE.mp3\",\"60BA1F44-84C4-55A1-A1C4-5B3DF1E597F4.mp3\",\"CA0BE3DA-B1C3-2ACE-4345-32BB82B3361B.mp3\",\"3E7EBA4A-B71B-03DE-E5F7-F09F00C47E68.mp3\"],\"phrase\":\"There is|a secret|for getting|rich.\",\"wrong\":\"faith|desire|persistence|imagination|planning\",\"time\":0,\"score\":0,\"gems\":0,\"sound\":\"\"},\"feedback\":[\"Yes, there is a secret for getting rich, and Napoleon hill wrote about that secret in his classic Think and Grow Rich. After all these years, his philosophy for achieving success is still powerful and can change your life for the better. This course will help you to put his philosophy into action quickly and effectively.\",\"Always keep trying until you succeed. Napoleon hill wrote about a secret for getting rich in his classic Think and Grow Rich. After all these years, his philosophy is still powerful and can change your life for the better. This course will help you to put his philosophy into action quickly and effectively.\"],\"score\":\"40\",\"gems\":\"1\"}","lite":"1","guid":"26d09d72-9a35-48e4-a45f-9d6e8a8fcf22","growth_activity":"0"},{"id":"100346","courseId":"230","type":"13","summary":"The secret, the book, this course","index":"3","json":"{\"type\":13,\"thisthat\":{\"questions\":[{\"text\":\"Napoleon Hill wrote about the secret in his timeless classic, Think and Grow Rich. Millions of people have been changed by this book. &#10;&#10;When he wrote the book, America was in the midst of what event?\",\"correct\":\"The Great Depression\",\"wrong\":\"The Vietnam War\",\"value\":true,\"feedback\":[\"Yes, the book first appeared in 1937, in the depths of the Great Depression. Hill&#39;s message was a rejection of fear and a call for positive action in the new world he saw rising from the ashes of the old. Today, too, a new world is emerging with great opportunity.\",\"No, the book first appeared in 1937, in the depths of the Great Depression. Hill&#39;s message was a rejection of fear and a call for positive action in the new world he saw rising from the ashes of the old. Today, too, a new world is emerging with great opportunity.\"]},{\"text\":\"The &#39;secret&#39; that Hill writes about was &#39;casually tossed&#39; to him when he was just a boy. &#10;&#10;Who tossed him this gem of practical wisdom?\",\"correct\":\"Abraham Lincoln\",\"wrong\":\"Andrew Carnegie\",\"value\":false,\"feedback\":[\"Yes, The secret is based on Andrew Carnegie&#39;s proven formula for success. Carnegie was then the wealthiest man in the United States and he challenged Hill to investigate the secret. Hill interviewed hundreds of successful people over 25 years and then wrote his book.&#10;\",\"No, Lincoln had died 20 years before Hill&#39;s birth. The secret is based on Andrew Carnegie&#39;s formula for success. Carnegie was the richest man in the US and he challenged Hill to investigate the secret. Hill interviewed hundreds of successful people over 25 years and then wrote his book.\"]},{\"text\":\"A copy of Hill&#39;s book is included in this course if you haven&#39;t yet read it. &#10;&#10;What do you think Hill says is hidden on every page of the book? \",\"correct\":\"The secret\",\"wrong\":\"The formula for Coke\",\"value\":true,\"feedback\":[\"Yes, he said that the secret was hidden on every page of the book and that it can hit you at any moment. Similarly, if you focus and play through this whole course, you will likely discover the secret.\",\"No, not the formula for Coke. Hill said that the secret was hidden on every page of the book and that it can hit you at any moment. Similarly, if you focus and play through this whole course, you will likely discover the secret.\"]}],\"timer\":0,\"noscore\":true},\"feedback\":[\"The bottom line: This course will change your life...if you are ready for it.\",\"The bottom line: This course will change your life...if you are ready for it.\"],\"score\":0,\"gems\":0}","lite":"1","guid":"b9321a8e-315f-4513-8129-6f5da9b47588","growth_activity":"0"},{"id":"100347","courseId":"230","type":"6","summary":"A Clue","index":"4","json":"{\"type\":6,\"image\":\"B7A47EAA-E1D7-3BBE-D08D-9347E57A3487.png\",\"presentation\":[{\"text\":\"Here is a clue to the Secret:\",\"in\":0,\"time\":1,\"sound\":\"\",\"alignment\":0,\"size\":2,\"color\":\"#256ED7\"},{\"text\":\"All achievement,&#10;All earned riches,&#10;Have their beginning...\",\"in\":0,\"time\":3,\"sound\":\"\",\"alignment\":0,\"color\":\"#000000\",\"size\":0},{\"text\":\"...in an idea.\",\"in\":0,\"time\":4,\"sound\":\"\",\"alignment\":0,\"size\":0,\"color\":\"#000000\"}]}","lite":"1","guid":"888535bc-5eca-4d82-b349-16588106e5ce","growth_activity":"0"},{"id":"100348","courseId":"230","type":"10","summary":"On the Course","index":"5","json":"{\"type\":10,\"dragdrop\":{\"timer\":30,\"layout\":0,\"goals\":[{\"isImage\":true,\"text\":\"\",\"image\":\"8F2B625C-378D-8B99-4DE8-20EA6F879840.png\"}],\"items\":[{\"goal\":1,\"isImage\":true,\"text\":\"Growing\",\"image\":\"738D8DF5-8327-67EE-A6DD-5BBC34B809AC.png\",\"feedback\":[\"This course is all about growth, especially growing rich in all ways no matter what rich means to you.\",\"\"]},{\"goal\":1,\"isImage\":true,\"text\":\"A Secret\",\"image\":\"D91F7D85-14B8-9BC0-4A2C-383485C2C17F.png\",\"feedback\":[\"Need we say it again. There IS a secret for getting rich. Hill learned about it from dozens of the wealthiest people in his day. You&#39;ll see.\",\"\"]},{\"goal\":0,\"isImage\":true,\"text\":\"Fear\",\"image\":\"4B428EF1-C6F8-B404-7AE2-8ABEEB9C23ED.png\",\"feedback\":[\"\",\"There is no room for fear in Hill&#39;s system. As FDR said during the Depression: The only thing we have to fear, is fear itself. Think on that for a moment.\"]},{\"goal\":0,\"isImage\":true,\"text\":\"Poverty\",\"image\":\"4FECBB29-1922-39E0-2581-1C547B29716C.png\",\"feedback\":[\"\",\"You will learn about Poverty thinking and Wealth thinking and how you can control your mind to move towards Wealth.\"]}],\"prompt\":\"Let&#39;s review: Drag all that apply.\",\"sound\":\"\"},\"feedback\":[\"Onward to wealth!\",\"Take your time. Focus. Think. Consider what you read. Then move on to wealth.\"],\"score\":\"60\",\"gems\":\"1\"}","lite":"1","guid":"0797ce44-cc57-4e72-8e50-f3a12d734d86","growth_activity":"0"},{"id":"100349","courseId":"230","type":"6","summary":"You have reached the end","index":"6","json":"{\"type\":6,\"image\":\"\",\"presentation\":[{\"text\":\"This is the end of Burst 1\",\"in\":0,\"time\":1,\"sound\":\"\"},{\"text\":\"You have reached the end of Burst 1. You see, it took only a short time.\",\"in\":0,\"time\":2,\"sound\":\"\"},{\"text\":\"When you touch Next, you will see your Progress Screen. Study this screen. It will show you your stats, including whether or not you unlocked the next Burst. If you haven&#39;t, the come back and replay this Burst for a higher score.&#10;&#10;It will also show you if you have collected all the available gems. Gems are good. \",\"in\":0,\"time\":3,\"sound\":\"\"},{\"text\":\"You will also see your weather: clouds to sunshine. The better the weather, the more you will likely be getting out of this course.\",\"in\":0,\"time\":3,\"sound\":\"\"}]}","lite":"1","guid":"b00ef344-cf51-43e1-aa2e-4b5a933a14b9","growth_activity":"0"},{"id":"100350","courseId":"230","type":"4","summary":"Welcome","index":"7","json":"{ \"type\":4}","lite":"1","guid":"dbd7dd95-57c3-4b17-aee8-b39eca48ba7f","growth_activity":"0"},{"id":"100351","courseId":"230","type":"3","summary":"Why You Are Here","index":"8","json":"{\"type\":3,\"intro\":{\"title\":\"Why You Are Here\",\"description\":\"It is no accident that you have been drawn to this course at this time in your life&#39;s journey. You are being called to step up to the plate and fully be all that you are capable of being.  &#10;&#10;&#10;&#10;&#10;&#10;&#10;&#10;This course will show you how to do that.\",\"image\":\"29E85D2E-D4CA-78C6-F897-65E5FA8C42B3.png\",\"sound\":\"\",\"volume\":50},\"unlockscore\":0,\"quicklink\":false,\"quotation\":\"\"}","lite":"1","guid":"1eae2df4-aa31-4c45-8168-560c561f5e37","growth_activity":"0"},{"id":"100352","courseId":"230","type":"20","summary":"You are here because","index":"9","json":"{\"type\":20,\"multiple\":{\"timer\":0,\"answers\":[{\"correct\":true,\"text\":\"Life has not worked out for me the way I&#39;d wanted.\",\"feedback\":\"Here&#39;s the thing: life doesn&#39;t just &#39;work out.&#39; You have to focus on a desire and make a plan to get there. That&#39;s what Hill&#39;s message is about and if you play through this course, you&#39;ll be that much closer to becoming the master of your life.\"},{\"correct\":true,\"text\":\"I want to improve myself.\",\"feedback\":\"Great. This course will help you to learn to focus on your desire and then make a plan to get achieve it.\"},{\"correct\":true,\"text\":\"I want to get rich.\",\"feedback\":\"Play through this course, doing everything it asks you to do, and you will on your way.\"},{\"correct\":true,\"text\":\"I seem to always make mistakes and feel defeated.\",\"feedback\":\"If you are dissipated, having undergone defeat, and felt the great heart within you crushed till it bled. Take courage - those experiences have tempered the spiritual metal of which you are made - they are assets of value.\"}],\"sound\":\"\",\"text\":\"Think about it. Why are you here, now, reading these words, looking for something better inside of you? Choose ALL that apply to you.\"},\"feedback\":[\"We all want riches. We all want our desires fulfilled. So, take heart, you have taken the first step. The very fact that you are here now, shows you are on your way to becoming a winner. Now, touch Close, then touch any answer for more feedback.\",\"We all want riches. We all want our desires fulfilled. So, take heart, you have taken the first step. The very fact that you are here now, shows you are on your way to becoming a winner. Now, touch Close, then touch any answer for more feedback.\"],\"score\":\"20\",\"gems\":\"1\"}","lite":"1","guid":"a705f6f0-5e88-4325-a80d-3d11a14a10ed","growth_activity":"0"},{"id":"100353","courseId":"230","type":"6","summary":"All who are ready","index":"10","json":"{\"type\":6,\"image\":\"\",\"presentation\":[{\"text\":\"The Secret Will Work for All Who are Ready for it.\",\"in\":0,\"time\":1,\"sound\":\"\",\"size\":2,\"color\":\"#256ED7\",\"alignment\":1},{\"text\":\"To be ready for it, you must know the answer to this question:\",\"in\":0,\"time\":2,\"sound\":\"\",\"alignment\":1},{\"text\":\"What is it your desire most?\",\"in\":0,\"time\":3,\"sound\":\"\",\"alignment\":1}]}","lite":"1","guid":"600a01e0-4424-46b3-b1d0-9bf6e37aa294","growth_activity":"0"},{"id":"100354","courseId":"230","type":"16","summary":"What do you desire?","index":"11","json":"{\"type\":16,\"wordheat\":{\"prompt\":\"To help start thinking about what you truly desire, play with the words below, moving them further away and closer. Closer is more important; further away is less important. There are no right and wrong answers.\",\"words\":[{\"word\":\"OneOneOneOneOne\",\"layer\":5},{\"word\":\"TwoTwoTwoTwoTwo\",\"layer\":5},{\"word\":\"ThreeThreeThreeThree\",\"layer\":0},{\"word\":\"FourFourFourFourFour\",\"layer\":0},{\"word\":\"FiveFiveFiveFiveFive\",\"layer\":0},{\"word\":\"SixSixSixSixSixSixSix\",\"layer\":0},{\"word\":\"SevenSevenSevenSeven\",\"layer\":0},{\"word\":\"EightEightEightEight\",\"layer\":5},{\"word\":\"NineNineNineNine\",\"layer\":0},{\"word\":\"TenTenTenTenTen\",\"layer\":0},{\"word\":\"ElevenElevenEleven\",\"layer\":0},{\"word\":\"TwelveTwelveTwelve\",\"layer\":0}],\"timer\":0,\"sound\":\"\"},\"feedback\":[\"Consider these desires and how you have placed them. See what is important to you and let this guide you when you settle on your goal that you will pursue above all else.\",\"Fail\"],\"score\":0,\"gems\":0}","lite":"1","guid":"22803e7d-36ad-4e05-8f8e-7e060d7a837a","growth_activity":"0"},{"id":"100355","courseId":"230","type":"4","summary":"Your Desire","index":"12","json":"{ \"type\":4}","lite":"1","guid":"ae19127e-95a0-4e1a-b16c-b4f2de6ae2f9","growth_activity":"0"},{"id":"100356","courseId":"230","type":"3","summary":"When it Appears","index":"13","json":"{\"type\":3,\"intro\":{\"title\":\"When it Appears\",\"description\":\"As you play through this course, the secret will jump from the screen and stand boldly before you - if you are ready for it! &#10;&#10;&#10;&#10;&#10;&#10;&#10;&#10;&#10; &#10;When it appears, you will recognize it. That occasion will mark the most important turningpoint in your life!&#10;\",\"image\":\"24242761-6565-1D3D-F0F1-C4A22792B7C0.png\",\"sound\":\"\",\"volume\":50},\"unlockscore\":\"40\",\"quicklink\":false,\"quotation\":\"\"}","lite":"1","guid":"be0918a8-367d-4674-a2fe-237c93fd91e2","growth_activity":"0"},{"id":"100357","courseId":"230","type":"9","summary":"A Peculiar Thing","index":"14","json":"{\"type\":9,\"wordfill\":{\"text\":\"Those who do acquire and use ##1## &#10;will find themselves literally &#10;##2## to ##3##.\",\"prompt\":\"Here&#39;s a peculiar thing that you should be aware of:\",\"sound\":\"\",\"words\":[\"the secret\",\"swept on\",\"success\"],\"timer\":60},\"feedback\":[\"Yes, you&#39;ll be swept on to success. As Hill says: When riches begin to come, they come so quickly, and in such great abundance, that one wonders where they have been hiding during all those lean years.&#10;\",\"Those who do acquire the secret, and use it, will find themselves literally swept on to success. Hill says: When riches begin to come, they come so quickly, and in such great abundance, that one wonders where they have been hiding during all those lean years.\"],\"score\":\"80\",\"gems\":\"1\"}","lite":"1","guid":"935bdb40-bebb-4868-95ee-e85e6b3dcc40","growth_activity":"0"},{"id":"100358","courseId":"230","type":"14","summary":"For the secret to work","index":"15","json":"{\"type\":14,\"question\":{\"timer\":20,\"multiplechoice\":true,\"answers\":[{\"correct\":true,\"text\":\"know what you want.\",\"feedback\":\"Yes!\"},{\"correct\":false,\"text\":\"work hard and long.\",\"feedback\":\"No. that is not a requirement.\"},{\"correct\":false,\"text\":\"have a college degree.\",\"feedback\":\"No, that is not a requirement.\"}],\"sound\":\"\",\"text\":\"For the secret to work, you must:\"},\"feedback\":[\"\",\"\"],\"score\":\"20\",\"gems\":0}","lite":"1","guid":"975e2c2c-32a4-4179-afb1-72cbb3362408","growth_activity":"0"},{"id":"100360","courseId":"230","type":"4","summary":"When it Appears","index":"17","json":"{ \"type\":4}","lite":"1","guid":"26dfcb74-eadb-4e9f-aa5b-53d9cc8dec51","growth_activity":"0"},{"id":"100361","courseId":"230","type":"2","summary":"Thoughts are Things","index":"18","json":"{ \"type\":2}","lite":"1","guid":"ab0c2ccf-f55a-438c-8557-702845563b13","growth_activity":"0"}]