{"id":"230","credits":"2","dollars":"9.99","summary":"A new vision of the Napoleon Hill classic","description":"In-a-Blink courses cut through the clutter and present the essence of the material. In this easy-to-follow version of Think and Grow Rich, you will quickly unlock the secret to attaining your desire.","date":"2014-12-03 09:00:34","iconURL":"icon182.jpg","imageURL":"image182.jpg","vimeo":"","title":"Think and Grow Rich in a Blink! - copy 1 TEST ACTS","editDate":"2014-12-04 05:19:06","buildAvailable":"1","published":"0","publicationDate":null}