{"id":"293","authorId":"0","groupId":"0","credits":"2","dollars":"9.99","summary":"A new version of Wallace Wattles timeless classic.","description":"This In-a-Blink course help you to quickly learn and forever retain Wattles message from his classic, The Science of Getting Rich. (Includes the full text of the book.)","date":"2015-12-10 06:11:06","iconURL":"icon268.jpg","imageURL":"image268.jpg","vimeo":"","title":"The Science of Getting Rich In a Blink! - up to Unit 8 edited","editDate":"2015-12-10 06:11:36","buildAvailable":"0","published":"0","publicationDate":null}