[{"id":"100420","courseId":"230","type":"3","summary":"24 Hour Mind Check","index":"0","json":"{\"type\":3,\"intro\":{\"title\":\"24 Hour Mind Check\",\"description\":\"Check your mind for positive and negative each hour.\",\"image\":\"\",\"sound\":\"\",\"volume\":50},\"unlockscore\":0,\"quicklink\":false,\"quotation\":\"\"}","lite":"0","guid":"30211ce2-6199-4bf2-a140-1c0b4cc07e07","growth_activity":"1"},{"id":"100421","courseId":"230","type":"7","summary":"Hour 1","index":"1","json":"{\"type\":7,\"input\":{\"type\":1,\"prompt\":\"Are you more positive or negative? Give some specifics\",\"locked\":false},\"feedback\":[\"\",\"\"],\"score\":0,\"gems\":0}","lite":"0","guid":"96ff9e02-5a5d-4631-920f-47ff4b18aab1","growth_activity":"1"},{"id":"100422","courseId":"230","type":"7","summary":"Hour 2","index":"2","json":"{\"type\":7,\"input\":{\"type\":1,\"prompt\":\"Are you more positive or negative?\",\"locked\":false},\"feedback\":[\"\",\"\"],\"score\":0,\"gems\":0}","lite":"0","guid":"9388b6d4-6701-4c4b-8301-7dca09a682e6","growth_activity":"1"},{"id":"100423","courseId":"230","type":"4","summary":"24 Hour Mind Check","index":"3","json":"{ \"type\":4}","lite":"0","guid":"887d6b54-18b5-43db-afec-bc3f5c7c5fc6","growth_activity":"1"}]