[{"id":"483329","courseId":"302","type":"1","summary":"Introduction","index":"0","json":"{\"type\":1,\"intro\":{\"title\":\"Introduction\",\"description\":\"This Blink Course is a new way to experience the George S. Clason classic, The Richest Man in Babylon. First published as a series of pamphlets on thrift and financial success starting in 1926, they used parables set in ancient Babylon to make their points.&#10;&#10;&#10;&#10;&#10;&#10;&#10;&#10;This book has changed countless lives and through this course, it can change your life.\",\"image\":\"F1E972D7-B07C-381B-63E6-D6C527976518.png\"},\"dossier\":false}","lite":"1","guid":"d122ec55-aca6-4b1f-a316-7bb27be9ad23","growth_activity":"0"},{"id":"483330","courseId":"302","type":"3","summary":"Preface","index":"1","json":"{\"type\":3,\"intro\":{\"title\":\"Preface\",\"description\":\"Ahead of you stretches your future like a road leading into the distance. Along that road are ambitions you wish to accomplish, desires you wish to gratify.&#10;&#10;To bring your ambitions and desires to fulfillment, you must be successful with money.\",\"image\":\"\",\"sound\":\"\",\"volume\":50},\"unlockscore\":\"300\",\"quicklink\":false,\"quotation\":\"\",\"dossier\":false}","lite":"1","guid":"5db37949-b2b7-41b3-97bb-bc3e1039babe","growth_activity":"0"},{"id":"483331","courseId":"302","type":"6","summary":"Use These Principles","index":"2","json":"{\"type\":6,\"image\":\"\",\"presentation\":[{\"text\":\"Use These Principles\",\"in\":1,\"time\":1,\"sound\":\"\",\"size\":2,\"color\":\"#256ED7\"},{\"text\":\"Use the financial principles made clear in this course. Let them guide you away from the stringencies of a lean purse to that fuller, happier life that a full purse makes possible.\",\"in\":1,\"time\":2,\"sound\":\"\"},{\"text\":\"Like the law of gravity, they are universal and unchanging. May they prove for you, as they have proven to so many others, a sure key to a fat purse, larger bank balances and gratifying financial progress.\",\"in\":1,\"time\":2,\"sound\":\"\"}]}","lite":"1","guid":"3381684d-ee74-4d98-b1ff-ef0417237877","growth_activity":"0"},{"id":"483332","courseId":"302","type":"9","summary":"Money Is Plentiful","index":"3","json":"{\"type\":9,\"wordfill\":{\"text\":\"Money is ##1##&#10;For those who ##2##&#10;These simple principles of its ##3##\",\"prompt\":\"Let this be your motto for the rest of your life:\",\"sound\":\"\",\"words\":[\"plentiful\",\"understand\",\"acquisition\"],\"timer\":0},\"feedback\":[\"Money will be plentiful for you if you understand the seven simple principles that follow. These seven principles form the foundation of the course. Think about how each one applies to your life.\",\"Money will be plentiful for you if you understand the seven simple principles that follow. These seven principles form the foundation of the course. Think about how each one applies to your life.\"],\"score\":\"75\",\"gems\":\"1\"}","lite":"1","guid":"ed2a5138-71f3-44a6-a5c4-3cdd8a3c7dbe","growth_activity":"0"},{"id":"483333","courseId":"302","type":"12","summary":"A Fat Purse","index":"4","json":"{\"type\":12,\"orderitems\":{\"slots\":[\"Start thy\",\"purse to\",\"fattening.\"],\"items\":[{\"text\":\"Start thy\",\"slot\":1},{\"text\":\"purse to\",\"slot\":2},{\"text\":\"fattening.\",\"slot\":3}],\"ordered\":true,\"timer\":0,\"sound\":\"\",\"prompt\":\"Money Acquisition Principle 1\"},\"feedback\":[\"In other words: Begin now to increase your wealth.\",\"In other words: Begin now to increase your wealth.\"],\"score\":\"75\",\"gems\":\"1\"}","lite":"1","guid":"763a8315-2821-4fab-8c31-42ad596fc033","growth_activity":"0"},{"id":"483334","courseId":"302","type":"12","summary":"Control Expenditures","index":"5","json":"{\"type\":12,\"orderitems\":{\"slots\":[\"Control\",\"thy\",\"expenditures.\"],\"items\":[{\"text\":\"Control\",\"slot\":1},{\"text\":\"thy\",\"slot\":2},{\"text\":\"expenditures.\",\"slot\":3}],\"ordered\":true,\"timer\":0,\"sound\":\"\",\"prompt\":\"Money Acquisition Principle 2\"},\"feedback\":[\"In other words: Don&#39;t spend all your money.\",\"In other words: Don&#39;t spend all your money.\"],\"score\":\"75\",\"gems\":\"1\"}","lite":"1","guid":"326227a0-44f6-46e6-89b8-62042d5ca7bf","growth_activity":"0"},{"id":"483335","courseId":"302","type":"12","summary":"Multiply Thy Gold","index":"6","json":"{\"type\":12,\"orderitems\":{\"slots\":[\"Multiply\",\"thy\",\"gold.\"],\"items\":[{\"text\":\"Multiply\",\"slot\":1},{\"text\":\"thy\",\"slot\":2},{\"text\":\"gold.\",\"slot\":3}],\"ordered\":true,\"timer\":0,\"sound\":\"\",\"prompt\":\"Money Acquisition Principle 3\"},\"feedback\":[\"In other words: Figure out how to make your money earn more money.\",\"In other words: Figure out how to make your money earn more money.\"],\"score\":\"75\",\"gems\":\"1\"}","lite":"1","guid":"304b2dce-cde5-4c17-bf98-717404085274","growth_activity":"0"},{"id":"483336","courseId":"302","type":"12","summary":"Guard thy treasures","index":"7","json":"{\"type\":12,\"orderitems\":{\"slots\":[\"Guard\",\"thy\",\"treasures.\"],\"items\":[{\"text\":\"Guard\",\"slot\":1},{\"text\":\"thy\",\"slot\":2},{\"text\":\"treasures.\",\"slot\":3}],\"ordered\":true,\"timer\":0,\"sound\":\"\",\"prompt\":\"Money Acquisition Principle 4\"},\"feedback\":[\"In other words: Be selective about whose advice you take on what to do with your money.\",\"In other words: Be selective about whose advice you take on what to do with your money.\"],\"score\":\"75\",\"gems\":\"1\"}","lite":"1","guid":"d8955e54-b4c1-422a-971d-0e02b61bbe1f","growth_activity":"0"},{"id":"483337","courseId":"302","type":"12","summary":"A profitable investment","index":"8","json":"{\"type\":12,\"orderitems\":{\"slots\":[\"Make of\",\"thy dwelling a\",\"profitable investment.\"],\"items\":[{\"text\":\"Make of\",\"slot\":1},{\"text\":\"thy dwelling a\",\"slot\":2},{\"text\":\"profitable investment.\",\"slot\":3}],\"ordered\":true,\"timer\":0,\"sound\":\"\",\"prompt\":\"Money Acquisition Principle 5\"},\"feedback\":[\"In other words: Protect and grow the value of what may very likely be your biggest investment.\",\"In other words: Protect and grow the value of what may very likely be your biggest investment.\"],\"score\":\"75\",\"gems\":\"1\"}","lite":"1","guid":"7a696832-1247-4c58-a232-6f9cddb80f89","growth_activity":"0"},{"id":"483338","courseId":"302","type":"12","summary":"Insure a future income","index":"9","json":"{\"type\":12,\"orderitems\":{\"slots\":[\"Insure\",\"a future\",\"income.\"],\"items\":[{\"text\":\"Insure\",\"slot\":1},{\"text\":\"a future\",\"slot\":2},{\"text\":\"income.\",\"slot\":3}],\"ordered\":true,\"timer\":0,\"sound\":\"\",\"prompt\":\"Money Acquisition Principle 6\"},\"feedback\":[\"In other words: figure out how to create an income stream that will keep coming to you even when you are not working.\",\"In other words: figure out how to create an income stream that will keep coming to you even when you are not working.\"],\"score\":\"75\",\"gems\":\"1\"}","lite":"1","guid":"edf19177-b9da-4816-ab5d-c8a5ef10a33d","growth_activity":"0"},{"id":"483339","courseId":"302","type":"12","summary":"Increase thy earning","index":"10","json":"{\"type\":12,\"orderitems\":{\"slots\":[\"Increase\",\"thy\",\"earning.\"],\"items\":[{\"text\":\"Increase\",\"slot\":1},{\"text\":\"thy\",\"slot\":2},{\"text\":\"earning.\",\"slot\":3}],\"ordered\":true,\"timer\":0,\"sound\":\"\",\"prompt\":\"Money Acquisition Principle 7\"},\"feedback\":[\"In other words: make more money.\",\"In other words: make more money.\"],\"score\":\"75\",\"gems\":\"1\"}","lite":"1","guid":"dc251db7-1614-4216-91b4-278a473b9023","growth_activity":"0"},{"id":"483340","courseId":"302","type":"6","summary":"Blinks and Bursts","index":"11","json":"{\"type\":6,\"image\":\"\",\"presentation\":[{\"text\":\"Blinks and Bursts\",\"in\":1,\"time\":1,\"sound\":\"\",\"size\":2,\"color\":\"#256ED7\"},{\"text\":\"You&#39;ve just played through a series of Blinks (quick activities) and you&#39;re now almost done with this course&#39;s first Burst (a sequence of Blinks). \",\"in\":1,\"time\":2,\"sound\":\"\"},{\"text\":\"This first Burst was about the ideas in the preface to the book, and you were able to earn 8 gems. Touch the eye in the lower left to see how many you earned. Gems reflect how well you understand the material. \",\"in\":1,\"time\":1,\"sound\":\"\"},{\"text\":\"To unlock the next Burst, you must have accumulated at least 300 points. The gray bar you opened by touching the eye will tell you if you have unlocked it yet.\",\"in\":1,\"time\":2,\"sound\":\"\"}]}","lite":"1","guid":"ea76e130-6141-4b3d-91d4-ca7d6b7b7913","growth_activity":"0"},{"id":"483341","courseId":"302","type":"6","summary":"Progress Screen","index":"12","json":"{\"type\":6,\"image\":\"A8AAC098-47D5-52D4-076F-6D14CFFBFA4C.png\",\"presentation\":[{\"text\":\"Progress Screen\",\"in\":1,\"time\":1,\"sound\":\"\",\"size\":2,\"color\":\"#256ED7\"},{\"text\":\"This is the final Blink in this Burst. At the end of each Burst you&#39;ll see your Progress Screen (see sample above) where you&#39;ll find stats on how you&#39;re doing and see where you are on your way up the mountain of mastery. And the better the weather, the better you appear to be grasping the material.\",\"in\":1,\"time\":2,\"sound\":\"\"},{\"text\":\"If there&#39;s a check mark next to &#34;Target Score,&#34; you&#39;ve unlocked the next Burst. If not, replay this Burst and try for a higher score. If there&#39;s a check mark next to &#34;Max Gems,&#34; you&#39;ve earned all available gems. You don&#39;t need all the gems to move on, but if you want, come back and try to earn them all.\",\"in\":1,\"time\":2,\"sound\":\"\"},{\"text\":\"Enjoy your journey!\",\"in\":1,\"time\":2,\"sound\":\"\"}]}","lite":"1","guid":"d3eb7051-bbf7-41e3-8bbe-9fe56aca59af","growth_activity":"0"},{"id":"483342","courseId":"302","type":"4","summary":"Preface","index":"13","json":"{ \"type\":4}","lite":"1","guid":"d059224f-d240-4dd2-8cf0-0d0b341e082e","growth_activity":"0"},{"id":"483343","courseId":"302","type":"3","summary":"Forward","index":"14","json":"{\"type\":3,\"intro\":{\"title\":\"Forward\",\"description\":\"Our nation&#39;s prosperity depends upon the personal financial prosperity of each of us as individuals.  This course deals with the personal success of each of us. The goal is to offer those who are ambitious for financial success an insight which will aid them...&#10;&#10;...to acquire money, to keep money and to make their surpluses earn more money.\",\"image\":\"\",\"sound\":\"\",\"volume\":50},\"unlockscore\":\"100\",\"quicklink\":false,\"quotation\":\"\",\"dossier\":false}","lite":"1","guid":"f2a1f8b6-4026-4507-ba5e-a08be5bd8744","growth_activity":"0"},{"id":"483344","courseId":"302","type":"9","summary":"Success means...","index":"15","json":"{\"type\":9,\"wordfill\":{\"text\":\"Proper ##3## is the key to our ##1##. ##2## can be no wiser than our ##4##. Our ##6## be no wiser than ##5##.\",\"prompt\":\"Success means accomplishments that are the result of our own efforts and abilities.\",\"sound\":\"\",\"words\":[\"success\",\"Our acts\",\"preparation\",\"thoughts\",\"our understanding\",\"thinking can\"],\"timer\":0},\"feedback\":[\"Proper preparation is the key to our success. Our acts can be no wiser than our thoughts. Our thinking can be no wiser than our understanding.\",\"Proper preparation is the key to our success. Our acts can be no wiser than our thoughts. Our thinking can be no wiser than our understanding.\"],\"score\":\"150\",\"gems\":\"1\"}","lite":"1","guid":"8c970240-1be5-42a3-991c-be0c0b206d63","growth_activity":"0"},{"id":"483345","courseId":"302","type":"10","summary":"Babylon, the cradle","index":"16","json":"{\"type\":10,\"dragdrop\":{\"timer\":0,\"layout\":0,\"goals\":[{\"isImage\":false,\"text\":\"Babylon&#39;s Citizens\",\"image\":\"\"}],\"items\":[{\"goal\":1,\"isImage\":false,\"text\":\"Richest People\",\"image\":\"\",\"feedback\":[\"Babylon&#39;s citizens were the richest people of their time.\",\"Babylon&#39;s citizens were the richest people of their time.\"]},{\"goal\":1,\"isImage\":false,\"text\":\"Value of Money\",\"image\":\"\",\"feedback\":[\"Babylon&#39;s citizens appreciated the value of money.\",\"Babylon&#39;s citizens appreciated the value of money.\"]},{\"goal\":1,\"isImage\":false,\"text\":\"Sound Financial Principles\",\"image\":\"\",\"feedback\":[\"Babylon&#39;s citizens practiced sound financial principles in acquiring money, keeping money and making their money earn more money.\",\"Babylon&#39;s citizens practiced sound financial principles in acquiring money, keeping money and making their money earn more money.\"]},{\"goal\":1,\"isImage\":false,\"text\":\"Future Income\",\"image\":\"\",\"feedback\":[\"Babylon&#39;s citizens provided for themselves what we all desire: income for the future.\",\"Babylon&#39;s citizens provided for themselves what we all desire: income for the future.\"]}],\"prompt\":\"In this course, we will be taken back to Babylon, the cradle in which was nurtured the basic principles of finance now used the world over. Babylon became the wealthiest city of the ancient world because:\",\"sound\":\"\"},\"feedback\":[\"If you&#39;d like to read the original book that this course is based upon, a DIGITAL COPY OF THE BOOK is included in this course. To access it, finish this Burst, then touch the three line icon in the upper left and choose Activities from the menu.\",\"If you&#39;d like to read the original book that this course is based upon, a DIGITAL COPY OF THE BOOK is included in this course. To access it, finish this Burst, then touch the three line icon in the upper left and choose Activities from the menu.\"],\"score\":\"100\",\"gems\":\"1\"}","lite":"1","guid":"60dbc181-3a76-41f4-83cb-7818277a64fe","growth_activity":"0"},{"id":"483346","courseId":"302","type":"6","summary":"Our Wish","index":"17","json":"{\"type\":6,\"image\":\"\",\"presentation\":[{\"text\":\"It is Our Wish\",\"in\":1,\"time\":1,\"sound\":\"\",\"size\":2,\"color\":\"#256ED7\"},{\"text\":\"It is our wish that this course may inspire...\",\"in\":1,\"time\":2,\"sound\":\"\"},{\"text\":\"Growing bank accounts...\",\"in\":1,\"time\":2,\"sound\":\"\"},{\"text\":\"Greater financial success...\",\"in\":1,\"time\":2,\"sound\":\"\"},{\"text\":\"And the solution of difficult personal financial problems.\",\"in\":1,\"time\":2,\"sound\":\"\"}]}","lite":"1","guid":"9eec2546-4cb7-443b-b962-5bda16dd18d8","growth_activity":"0"},{"id":"483347","courseId":"302","type":"4","summary":"Forward","index":"18","json":"{ \"type\":4}","lite":"1","guid":"03622627-b833-4e28-855b-2215142feca4","growth_activity":"0"},{"id":"483348","courseId":"302","type":"3","summary":"Credits, Copyright and Contact Info","index":"19","json":"{\"type\":3,\"intro\":{\"title\":\"Credits, Copyright and Contact Info\",\"description\":\"We hope this course helps you to change your life for the better. In this Burst, we take a moment to list the wonderful folks who helped to make this course and Blink Training a reality. &#10;&#10;&#10;&#10;&#10;&#10;&#10;&#10;We never give up and we hope you never give up either.\",\"image\":\"C71A41F4-8817-544A-2ED7-5E4952328E4E.png\",\"sound\":\"\",\"volume\":50},\"unlockscore\":0,\"quicklink\":false,\"quotation\":\"\"}","lite":"1","guid":"9965a14d-01dd-495c-a67e-27fe1160b088","growth_activity":"0"},{"id":"483349","courseId":"302","type":"6","summary":"Credits","index":"20","json":"{\"type\":6,\"image\":\"\",\"presentation\":[{\"text\":\"Credits\",\"in\":1,\"time\":1,\"sound\":\"\",\"size\":2,\"color\":\"#256ED7\"},{\"text\":\"App and Blinks interactive design  Jeff Siegel and Nik Lever&#10;App GUI additional graphic design  Aidan Siegel&#10;Sound Effects  Ed Lima&#10;&#10;Catalyst Pictures LTD&#10;   Nik Lever - chief software engineer&#10;   Ky Thanh - software engineer&#10;   Pam Lever - design&#10;&#10;Blink Training Systems, LLC&#10;   Jeff Siegel, President&#10;&#10;&#10;\",\"in\":1,\"time\":2,\"sound\":\"\"}]}","lite":"1","guid":"f1232d99-3ba9-412a-bf26-db90dc13d827","growth_activity":"0"},{"id":"483350","courseId":"302","type":"6","summary":"Copyright","index":"21","json":"{\"type\":6,\"image\":\"\",\"presentation\":[{\"text\":\"Copyright Information\",\"in\":1,\"time\":1,\"sound\":\"\",\"size\":2,\"color\":\"#256ED7\"},{\"text\":\"The Richest Man in Babylon...in a Blink course is Copyright (c) 2016 by Blink Training Systems, LLC. All Rights Reserved.&#10;&#10;Portions of this course are from the original 1926 version of The Richest Man in Babylon by George S. Clason. Originally a series of separate informational pamphlets distributed by banks and insurance companies, the pamphlets were bound together and published in book form in 1926 and is now in the public domain. &#10;&#10;This course is not sponsored or endorsed by, or otherwise affiliated with, George S. Clason or his family and heirs or any other person or entity.&#10;&#10;Blink eye logo, interactive course design, and course look and feel copyright (c) 2016 by Blink Training Systems, LLC. All Rights Reserved.&#10;&#10;No part of this course may be reproduced or transmitted in any form, by any means, (electronic, photocopying, recording, or otherwise) without the prior written permission of the author. No liability is assumed with respect to the use of the information contained within. Although every precaution has been taken, the author assumes no liability for errors or omissions. Neither is any liability assumed for damages resulting from the use of the information contained herein.&#10;&#10;&#10;\",\"in\":1,\"time\":2,\"sound\":\"\"}]}","lite":"1","guid":"67b2f5eb-6065-4607-bb77-73fd51bd3f5d","growth_activity":"0"},{"id":"483351","courseId":"302","type":"6","summary":"Contact Info","index":"22","json":"{\"type\":6,\"image\":\"\",\"presentation\":[{\"text\":\"Contact Information\",\"in\":1,\"time\":1,\"sound\":\"\",\"size\":2,\"color\":\"#256ED7\"},{\"text\":\"If you have suggestions, observations, or want to get in touch for any other reason, please send email to jeff.siegel@jeffmedia.com.\",\"in\":1,\"time\":2,\"sound\":\"\"}]}","lite":"1","guid":"a51de52a-3f1b-4b8b-9d83-2df5d510eb40","growth_activity":"0"},{"id":"483352","courseId":"302","type":"4","summary":"Credits, Copyright and Contact Info","index":"23","json":"{ \"type\":4}","lite":"1","guid":"1edf9ad2-6f5b-4444-80fa-ebbc5458fb6e","growth_activity":"0"},{"id":"483353","courseId":"302","type":"2","summary":"Introduction","index":"24","json":"{ \"type\":2}","lite":"1","guid":"550a07aa-c7cb-48cc-8a65-3d73f29403c9","growth_activity":"0"}]