[{"id":"843297","courseId":"335","type":"1","summary":"The Science of Success","index":"0","json":"{\"type\":1,\"intro\":{\"title\":\"The Science of Success\",\"description\":\"Napoleon Hill spent his life studying success. He discovered five common principles upon which greatness is built. Those principles can help you to find success in your life. This Blink Training course will make it easy for you to learn those principles and apply them to your life.\",\"image\":\"6BBBBE65-D6C9-C9DB-CCD9-177FDA5CF070.png\"},\"dossier\":true}","lite":"1","guid":"6aa45c5a-56a5-4d76-a525-29321e597662","growth_activity":"0"},{"id":"843298","courseId":"335","type":"3","summary":"Mastering Hill's Insights","index":"1","json":"{\"type\":3,\"intro\":{\"title\":\"The Five Principles of Success\",\"description\":\"Hill&#39;s Five Principles of Success&#10;&#10;* Clarity of purpose&#10;* Enthusiasm&#10;* Initiative&#10;* Control of one&#39;s thoughts&#10;* Understanding other people&#10;&#10;Master these and gain a significant advantage in the pursuit of your life&#39;s goals.\",\"image\":\"\",\"sound\":\"EE01A9D4-AA53-DA67-3B33-8815C3129C9B.mp3\",\"volume\":0},\"unlockscore\":\"100\",\"quicklink\":false,\"quotation\":\"\",\"unlockActivity\":\"ab602a51-4b5b-4a7d-af44-b76368d4d539\",\"dossier\":false}","lite":"1","guid":"1b55d59e-205d-4915-a1a7-5ba407100405","growth_activity":"0"},{"id":"843299","courseId":"335","type":"9","summary":"Hill's Golden Rule","index":"2","json":"{\"type\":9,\"wordfill\":{\"text\":\"Your ##1## directly ##2## your ##3##. \",\"prompt\":\"[First read &#34;WHAT TO DO&#34; in the yellow box below.]&#10;&#10;Hill&#39;s &#34;Golden Rule&#34; was the foundation of his success principles. This rule is:\",\"sound\":\"\",\"words\":[\"thoughts\",\"shape\",\"experience\"],\"timer\":60},\"feedback\":[\"What you think shapes your experience. This is key to success in life.\",\"Your thoughts directly shape your experience. This is key to success in life.\"],\"score\":\"75\",\"gems\":\"1\"}","lite":"1","guid":"30081d26-5d9a-467d-a709-51f88aca8549","growth_activity":"0"},{"id":"843300","courseId":"335","type":"12","summary":"Significant Learning Experience","index":"3","json":"{\"type\":12,\"orderitems\":{\"slots\":[\"\",\"\",\"\"],\"items\":[{\"text\":\"A very significant\",\"slot\":1},{\"text\":\"learning experience\",\"slot\":2},{\"text\":\"in your life.\",\"slot\":3}],\"ordered\":true,\"timer\":60,\"sound\":\"\",\"prompt\":\"If you are launching a business, trying to succeed as an artist or professional, or trying to repair injustice in the world - this Blink Training course may prove to be:\"},\"feedback\":[\"Play through the course several times. Memorize its lessons. And, above all, use what you learn. &#10;\",\"This Blink Training course may prove to be a very significant learning experiences in your life. Play through the course several times. Memorize its lessons. And, above all, use what you learn.\"],\"score\":\"75\",\"gems\":\"1\"}","lite":"1","guid":"93265304-dbe0-4bcc-9309-3307b9464f6b","growth_activity":"0"},{"id":"843301","courseId":"335","type":"14","summary":"His Insights Still Relevant","index":"4","json":"{\"type\":14,\"question\":{\"timer\":60,\"multiplechoice\":true,\"answers\":[{\"correct\":true,\"text\":\"remain strikingly relevant.\",\"feedback\":\"Yes, Hill&#39;s lessons can still teach us much about success.&#10;&#10;Now let&#39;s take a moment to learn about Blink Training.\"},{\"correct\":false,\"text\":\"have not kept pace.\",\"feedback\":\"No, Hill&#39;s lessons can still teach us much about success.&#10;&#10;Now let&#39;s take a moment to learn about Blink Training.\"}],\"sound\":\"\",\"text\":\"Technology has undergone radical changes since Hill&#39;s day, yet his insights into human nature and achievement:\"},\"feedback\":[\"\",\"\"],\"score\":\"25\",\"gems\":\"1\"}","lite":"1","guid":"59227c53-ddc1-4561-8503-a36d7d9be1cc","growth_activity":"0"},{"id":"843302","courseId":"335","type":"10","summary":"About Blink Training","index":"5","json":"{\"type\":10,\"dragdrop\":{\"timer\":0,\"layout\":0,\"goals\":[{\"isImage\":false,\"text\":\"Blink Training Courses\",\"image\":\"\"}],\"items\":[{\"goal\":1,\"isImage\":false,\"text\":\"Blinks and Bursts\",\"image\":\"\",\"feedback\":[\"Blinks are the quick activities that we use to teach the content - like this Drag and Drop. And a Burst is a sequence of those Blinks. You&#39;re now at the final Blink in this Burst - and the dark blue circle on top shows this. \",\"Blinks are the quick activities that we use to teach the content - like this Drag and Drop. And a Burst is a sequence of those Blinks. You&#39;re now at the final Blink in this Burst - and the dark blue circle on top shows this. \"]},{\"goal\":1,\"isImage\":false,\"text\":\"Points and Gems\",\"image\":\"\",\"feedback\":[\"You earn Points as you play, and you need a certain number of Points to unlock each next Burst. You earn Gems, too, and they reflect how well you understand the content. Touch the Blink Eye in the lower left to see how many Points and Gems you&#39;ve earned so far. \",\"You earn Points as you play, and you need a certain number of Points to unlock each next Burst. You earn Gems, too, and they reflect how well you understand the content. Touch the Blink Eye in the lower left to see how many Points and Gems you&#39;ve earned so far. \"]},{\"goal\":1,\"isImage\":false,\"text\":\"Exiting a Course\",\"image\":\"\",\"feedback\":[\"When you want to exit a course, touch the blue lines in the upper left and select Exit Course.\",\"When you want to exit a course, touch the blue lines in the upper left and select Exit Course.\"]},{\"goal\":1,\"isImage\":false,\"text\":\"Your Progress Screen\",\"image\":\"\",\"feedback\":[\"When you touch Next, you&#39;ll see your Progress Screen. This shows you how you&#39;re doing in the course. If you&#39;ve unlocked the next Burst, you&#39;ll be able to play it. Otherwise, replay this Burst and try for a higher score. As you complete the course, you&#39;ll move up the mountain of mastery. \",\"When you touch Next, you&#39;ll see your Progress Screen. This shows you how you&#39;re doing in the course. If you&#39;ve unlocked the next Burst, you&#39;ll be able to play it. Otherwise, replay this Burst and try for a higher score. As you complete the course, you&#39;ll move up the mountain of mastery. \"]}],\"prompt\":\"About Blink Training&#10;If you learn a little about Blink Training, it will help you to get more out of this course. Drag each box to &#34;Blink Training Courses&#34; on the bottom. \",\"sound\":\"\"},\"feedback\":[\"Blink Training: a simple, yet powerful way to improve your life.\",\"Blink Training: a simple, yet powerful way to improve your life.\"],\"score\":\"20\",\"gems\":\"1\"}","lite":"1","guid":"183db87b-0a8b-41c1-aef8-c8c72322eff6","growth_activity":"0"},{"id":"843303","courseId":"335","type":"4","summary":"Significant Learning Experience","index":"6","json":"{ \"type\":4}","lite":"1","guid":"b03bc78d-7f2a-4b90-9d1a-511122455f78","growth_activity":"0"},{"id":"843304","courseId":"335","type":"3","summary":"The Master Mind","index":"7","json":"{\"type\":3,\"intro\":{\"title\":\"The Master Mind\",\"description\":\"This is a course in the fundamentals of success. Success is largely a matter of adapting to the changing circumstances of life in a spirit of harmony and poise. Harmony is based on understanding the forces around you. &#10;&#10;This Blink Training course analyzes those forces and provides a blueprint to success.\",\"image\":\"\",\"sound\":\"6AFE5233-1B31-388D-3174-260F744DAF92.mp3\",\"volume\":0},\"unlockscore\":\"100\",\"quicklink\":false,\"quotation\":\"\",\"unlockActivity\":\"none\"}","lite":"1","guid":"35ffa147-ac65-4526-a5d1-2ed51a6f6726","growth_activity":"0"},{"id":"843305","courseId":"335","type":"10","summary":"You Must Influence Others","index":"8","json":"{\"type\":10,\"dragdrop\":{\"timer\":60,\"layout\":0,\"goals\":[{\"isImage\":false,\"text\":\"Willingly cooperate with you.\",\"image\":\"\"}],\"items\":[{\"goal\":1,\"isImage\":false,\"text\":\"Influences others to...\",\"image\":\"\",\"feedback\":[\"\",\"\"]}],\"prompt\":\"To begin with, you can never exercise power and attain success without the type of personality that:\",\"sound\":\"\"},\"feedback\":[\"Yes, you can never attain the success you seek unless you can influence others to willingly cooperate with you. Each lesson in this course teaches you how to build a winning personality through the fifteen laws of success. \",\"You can never attain the success you seek unless you can influence others to willingly cooperate with you. Each lesson in this course teaches you how to build a winning personality through the fifteen laws of success. \"],\"score\":\"25\",\"gems\":\"1\"}","lite":"1","guid":"7c3d7c48-3a03-4e8d-b56f-4bad029930ff","growth_activity":"0"},{"id":"843306","courseId":"335","type":"6","summary":"The 15 Laws of Success ","index":"9","json":"{\"type\":6,\"image\":\"\",\"presentation\":[{\"text\":\"The 15 Laws of Success\",\"in\":1,\"time\":1,\"sound\":\"\",\"size\":2,\"color\":\"#256ED7\"},{\"text\":\"These are the 15 laws that Hill writes about. Review them now for a moment so you can start thinking about them.\",\"in\":1,\"time\":2,\"sound\":\"\"},{\"text\":\"1.  A DEFINITE CHIEF AIM           &#10;2.  SELF-CONFIDENCE                &#10;3.  THE HABIT OF SAVING           &#10;4.  INITIATIVE AND LEADERSHIP    &#10;5.  IMAGINATION                      &#10;6.  ENTHUSIASM                       &#10;7.  SELF-CONTROL                     &#10;8.  THE HABIT OF DOING MORE THAN PAID FOR&#10;9.  PLEASING PERSONALITY&#10;10. ACCURATE THOUGHT&#10;11. CONCENTRATION&#10;12. COOPERATION&#10;13. PROFITING BY FAILURE&#10;14. TOLERANCE&#10;15. THE GOLDEN RULE&#10;&#10;\",\"in\":1,\"time\":2,\"sound\":\"\"}]}","lite":"1","guid":"18eb49e2-e12a-40ce-b96b-50293d9e8eea","growth_activity":"0"},{"id":"843307","courseId":"335","type":"9","summary":"Master Mind Group","index":"10","json":"{\"type\":9,\"wordfill\":{\"text\":\"A ##3## group consists of several ##2## who coordinate their ##4## in pursuit of a ##1##.  \",\"prompt\":\"The surest way to advance quickly through these principles, and into the fullness of your success, is with the aid of a Master Mind group. \",\"sound\":\"\",\"words\":[\"goal\",\"people\",\"Master Mind\",\"minds\"],\"timer\":60},\"feedback\":[\"Your Master Mind group may consist of two or more people. Select the members of your Master Mind group carefully - the key ingredient is harmony and cooperation. \",\"A Master Mind group consists of two or more people who coordinate their minds in pursuit of a goal. Select the members carefully - the key ingredient is harmony and cooperation. \"],\"score\":\"100\",\"gems\":\"1\"}","lite":"1","guid":"99256c6b-8f15-4912-940d-e3b2ee5f2d43","growth_activity":"0"},{"id":"843308","courseId":"335","type":"8","summary":"Extraordinary Results","index":"11","json":"{\"type\":8,\"statement\":{\"prompt\":\"You may focus on one group goal, or each member may have his own personal aims. Arrange a time to meet regularly to discuss your plans and ideas, and to exchange advice and guidance. And when you&#39;re not together:\",\"wrong\":\"Cooperation|Harmony\",\"statements\":[\"Hold each|member&#39;s|wishes and needs|in your mind. \"],\"ordered\":true,\"timer\":60,\"sound\":\"\"},\"feedback\":[\"Yes, when you&#39;re not together, hold each member&#39;s wishes and needs in your mind. This friendly alliance, if carried out with purpose and harmony, will, in time, yield extraordinary results.\",\"When you&#39;re not together, hold each member&#39;s wishes and needs in your mind. This friendly alliance, if carried out with purpose and harmony, will, in time, yield extraordinary results.\"],\"score\":\"100\",\"gems\":\"1\"}","lite":"1","guid":"8c54f4e1-2afb-4b75-b972-30a442c51d10","growth_activity":"0"},{"id":"843309","courseId":"335","type":"6","summary":"Extraordinary Results","index":"12","json":"{\"type\":6,\"image\":\"\",\"presentation\":[{\"text\":\"Extraordinary Results\",\"in\":0,\"time\":0,\"sound\":\"\",\"size\":2,\"color\":\"#256ED7\"},{\"text\":\"With the Master Mind group, each member gains the ability to gather insight through the subconscious minds of all the other members. \",\"in\":1,\"time\":1,\"sound\":\"\"},{\"text\":\"This produces a more vivid imaginative and mental state in which new ideas &#34;flash&#34; into your awareness. \",\"in\":1,\"time\":2,\"sound\":\"\"},{\"text\":\"Every high achiever Hill knew had employed the power of the Master Mind. \",\"in\":1,\"time\":2,\"sound\":\"\"},{\"text\":\"Do not neglect it. \",\"in\":1,\"time\":2,\"sound\":\"\"}]}","lite":"1","guid":"612a53b2-8530-4253-a416-a6e979cd4c42","growth_activity":"0"},{"id":"843310","courseId":"335","type":"7","summary":"Your Master Mind Group","index":"13","json":"{\"type\":7,\"input\":{\"type\":1,\"prompt\":\"Who might you invite into your Master Mind Group? Write a list of names and return to it until you have assembled your group. \",\"locked\":false},\"feedback\":[\"You can review and edit any text you write by touching the three blue bars in the upper left, then choosing Dossiers from the menu. You can also exit any course from that menu by choosing Exit Course.\",\"You can review and edit any text you write by touching the three blue bars in the upper left, then choosing Dossiers from the menu. You can also exit any course from that menu by choosing Exit Course.\"],\"score\":0,\"gems\":0}","lite":"1","guid":"78cc1fe4-8683-4baa-a039-e997c2ee7916","growth_activity":"0"},{"id":"843311","courseId":"335","type":"4","summary":"The Master Mind","index":"14","json":"{ \"type\":4}","lite":"1","guid":"a9c57ceb-0f3b-45ba-9735-2bfd1978c04f","growth_activity":"0"},{"id":"843312","courseId":"335","type":"2","summary":"The Science of Success","index":"15","json":"{ \"type\":2}","lite":"1","guid":"fede4b16-5c2e-414f-8d3d-e4170adc4b44","growth_activity":"0"},{"id":"843314","courseId":"335","type":"3","summary":"Law 1: A Definite Chief Aim","index":"17","json":"{\"type\":3,\"intro\":{\"title\":\"Law 1: A Definite Chief Aim\",\"description\":\"Probably ninety-five percent of all people drift aimlessly through life, without the slightest conception of the work for which they are best fitted, or even the need for a definite objective toward which to strive.&#10;&#10;A person&#39;s acts are always in harmony with his dominating thoughts. Any definite chief aim that is deliberately fixed in the mind, with the determination to realize it, eventually saturates the subconscious until it influences all aspects of one&#39;s being.\",\"image\":\"\",\"sound\":\"\",\"volume\":50},\"unlockscore\":\"100\",\"quicklink\":false,\"quotation\":\"\"}","lite":"1","guid":"f0e17f07-360e-40d8-8eab-615ececd0eac","growth_activity":"0"},{"id":"843315","courseId":"335","type":"12","summary":"Your Definite Chief Aim","index":"18","json":"{\"type\":12,\"orderitems\":{\"slots\":[\"\",\"\",\"\",\"\",\"\",\"\"],\"items\":[{\"text\":\"You must\",\"slot\":1},{\"text\":\"write down\",\"slot\":2},{\"text\":\"your aim - this \",\"slot\":3},{\"text\":\"is the first \",\"slot\":4},{\"text\":\"step towards \",\"slot\":5},{\"text\":\"its actualization.  \",\"slot\":6}],\"ordered\":true,\"timer\":60,\"sound\":\"\",\"prompt\":\"You will write about your definite chief aim in the next Burst. For now, think about it carefully. It should be selected with deliberate care. And after you select it you should write it out and place it where you will see it when you wake in the morning and retire at night. \"},\"feedback\":[\"This can&#39;t be overstated. It is imperative that you write it down and place it where you will see it when you awake and when you retire at night. You must dwell on it.\",\"Writing down your definite chief aim is the first step towards its actualization. This can&#39;t be overstated. It is imperative that you write it down and place it where you will see it when you awake and when you retire at night. You must dwell on it.\"],\"score\":\"150\",\"gems\":\"1\"}","lite":"1","guid":"10502d3e-781e-4a21-b096-384985e2bf53","growth_activity":"0"},{"id":"843316","courseId":"335","type":"14","summary":"Autosuggestion","index":"19","json":"{\"type\":14,\"question\":{\"timer\":60,\"multiplechoice\":true,\"answers\":[{\"correct\":true,\"text\":\"Consistently and with deep feeling.\",\"feedback\":\"Yes, this is a suggestion that you make to yourself consistently and with deep feeling. This will help to impress it upon your subconscious and allow your subconscious to attract what is necessary to fulfill that purpose.\"},{\"correct\":false,\"text\":\"Casually through the day.\",\"feedback\":\"No, autosuggestion is a suggestion that you make to yourself consistently and with deep feeling. This will help to impress it upon your subconscious and allow your subconscious to attract what is necessary to fulfill that purpose.\"}],\"sound\":\"\",\"text\":\"You can impress your definite chief aim upon your subconscious through the principle called autosuggestion. In the simplest terms this is a suggestion that you make to yourself:\"},\"feedback\":[\"\",\"\"],\"score\":\"25\",\"gems\":\"1\"}","lite":"1","guid":"6669bea0-f53d-4f3b-854a-14e3a7233304","growth_activity":"0"},{"id":"843317","courseId":"335","type":"13","summary":"Subconscious Magnet","index":"20","json":"{\"type\":13,\"thisthat\":{\"questions\":[{\"text\":\"The subconscious is like a:\",\"correct\":\"Magnet \",\"wrong\":\"Rock\",\"value\":true,\"feedback\":[\"Yes, the subconscious is like a magnet and...\",\"No, the subconscious is like a magnet and...\"]},{\"text\":\"The subconscious is like a magnet and...&#10;&#10;You must vitalize and thoroughly saturate your subconscious with your:\",\"correct\":\"Definite chief aim \",\"wrong\":\"Fears and distrust \",\"value\":true,\"feedback\":[\"Correct, you must vitalize and thoroughly saturate your subconscious with your chief aim because...\",\"No, you must vitalize and thoroughly saturate your subconscious with your chief aim because...\"]},{\"text\":\"You must vitalize and thoroughly saturate your subconscious with your chief aim because...&#10;&#10;Your subconscious then has a tendency to attract all the ideas, resources, circumstances, and people necessary for:\",\"correct\":\"The attainment of that purpose\",\"wrong\":\"You to keep dreaming\",\"value\":true,\"feedback\":[\"Yes, if you vitalize and thoroughly saturate your subconscious with your chief aim, your subconscious has a tendency to attract all the ideas, resources, circumstances, and people necessary for the attainment of that aim.\",\"No, the goal is not for you to just keep dreaming, but to vitalize and thoroughly saturate your subconscious with your chief aim, so your subconscious will attract all the ideas, resources, circumstances, and people necessary for the attainment of that aim.\"]}],\"timer\":60,\"noscore\":false},\"feedback\":[\"Help your subconscious attract what you need to attain your goals.&#10;&#10;(By the way, the blue and gray circles on top show how many Blinks are in this Burst. You&#39;re doing the third Blink now.)\",\"Help your subconscious attract what you need to attain your goals.&#10;&#10;(By the way, the blue and gray circles on top show how many Blinks are in this Burst. You&#39;re doing the third Blink now.)\"],\"score\":\"75\",\"gems\":\"1\"}","lite":"1","guid":"c467c456-ed3f-4503-ba6c-b5056eb8a77b","growth_activity":"0"},{"id":"843318","courseId":"335","type":"6","summary":"Let\u2019s Review","index":"21","json":"{\"type\":6,\"image\":\"\",\"presentation\":[{\"text\":\"Let&#39;s Review\",\"in\":1,\"time\":1,\"sound\":\"\",\"size\":2,\"color\":\"#256ED7\"},{\"text\":\"Think of your definite chief aim.\",\"in\":1,\"time\":2,\"sound\":\"\"},{\"text\":\"Write it down and place it where you will see it when you awake and when you retire.\",\"in\":1,\"time\":2,\"sound\":\"\"},{\"text\":\"Using autosuggestion, impress your aim on your subconscious with consistency and deep feeling.\",\"in\":1,\"time\":2,\"sound\":\"\"},{\"text\":\"Your subconscious will then attract all the ideas, resources, circumstances, and people necessary for the attainment of that aim.\",\"in\":1,\"time\":2,\"sound\":\"\"}]}","lite":"1","guid":"470ee4d9-26bf-42ae-ae12-871181cea676","growth_activity":"0"},{"id":"843319","courseId":"335","type":"4","summary":"Law 1: A Definite Chief Aim","index":"22","json":"{ \"type\":4}","lite":"1","guid":"321372c0-dedd-40b0-b5d1-c742c65e43a3","growth_activity":"0"}]