[{"id":"778847","courseId":"333","type":"1","summary":"Overview","index":"0","json":"{\"type\":1,\"intro\":{\"title\":\"Power Quotes can Change Your Life\",\"description\":\"Take time to play with these quotes. Let them sink in. Let them become part of your world.\",\"image\":\"65A67ECD-7F96-1BCF-06FD-5CDFB5AE37EA.png\"},\"dossier\":false}","lite":"0","guid":"070fdde5-c15c-4ace-9af4-cc34cad3c553","growth_activity":"0"},{"id":"778848","courseId":"333","type":"3","summary":"Introducing the Quotes","index":"1","json":"{\"type\":3,\"intro\":{\"title\":\"Introducing the Quotes\",\"description\":\"Need text here&#10;&#10;If you want to quit, the three lines.\",\"image\":\"\",\"sound\":\"\",\"volume\":50},\"unlockscore\":0,\"quicklink\":false,\"quotation\":\"\"}","lite":"0","guid":"de07edb3-d11b-43ab-b78f-8abd63c77479","growth_activity":"0"},{"id":"778849","courseId":"333","type":"9","summary":"Confucius 1","index":"2","json":"{\"type\":9,\"wordfill\":{\"text\":\"##1## you go, go with ##2## your ##3##. \",\"prompt\":\"Confucius was blah, blah, blah. This quote is about life.\",\"sound\":\"\",\"words\":[\"Wherever\",\"all \",\"heart\"],\"timer\":60},\"feedback\":[\"Wherever you go, go with all your heart. \",\"Wherever you go, go with all your heart. \"],\"score\":\"60\",\"gems\":\"1\"}","lite":"0","guid":"4031f56c-3f1b-40c9-a766-47af355cc5c6","growth_activity":"0"},{"id":"778850","courseId":"333","type":"9","summary":"Churchill 1","index":"3","json":"{\"type\":9,\"wordfill\":{\"text\":\"Continuous ##1## - ##2## or ##3## - is the key to ##4## our ##5##.\",\"prompt\":\"Churchill was blah blah blah\",\"sound\":\"\",\"words\":[\"effort\",\"not strength\",\"intelligence\",\"unlocking\",\"potential\"],\"timer\":60},\"feedback\":[\"Continuous effort u2013 not strength or intelligence u2013 is the key to unlocking our potential.\",\"Continuous effort u2013 not strength or intelligence u2013 is the key to unlocking our potential.\"],\"score\":\"100\",\"gems\":\"1\"}","lite":"0","guid":"4e0c742a-0394-4eda-b2c3-ab5f0482a31b","growth_activity":"0"},{"id":"778851","courseId":"333","type":"9","summary":"Mandela 1","index":"4","json":"{\"type\":9,\"wordfill\":{\"text\":\"There is no ##1## to be found playing ##2## u2013 in ##3## for a life that is ##4## the one you are ##5## of ##6##.\",\"prompt\":\"Mandela was blah, blah, blah\",\"sound\":\"\",\"words\":[\"passion\",\"small\",\"settling\",\"less than\",\"capable\",\"living\"],\"timer\":60},\"feedback\":[\"There is no passion to be found playing small u2013 in settling for a life that is less than the one you are capable of living.\",\"There is no passion to be found playing small u2013 in settling for a life that is less than the one you are capable of living.\"],\"score\":\"120\",\"gems\":\"1\"}","lite":"0","guid":"d07b2a48-2128-4727-911e-f21a01205047","growth_activity":"0"},{"id":"778852","courseId":"333","type":"10","summary":"About Blink Courses","index":"5","json":"{\"type\":10,\"dragdrop\":{\"timer\":60,\"layout\":0,\"goals\":[{\"isImage\":false,\"text\":\"\",\"image\":\"\"}],\"items\":[{\"goal\":1,\"isImage\":false,\"text\":\"Blinks\",\"image\":\"\",\"feedback\":[\"\",\"\"]},{\"goal\":1,\"isImage\":false,\"text\":\"Bursts\",\"image\":\"\",\"feedback\":[\"\",\"\"]},{\"goal\":1,\"isImage\":false,\"text\":\"Points and Gems\",\"image\":\"\",\"feedback\":[\"\",\"\"]},{\"goal\":1,\"isImage\":false,\"text\":\"Progress Screen\",\"image\":\"\",\"feedback\":[\"\",\"\"]}],\"prompt\":\"ABOUT BLINK COURSES&#10;If you learn a little about Blink courses, it will help you get more out of this course. Drag each term to Blink Courses on the bottom.\",\"sound\":\"\"},\"feedback\":[\"\",\"\"],\"score\":0,\"gems\":0}","lite":"0","guid":"2a9a9e13-5643-4ad4-9992-13f38d50c3e6","growth_activity":"0"},{"id":"778853","courseId":"333","type":"4","summary":"Introducing the Quotes","index":"6","json":"{ \"type\":4}","lite":"0","guid":"df831a58-ecdc-4d39-b921-57d3eb8526f9","growth_activity":"0"},{"id":"778854","courseId":"333","type":"3","summary":"Playing with the quotes","index":"7","json":"{\"type\":3,\"intro\":{\"title\":\"Playing with the quotes\",\"description\":\"Need text here\",\"image\":\"\",\"sound\":\"\",\"volume\":50},\"unlockscore\":0,\"quicklink\":false,\"quotation\":\"\"}","lite":"0","guid":"0a4d48e3-8265-4708-8b5b-fab9dfc216e2","growth_activity":"0"},{"id":"778855","courseId":"333","type":"12","summary":"Confucius 2","index":"8","json":"{\"type\":12,\"orderitems\":{\"slots\":[\"\",\"\",\"\"],\"items\":[{\"text\":\"Wherever you\",\"slot\":1},{\"text\":\"go, go with\",\"slot\":2},{\"text\":\"your heart.\",\"slot\":3}],\"ordered\":true,\"timer\":60,\"sound\":\"\",\"prompt\":\"Confucius again\"},\"feedback\":[\"Wherever you go, go with all your heart. \",\"Wherever you go, go with all your heart. \"],\"score\":\"60\",\"gems\":\"1\"}","lite":"0","guid":"668c1671-572b-4bcd-a5f7-432b50d5195c","growth_activity":"0"},{"id":"778856","courseId":"333","type":"12","summary":"Churchill 2","index":"9","json":"{\"type\":12,\"orderitems\":{\"slots\":[\"\",\"\",\"\",\"\",\"\",\"\"],\"items\":[{\"text\":\"Continuous effort -\",\"slot\":1},{\"text\":\"not strength or\",\"slot\":2},{\"text\":\"intelligence - is \",\"slot\":3},{\"text\":\"the key to \",\"slot\":4},{\"text\":\"unlocking\",\"slot\":5},{\"text\":\"our potential.\",\"slot\":6}],\"ordered\":true,\"timer\":60,\"sound\":\"\",\"prompt\":\"Churchill again\"},\"feedback\":[\"Continuous effort - not strength or intelligence - is the key to unlocking our potential.\",\"Continuous effort - not strength or intelligence - is the key to unlocking our potential.\"],\"score\":\"120\",\"gems\":\"1\"}","lite":"0","guid":"e42be7b6-640e-4477-a9f5-cad1296942df","growth_activity":"0"},{"id":"778857","courseId":"333","type":"12","summary":"Mandela 2","index":"10","json":"{\"type\":12,\"orderitems\":{\"slots\":[\"\",\"\",\"\",\"\",\"\",\"\"],\"items\":[{\"text\":\"There is no passion\",\"slot\":1},{\"text\":\"to be found in \",\"slot\":2},{\"text\":\"playing small - in \",\"slot\":3},{\"text\":\"settling for a life that\",\"slot\":4},{\"text\":\"is less than the one you\",\"slot\":5},{\"text\":\"are capable of living.\",\"slot\":6}],\"ordered\":true,\"timer\":60,\"sound\":\"\",\"prompt\":\"More about Mandela\"},\"feedback\":[\"There is no passion to be found playing small u2013 in settling for a life that is less than the one you are capable of living.\",\"There is no passion to be found playing small u2013 in settling for a life that is less than the one you are capable of living.\"],\"score\":\"120\",\"gems\":\"1\"}","lite":"0","guid":"5e759420-9333-4567-9600-6d0f9317ca7c","growth_activity":"0"},{"id":"778858","courseId":"333","type":"10","summary":"Who said what?","index":"11","json":"{\"type\":10,\"dragdrop\":{\"timer\":30,\"layout\":0,\"goals\":[{\"isImage\":false,\"text\":\"Winston Churchill\",\"image\":\"\"},{\"isImage\":false,\"text\":\"Confucius\",\"image\":\"\"},{\"isImage\":false,\"text\":\"Nelson Mandela\",\"image\":\"\"}],\"items\":[{\"goal\":1,\"isImage\":false,\"text\":\"Continuous effort - not strength of intelligence...\",\"image\":\"\",\"feedback\":[\"Continuous effort - not strength or intelligence - is the key to unlocking our potential.\",\"Continuous effort - not strength or intelligence - is the key to unlocking our potential.\"]},{\"goal\":2,\"isImage\":false,\"text\":\"Wherever you go...\",\"image\":\"\",\"feedback\":[\"Wherever you go, go with all your heart\",\"Wherever you go, go with all your heart\"]},{\"goal\":3,\"isImage\":false,\"text\":\"There is no passion to be found...\",\"image\":\"\",\"feedback\":[\"There is no passion to be found playing small - in settling for a life that is less than the one you are capable of living.\",\"There is no passion to be found playing small - in settling for a life that is less than the one you are capable of living.\"]}],\"prompt\":\"Remember who said what? You have 30 seconds.\",\"sound\":\"\"},\"feedback\":[\"Great!\",\"You need to internalize them more.\"],\"score\":\"60\",\"gems\":\"1\"}","lite":"0","guid":"aa38cf96-b8b4-4ac4-b2a0-b7341a0257bc","growth_activity":"0"},{"id":"778859","courseId":"333","type":"4","summary":"Playing with the quotes","index":"12","json":"{ \"type\":4}","lite":"0","guid":"6af58b99-94db-4505-89bc-3a30710eb311","growth_activity":"0"},{"id":"778860","courseId":"333","type":"2","summary":"Overview","index":"13","json":"{ \"type\":2}","lite":"0","guid":"fab4ad9c-5aaa-4b46-a7ad-77894cb9dc49","growth_activity":"0"},{"id":"778861","courseId":"333","type":"1","summary":"More Quotes","index":"14","json":"{ \"type\":1}","lite":"0","guid":"4698cb0e-0ec5-4431-a400-305f1971c6ae","growth_activity":"0"},{"id":"778862","courseId":"333","type":"2","summary":"More Quotes","index":"15","json":"{ \"type\":2}","lite":"0","guid":"c88e9411-3b0a-44d6-b59a-2e754163a2c8","growth_activity":"0"}]