{"id":"333","authorId":"4","groupId":"0","credits":"0","dollars":"9.99","summary":"Play these quotes for inspiration, motivation and insight","description":"You've read quotes. You've heard quotes. But you've never played quotes. Till now. Play these powerful quotes and learn to live the life you've always wanted to live.","date":"2016-05-03 18:27:18","iconURL":"icon333.jpg","imageURL":"image333.jpg","vimeo":"","title":"Power Quotes: Living The Best Life","editDate":"2016-05-03 18:59:55","buildAvailable":"1","published":"0","publicationDate":null,"listOrder":"7"}