[{"id":"103591","courseId":"234","type":"1","summary":"Introduction to Your Future","index":"0","json":"{\"type\":1,\"intro\":{\"title\":\"Introduction to Your Future\",\"description\":\"Get ready to change your life. This Blink Course is a new vision of Think and Grow Rich, Napoleon Hill&#39;s timeless classic. Written in the 1930s in the heart of the Great Depression, this book was a call out to the future, to growth, to not giving in to fear.&#10;&#10;&#10;&#10;&#10;&#10;&#10;&#10;&#10;&#10;In a dark time, Hill&#39;s philosophy focuses on light and hope. \",\"image\":\"2E75F165-B597-8145-DCF7-794FE13AA3C4.png\"},\"dossier\":true}","lite":"1","guid":"412942f6-bd44-428f-97d4-df7c6653d4cc","growth_activity":"0"},{"id":"103592","courseId":"234","type":"3","summary":"Welcome to Your Dreams","index":"1","json":"{\"type\":3,\"intro\":{\"title\":\"Welcome to your dreams\",\"description\":\"Blink courses serve up content in small chunks (called Blinks) and arrange those Blinks into short sequences (called Bursts). In this first Burst, we&#39;ll give you an overview of the course, and you can earn two gems. Gems reflect how well you understand the material.&#10;&#10;&#10;&#10;&#10;&#10;&#10;&#10;&#10;&#10;To unlock the next Burst, you must accumulate at least 20 points. \",\"image\":\"F8B5997C-F687-30DE-74D0-DFF137BD03C3.png\",\"sound\":\"\",\"volume\":50},\"unlockscore\":\"20\",\"quicklink\":false,\"quotation\":\"\",\"unlockActivity\":\"none\"}","lite":"1","guid":"545fa8f0-d336-4baa-8976-f5e5b0c99834","growth_activity":"0"},{"id":"103593","courseId":"234","type":"11","summary":"There is a Secret","index":"2","json":"{\"type\":11,\"simon\":{\"prompt\":\"                    Take a breath. Calm down. Watch and repeat.\",\"sounds\":[\"33DA43B0-6A51-1EBE-C286-114958FEE8F1.mp3\",\"79BFBD58-A586-A61A-F91E-A7BFA6D8C284.mp3\",\"7B1740DE-1868-86F4-681C-CF3A08542EE6.mp3\",\"32DEBF0F-F736-3842-F06F-D594E9441918.mp3\",\"E1C1C5C4-75A1-BB42-3822-0D872D7C8432.mp3\",\"54C24D07-677A-7733-8F56-15CDB3E0E7FE.mp3\",\"60BA1F44-84C4-55A1-A1C4-5B3DF1E597F4.mp3\",\"CA0BE3DA-B1C3-2ACE-4345-32BB82B3361B.mp3\",\"3E7EBA4A-B71B-03DE-E5F7-F09F00C47E68.mp3\"],\"phrase\":\"There is|a secret|for getting|rich.\",\"wrong\":\"faith|desire|persistence|imagination|planning\",\"time\":0,\"score\":0,\"gems\":0,\"sound\":\"\"},\"feedback\":[\"Yes, there is a secret for getting rich, and Napoleon hill wrote about that secret in his classic Think and Grow Rich. After all these years, his philosophy for achieving success is still powerful and can change your life for the better. This course will help you to put his philosophy into action quickly and effectively.\",\"Always keep trying until you succeed. Napoleon hill wrote about a secret for getting rich in his classic Think and Grow Rich. After all these years, his philosophy is still powerful and can change your life for the better. This course will help you to put his philosophy into action quickly and effectively.\"],\"score\":\"40\",\"gems\":\"1\"}","lite":"1","guid":"26d09d72-9a35-48e4-a45f-9d6e8a8fcf22","growth_activity":"0"},{"id":"103594","courseId":"234","type":"13","summary":"The secret, the book, this course","index":"3","json":"{\"type\":13,\"thisthat\":{\"questions\":[{\"text\":\"Napoleon Hill wrote about the secret in his timeless classic, Think and Grow Rich. Millions of people have been changed by this book. &#10;&#10;When he wrote the book, America was in the midst of what event?\",\"correct\":\"The Great Depression\",\"wrong\":\"The Vietnam War\",\"value\":true,\"feedback\":[\"Yes, the book first appeared in 1937, in the depths of the Great Depression. Hill&#39;s message was a rejection of fear and a call for positive action in the new world he saw rising from the ashes of the old. Today, too, a new world is emerging with great opportunity.\",\"No, the book first appeared in 1937, in the depths of the Great Depression. Hill&#39;s message was a rejection of fear and a call for positive action in the new world he saw rising from the ashes of the old. Today, too, a new world is emerging with great opportunity.\"]},{\"text\":\"The &#39;secret&#39; that Hill writes about was &#39;casually tossed&#39; to him when he was just a boy. &#10;&#10;Who tossed him this gem of practical wisdom?\",\"correct\":\"Abraham Lincoln\",\"wrong\":\"Andrew Carnegie\",\"value\":false,\"feedback\":[\"Yes, The secret is based on Andrew Carnegie&#39;s proven formula for success. Carnegie was then the wealthiest man in the United States and he challenged Hill to investigate the secret. Hill interviewed hundreds of successful people over 25 years and then wrote his book.&#10;\",\"No, Lincoln had died 20 years before Hill&#39;s birth. The secret is based on Andrew Carnegie&#39;s formula for success. Carnegie was the richest man in the US and he challenged Hill to investigate the secret. Hill interviewed hundreds of successful people over 25 years and then wrote his book.\"]},{\"text\":\"A copy of Hill&#39;s book is included in this course if you haven&#39;t yet read it. &#10;&#10;What do you think Hill says is hidden on every page of the book? \",\"correct\":\"The secret\",\"wrong\":\"The formula for Coke\",\"value\":true,\"feedback\":[\"Yes, he said that the secret was hidden on every page of the book and that it can hit you at any moment. Similarly, if you focus and play through this whole course, you will likely discover the secret.\",\"No, not the formula for Coke. Hill said that the secret was hidden on every page of the book and that it can hit you at any moment. Similarly, if you focus and play through this whole course, you will likely discover the secret.\"]}],\"timer\":0,\"noscore\":true},\"feedback\":[\"The bottom line: This course will change your life...if you are ready for it.\",\"The bottom line: This course will change your life...if you are ready for it.\"],\"score\":0,\"gems\":0}","lite":"1","guid":"b9321a8e-315f-4513-8129-6f5da9b47588","growth_activity":"0"},{"id":"103595","courseId":"234","type":"6","summary":"A Clue","index":"4","json":"{\"type\":6,\"image\":\"B7A47EAA-E1D7-3BBE-D08D-9347E57A3487.png\",\"presentation\":[{\"text\":\"A Clue to the Secret\",\"in\":0,\"time\":1,\"sound\":\"\",\"alignment\":0,\"size\":2,\"color\":\"#256ED7\"},{\"text\":\"All achievement,&#10;All earned riches,&#10;Have their beginning in an idea.\",\"in\":0,\"time\":3,\"sound\":\"\",\"alignment\":0,\"color\":\"#000000\",\"size\":0}]}","lite":"1","guid":"888535bc-5eca-4d82-b349-16588106e5ce","growth_activity":"0"},{"id":"103596","courseId":"234","type":"10","summary":"On the Course","index":"5","json":"{\"type\":10,\"dragdrop\":{\"timer\":30,\"layout\":0,\"goals\":[{\"isImage\":true,\"text\":\"\",\"image\":\"8F2B625C-378D-8B99-4DE8-20EA6F879840.png\"}],\"items\":[{\"goal\":1,\"isImage\":true,\"text\":\"Growing\",\"image\":\"738D8DF5-8327-67EE-A6DD-5BBC34B809AC.png\",\"feedback\":[\"This course is all about growth, especially growing rich in all ways no matter what rich means to you.\",\"\"]},{\"goal\":1,\"isImage\":true,\"text\":\"A Secret\",\"image\":\"D91F7D85-14B8-9BC0-4A2C-383485C2C17F.png\",\"feedback\":[\"Need we say it again. There IS a secret for getting rich. Hill learned about it from dozens of the wealthiest people in his day. You&#39;ll see.\",\"\"]},{\"goal\":0,\"isImage\":true,\"text\":\"Fear\",\"image\":\"4B428EF1-C6F8-B404-7AE2-8ABEEB9C23ED.png\",\"feedback\":[\"\",\"There is no room for fear in Hill&#39;s system. As FDR said during the Depression: The only thing we have to fear, is fear itself. Think on that for a moment.\"]},{\"goal\":0,\"isImage\":true,\"text\":\"Poverty\",\"image\":\"4FECBB29-1922-39E0-2581-1C547B29716C.png\",\"feedback\":[\"\",\"You will learn about Poverty thinking and Wealth thinking and how you can control your mind to move towards Wealth.\"]}],\"prompt\":\"Let&#39;s review: Drag all that apply.\",\"sound\":\"\"},\"feedback\":[\"You&#39;ve reached the end of Burst 1. When you touch Close, you&#39;ll see your Progress Screen. This shows your stats including whether or not you have unlocked the next Burst. If you haven&#39;t replay this Burst and try to get a higher score.\",\"You&#39;ve reached the end of Burst 1. When you touch Close, you&#39;ll see your Progress Screen. This shows your stats including whether or not you have unlocked the next Burst. If you haven&#39;t replay this Burst and try to get a higher score.\"],\"score\":\"60\",\"gems\":\"1\"}","lite":"1","guid":"0797ce44-cc57-4e72-8e50-f3a12d734d86","growth_activity":"0"},{"id":"103597","courseId":"234","type":"4","summary":"Welcome","index":"6","json":"{ \"type\":4}","lite":"1","guid":"dbd7dd95-57c3-4b17-aee8-b39eca48ba7f","growth_activity":"0"},{"id":"103598","courseId":"234","type":"3","summary":"Why You Are Here","index":"7","json":"{\"type\":3,\"intro\":{\"title\":\"Why You Are Here\",\"description\":\"It is no accident that you have been drawn to this course at this time in your life&#39;s journey. You are being called to step up to the plate and fully be all that you are capable of being.  &#10;&#10;&#10;&#10;&#10;&#10;&#10;&#10;This course will help you to do that.\",\"image\":\"29E85D2E-D4CA-78C6-F897-65E5FA8C42B3.png\",\"sound\":\"\",\"volume\":50},\"unlockscore\":\"20\",\"quicklink\":false,\"quotation\":\"\",\"unlockActivity\":\"none\"}","lite":"1","guid":"1eae2df4-aa31-4c45-8168-560c561f5e37","growth_activity":"0"},{"id":"103599","courseId":"234","type":"20","summary":"You are here because","index":"8","json":"{\"type\":20,\"multiple\":{\"timer\":0,\"answers\":[{\"correct\":true,\"text\":\"Life has not worked out the way I&#39;d wanted.\",\"feedback\":\"Here&#39;s the thing: life doesn&#39;t just &#39;work out.&#39; You have to focus on a desire and make a plan to get there. That&#39;s what Hill&#39;s message is about and if you play through this course, you&#39;ll be that much closer to becoming the master of your life.\"},{\"correct\":true,\"text\":\"I want to improve myself.\",\"feedback\":\"Great. This course will help you to focus on your desire and then make a plan to get achieve it.\"},{\"correct\":true,\"text\":\"I want to get rich.\",\"feedback\":\"Play through this course, doing everything it asks you to do, and you will be on your way.\"},{\"correct\":true,\"text\":\"I seem to always make mistakes and feel defeated.\",\"feedback\":\"If you are dissipated, having been defeated, and felt the great heart within you crushed till it bled. Take courage - those experiences have tempered the spiritual metal of which you are made - they are assets of value.\"}],\"sound\":\"\",\"text\":\"So, why are you here, now, reading these words, looking for something better inside of you? Choose ALL that apply to you.\"},\"feedback\":[\"We all want riches. We all want our desires fulfilled. So, take heart, you have taken the first step. The very fact that you are here now, shows you are on your way. You are reaching for your dreams. Now, touch Close, then touch any answer for more feedback.\",\"We all want riches. We all want our desires fulfilled. So, take heart, you have taken the first step. The very fact that you are here now, shows you are on your way. You are reaching for your dreams. Now, touch Close, then touch any answer for more feedback.\"],\"score\":\"20\",\"gems\":\"1\"}","lite":"1","guid":"a705f6f0-5e88-4325-a80d-3d11a14a10ed","growth_activity":"0"},{"id":"103600","courseId":"234","type":"6","summary":"All who are ready","index":"9","json":"{\"type\":6,\"image\":\"077DCE85-8335-8D6D-7E92-7D010F84F927.png\",\"presentation\":[{\"text\":\"The Secret Will Work for All Who are Ready for it.\",\"in\":0,\"time\":1,\"sound\":\"\",\"size\":0,\"color\":\"#256ED7\",\"alignment\":0},{\"text\":\"To be ready for it, you must know the answer to this question:\",\"in\":0,\"time\":3,\"sound\":\"\",\"alignment\":0},{\"text\":\"What is it your desire most?\",\"in\":0,\"time\":3,\"sound\":\"\",\"alignment\":0}]}","lite":"1","guid":"600a01e0-4424-46b3-b1d0-9bf6e37aa294","growth_activity":"0"},{"id":"103601","courseId":"234","type":"16","summary":"What do you desire?","index":"10","json":"{\"type\":16,\"wordheat\":{\"prompt\":\"To help start thinking about what you truly desire, play with the words below, moving them further away and closer. Closer is more important; further away is less important. There are no right and wrong answers.\",\"words\":[{\"word\":\"Wealth\",\"layer\":0},{\"word\":\"Love\",\"layer\":0},{\"word\":\"Contentment\",\"layer\":0},{\"word\":\"Power\",\"layer\":0},{\"word\":\"Fame\",\"layer\":0},{\"word\":\"Sex\",\"layer\":0},{\"word\":\"Challenge\",\"layer\":0},{\"word\":\"Friends\",\"layer\":0},{\"word\":\"Comfort\",\"layer\":0},{\"word\":\"Pain\",\"layer\":0},{\"word\":\"Family\",\"layer\":0},{\"word\":\"Honor\",\"layer\":0}],\"timer\":0,\"sound\":\"\"},\"feedback\":[\"Consider these desires and how you have placed them. See what is important to you and let this guide you when you settle on your goal that you will pursue above all else.\",\"Fail\"],\"score\":0,\"gems\":0}","lite":"1","guid":"22803e7d-36ad-4e05-8f8e-7e060d7a837a","growth_activity":"0"},{"id":"103602","courseId":"234","type":"4","summary":"Your Desire","index":"11","json":"{ \"type\":4}","lite":"1","guid":"ae19127e-95a0-4e1a-b16c-b4f2de6ae2f9","growth_activity":"0"},{"id":"103603","courseId":"234","type":"3","summary":"When it Appears","index":"12","json":"{\"type\":3,\"intro\":{\"title\":\"When it Appears\",\"description\":\"As you play through this course, the secret will jump from the screen and stand boldly before you - if you are ready for it! &#10;&#10;&#10;&#10;&#10;&#10;&#10;&#10;&#10; &#10;When it appears, you will recognize it. That occasion will mark the most important turningpoint in your life!&#10;\",\"image\":\"24242761-6565-1D3D-F0F1-C4A22792B7C0.png\",\"sound\":\"\",\"volume\":50},\"unlockscore\":\"40\",\"quicklink\":false,\"quotation\":\"\"}","lite":"1","guid":"be0918a8-367d-4674-a2fe-237c93fd91e2","growth_activity":"0"},{"id":"103604","courseId":"234","type":"9","summary":"A Peculiar Thing","index":"13","json":"{\"type\":9,\"wordfill\":{\"text\":\"Those who do acquire and use ##1## will find&#10;themselves literally ##2## to ##3##.\",\"prompt\":\"Here&#39;s a peculiar thing that you should be aware of.\",\"sound\":\"\",\"words\":[\"the secret\",\"swept on\",\"success\"],\"timer\":60},\"feedback\":[\"Yes, you&#39;ll be swept on to success. As Hill says: When riches begin to come, they come so quickly, and in such great abundance, that one wonders where they have been hiding during all those lean years.&#10;\",\"Those who do acquire the secret, and use it, will find themselves literally swept on to success. Hill says: When riches begin to come, they come so quickly, and in such great abundance, that one wonders where they have been hiding during all those lean years.\"],\"score\":\"80\",\"gems\":\"1\"}","lite":"1","guid":"935bdb40-bebb-4868-95ee-e85e6b3dcc40","growth_activity":"0"},{"id":"103605","courseId":"234","type":"14","summary":"For the secret to work","index":"14","json":"{\"type\":14,\"question\":{\"timer\":20,\"multiplechoice\":true,\"answers\":[{\"correct\":true,\"text\":\"know what you want.\",\"feedback\":\"Yes!\"},{\"correct\":false,\"text\":\"work hard and long.\",\"feedback\":\"No. that is not a requirement.\"},{\"correct\":false,\"text\":\"have a college degree.\",\"feedback\":\"No, that is not a requirement.\"}],\"sound\":\"\",\"text\":\"For the secret to work, you must:\"},\"feedback\":[\"\",\"\"],\"score\":\"20\",\"gems\":0}","lite":"1","guid":"975e2c2c-32a4-4179-afb1-72cbb3362408","growth_activity":"0"},{"id":"103606","courseId":"234","type":"7","summary":"How you doing?","index":"15","json":"{\"type\":7,\"input\":{\"type\":7,\"prompt\":\"Take a moment and reflect on how you feel about achieving your dreams. Slide the ball left if you&#39;re feeling negative and right for positive. And if you like you can enter some thoughts below.\",\"locked\":false,\"text\":\"\",\"isNumber\":false,\"useImages\":true,\"left\":\"A95BF1FA-19BD-E6C2-C623-565B9FAE2534.png\",\"right\":\"6786582A-C1D6-9756-09E6-010A645C56F1.png\",\"ideal\":50},\"feedback\":[\"End of Burst. Now you&#39;ll go to Progress Screen.\",\"End of Burst. Now you&#39;ll go to Progress Screen.\"],\"score\":\"20\",\"gems\":0}","lite":"0","guid":"8c3ef5fc-7ec5-474b-bc4b-ebf8b25f2413","growth_activity":"0"},{"id":"103607","courseId":"234","type":"4","summary":"When it Appears","index":"16","json":"{ \"type\":4}","lite":"1","guid":"26dfcb74-eadb-4e9f-aa5b-53d9cc8dec51","growth_activity":"0"},{"id":"103608","courseId":"234","type":"2","summary":"Thoughts are Things","index":"17","json":"{ \"type\":2}","lite":"1","guid":"ab0c2ccf-f55a-438c-8557-702845563b13","growth_activity":"0"},{"id":"103609","courseId":"234","type":"1","summary":"Discover the Power of Your Mind","index":"18","json":"{\"type\":1,\"intro\":{\"title\":\"Discover the Power of Your Mind\",\"description\":\"To achieve your dreams, you must first discover the power that lies within your mind. You will find an infinite supply of the stuff that starts dreams on their path to reality.\",\"image\":\"B7FFC6CA-AAF0-82DA-21F5-84C3A13375A4.png\"},\"dossier\":false}","lite":"0","guid":"f93628e5-d578-4f59-a79d-97aff1609906","growth_activity":"0"},{"id":"103610","courseId":"234","type":"3","summary":"Adopt a Definite Purpose","index":"19","json":"{\"type\":3,\"intro\":{\"title\":\"Adopt a Definite Purpose\",\"description\":\"First things first. You must adopt a definite purpose for your life and stand by it. Once you do that, you will be on your way.\",\"image\":\"0FCB3F95-E2D5-C1DD-84FD-7F90269E78CF.png\",\"sound\":\"\",\"volume\":50},\"unlockscore\":\"20\",\"quicklink\":false,\"quotation\":\"\"}","lite":"0","guid":"f85916c2-77d3-4d8e-969f-dbeb811c3797","growth_activity":"0"},{"id":"103611","courseId":"234","type":"10","summary":"Thoughts are Things","index":"20","json":"{\"type\":10,\"dragdrop\":{\"timer\":30,\"layout\":0,\"goals\":[{\"isImage\":false,\"text\":\"THOUGHT\",\"image\":\"\"}],\"items\":[{\"goal\":1,\"isImage\":false,\"text\":\"Definite Purpose\",\"image\":\"\",\"feedback\":[\"\",\"\"]},{\"goal\":1,\"isImage\":false,\"text\":\"Persistence\",\"image\":\"\",\"feedback\":[\"\",\"\"]},{\"goal\":1,\"isImage\":false,\"text\":\"Burning Desire\",\"image\":\"\",\"feedback\":[\"\",\"\"]}],\"prompt\":\"Combine a definite purpose, persistence, and a burning desire with thought and what do you think you&#39;ll get? Try it.          \",\"sound\":\"\"},\"feedback\":[\"Boom! You have just combined the four most powerful ingredients there are. Do this in your life and you will find that the energy around you starts to adapt to your thoughts, transmuting them into their physical equivalent.\",\"What are you waiting for?\"],\"score\":\"60\",\"gems\":\"1\"}","lite":"0","guid":"eb57508a-56cd-4b0f-93cd-feff29fbf897","growth_activity":"0"},{"id":"103612","courseId":"234","type":"20","summary":"Out of the Mouths of Industrialists","index":"21","json":"{\"type\":20,\"multiple\":{\"timer\":60,\"answers\":[{\"correct\":false,\"text\":\"Hard work, my boy! Hard work and no play!\",\"feedback\":\"No, hard work was not cited as a key to how they had achieved their riches. Yes, hard work may have been involved, but let&#39;s face it, in this world, accomplishing anything will take hard work, but hard work will not make it happen.\"},{\"correct\":false,\"text\":\"The money to invest in your dreams.\",\"feedback\":\"No, these rich men did not say that they needed the money to seed their dreams. Yes, it takes money to grow a business, but a pile of money will light no spark.\"},{\"correct\":true,\"text\":\"A thought, a desire, persistence and a purpose\",\"feedback\":\"Yes, all these tough guys who fought hard and won big, shared their truth with Hill. That everything humanity has ever created started with an idea, a thought, and was brought to reality via the desire to make it happen. Tough guys? \"},{\"correct\":false,\"text\":\"Just do what you&#39;re told\",\"feedback\":\"No, no one ever achieved their dreams by just taking orders. Hill does talk about intelligent followers - those who learn from those who lead and eventually rise to become leaders themselves. And those intelligent followers often make the best leaders.\"}],\"sound\":\"\",\"text\":\"Napoleon Hill interviewed many of the most successful industrialists of his day including Andrew Carnegie, John D. Rockefeller, and Henry Ford. Consider these RICH MEN - and select all the &#34;keys to riches&#34; you figure they&#39;d spout.\"},\"feedback\":[\"Very good. Touch Close then touch any answer to learn more.\",\"Some were incorrect. Touch Close then touch any answer to learn more.\"],\"score\":\"20\",\"gems\":0}","lite":"0","guid":"c8fa4d48-e5df-48f0-a22d-9df14c2b2f35","growth_activity":"0"},{"id":"103613","courseId":"234","type":"9","summary":"If THEY said it then it must be true","index":"22","json":"{\"type\":9,\"wordfill\":{\"text\":\"You can have what you ##4## if you adopt a definite purpose and ##6## that ##2## until it has time to become an all-consuming ##1##.\",\"prompt\":\"So, if those reality-based rich guys said it, then it must be true. Drag the words to the spaces.\",\"sound\":\"\",\"words\":[\"obsession\",\"purpose\",\"struggle\",\"want\",\"pain\",\"stand by\"],\"timer\":60},\"feedback\":[\"Words to achieve your dreams by.\",\"Focus: You can have what you want if you adopt a definite purpose, and stand by that purpose until it has time to become an all-consuming obsession.\"],\"score\":\"80\",\"gems\":\"1\"}","lite":"0","guid":"0753f155-1a2e-4b97-addf-5bc24debbb58","growth_activity":"0"},{"id":"103614","courseId":"234","type":"6","summary":"The Point Is","index":"23","json":"{\"type\":6,\"image\":\"E1A78650-BAB2-8FE3-867E-70439AA7BB57.png\",\"presentation\":[{\"text\":\"&#34;You can have what you want.&#34;\",\"in\":0,\"time\":0,\"sound\":\"\",\"alignment\":0,\"size\":2,\"color\":\"#256ED7\",\"font\":2},{\"text\":\"Napoleon Hill told us how we can all attain our dreams.&#10;&#10;But we must have a burning desire. Our state of mind must be one of BELIEF, not hope or wish.\",\"in\":0,\"time\":2,\"sound\":\"\",\"alignment\":0,\"color\":\"#000000\"},{\"text\":\"Because desire is not a hope, not a wish. It is a keen pulsing sense. It is definite!\",\"in\":0,\"time\":3,\"sound\":\"\",\"alignment\":0,\"color\":\"#000000\"}]}","lite":"0","guid":"a705059c-b7fb-4b5a-be98-827e9d2dd7df","growth_activity":"0"},{"id":"103615","courseId":"234","type":"12","summary":"Your First Step","index":"24","json":"{\"type\":12,\"orderitems\":{\"slots\":[\"Start of statement\",\"\",\"\",\"\",\"\",\"End of statement\"],\"items\":[{\"text\":\"Choose a\",\"slot\":1},{\"text\":\"definite goal and\",\"slot\":2},{\"text\":\"place all of your \",\"slot\":3},{\"text\":\"energy, will power,\",\"slot\":4},{\"text\":\"and effort\",\"slot\":5},{\"text\":\"behind it.\",\"slot\":6}],\"ordered\":true,\"timer\":0,\"sound\":\"\",\"prompt\":\"Assemble the statement that clearly lays out your first step towards achieving your dreams.\"},\"feedback\":[\"It sounds obvious, but most people just dream about what they want. Their dreams never take the shape of definite goals. You will be ahead of most people if you take this first step. Do it! (This is the end of the first Burst. Next is your Progress Screen. See if you unlocked the next Burst.)\",\"Focus: You must choose a definite goal and place all of your energy, will power and effort behind it. Do it! (This is the end of the first Burst. Next is your Progress Screen. See if you unlocked the next Burst.)\"],\"score\":\"120\",\"gems\":\"1\"}","lite":"0","guid":"69c96aea-0f27-46ea-8d41-6ce99811be65","growth_activity":"0"},{"id":"103616","courseId":"234","type":"4","summary":"Adopt a Definite Purpose","index":"25","json":"{ \"type\":4}","lite":"0","guid":"4fbff807-d75d-43fe-8991-bf0d075a9477","growth_activity":"0"},{"id":"103617","courseId":"234","type":"3","summary":"Become a Practical Dreamer","index":"26","json":"{\"type\":3,\"intro\":{\"title\":\"Become a Practical Dreamer\",\"description\":\"In your own mind, you must have achieved your dream in every minute of your day.\",\"image\":\"433A3B86-9E1E-9FCD-F2E9-D897749CA37B.png\",\"sound\":\"\",\"volume\":50},\"unlockscore\":\"20\",\"quicklink\":false,\"quotation\":\"\"}","lite":"0","guid":"7d690314-6d80-44d0-9e40-aed49a183b40","growth_activity":"0"},{"id":"103618","courseId":"234","type":"14","summary":"Are You Ready for it?","index":"27","json":"{\"type\":14,\"question\":{\"timer\":15,\"multiplechoice\":true,\"answers\":[{\"correct\":false,\"text\":\"Almost, I just need to clear up some stuff.\",\"feedback\":\"You&#39;re like many people. You believe that if you do just one more thing, it will simplify your life enough so that there is room to achieve your dreams. But life does not get simpler. And no one is ready for a thing until he believes he can acquire it.\"},{\"correct\":false,\"text\":\"Sometimes I am, but not at other times\",\"feedback\":\"I know; some days are good and some are not so good. And you&#39;re waiting for that day when all the pieces fall into place and you are ready. Silly rabbit, that day is already here. And no one is ready for a thing until he believes he can acquire it.\"},{\"correct\":true,\"text\":\"Yes, I am definitely ready.\",\"feedback\":\"All will come to you because you are READY FOR IT. You believe you can acquire it and so you will receive it. Get ready!\"}],\"sound\":\"\",\"text\":\"You have just 15 seconds to answer this very simple question - and be completely honest. &#10;&#10;                            Are you ready to receive what you desire?\"},\"feedback\":[\"\",\"\"],\"score\":\"0\",\"gems\":\"0\"}","lite":"0","guid":"2b136743-6e39-4377-8143-4023993129e7","growth_activity":"0"},{"id":"103619","courseId":"234","type":"14","summary":"How Much Do You Want it?","index":"28","json":"{\"type\":14,\"question\":{\"timer\":15,\"multiplechoice\":true,\"answers\":[{\"correct\":false,\"text\":\"It&#39;s one of the things I want to accomplish in my life.\",\"feedback\":\"Kudos for being honest, but believe me - if you don&#39;t want it more than anything else, it&#39;s just not going to happen. That&#39;s not bad. Clearly there are more important things in your life. Grab those things with gusto and let your dreams drift off.\"},{\"correct\":true,\"text\":\"More important than anything else in my life.\",\"feedback\":\"This is the only answer there is if you truly want to make your dreams a reality. You must want it more than anything else and create a plan to achieve it. Good for you. Let&#39;s keep going.\"},{\"correct\":false,\"text\":\"To be honest, I&#39;m not sure.\",\"feedback\":\"Kudos for being honest, but if you don&#39;t want it more than anything else, it&#39;s just not going to happen. Take some time to figure out what is important to you. Maybe your dreams are not about money, but rather happiness, love, service - those are worthy dreams.\"}],\"sound\":\"\",\"text\":\"You have just 15 seconds to answer this very simple question - and be completely honest. &#10;&#10;                        How important is it that you achieve your dream?\"},\"feedback\":[\"\",\"\"],\"score\":0,\"gems\":0}","lite":"0","guid":"34706eb6-1a6c-4903-8fcd-3c9814605dba","growth_activity":"0"},{"id":"103620","courseId":"234","type":"12","summary":"Burn Your Bridges","index":"29","json":"{\"type\":12,\"orderitems\":{\"slots\":[\"Always have\",\"a good number\",\"of alternatives.\"],\"items\":[{\"text\":\"BURN\",\"slot\":1},{\"text\":\"YOUR \",\"slot\":2},{\"text\":\"BRIDGES\",\"slot\":3}],\"ordered\":true,\"timer\":30,\"sound\":\"\",\"prompt\":\"                   THERE IS ONLY ONE WAY TO MOVE FORWARD&#10;                      The orange phrase will not get you there. &#10;                       Cover it with the correct yellow phrase.&#10;                                  (Then touch Done.)\"},\"feedback\":[\"There must be no way back. Victory is the only way forward. No alternative plans, no halfway measures. No keeping your eyes open for other opportunities.  You must burn all bridges and stake your entire future on your ability to get what you want. &#10;\",\"You must burn all bridges and stake your entire future on your ability to get what you want.\"],\"score\":\"60\",\"gems\":\"1\"}","lite":"0","guid":"1d7ad249-38a3-4097-8819-3727a499af36","growth_activity":"0"},{"id":"103621","courseId":"234","type":"16","summary":"What do you desire?","index":"30","json":"{\"type\":16,\"wordheat\":{\"prompt\":\"Let&#39;s do a quick exercise to get you thinking about your desires. &#10;&#10;Rank these six potential desires - closer is more important to you, farther is less important. Touch Done when you are satisfied with the placement of each word.\",\"words\":[{\"word\":\"Wealth\",\"layer\":5},{\"word\":\"Love\",\"layer\":0},{\"word\":\"Contentment\",\"layer\":0},{\"word\":\"Power\",\"layer\":0},{\"word\":\"Fame\",\"layer\":0},{\"word\":\"Sex\",\"layer\":0}],\"timer\":0,\"sound\":\"\"},\"feedback\":[\"Consider these six desires and how you have placed them. Really see what you feel is important to you and let this guide you when you settle on your goal that you will pursue above all else.\",\"Fail\"],\"score\":0,\"gems\":0}","lite":"0","guid":"b1a60a99-6317-491b-99ac-bfa15b31a831","growth_activity":"0"},{"id":"103622","courseId":"234","type":"6","summary":"Become a Practical Dreamer","index":"31","json":"{\"type\":6,\"image\":\"\",\"presentation\":[{\"text\":\"Practical dreamers in high demand.\",\"in\":0,\"time\":1,\"sound\":\"\",\"font\":2,\"alignment\":0,\"size\":2,\"color\":\"#FF9500\"},{\"text\":\"When Hill wrote his book, America was just coming out of the Great Depression and he saw it as the end of an old era and the beginning of a new era of great promise for those with dreams and the plans to make them come true. That is, practical dreamers.\",\"in\":0,\"time\":2,\"sound\":\"\"},{\"text\":\"It is the same today as it was then. We are living in a world of fundamental change and there is boundless opportunity for practical dreamers to add to this new world.\",\"in\":0,\"time\":2,\"sound\":\"\"},{\"text\":\"Be bold, be brave - dream and make a plan to achieve that dream!\",\"in\":0,\"time\":3,\"sound\":\"\",\"font\":2,\"alignment\":0,\"color\":\"#000000\"}]}","lite":"0","guid":"405aef28-973c-41e2-8c13-a79c2a08ec5c","growth_activity":"0"},{"id":"103623","courseId":"234","type":"4","summary":"Become a Practical Dreamer","index":"32","json":"{ \"type\":4}","lite":"0","guid":"2b787ebb-7122-476e-83ec-7fbc9744fd3d","growth_activity":"0"},{"id":"103624","courseId":"234","type":"3","summary":"Have Faith","index":"33","json":"{\"type\":3,\"intro\":{\"title\":\"Have Faith\",\"description\":\"You must have faith to achieve your dreams. Faith?&#10;&#10;Let&#39;s explore this.\",\"image\":\"58EA1905-CDA2-58C1-9901-5CB5797BF3C4.png\",\"sound\":\"EA9E558F-8341-90A0-89F5-F5E60A1F1370.mp3\",\"volume\":10},\"unlockscore\":\"20\",\"quicklink\":false,\"quotation\":\"\",\"unlockActivity\":\"none\"}","lite":"0","guid":"e5681587-ba01-4d9b-9b5d-60a9bd8db38f","growth_activity":"0"},{"id":"103625","courseId":"234","type":"10","summary":"Eternal Elixer","index":"34","json":"{\"type\":10,\"dragdrop\":{\"timer\":15,\"layout\":0,\"goals\":[{\"isImage\":false,\"text\":\"THOUGHT IMPULSE\",\"image\":\"\"}],\"items\":[{\"goal\":1,\"isImage\":false,\"text\":\"Life\",\"image\":\"\",\"feedback\":[\"\",\"\"]},{\"goal\":1,\"isImage\":false,\"text\":\"Power\",\"image\":\"\",\"feedback\":[\"\",\"\"]},{\"goal\":1,\"isImage\":false,\"text\":\"Action\",\"image\":\"\",\"feedback\":[\"\",\"\"]}],\"prompt\":\"Faith is the eternal elixer which gives...\",\"sound\":\"\"},\"feedback\":[\"Faith is the eternal elixir which gives life, power and action to the impulse of thought.\",\"Faith is the eternal elixir which gives life, power and action to the impulse of thought.\"],\"score\":\"60\",\"gems\":\"1\"}","lite":"0","guid":"4a4723dd-9355-4621-a8d1-22ed7d45353b","growth_activity":"0"},{"id":"103626","courseId":"234","type":"12","summary":"Starting Point","index":"35","json":"{\"type\":12,\"orderitems\":{\"slots\":[\"Starting \",\"Point...\"],\"items\":[{\"text\":\"Starting \",\"slot\":1},{\"text\":\"Point...\",\"slot\":2}],\"ordered\":true,\"timer\":15,\"sound\":\"\",\"prompt\":\"                                  FAITH IS THE...&#10;&#10;                 (Cover the orange with the yellow for emphasis.)\"},\"feedback\":[\"Yes, faith is the starting point for the accumulation of all riches. This is because Faith is the only agency through which the cosmic force of infinite intelligence can be harnessed and used by human beings.\",\"Faith is the starting point for the accumulation of all riches. This is because Faith is the only agency through which the cosmic force of infinite intelligence can be harnessed and used by human beings.\"],\"score\":\"40\",\"gems\":\"1\"}","lite":"0","guid":"b91dce8d-c764-4d2f-8c22-957e37d528da","growth_activity":"0"},{"id":"103627","courseId":"234","type":"6","summary":"Antidote for Failure","index":"36","json":"{\"type\":6,\"image\":\"\",\"presentation\":[{\"text\":\"FAITH IS THE ANTIDOTE FOR FAILURE\",\"in\":0,\"time\":1,\"sound\":\"\",\"font\":0,\"alignment\":1,\"size\":2,\"color\":\"#256ED7\"},{\"text\":\"Failure cannot survive in a mind that has faith&#10;because&#10;faith translates ordinary vibrations of thought, &#10;created by the finite mind of humans, &#10;into their spiritual equivalent.&#10;\",\"in\":0,\"time\":2,\"sound\":\"\",\"alignment\":1,\"color\":\"#000000\"},{\"text\":\"Faith is the only way to induce a response from Infinite Intelligence.\",\"in\":0,\"time\":3,\"sound\":\"\",\"alignment\":1,\"font\":2,\"color\":\"#000000\"}]}","lite":"0","guid":"148cfabb-84a5-47f3-bc17-586d46577147","growth_activity":"0"},{"id":"103628","courseId":"234","type":"13","summary":"Do you have faith?","index":"37","json":"{\"type\":13,\"thisthat\":{\"questions\":[{\"text\":\"Know Faith, No Failure&#10;&#10;Do you have faith that you can reach your goals?\",\"correct\":\"Yes\",\"wrong\":\"No\",\"value\":true,\"feedback\":[\"You are prepared to achieve your goals. Faith is the elixer and you have it. (But if you don&#39;t really feel you do have it, later on, you&#39;ll learn how you can actually create your own faith.)\",\"You are honest and that is a huge advantage for you. Now, don&#39;t worry that you don&#39;t have faith because later on you&#39;ll learn how you can actually create your own faith.)\"]}],\"timer\":15,\"noscore\":true},\"feedback\":[\"\",\"\"],\"score\":0,\"gems\":0}","lite":"0","guid":"5720ff41-986f-44e4-8bcb-eb684627f6e0","growth_activity":"0"},{"id":"103629","courseId":"234","type":"7","summary":"How you doing?","index":"38","json":"{\"type\":7,\"input\":{\"type\":7,\"prompt\":\"Take a moment and reflect on how you feel about achieving your dreams. Slide the ball left if you&#39;re feeling negative and right for positive. And if you like you can enter some thoughts below.\",\"locked\":false,\"text\":\"\",\"isNumber\":false,\"useImages\":true,\"left\":\"51AA0AE7-9310-4780-8416-346E05CD30AD.png\",\"right\":\"5E8E545C-44DB-7249-96D5-57BA1B182F06.png\",\"ideal\":50},\"feedback\":[\"You can go back and review how you responded to these questions. They are all collected in Dossiers. To see them, open the blue Navigation Menu on the upper left. Touch Dossiers and choose the appropriate Unit.\",\"You can go back and review how you responded to these questions. They are all collected in Dossiers. To see them, open the blue Navigation Menu on the upper left. Touch Dossiers and choose the appropriate Unit.\"],\"score\":\"20\",\"gems\":0}","lite":"0","guid":"1db6f12d-b1d6-4c38-a53c-1e00501942c9","growth_activity":"0"},{"id":"103630","courseId":"234","type":"4","summary":"Have Faith","index":"39","json":"{ \"type\":4}","lite":"0","guid":"707d4ab3-a1c9-47b0-a8fe-3dfcb86357e9","growth_activity":"0"},{"id":"103631","courseId":"234","type":"3","summary":"Combine Faith with Thought","index":"40","json":"{\"type\":3,\"intro\":{\"title\":\"Combine Faith with Thought\",\"description\":\"Faith blended with thought can open a direct line of communication between our finite, thinking mind and Infinite Intelligence.\",\"image\":\"7B664011-6615-833C-A76E-98C487E05217.png\",\"sound\":\"\",\"volume\":50},\"unlockscore\":\"20\",\"quicklink\":false,\"quotation\":\"\",\"unlockActivity\":\"none\"}","lite":"0","guid":"3ab2393e-e0d4-48a3-9275-dacd9ec228f1","growth_activity":"0"},{"id":"103632","courseId":"234","type":"10","summary":"Faith Blended With Thought","index":"41","json":"{\"type\":10,\"dragdrop\":{\"timer\":0,\"layout\":0,\"goals\":[{\"isImage\":false,\"text\":\"Faith\",\"image\":\"\"},{\"isImage\":false,\"text\":\"No Faith\",\"image\":\"\"}],\"items\":[{\"goal\":1,\"isImage\":false,\"text\":\"&#34;I want a new car.&#34;\",\"image\":\"\",\"feedback\":[\"If you truly believe you will get a new car, you will keep at it. You will create a plan. And you will find yourself behind the wheel of a new car.\",\"If you really don&#39;t have faith - if you don&#39;t believe you will get a new car, then you won&#39;t keep at it. You won&#39;t create a plan. And chances are you won&#39;t get a new car.\"]},{\"goal\":1,\"isImage\":false,\"text\":\"&#34;I want a new job.&#34;\",\"image\":\"\",\"feedback\":[\"With faith guiding you, you will create a plan to get a new job. You won&#39;t give in to early failure. And sooner or later, you will get that new job.\",\"If you don&#39;t have faith, it is more likely that you will not stick with your job search. You will give in to early defeat, and you will more likely still be at your current job six months from now.\"]},{\"goal\":1,\"isImage\":false,\"text\":\"&#34;I want to be rich.&#34;\",\"image\":\"\",\"feedback\":[\"We&#39;ll learn later how your desires should be stated as specifically as they can be. But, if you have faith that you will get rich, then you will stick with it, make a plan and execute the plan.\",\"If you don&#39;t have faith, then how can you expect to become rich? If YOU don&#39;t believe it, then how will make it a reality in the world?\"]},{\"goal\":1,\"isImage\":false,\"text\":\"&#34;I want to be happy.&#34;\",\"image\":\"\",\"feedback\":[\"Happiness is right there in front of you. With faith, you will see this. With faith, you will make a plan to take hold of it.\",\"Happiness is right there in front of you, but if you don&#39;t have faith that you will be happy, then you will not see it. And if you see it, then you will reject it every time.\"]}],\"prompt\":\"                                        GO AHEAD&#10;                                     PLAY A LITTLE\",\"sound\":\"\"},\"feedback\":[\"Open a direct line with infinite intelligence and think of all you could accomplish in your life! \",\"Open a direct line with infinite intelligence and think of all you could accomplish in your life! \"],\"score\":\"20\",\"gems\":0}","lite":"0","guid":"a02eaad0-1344-4f92-99a3-250df9af9be4","growth_activity":"0"},{"id":"103633","courseId":"234","type":"10","summary":"Now try this","index":"42","json":"{\"type\":10,\"dragdrop\":{\"timer\":0,\"layout\":0,\"goals\":[{\"isImage\":false,\"text\":\"Faith\",\"image\":\"\"},{\"isImage\":false,\"text\":\"No Faith\",\"image\":\"\"}],\"items\":[{\"goal\":2,\"isImage\":false,\"text\":\"&#34;I&#39;m poor and don&#39;t deserve to be wealthy.&#34;\",\"image\":\"\",\"feedback\":[\"If you don&#39;t combine faith with this negative thought, you can stop it in its tracks. Better yet to just stop thinking these thoughts. Replace them with positive thoughts. Control your mind. (We&#39;ll learn how to later.)\",\"If you combine faith with this negative thought, you are asking infinite intelligence to translate this thought into physical reality. Is that what you want?\"]},{\"goal\":1,\"isImage\":false,\"text\":\"&#34;I&#39;m a good person who deserves a good life.&#34;\",\"image\":\"\",\"feedback\":[\"If you combine faith with this thought, you are asking infinite intelligence to translate this thought into physical reality. And that is good!\",\"If you don&#39;t faith with this thought, you are not giving infinite intelligence the opportunity to translate this thought into physical reality. \"]},{\"goal\":2,\"isImage\":false,\"text\":\"&#34;My ideas are not worth pursuing.&#34;\",\"image\":\"\",\"feedback\":[\"If you don&#39;t combine faith with this negative thought, you can stop it in its tracks. Better yet to just stop thinking these thoughts. Replace them with positive thoughts. Control your mind. (We&#39;ll learn how to later.)\",\"If you combine faith with this negative thought, you are asking infinite intelligence to translate this thought into physical reality. Is that what you want?\"]},{\"goal\":2,\"isImage\":false,\"text\":\"&#34;I&#39;m going to be stuck in this dead end job forever.&#34;\",\"image\":\"\",\"feedback\":[\"If you don&#39;t combine faith with this negative thought, you can stop it in its tracks. Better yet to just stop thinking these thoughts. Replace them with positive thoughts. Control your mind. (We&#39;ll learn how to later.)\",\"If you combine faith with this negative thought, you are asking infinite intelligence to translate this thought into physical reality. Is that what you want?\"]}],\"prompt\":\"         Faith combined with your thoughts will transmute those &#10;                thoughts into their physical equivalent.&#10;&#10;          So, now, try this. (Drag all to one or the other.)\",\"sound\":\"\"},\"feedback\":[\"Infinite intelligence just wants to translate your thoughts into reality. It does not distinguish between thoughts that are good for you and thoughts that are bad. That is where you come in.\",\"Infinite intelligence just wants to translate your thoughts into reality. It does not distinguish between thoughts that are good for you and thoughts that are bad. That is where you come in.\"],\"score\":0,\"gems\":0}","lite":"0","guid":"b6c0a50b-fe56-4c05-9140-460606aa02c5","growth_activity":"0"},{"id":"103634","courseId":"234","type":"10","summary":"Now add love","index":"43","json":"{\"type\":10,\"dragdrop\":{\"timer\":20,\"layout\":0,\"goals\":[{\"isImage\":false,\"text\":\"COMBINE HERE\",\"image\":\"\"}],\"items\":[{\"goal\":1,\"isImage\":false,\"text\":\"A thought\",\"image\":\"\",\"feedback\":[\"\",\"\"]},{\"goal\":1,\"isImage\":false,\"text\":\"Faith\",\"image\":\"\",\"feedback\":[\"\",\"\"]},{\"goal\":1,\"isImage\":false,\"text\":\"Love\",\"image\":\"\",\"feedback\":[\"\",\"\"]}],\"prompt\":\"Now add love. That is the most powerful way to induce a response from infinite intelligence.\",\"sound\":\"\"},\"feedback\":[\"Thoughts that are emotionalized (given feeling) and mixed with faith transmute into physical equivalent. And love is the most powerful of the feelings.\",\"Thoughts that are emotionalized (given feeling) and mixed with faith transmute into physical equivalent. And love is the most powerful of the feelings.\"],\"score\":\"60\",\"gems\":\"1\"}","lite":"0","guid":"dcc66d29-9198-4c44-b6a4-84a1645d2ade","growth_activity":"0"},{"id":"103635","courseId":"234","type":"4","summary":"Combine Faith with Thought","index":"44","json":"{ \"type\":4}","lite":"0","guid":"9d46e8fd-3202-465c-9f70-297a4d8c22fe","growth_activity":"0"},{"id":"103636","courseId":"234","type":"3","summary":"Direct Your Dominant Thoughts","index":"45","json":"{\"type\":3,\"intro\":{\"title\":\"Direct Your Dominant Thoughts\",\"description\":\"Our brains become magnetized with our dominant thoughts and attract other thoughts and things that harmonize with our thoughts. \",\"image\":\"FF310B1B-603A-4A2D-E8BB-54CF62CB242A.png\",\"sound\":\"\",\"volume\":50},\"unlockscore\":\"20\",\"quicklink\":false,\"quotation\":\"\",\"unlockActivity\":\"none\"}","lite":"0","guid":"9f1343bd-f43e-46ac-bc6a-28a8231c9368","growth_activity":"0"},{"id":"103637","courseId":"234","type":"8","summary":"Find the pairs","index":"46","json":"{\"type\":8,\"statement\":{\"prompt\":\"Act like your brain and infinite intelligence and find the three pairs.\",\"wrong\":\"Wrong\",\"statements\":[\"I am poor|Low-wage job\",\"I am rich|Money-making ideas\",\"I&#39;ll get the job|Promotion\"],\"ordered\":false,\"timer\":30,\"sound\":\"\"},\"feedback\":[\"You see, our dominant thoughts attract thoughts and experiences that match. It really makes perfect sense. So, the goal is to control what we think because we come to believe whatever we repeat to ourselves, whether it be true or false.\",\"Your dominant thoughts attract thoughts and experiences that match. It really makes perfect sense. So, the goal is to control what you think. So, the goal is to control what we think because we come to believe whatever we repeat to ourselves, whether it be true or false.\"],\"score\":\"60\",\"gems\":\"1\"}","lite":"0","guid":"18d76230-8a43-4345-b945-828e6e1c8678","growth_activity":"0"},{"id":"103638","courseId":"234","type":"9","summary":"What we PERMIT","index":"47","json":"{\"type\":9,\"wordfill\":{\"text\":\"             We are what we become because of the dominating thoughts &#10;                        ##1## ##2## ##3## &#10;                                   to occupy our mind.\",\"prompt\":\"Here&#39;s the key:\",\"sound\":\"\",\"words\":[\"WHICH \",\"WE\",\"PERMIT\"],\"timer\":20},\"feedback\":[\"So, thoughts which we deliberately place in our mind and encourage with emotions constitute the motivating forces which direct and control our movement, act and deed.\",\"Thoughts which we deliberately place in our mind and encourage with emotions constitute the motivating forces which direct and control our movement, act and deed.\"],\"score\":\"60\",\"gems\":\"1\"}","lite":"0","guid":"55dec4a1-9383-48b4-ae45-debbaee7f83e","growth_activity":"0"},{"id":"103639","courseId":"234","type":"4","summary":"Direct Your Dominant Thoughts","index":"48","json":"{ \"type\":4}","lite":"0","guid":"392e48bc-e75d-483d-b6f2-80534ecfe1a6","growth_activity":"0"},{"id":"103640","courseId":"234","type":"3","summary":"Encourage the Positive","index":"49","json":"{\"type\":3,\"intro\":{\"title\":\"Encourage the Positive\",\"description\":\"We are what we are because of the vibrations of thought we pick up and register through the stimuli of our daily environment. &#10;&#10;&#10;&#10;&#10;&#10;&#10;&#10;&#10;Throw off influences of unfortunate environments: Build your own life to order. \",\"image\":\"BED2D659-D932-CA61-49EA-6C17D0679680.png\",\"sound\":\"\",\"volume\":50},\"unlockscore\":\"20\",\"quicklink\":false,\"quotation\":\"\",\"unlockActivity\":\"a4f18444-410a-497d-ab69-ff3c58cbd13a\"}","lite":"0","guid":"50f84ad5-9625-4c3e-b73e-b2007f577bf2","growth_activity":"0"},{"id":"103641","courseId":"234","type":"8","summary":"Find the positive","index":"50","json":"{\"type\":8,\"statement\":{\"prompt\":\"                                       Quick. &#10;                        Touch only the positive emotions.\",\"wrong\":\"I fear tomorrow|I blame others|I hate my life|I doubt myself|It&#39;s impossible\",\"statements\":[\"I can do better|I am capable|I can succeed|I am smart\"],\"ordered\":false,\"timer\":15,\"sound\":\"\"},\"feedback\":[\"The mind takes in the nature of the influences that dominate it. Encourage positive emotions. Discourage and eliminate negative emotions.\",\"The mind takes in the nature of the influences that dominate it. Encourage positive emotions. Discourage and eliminate negative emotions.\"],\"score\":\"80\",\"gems\":0}","lite":"0","guid":"c82739dc-9e4e-48c1-b8bc-b94de02b0b8a","growth_activity":"0"},{"id":"103642","courseId":"234","type":"13","summary":"Success or Failure","index":"51","json":"{\"type\":13,\"thisthat\":{\"questions\":[{\"text\":\"       Success comes to those who become SUCCESS CONSCIOUS.&#10;             Failure comes to those who &#10;                    indifferently allow themselves &#10;                            to become FAILURE CONSCIOUS.&#10;&#10;                      &#34;I can&#39;t do it.&#34;\",\"correct\":\"Success \",\"wrong\":\"Failure\",\"value\":false,\"feedback\":[\"Yes, this is failure consciousness. Eliminate it.\",\"No, this is failure consciousness. Eliminate it.\"]},{\"text\":\"       Success comes to those who become SUCCESS CONSCIOUS.&#10;             Failure comes to those who &#10;                    indifferently allow themselves &#10;                            to become FAILURE CONSCIOUS.&#10;&#10;                      &#34;I will make it happen.&#34;\",\"correct\":\"True\",\"wrong\":\"False\",\"value\":true,\"feedback\":[\"Yes, this is success consciousness. \",\"No, this is success consciousness.\"]},{\"text\":\"       Success comes to those who become SUCCESS CONSCIOUS.&#10;             Failure comes to those who &#10;                    indifferently allow themselves &#10;                            to become FAILURE CONSCIOUS.&#10;&#10;                      &#34;I can figure it out.&#34;\",\"correct\":\"True\",\"wrong\":\"False\",\"value\":true,\"feedback\":[\"Yes, this is success consciousness.\",\"No, this is success consciousness.\"]},{\"text\":\"                 Success comes to those who become SUCCESS CONSCIOUS.&#10;             Failure comes to those who indifferently allow themselves &#10;                            to become FAILURE CONSCIOUS.&#10;&#10;                                   &#34;I give up.&#34;\",\"correct\":\"True\",\"wrong\":\"False\",\"value\":false,\"feedback\":[\"Yes, this is failure consciousness. Eliminate it.\",\"No, this is failure consciousness. Eliminate it.\"]}],\"timer\":0,\"noscore\":false},\"feedback\":[\"You are not DOOMED to poverty and failure because of some strange force over which you BELIEVE you have no control. You create your misfortune or good fortune through your BELIEFS, which are picked up by the subconscious mind and transmuted into their physical equivalent.\",\"You are not DOOMED to poverty and failure because of some strange force over which you BELIEVE you have no control. You create your misfortune or good fortune through your BELIEFS, which are picked up by the subconscious mind and transmuted into their physical equivalent.\"],\"score\":\"80\",\"gems\":0}","lite":"0","guid":"91d81477-12c2-416c-80c2-02d2c2ac9dd6","growth_activity":"0"},{"id":"103643","courseId":"234","type":"6","summary":"Activity 1: 24 Hours","index":"52","json":"{\"type\":6,\"image\":\"\",\"presentation\":[{\"text\":\"Encourage Positive, Eliminate Negative\",\"in\":0,\"time\":0,\"sound\":\"\"},{\"text\":\"It is essential for you to encourage positive emotions as dominating forces of your mind, and discourage u2013 and eliminate negative emotions.  For the next 24-hours, monitor your thoughts and emotions.  List all of the positive and negative emotions that you find yourself having throughout the day.\",\"in\":0,\"time\":0,\"sound\":\"\"},{\"text\":\"Use the Activity called 24 Hours. Find it by touching the Navigation menu. Choose Activities to get to the Activities Menu.\",\"in\":0,\"time\":0,\"sound\":\"\"}]}","lite":"0","guid":"a7bb670b-2c69-4af1-861c-bd9316a5bd1d","growth_activity":"0"},{"id":"103644","courseId":"234","type":"4","summary":"Encourage the Positive","index":"53","json":"{ \"type\":4}","lite":"0","guid":"dac96f67-22cc-4751-a37f-5a2dfb4e7404","growth_activity":"0"},{"id":"103645","courseId":"234","type":"3","summary":"Control what Reaches Your Subconcious","index":"54","json":"{\"type\":3,\"intro\":{\"title\":\"You Have Control\",\"description\":\"As human beings, we have absolute control over what reaches our subconscious mind. But we DO NOT always exercise control.&#10;&#10;&#10;&#10;&#10;&#10;&#10;This is our big mistake because the subconscious mind is the key, the link, the doorway.\",\"image\":\"45DEDB41-EFA4-FEC2-8467-3FEA0A66C81E.png\",\"sound\":\"\",\"volume\":50},\"unlockscore\":\"20\",\"quicklink\":false,\"quotation\":\"\",\"unlockActivity\":\"none\"}","lite":"0","guid":"f3a349cc-fad4-441c-9509-6f6b14d3bc76","growth_activity":"0"},{"id":"103646","courseId":"234","type":"20","summary":"The Subconscious Mind Is...","index":"55","json":"{\"type\":20,\"multiple\":{\"timer\":60,\"answers\":[{\"correct\":false,\"text\":\"the virtual organ that controls what we think.\",\"feedback\":\"No, YOU control what you think. YOU control what reaches your subconscious. Your subconscious DOES NOT CONTROL YOU.\"},{\"correct\":false,\"text\":\"the filter that catches negative thoughts.\",\"feedback\":\"No, that is YOUR RESPONSIBILITY. To control your life, you must control what reaches your subconscious. \"},{\"correct\":true,\"text\":\"the link between the finite mind and infinite intelligence.\",\"feedback\":\"Yes, the subconscious is the link between our finite mind and the infinite intelligence of the universe. Think of the power we can possess if we control what reaches our subconscious!\"},{\"correct\":true,\"text\":\"the path to leveraging the forces of infinite intelligence.\",\"feedback\":\"Yes, we may reach into the infinite source of power via our subconscious. We are all powerful, if we control our thoughts. \"},{\"correct\":true,\"text\":\"where thoughts are transmuted into their spiritual equivalent.\",\"feedback\":\"Yes, it is where our thoughts - our mental impulses - are transmuted into their spiritual equivalent. And then manifested in the physical world. If we control what goes in, we control our earthbound destiny.\"},{\"correct\":false,\"text\":\"the source of both our good and bad thoughts.\",\"feedback\":\"No, our senses take in the world around us and our conscious mind controls what will reach our subconscious - both the good thoughts and the bad.\"}],\"sound\":\"\",\"text\":\"The subconscious mind is...\"},\"feedback\":[\"If you control what moves into your subconscious, you leverage the forces of infinite intelligence in your favor. You control your destiny. (Touch Close and then touch any answer to learn more.)\",\"If you control what moves into your subconscious, you leverage the forces of infinite intelligence in your favor. You control your destiny. (Touch Close and then touch any answer to learn more.)\"],\"score\":\"120\",\"gems\":0}","lite":"0","guid":"9612fbac-9607-4a72-ad4c-037d90219b11","growth_activity":"0"},{"id":"103647","courseId":"234","type":"16","summary":"The Basic Problem","index":"56","json":"{\"type\":16,\"wordheat\":{\"prompt\":\"For each color in the sentence below, find the word that fits at that spot and make that word the same color. Touch Done when you have it. &#10;&#10;The basic YELLOW of RED is that while we have ORANGE over what BLUE subconscious, we almost never GREEN it.\",\"words\":[{\"word\":\"problem\",\"layer\":3},{\"word\":\"human existence\",\"layer\":1},{\"word\":\"absolute control\",\"layer\":2},{\"word\":\"exercise\",\"layer\":4},{\"word\":\"reaches our\",\"layer\":5},{\"word\":\"complete faith\",\"layer\":0},{\"word\":\"assured victory\",\"layer\":0},{\"word\":\"frustration\",\"layer\":0}],\"timer\":0,\"sound\":\"B70AC3BC-70DC-1C42-04C5-EA316B11388E.mp3\"},\"feedback\":[\"Yes, this is what makes life so miserable for so many people: their lives are not what they would want them to be, yet they know that they are in ultimate control. But they feel helpless to exercise their control. These people would feel better if they didn&#39;t have the control - thus the excuses.\",\"What makes life so miserable for so many people is this: their lives are not what they would want them to be, yet they know that they are in ultimate control. But they feel helpless to exercise their control. These people would feel better if they didn&#39;t have the control - thus the excuses.\"],\"score\":\"100\",\"gems\":\"1\"}","lite":"0","guid":"6d0cdd4a-ef14-4d18-bd16-f6f3fdfad582","growth_activity":"0"},{"id":"103648","courseId":"234","type":"14","summary":"It Gets Worse","index":"57","json":"{\"type\":14,\"question\":{\"timer\":20,\"multiplechoice\":true,\"answers\":[{\"correct\":false,\"text\":\"infinite intelligence will take it upon itself to throw bad stuff our way!\",\"feedback\":\"No, infinite intelligence does not care whether you live in poverty or riches. It will respond to your thoughts. \"},{\"correct\":true,\"text\":\"the subconscious will not remain idle!\",\"feedback\":\"If you fail to plant DESIRES in your subconscious mind, it will feed upon the thoughts which reach it as the result of your neglect. And neglect typically means negative. So, if you don&#39;t control your thoughts, your negative emotions will control you.\"},{\"correct\":false,\"text\":\"the less we control, the worse our luck gets.\",\"feedback\":\"Forget luck. Adopt a definite purpose, have faith in it, persist. You will create your future.\"}],\"sound\":\"\",\"text\":\"So, as humans we have control over our thoughts but most of the time we don&#39;t exercise that control so we lose the opportunity to feed positive messages into our subconscious where they will then leverage the power of infinite intelligence. &#10;&#10;That&#39;s a missed opportunity, but it gets worse because...\"},\"feedback\":[\"\",\"\"],\"score\":\"60\",\"gems\":0}","lite":"0","guid":"0e948ef9-2b3e-4ccf-9ee2-e3a874511abb","growth_activity":"0"},{"id":"103649","courseId":"234","type":"12","summary":"You are now engaged","index":"58","json":"{\"type\":12,\"orderitems\":{\"slots\":[\"Start of statement\",\"\",\"\",\"\",\"\",\"\"],\"items\":[{\"text\":\"you will possess the key which\",\"slot\":1},{\"text\":\"unlocks the door to your\",\"slot\":2},{\"text\":\"subconscious mind. You will control\",\"slot\":3},{\"text\":\"that door so completely that\",\"slot\":4},{\"text\":\"no undesirable thought may\",\"slot\":5},{\"text\":\"influence your subconscious mind.\",\"slot\":6}],\"ordered\":true,\"timer\":0,\"sound\":\"\",\"prompt\":\"You are now engaged in trying to help shut off the flow of negative impulses, and to aid in voluntarily influencing your subconscious mind, through positive impulses of DESIRE.&#10;&#10;When you achieve this...\"},\"feedback\":[\"That is your challenge.\",\"When you shut off negative impulses, you will possess the key which unlocks the door to your subconscious mind. Moreover, you will control that door so completely, that no undesirable thought may influence your subconscious mind. That is the challenge.\"],\"score\":\"160\",\"gems\":\"1\"}","lite":"0","guid":"7ea9256f-e666-49b9-8925-6ea8cf3f1e99","growth_activity":"0"},{"id":"103650","courseId":"234","type":"4","summary":"Control what Reaches Your Subconcious","index":"59","json":"{ \"type\":4}","lite":"0","guid":"5f5475b5-fadd-44b2-86c8-c46fb75527d1","growth_activity":"0"},{"id":"103651","courseId":"234","type":"3","summary":"Plant Desirable Crops","index":"60","json":"{ \"type\":3}","lite":"0","guid":"f7a56bb5-2cdf-4ec7-9596-c1ded0a94faa","growth_activity":"0"},{"id":"103652","courseId":"234","type":"19","summary":"Autosuggestion","index":"61","json":"{\"type\":19,\"conversation\":[{\"text\":\"You may VOLUNTARILY plant in your subconscious mind any plan, thought, or purpose which you desire to translate into its physical or monetary equivalent.\",\"image\":\"FE8EEE73-7E4E-AA59-B937-D18F238EB25E.png\",\"sound\":\"E1C806DE-ED8F-2ECC-DD9D-11F42D3C5DBD.mp3\"},{\"text\":\"The subconscious acts first on the dominating desires which have been mixed with emotional feeling, such as faith.\",\"image\":\"45F5A8C4-4891-E2D2-A3B2-7EBCD41EEC70.png\",\"sound\":\"7A13F8A8-D0AD-9C4A-D61E-AAD9D78A7DA6.mp3\"},{\"text\":\"The subconscious mind takes any orders given to it in a spirit of absolute FAITH, and acts upon those orders although they have to be given over and over again.\",\"image\":\"217F615F-008A-C51E-ABE8-DBA544711BBD.png\",\"sound\":\"644B3960-52C7-C312-0230-7356D4BFF40C.mp3\"},{\"text\":\"You can create your own faith: it is a state of mind induced by repeated instructions to the subconscious mind. \",\"image\":\"C9C226BE-9337-765A-D6F3-320C176BDB4D.png\",\"sound\":\"CD829F17-BA49-14DE-7F50-015DF2F4772B.mp3\"},{\"text\":\"Repetition of affirmations of orders to the subconscious can develop faith. One can develop faith by suggesting to the subconscious mind that one HAS faith.\",\"image\":\"5B5AA5DD-BD25-C54A-432D-7864D2DC330B.png\",\"sound\":\"B96F7A2E-BD6C-461D-6884-E3B4FFEF2075.mp3\"}],\"feedback\":\"This is the feedback.\"}","lite":"0","guid":"942236a1-f92d-4a88-96ad-c9f799a1ea5b","growth_activity":"0"},{"id":"103653","courseId":"234","type":"4","summary":"Plant Desirable Crops","index":"62","json":"{ \"type\":4}","lite":"0","guid":"1ff83498-f8bc-4ce9-96e5-b441a19e58d0","growth_activity":"0"},{"id":"103654","courseId":"234","type":"13","summary":"What is autosuggestion","index":"63","json":"{\"type\":13,\"thisthat\":{\"questions\":[{\"text\":\"You may VOLUNTARILY plant in your subconscious mind any plan, thought, or purpose which you desire to translate into its physical or monetary equivalent. \",\"correct\":\"This is so. This is so.\",\"wrong\":\"This is not so. This is not so.\",\"value\":true,\"feedback\":[\"\",\"\"]},{\"text\":\"The subconscious acts first on the dominating desires which have been mixed with emotional feeling, such as faith.\",\"correct\":\"This is so. This is so.\",\"wrong\":\"This is not so. This is not so.\",\"value\":true,\"feedback\":[\"\",\"\"]},{\"text\":\"The subconscious mind takes any orders given to it in a spirit of absolute FAITH, and acts upon those orders although they have to be given over and over again.\",\"correct\":\"This is so. This is so.\",\"wrong\":\"This is not so. This is not so.\",\"value\":true,\"feedback\":[\"\",\"\"]},{\"text\":\"You can create your own faith: it is a state of mind induced by repeated instructions to the subconscious mind. \",\"correct\":\"This is so. This is so.\",\"wrong\":\"This is not so. This is not so.\",\"value\":true,\"feedback\":[\"\",\"\"]},{\"text\":\"Repetition of affirmations of orders to the subconscious can develop faith. One can develop faith by suggesting to the subconscious mind that one HAS faith.\",\"correct\":\"This is so. This is so.\",\"wrong\":\"This is not so. This is not so.\",\"value\":true,\"feedback\":[\"\",\"\"]}],\"timer\":50,\"noscore\":false},\"feedback\":[\"You will achieve all your desire. You will achieve all you desire. You will achieve all you desire. You will achieve all you desire. You will achieve all you desire. You will achieve all you desire. You will achieve all you desire.\",\"Relax. It is a simple thing. Relax. It is a simple thing. Relax. It is a simple thing. Relax. It is a simple thing. Relax. It is a simple thing. Relax. It is a simple thing. Relax. It is a simple thing. Relax. It is a simple thing. \"],\"score\":\"100\",\"gems\":\"5\"}","lite":"0","guid":"3a055f24-fcd3-4de8-8aff-78de433a93fc","growth_activity":"0"},{"id":"103655","courseId":"234","type":"3","summary":"Respect and Act on the Plan You Receive","index":"64","json":"{\"type\":3,\"intro\":{\"title\":\"\",\"description\":\"\",\"image\":\"\",\"sound\":\"\",\"volume\":50},\"unlockscore\":0,\"quicklink\":false,\"quotation\":\"\"}","lite":"0","guid":"d0608515-d7d9-4bdc-8c13-bf4fe0b0dfdd","growth_activity":"0"},{"id":"103656","courseId":"234","type":"4","summary":"Respect and Act on the Plan Received","index":"65","json":"{ \"type\":4}","lite":"0","guid":"cd4da77f-5e1e-4fef-9a4e-8a7cf3c6b528","growth_activity":"0"},{"id":"103657","courseId":"234","type":"3","summary":"Be the Master of Your Earthly Destiny","index":"66","json":"{ \"type\":3}","lite":"0","guid":"9e08effa-c2d1-46b6-92cd-57e6737df943","growth_activity":"0"},{"id":"103658","courseId":"234","type":"4","summary":"Be the Master of Your Earthly Destiny","index":"67","json":"{ \"type\":4}","lite":"0","guid":"c9e9288c-9856-4f8b-a975-8d915c6b8daf","growth_activity":"0"},{"id":"103659","courseId":"234","type":"3","summary":"Write and Read Your Statement","index":"68","json":"{ \"type\":3}","lite":"0","guid":"c9caeb93-8f84-42a4-92a4-c01078dc1d58","growth_activity":"0"},{"id":"103660","courseId":"234","type":"4","summary":"Write and Read Your Statement","index":"69","json":"{ \"type\":4}","lite":"0","guid":"a06d93e7-4066-4a9f-b6da-785735fe4ef6","growth_activity":"0"},{"id":"103661","courseId":"234","type":"3","summary":"Build Your Self Confidence","index":"70","json":"{ \"type\":3}","lite":"0","guid":"4b284f3f-6444-4299-b01f-f03ecff6a582","growth_activity":"0"},{"id":"103662","courseId":"234","type":"4","summary":"Build Your Self Confidence","index":"71","json":"{ \"type\":4}","lite":"0","guid":"003db084-4302-43ac-8a71-7555231c8e93","growth_activity":"0"},{"id":"103663","courseId":"234","type":"2","summary":"Introduction","index":"72","json":"{ \"type\":2}","lite":"0","guid":"bc4033d9-902f-4dda-9184-681a838f113f","growth_activity":"0"},{"id":"103664","courseId":"234","type":"1","summary":"Leverage the Power of the World","index":"73","json":"{\"type\":1,\"intro\":{\"title\":\"Leverage the Power of the World\",\"description\":\"\",\"image\":\"\"},\"dossier\":false}","lite":"0","guid":"69cda769-37d6-44c7-be0f-548d6f7b281f","growth_activity":"0"},{"id":"103665","courseId":"234","type":"2","summary":"Desire","index":"74","json":"{ \"type\":2}","lite":"0","guid":"00d11318-d2a6-484d-af20-082f62546af8","growth_activity":"0"},{"id":"103666","courseId":"234","type":"1","summary":"Persist Until you Attain Your Desire","index":"75","json":"{\"type\":1,\"intro\":{\"title\":\"Persist Until you Attain Your Desire\",\"description\":\"\",\"image\":\"\"},\"dossier\":false}","lite":"0","guid":"e447d0ce-3469-448e-a378-fd93f261f177","growth_activity":"0"},{"id":"103667","courseId":"234","type":"2","summary":"Faith","index":"76","json":"{ \"type\":2}","lite":"0","guid":"56a5575d-d9dc-4e42-a12e-8667ece17ed8","growth_activity":"0"},{"id":"103668","courseId":"234","type":"1","summary":"Control Your Mind - Control the World","index":"77","json":"{\"type\":1,\"intro\":{\"title\":\"Control Your Mind - Control the World\",\"description\":\"\",\"image\":\"\"},\"dossier\":false}","lite":"0","guid":"4f5319e7-d905-4f86-9e38-bbdd8c7f2aa2","growth_activity":"0"},{"id":"103669","courseId":"234","type":"2","summary":"Autosuggestion","index":"78","json":"{ \"type\":2}","lite":"0","guid":"f51a982b-b19c-404d-9354-b325b0e1d417","growth_activity":"0"},{"id":"103670","courseId":"234","type":"1","summary":"Master Your Fear","index":"79","json":"{\"type\":1,\"intro\":{\"title\":\"Master Your Fear\",\"description\":\"\",\"image\":\"\"},\"dossier\":false}","lite":"0","guid":"c64d6893-752f-4e69-9abf-4f6a7ec04344","growth_activity":"0"},{"id":"103671","courseId":"234","type":"2","summary":"Specialized Knowlege","index":"80","json":"{ \"type\":2}","lite":"0","guid":"32d75085-7c08-4e53-be57-82772d78e269","growth_activity":"0"},{"id":"103672","courseId":"234","type":"1","summary":"Discover Who You Are","index":"81","json":"{\"type\":1,\"intro\":{\"title\":\"Discover Who You Are\",\"description\":\"\",\"image\":\"\"},\"dossier\":false}","lite":"0","guid":"79d80b28-0d1f-485d-96ef-be3c217c0a16","growth_activity":"0"},{"id":"103673","courseId":"234","type":"2","summary":"imagination","index":"82","json":"{ \"type\":2}","lite":"0","guid":"6a2c4e50-1a81-471e-b8f5-fb50ee001486","growth_activity":"0"}]