[{"id":"103674","courseId":"234","type":"3","summary":"24 Hours","index":"0","json":"{ \"type\":3}","lite":"0","guid":"a4f18444-410a-497d-ab69-ff3c58cbd13a","growth_activity":"1"},{"id":"103675","courseId":"234","type":"7","summary":"24 Hours Positive","index":"1","json":"{\"type\":7,\"input\":{\"type\":1,\"prompt\":\"Write about your positive emotions and thoughts here.\",\"locked\":false},\"feedback\":[\"\",\"\"],\"score\":0,\"gems\":0}","lite":"0","guid":"ef8afc5e-f36e-4108-b290-8016dbcc116c","growth_activity":"1"},{"id":"103676","courseId":"234","type":"7","summary":"24 Hours Negative","index":"2","json":"{\"type\":7,\"input\":{\"type\":1,\"prompt\":\"Write about your negative thoughts and emotions here.\",\"locked\":false},\"feedback\":[\"\",\"\"],\"score\":0,\"gems\":0}","lite":"0","guid":"e7e70546-3779-44a2-b5a5-68fc86886469","growth_activity":"1"},{"id":"103677","courseId":"234","type":"6","summary":"Come back","index":"3","json":"{\"type\":6,\"image\":\"\",\"presentation\":[{\"text\":\"Come back throughout the day and write more.\",\"in\":0,\"time\":0,\"sound\":\"\"}]}","lite":"0","guid":"f7331ca3-670e-424b-9b29-49b14e41fede","growth_activity":"1"},{"id":"103678","courseId":"234","type":"4","summary":"24 Hours","index":"4","json":"{ \"type\":4}","lite":"0","guid":"67881184-6baf-4c87-ae6a-70cadc0fd4b2","growth_activity":"1"}]