[{"id":"844164","courseId":"323","type":"1","summary":"Getting Along with Humans","index":"0","json":"{\"type\":1,\"intro\":{\"title\":\"Getting Along with Humans\",\"description\":\"You made me the proudest dog on the block when you got into college. All the other dogs were asking me what I did to make you so smart. I just smiled and smelt their butts. \",\"image\":\"D99A8B68-C71E-F4EB-5EDA-D53C567355C1.png\"},\"dossier\":false}","lite":"1","guid":"0bf4a8a0-993d-4242-b085-14c6c901c658","growth_activity":"0"},{"id":"844165","courseId":"323","type":"3","summary":"Dealing with New Humans","index":"1","json":"{\"type\":3,\"intro\":{\"title\":\"Dealing with New Humans\",\"description\":\"And though I&#39;m going to be doggone down in the dumps when you leave, I want you to be happy and successful, so I&#39;m going to teach you a few tricks about dealing with new humans.&#10;&#10;Like when you meet new kids in the dorm - that big doghouse on campus. They&#39;ll be all smiling and fist bumping. But I know what you&#39;ll be feeling...\",\"image\":\"\",\"sound\":\"\",\"volume\":50},\"unlockscore\":\"30\",\"quicklink\":false,\"quotation\":\"\",\"unlockActivity\":\"025d25a2-0c4e-46ee-8025-d3e7709f7aec\"}","lite":"1","guid":"e2adf2b5-ce44-4344-a46d-969aae093edc","growth_activity":"0"},{"id":"844166","courseId":"323","type":"9","summary":"They Feel Just Like You Do","index":"2","json":"{\"type\":9,\"wordfill\":{\"text\":\"Those fist-bumping, smiling humans will all be ##1## ##2## ##3## - just like you!\",\"prompt\":\"You&#39;ll be feeling phony and inadequate - like you&#39;re the runt of the litter. Like you&#39;re the only one trying to figure out how to fit in. But that&#39;s just bull shih-tzu!&#10;&#10;[Read &#34;WHAT TO DO&#34; in the yellow box below.]\",\"sound\":\"\",\"words\":[\"trying to\",\"figure out\",\"how to fit in\"],\"timer\":60},\"feedback\":[\"Bow wow! Everyone&#39;s trying to do their best and keep it together. So go with the flow. Relax. \",\"Most of those fist-bumping, smiling humans will also be trying to figure out how to fit in - just like you are. Everyone&#39;s trying to do their best and keep it together. So go with the flow. Relax.  \"],\"score\":\"30\",\"gems\":\"1\"}","lite":"1","guid":"2dfe057c-0381-4949-9c0a-64d467d58df7","growth_activity":"0"},{"id":"844167","courseId":"323","type":"12","summary":"Listen to Learn","index":"3","json":"{\"type\":12,\"orderitems\":{\"slots\":[\"\",\"\",\"\"],\"items\":[{\"text\":\"Learn to \",\"slot\":1},{\"text\":\"listen more\",\"slot\":2},{\"text\":\"than you talk.\",\"slot\":3}],\"ordered\":true,\"timer\":60,\"sound\":\"\",\"prompt\":\"If you want to make the most of your freshman year, you should get to know some of those humans. Maybe turn some strangers into friends. But to do that you&#39;re going to need to:\"},\"feedback\":[\"What? You? For pet&#39;s sake, I&#39;ve seen you jumping in to speak your important business when you&#39;re friends are talking. Curtail that behavior. When you listen, you learn.\",\"Learn to listen more than you talk. What? You? For pet&#39;s sake, I&#39;ve seen you jumping in to speak your important business when you&#39;re friends are talking. Curtail that behavior. When you listen, you learn.\"],\"score\":\"30\",\"gems\":\"1\"}","lite":"1","guid":"f5d13675-6089-43fa-9ad6-9421f8111374","growth_activity":"0"},{"id":"844168","courseId":"323","type":"13","summary":"You're So Smart?","index":"4","json":"{\"type\":13,\"thisthat\":{\"questions\":[{\"text\":\"Well, maybe I was a little off the leash with that last comment. So you think you&#39;ve got this all under control? &#10;&#10;Okay, true or false: &#10;&#10;The first rule of college is &#34;Impress everyone you meet.&#34;\",\"correct\":\"True\",\"wrong\":\"False\",\"value\":false,\"feedback\":[\"Good! If you try to impress everyone, you&#39;ll end up impressing no one. Just like me at the doggie park. I had to learn to just be myself. You&#39;ve got strong suits and weak suits like everyone else. Be yourself.\",\"Nope. If you try to impress everyone, you&#39;ll end up impressing no one. Just like me at the doggie park. I had to learn to just be myself. You&#39;ve got strong suits and weak suits like everyone else. Be yourself.\"]},{\"text\":\"Okay, how about this: &#10;&#10;First week freshman friends are friends forever!\",\"correct\":\"True\",\"wrong\":\"False\",\"value\":false,\"feedback\":[\"Correct. Statistically speaking (I&#39;m a pretty smart dog!) it&#39;s not likely. But it&#39;s very likely that you&#39;ll meet some lifelong friends in college. Probably in situations that you don&#39;t expect, like at an old fire hydrant at sunset. So, relax and practice being friendly with these strangers.\",\"Nope. Statistically speaking (I&#39;m a pretty smart dog!) it&#39;s not likely. But it&#39;s very likely that you&#39;ll meet some lifelong friends in college. Probably in situations that you don&#39;t expect, like at an old fire hydrant at sunset. So, relax and practice being friendly with these strangers.\"]},{\"text\":\"Okay, next question: &#10;&#10;&#39;Me time&#39; is also important!\",\"correct\":\"True\",\"wrong\":\"False\",\"value\":true,\"feedback\":[\"Yes! It&#39;s going to be chaotic and you&#39;re going to want to crawl under the bed, so be sure to give yourself your own time. Watch TV, read poetry, knit me a doggie sweater (blue, please!), or write a journal - it&#39;ll be priceless to read when you&#39;re a senior.\",\"This is true. It&#39;s going to be chaotic and you&#39;re going to want to crawl under the bed, so be sure to give yourself your own time. Watch TV, read poetry, knit me a doggie sweater (blue, please!), or write a journal - it&#39;ll be priceless to read when you&#39;re a senior.\"]},{\"text\":\"Final question: &#10;&#10;You will be at least a little overwhelmed as a freshman in college.\",\"correct\":\"True\",\"wrong\":\"False\",\"value\":true,\"feedback\":[\"This has got to be true. With all the new people and changes in your life, expect to feel at least a little overwhelmed. But it&#39;s good, like you suddenly see all the amazing potential in your life. Breathe it in like the aroma of some new dog&#39;s pee. That makes me so grateful to be alive. \",\"This has got to be true. With all the new people and changes in your life, expect to feel at least a little overwhelmed. But it&#39;s good, like you suddenly see all the amazing potential in your life. Breathe it in like the aroma of some new dog&#39;s pee. That makes me so grateful to be alive. \"]}],\"timer\":90,\"noscore\":false},\"feedback\":[\"Okay, you did pretty well. But don&#39;t get too cocky, there&#39;s a lot more to come!\",\"So, you didn&#39;t answer everything correctly. Don&#39;t worry, there&#39;s lots more to come!\"],\"score\":\"40\",\"gems\":\"1\"}","lite":"1","guid":"21056841-cd40-45aa-b091-745828f954d7","growth_activity":"0"},{"id":"844169","courseId":"323","type":"6","summary":"Let's Review","index":"5","json":"{\"type\":6,\"image\":\"\",\"presentation\":[{\"text\":\"Let&#39;s Review\",\"in\":1,\"time\":1,\"sound\":\"\",\"size\":2,\"color\":\"#256ED7\"},{\"text\":\"Here&#39;s what we discussed about dealing with humans:\",\"in\":1,\"time\":1,\"sound\":\"\"},{\"text\":\"- Everyone&#39;s trying to figure out how to fit in - just like you.&#10;- Learn to listen because when you listen you learn.&#10;- Don&#39;t try to impress everyone you meet.&#10;- Practice being friendly.&#10;- Schedule some &#39;me time.&#39;&#10;- Prepare to be at least a little overwhelmed as a freshman.&#10;&#10;&#10;Now, let&#39;s take a moment to learn a little about Blink Training.\",\"in\":1,\"time\":2,\"sound\":\"\"}]}","lite":"1","guid":"865d2d83-9875-4899-a36c-7df3ade0526a","growth_activity":"0"},{"id":"844170","courseId":"323","type":"10","summary":"About Blink Training","index":"6","json":"{\"type\":10,\"dragdrop\":{\"timer\":0,\"layout\":0,\"goals\":[{\"isImage\":false,\"text\":\"Blink Training Courses\",\"image\":\"\"}],\"items\":[{\"goal\":1,\"isImage\":false,\"text\":\"Blinks and Bursts\",\"image\":\"\",\"feedback\":[\"Blinks are the quick activities that we use to teach the content - like this Drag and Drop. And a Burst is a sequence of those Blinks. You&#39;re now at the final Blink in this Burst - and the dark blue circle on top shows this. \",\"Blinks are the quick activities that we use to teach the content - like this Drag and Drop. And a Burst is a sequence of those Blinks. You&#39;re now at the final Blink in this Burst - and the dark blue circle on top shows this. \"]},{\"goal\":1,\"isImage\":false,\"text\":\"Points and Gems\",\"image\":\"\",\"feedback\":[\"You earn Points as you play, and you need a certain number of Points to unlock each next Burst. You earn Gems, too, and they reflect how well you understand the content. Touch the Blink Eye in the lower left to see how many Points and Gems you&#39;ve earned so far. \",\"You earn Points as you play, and you need a certain number of Points to unlock each next Burst. You earn Gems, too, and they reflect how well you understand the content. Touch the Blink Eye in the lower left to see how many Points and Gems you&#39;ve earned so far. \"]},{\"goal\":1,\"isImage\":false,\"text\":\"Exiting a Course\",\"image\":\"\",\"feedback\":[\"When you want to exit a course, touch the blue lines in the upper left and select Exit Course.\",\"When you want to exit a course, touch the blue lines in the upper left and select Exit Course.\"]},{\"goal\":1,\"isImage\":false,\"text\":\"Your Progress Screen\",\"image\":\"\",\"feedback\":[\"When you touch Next, you&#39;ll see your Progress Screen. This shows you how you&#39;re doing in the course. If you&#39;ve unlocked the next Burst, you&#39;ll be able to play it. Otherwise, replay this Burst and try for a higher score. As you complete the course, you&#39;ll move up the mountain of mastery. \",\"When you touch Next, you&#39;ll see your Progress Screen. This shows you how you&#39;re doing in the course. If you&#39;ve unlocked the next Burst, you&#39;ll be able to play it. Otherwise, replay this Burst and try for a higher score. As you complete the course, you&#39;ll move up the mountain of mastery. \"]}],\"prompt\":\"ABOUT BLINK TRAINING&#10;If you learn a little about Blink Training, it will help you to get more out of this course. Drag each box to &#34;Blink Training Courses&#34; on the bottom. \",\"sound\":\"\"},\"feedback\":[\"Blink Training: a simple, yet powerful way to improve your life.&#10;&#10;And the next Burst is all about training your roommate.\",\"Blink Training: a simple, yet powerful way to improve your life.&#10;&#10;And the next Burst is all about training your roommate.\"],\"score\":\"20\",\"gems\":\"1\"}","lite":"1","guid":"098f38d6-4b10-4b42-9e93-bfba4d075d85","growth_activity":"0"},{"id":"844171","courseId":"323","type":"9","summary":"Please Don't Go!","index":"7","json":"{\"type\":9,\"wordfill\":{\"text\":\"Please ##1## ##2## ##3## ##4##...\",\"prompt\":\"But before we go any further, I have to ask. Aren&#39;t you comfortable living with me? Was it something I did? Why would you leave all this behind? I beg of you:\",\"sound\":\"\",\"words\":[\"DON&#39;T\",\"GO \",\"TO\",\"COLLEGE\"],\"timer\":60},\"feedback\":[\"...unless you want a tail-wagging, life-changing experience!&#10;&#10;Damn, I wasn&#39;t going to say that. Oh, well, I guess the cat&#39;s out of the bag now. Wait, what?! \",\"I beg of you: Please don&#39;t go to college, unless you want a tail-wagging, life-changing experience. Damn, I wasn&#39;t going to say that. Oh, well, I guess the cat&#39;s out of the bag now. Wait, what?!\"],\"score\":\"30\",\"gems\":\"1\"}","lite":"1","guid":"4fa2ecb1-7fe0-4c4a-ae20-20de25e11b40","growth_activity":"0"},{"id":"844172","courseId":"323","type":"4","summary":"Who are all these people?","index":"8","json":"{ \"type\":4}","lite":"1","guid":"fc9d151f-ee21-4eff-b1c4-e1f264613090","growth_activity":"0"},{"id":"844173","courseId":"323","type":"3","summary":"Training Your Roommate","index":"9","json":"{\"type\":3,\"intro\":{\"title\":\"Training Your Roommate\",\"description\":\"You&#39;re going to be getting a new roommate, but don&#39;t forget about me. I&#39;m your first roommate. I love sleeping under the covers near you, especially on a cold night. We&#39;re BRF - best roommates forever!&#10;&#10;You&#39;re going to have to train this new roommate, and I&#39;m going to tell you how to do it. And you won&#39;t even need any TREATS.\",\"image\":\"\",\"sound\":\"\",\"volume\":50},\"unlockscore\":\"60\",\"quicklink\":false,\"quotation\":\"\",\"unlockActivity\":\"none\"}","lite":"1","guid":"ece8dc61-6449-4293-a0ce-666880f6fc6d","growth_activity":"0"},{"id":"844174","courseId":"323","type":"12","summary":"Roommates: The First Three Rules","index":"10","json":"{\"type\":12,\"orderitems\":{\"slots\":[\"\",\"\",\"\"],\"items\":[{\"text\":\"1. Communicate!\",\"slot\":1},{\"text\":\"2. Communicate!\",\"slot\":2},{\"text\":\"3. Communicate!\",\"slot\":3}],\"ordered\":true,\"timer\":60,\"sound\":\"\",\"prompt\":\"Your roommate is going to be sleeping and living in your new dog pen. There are going to be surprises. The first three rules are:\"},\"feedback\":[\"If you keep those lines of communication open from the start, you can deal with anything that comes along. Like you and me. An accident in the living room, a little doggie vomit on the stairs, a bill from the vet - I still woof you!\",\"If you keep those lines of communication open from the start, you can deal with anything that comes along. Like you and me. An accident in the living room, a little doggie vomit on the stairs, a bill from the vet - I still woof you!\"],\"score\":\"30\",\"gems\":\"1\"}","lite":"1","guid":"6af441ef-7360-4c58-8939-f4392b58b593","growth_activity":"0"},{"id":"844175","courseId":"323","type":"10","summary":"Dealing with Their POOP","index":"11","json":"{\"type\":10,\"dragdrop\":{\"timer\":60,\"layout\":0,\"goals\":[{\"isImage\":false,\"text\":\"Your Roommate\",\"image\":\"\"}],\"items\":[{\"goal\":1,\"isImage\":false,\"text\":\"Dirty clothes all over the room!\",\"image\":\"CE1EDEB6-63C2-AE30-BFE3-DF94063C7A75.png\",\"feedback\":[\"POOP: Your roommate leaves smelly, dirty clothes all around the room. &#10;SCOOP: Make a rule. Each of you keeps your clothes on your own side of the room. And maybe you can both do laundry the same day. It&#39;s an event!\",\"\"]},{\"goal\":1,\"isImage\":false,\"text\":\"Quiet! I&#39;m sleeping!\",\"image\":\"670CF1BA-E497-54BD-F199-2106405C996A.png\",\"feedback\":[\"POOP: Your roommate sleeps all day so you&#39;re always tip toeing around. &#10;SCOOP: Schedule a &#39;No Silence&#39; time, like between noon and 10 PM, when you can move freely without restraint. If your roommate is sleeping, well, them&#39;s the rules.\",\"\"]},{\"goal\":1,\"isImage\":false,\"text\":\"I need to study!\",\"image\":\"C01F921F-7988-1066-273A-D631E35EE061.png\",\"feedback\":[\"POOP: Your roommate is always on the phone, watching TV or listening to music and you don&#39;t have enough quiet time to study. &#10;SCOOP: Find your own special study spot on campus, a place that fits you and your study style, and do your work there.\",\"\"]},{\"goal\":1,\"isImage\":false,\"text\":\"Is that penicillin growing there?\",\"image\":\"091B6F3B-D4D8-7EFE-DB57-C74739B2B384.png\",\"feedback\":[\"POOP: Paging Alexander Fleming! Your roommate leaves food all over the room to rot, smell and grow fungi. &#10;SCOOP: Any food left out for more than six hours gets thrown out. New rule. No exceptions. \",\"\"]}],\"prompt\":\"Most of the time, when poop happens with your roommate, instead of bitching and moaning, just get out your scooper and clean it up. It&#39;s easy. Drag each issue to Your Roommate.\",\"sound\":\"\"},\"feedback\":[\"So remember: when poop happens, and it will, scoop it up in a rational, calm, open way. Just like you&#39;d want your roommate to deal with your poop. What?! You?! Oh, I forgot, you&#39;re purr-fect. (Hey, none of that cat stuff!)\",\"So remember: when poop happens, and it will, scoop it up in a rational, calm, open way. Just like you&#39;d want your roommate to deal with your poop. What?! You?! Oh, I forgot, you&#39;re purr-fect. (Hey, none of that cat stuff!)\"],\"score\":\"40\",\"gems\":\"1\"}","lite":"1","guid":"6e3c2bdd-9b5c-44fa-b398-c72599073f30","growth_activity":"0"},{"id":"844176","courseId":"323","type":"8","summary":"Advanced Training Tip","index":"12","json":"{\"type\":8,\"statement\":{\"prompt\":\"Here&#39;s my advanced training tip on time conflicts. Say you want to study, but your roommate wants to raise the ruff. Or your roommate wants to meditate and you want to belt out &#39;Memories&#39; (Yo, dog! No cat stuff!). Neither of you are going to just roll over and play dead, so what can you do?\",\"wrong\":\"Make demands!|Yell the loudest!|Storm Out!\",\"statements\":[\"Build a schedule|that works for|both of you.\"],\"ordered\":true,\"timer\":60,\"sound\":\"\"},\"feedback\":[\"Bow wow! Yes, build a weekly schedule with time for each of you to study, sleep, meditate, party, Facetime your furry friend, and so on. You&#39;ll both get more out of each day. A little planning goes a long way!\",\"Build a weekly schedule with time for each of you to study, sleep, meditate, party, Facetime your furry friend, and so on. You&#39;ll both get more out of each day. A little planning goes a long way!\"],\"score\":\"30\",\"gems\":\"1\"}","lite":"1","guid":"2261ea1c-815e-4e5f-9c08-b11319b24dfc","growth_activity":"0"},{"id":"844177","courseId":"323","type":"9","summary":"Mutual Respect","index":"13","json":"{\"type\":9,\"wordfill\":{\"text\":\"##2## each other&#39;s ##3## ##1##.\",\"prompt\":\"So your roommate&#39;s music sounds worse than that cat that wails all night in the woods. And you want to rip her &#39;art&#39; posters right off the wall and make her go fetch. But that would destroy all your training efforts. How can you live with this?\",\"sound\":\"\",\"words\":[\"and opinions\",\"Respect\",\"tastes\"],\"timer\":60},\"feedback\":[\"You don&#39;t have to agree with them. You want to broaden your horizons? Some of those horizons are gonna be ugly as a Chinese Crested\/Chihuahua mix! Maybe you&#39;ll get a good story out of it. Like when I tell the bitches about your Justin Beiber pajamas. (Oops. BRF!)\",\"Respect each other&#39;s tastes and opinions. You don&#39;t have to agree with them. You want to broaden your horizons? Some are gonna be ugly as a Chinese Crested\/Chihuahua mix! Maybe you&#39;ll get a story out of it. Like when I tell the bitches about your Justin Beiber pajamas. (Oops. BRF!)\"],\"score\":\"30\",\"gems\":\"1\"}","lite":"1","guid":"dfc50447-99f6-41bd-be42-6a484c523634","growth_activity":"0"},{"id":"844178","courseId":"323","type":"9","summary":"You've Been Good To Me","index":"14","json":"{\"type\":9,\"wordfill\":{\"text\":\"Please ##1## ##2## ##3## ##4##...\",\"prompt\":\"I hope I&#39;m helping you because you&#39;ve been so good to me. You feed me, and give me doggie baths, and walk me when I need to go out. From my heart I say pooches gracias! And I hope your roommate appreciates who she is going to be living with. But, I&#39;ll ask one more time.\",\"sound\":\"\",\"words\":[\"DON&#39;T\",\"GO \",\"TO\",\"COLLEGE\"],\"timer\":60},\"feedback\":[\"...unless you want to become an adult! I mean, have you seen those people?! They&#39;re so silly.\",\"Please don&#39;t go to college, unless you want to become an adult! I mean, have you seen those people?! They&#39;re so silly.\"],\"score\":\"40\",\"gems\":\"1\"}","lite":"1","guid":"19febbc8-f7bf-4af9-8132-c22c355b5e86","growth_activity":"0"},{"id":"844179","courseId":"323","type":"6","summary":"Let's Review","index":"15","json":"{\"type\":6,\"image\":\"\",\"presentation\":[{\"text\":\"Let&#39;s Review\",\"in\":1,\"time\":1,\"sound\":\"\",\"size\":2,\"color\":\"#256ED7\"},{\"text\":\"Training your roommate won&#39;t be very difficult as long as you follow these tips:\",\"in\":1,\"time\":1,\"sound\":\"\"},{\"text\":\"- Communication is Rule Number 1, 2, and 3.&#10;- When poop happens, scoop it up in a rational, calm, open way.&#10;- Build a schedule that works for both of you.&#10;- Respect each other&#39;s tastes and opinions, even if you don&#39;t agree with them.\",\"in\":1,\"time\":2,\"sound\":\"\"},{\"text\":\"Up Next: Making friends and fitting in!\",\"in\":2,\"time\":3,\"sound\":\"782EE0A7-1BF5-80BE-D402-5F2955B2E320.mp3\",\"color\":\"#FF9500\"}]}","lite":"1","guid":"b715f0b0-e4f3-43a7-a278-3641e34ba12d","growth_activity":"0"},{"id":"844180","courseId":"323","type":"4","summary":"More Crazy People","index":"16","json":"{ \"type\":4}","lite":"1","guid":"871c439d-64bf-497c-ac2c-9801e99d54f5","growth_activity":"0"},{"id":"844181","courseId":"323","type":"3","summary":"Making Friends, Fitting In","index":"17","json":"{\"type\":3,\"intro\":{\"title\":\"Making Friends, Fitting In\",\"description\":\"Aside from your roommate, there are going to be hall mates and class mates, and - what&#39;s with all these mates? Are you going on a cruise? Can you take me? I want to go snorkeling in Aruba!\",\"image\":\"\",\"sound\":\"\",\"volume\":50},\"unlockscore\":\"60\",\"quicklink\":false,\"quotation\":\"\",\"unlockActivity\":\"none\"}","lite":"1","guid":"94de2772-558b-4eaf-a3e0-f28b01344f81","growth_activity":"0"},{"id":"844182","courseId":"323","type":"9","summary":"How to Make Friends","index":"18","json":"{\"type\":9,\"wordfill\":{\"text\":\"Take a ##3## ##1## in the other ##2##.\",\"prompt\":\"I can see you value your friends and so you probably know the secret I&#39;m about to share with you. It&#39;s so simple. The secret to all relationships is:\",\"sound\":\"\",\"words\":[\"interest\",\"person (or DOG)\",\"genuine\"],\"timer\":60},\"feedback\":[\"You like it when you come home and I&#39;m all excited and I listen to your stories about school and work and that guy with the funny sweater. Right? So does everyone else. BUTT, and here&#39;s the secret to the secret, the interest must be genuine or the attraction will not last!\",\"Take a genuine interest in the other person. You like it when you come home and I&#39;m excited and I listen to your stories about school and work and that funny sweater guy. Right? So does everyone else. BUTT, the interest must be genuine or the attraction will not last!\"],\"score\":\"30\",\"gems\":\"1\"}","lite":"1","guid":"3998647c-70a2-42e7-bfe3-34fe63b4fc67","growth_activity":"0"},{"id":"844183","courseId":"323","type":"10","summary":"How to Fit In","index":"19","json":"{\"type\":10,\"dragdrop\":{\"timer\":60,\"layout\":0,\"goals\":[{\"isImage\":false,\"text\":\"Helps you to fit in\",\"image\":\"\"},{\"isImage\":false,\"text\":\"Hinders you fitting in\",\"image\":\"\"}],\"items\":[{\"goal\":1,\"isImage\":false,\"text\":\"Be enthusiastic, upbeat, positive\",\"image\":\"\",\"feedback\":[\"Everyone wants to play with a happy DOG. This doesn&#39;t mean you make believe all is perfectly well in the world. We&#39;ve both seen those sad TV commercials. It means that even though you may be unsure of yourself, you remain positive. A good rule all around.\",\"\"]},{\"goal\":2,\"isImage\":false,\"text\":\"Demand the pack do what you want\",\"image\":\"\",\"feedback\":[\"Nobody really likes a pushy POOCH and anyway, there are more effective ways to get the pack to follow you, if that&#39;s what you want. First, fit in, then you can start building influence.\",\"\"]},{\"goal\":1,\"isImage\":false,\"text\":\"Go with the flow of the pack\",\"image\":\"\",\"feedback\":[\"If the pack is running through POODLES, then run through POODLES. Don&#39;t push for BUTT SNIFFING. Be alive to adventure, new things, the unexpected. Of course, this doesn&#39;t mean you follow the pack off a bridge, unless there&#39;s a bungie cord attached to your ankle!\",\"\"]},{\"goal\":2,\"isImage\":false,\"text\":\"Focus on everyone&#39;s faults\",\"image\":\"\",\"feedback\":[\"I know, you&#39;re just being honest. But you wouldn&#39;t really like it if everyone focused only on your faults. Nobody&#39;s perfect, but there are a lot of wonderful imperfect people, and DOGS, out there. Don&#39;t be afraid to focus on the good stuff.\",\"\"]}],\"prompt\":\"When we go to the DOGGIE PARK, I want to run and play with the pack. Everyone wants to fit in. It&#39;s fun. And I&#39;ve learned how to make this happen. Drag away!\",\"sound\":\"\"},\"feedback\":[\"Just like it&#39;s pretty simple to get people to like you by taking a genuine interest in them, it&#39;s pretty simple to fit in. Just go with the flow and be positive. Don&#39;t lose yourself. Find your best self and bring it to the pack.\",\"Just like it&#39;s pretty simple to get people to like you by taking a genuine interest in them, it&#39;s pretty simple to fit in - just go with the flow and be positive. Don&#39;t lose yourself - find your best self and bring it to the pack.\"],\"score\":\"40\",\"gems\":\"1\"}","lite":"1","guid":"35197382-f74d-4ae4-a8e7-0674cb9d010d","growth_activity":"0"},{"id":"844184","courseId":"323","type":"12","summary":"Be Open, Not Reckless","index":"20","json":"{\"type\":12,\"orderitems\":{\"slots\":[\"\",\"\",\"\"],\"items\":[{\"text\":\"The rules of \",\"slot\":1},{\"text\":\"life have not\",\"slot\":2},{\"text\":\"been suspended.\",\"slot\":3}],\"ordered\":true,\"timer\":60,\"sound\":\"\",\"prompt\":\"Fact about college: There are lots of eligible guys and girls around. It&#39;s like DOGGIE DAY CARE. You have no idea what goes on there! So, things are going to happen at college. My advice is to be open, but not reckless. Remember that even though you are in a fairly protected environment:\"},\"feedback\":[\"We both understand each other here, so don&#39;t cloud your judgment. Also, relationships can come at the cost of good grades, other friendships and other activities. Learn to say &#34;no&#34; when you should be doing something else.\",\"The rules of life have not been suspended. We both understand each other here, so don&#39;t cloud your judgment. Also, relationships can come at the cost of good grades, other friendships and other activities. Learn to say &#34;no&#34; when you should be doing something else.\"],\"score\":\"30\",\"gems\":\"1\"}","lite":"1","guid":"33c1afb8-c190-40ee-8a81-5af5a1cd7f95","growth_activity":"0"},{"id":"844185","courseId":"323","type":"9","summary":"The Party\/Study Balance","index":"21","json":"{\"type\":9,\"wordfill\":{\"text\":\"If partying ##3## with your ##1##, ##4## ##2## relationships, then you know you&#39;ve ##5## it \",\"prompt\":\"College isn&#39;t going to be all reading BeoWUFF and going to the LAB. There&#39;ll be parties. (I love it when they PLAY DEAD at a party.) But my BITCHES tell me some sad TAILS about their humans who went overboard in their freshman year. Here&#39;s a rule to succeed by:\",\"sound\":\"\",\"words\":[\"studies\",\"building real\",\"interferes\",\"activities or \",\"overdone\"],\"timer\":60},\"feedback\":[\"If so, it&#39;s time to take control of your life and find a better balance. If this is a problem, talk to a counselor or someone who can help you readjust your priorities. \",\"If partying interferes with your studies, activities or building real relationships, then you know you&#39;ve overdone it and it&#39;s time to take control of your life and find a better balance. If this is a problem, talk to someone who can help you readjust your priorities. \"],\"score\":\"50\",\"gems\":\"1\"}","lite":"1","guid":"2b01f4f2-4f92-4099-a9a5-c64acf8709e3","growth_activity":"0"},{"id":"844186","courseId":"323","type":"6","summary":"Let's Review","index":"22","json":"{\"type\":6,\"image\":\"\",\"presentation\":[{\"text\":\"Let&#39;s Review\",\"in\":1,\"time\":1,\"sound\":\"\",\"size\":2,\"color\":\"#256ED7\"},{\"text\":\"So, fitting in, making friends, and all that, it&#39;s going to be a piece of cake. Right? Like from the BARKERY! (Did I go too far for that one?) Okay, here are the main ideas:\",\"in\":1,\"time\":2,\"sound\":\"\"},{\"text\":\"- Take a genuine interest in the other person.&#10;- To fit in with the pack, go with the flow and be positive. Don&#39;t lose yourself. Bring your best self.&#10;- Be open, not reckless. The rules of life have not been suspended.&#10;- If partying interferes with your studies, activities or building real relationships, then it&#39;s time to re-balance your life.\",\"in\":1,\"time\":2,\"sound\":\"\"},{\"text\":\"Next Up: Feelings. Don&#39;t worry, I won&#39;t scare you, but someone&#39;s got to prepare you for how you&#39;re going to feel.\",\"in\":2,\"time\":3,\"sound\":\"137AAB37-6B6A-D88E-78E8-6F1D3B4AD53C.mp3\",\"color\":\"#FF9500\"}]}","lite":"1","guid":"7eb2158f-b6f2-4aa3-a5bc-f6d0cde6fb31","growth_activity":"0"},{"id":"844187","courseId":"323","type":"4","summary":"Getting to Know People","index":"23","json":"{ \"type\":4}","lite":"1","guid":"1ec435d3-c54d-487d-8327-9e0ccab2faf2","growth_activity":"0"},{"id":"844194","courseId":"323","type":"2","summary":"Don't Go to College","index":"30","json":"{ \"type\":2}","lite":"1","guid":"06aeef03-da9d-4429-87b0-26cbd27597e8","growth_activity":"0"}]