[{"id":"44710","courseId":"162","type":"14","summary":"For help message","index":"0","json":"{\\\"type\\\":14,\\\"question\\\":{\\\"timer\\\":60,\\\"multiplechoice\\\":true,\\\"answers\\\":[{\\\"correct\\\":true,\\\"text\\\":\\\"This is the answer\\\",\\\"feedback\\\":\\\"Drag each item on top to the correct goal at the bottom of the screen. Some items don&#39;t have goals so leave them where they are. (To turn off these Help messages, touch the circle\/question mark in upper left.)\\\"}],\\\"sound\\\":\\\"\\\",\\\"text\\\":\\\"This is the question\\\"},\\\"feedback\\\":[\\\"\\\",\\\"\\\"],\\\"score\\\":0,\\\"gems\\\":0}","lite":"0","guid":"8d803815-3375-4be8-a06d-38268102d2c0","growth_activity":"0"}]