[{"id":"18226","courseId":"113","type":"1","summary":"Situations and Obervations","index":"0","json":"{\\\"type\\\":1,\\\"intro\\\":{\\\"title\\\":\\\"Situations and Observations\\\",\\\"description\\\":\\\"This Unit in the J&J nursing course is about finding yourself in new situations and discovering how to act when similar situations occur in your new professional nursing career.\\\",\\\"image\\\":\\\"A471FDD4-827D-8A73-8BFC-7CE63A001F5C.png\\\"},\\\"dossier\\\":false}","lite":"0","guid":"e1258d66-26a8-49c1-b6d4-4f795ac10e2f","growth_activity":"0"},{"id":"18227","courseId":"113","type":"3","summary":"Medication Mix Up","index":"1","json":"{\\\"type\\\":3,\\\"intro\\\":{\\\"title\\\":\\\"Medication Mix Up\\\",\\\"description\\\":\\\"You are a young and inexperienced nurse, but you notice a senior nurse make a potentially fatal mistake. What should you do?\\\",\\\"image\\\":\\\"21B66124-9BDB-0568-8552-EE5F5F3B2B40.png\\\"},\\\"unlockscore\\\":0,\\\"quicklink\\\":false,\\\"quotation\\\":\\\"Save one life, and you are a hero. Save 100 lives, and you are a nurse.\\\"}","lite":"0","guid":"7c3f1a95-60b6-4c8c-b5bf-44f68603a5c2","growth_activity":"0"},{"id":"18228","courseId":"113","type":"6","summary":"The Set Up","index":"2","json":"{\\\"type\\\":6,\\\"presentation\\\":[{\\\"text\\\":\\\"BACKGROUND\\\",\\\"in\\\":1,\\\"out\\\":0,\\\"time\\\":0,\\\"sound\\\":\\\"\\\"},{\\\"text\\\":\\\"You are just out of nursing school, and you landed your first job. You are a junior nurse at a sub-acute rehab facility\\\",\\\"in\\\":1,\\\"out\\\":0,\\\"time\\\":2,\\\"sound\\\":\\\"\\\"},{\\\"text\\\":\\\"You are working with Linda, a nurse with many years under her belt. In fact, Linda was named Nurse of the Year some time back and she is now President of your state&#39;s nursing association.\\\",\\\"in\\\":1,\\\"out\\\":0,\\\"time\\\":3,\\\"sound\\\":\\\"\\\"},{\\\"text\\\":\\\"While Linda was on break, you noticed that she had mixed up the IV medications of two patients in one of your rooms.\\\",\\\"in\\\":1,\\\"out\\\":0,\\\"time\\\":4,\\\"sound\\\":\\\"\\\"},{\\\"text\\\":\\\"Think about how you might handle this situation and when you&#39;re ready, touch Next.\\\",\\\"in\\\":1,\\\"time\\\":5,\\\"sound\\\":\\\"\\\"}],\\\"image\\\":\\\"\\\"}","lite":"0","guid":"faa532dd-d4d8-4fe8-b438-c9062c0eec9f","growth_activity":"0"},{"id":"18229","courseId":"113","type":"14","summary":"What should you do?","index":"3","json":"{\\\"type\\\":14,\\\"question\\\":{\\\"timer\\\":30,\\\"multiplechoice\\\":true,\\\"answers\\\":[{\\\"correct\\\":false,\\\"text\\\":\\\"Wait for Linda to return, then tell her.\\\",\\\"feedback\\\":\\\"This is incorrect. The patient&#39;s welfare should be your primary concern.\\\"},{\\\"correct\\\":true,\\\"text\\\":\\\"Check the patients for drug allergies, then call their doctors.\\\",\\\"feedback\\\":\\\"Yes, this is correct. Your first priority is the health and well-being of the patient. \\\"},{\\\"correct\\\":false,\\\"text\\\":\\\"Do whatever it takes to protect Linda&#39;s reputation.\\\",\\\"feedback\\\":\\\"This is incorrect. Linda&#39;s reputation should not be your concern. Your primary responsibility is to care for the patient.\\\"}],\\\"text\\\":\\\"You notice that Linda, a well-respected and very experienced nurse, has mixed up two patient&#39;s IV medications. Which is the correct action?\\\"},\\\"feedback\\\":[\\\"You chose correctly. You must always think of the patient&#39;s well-being and health first. You are on your way to becoming a great nurse.\\\",\\\"You chose incorrectly. The patient&#39;s well-being and health are your primary concern. It is not your job to protect another nurse&#39;s reputation.\\\"],\\\"score\\\":\\\"50\\\",\\\"gems\\\":0}","lite":"0","guid":"8c5d5f97-86d8-4553-8f7a-02aba464e3e8","growth_activity":"0"},{"id":"18230","courseId":"113","type":"10","summary":"Right and Wrong Actions","index":"4","json":"{\\\"type\\\":10,\\\"dragdrop\\\":{\\\"timer\\\":40,\\\"layout\\\":0,\\\"goals\\\":[{\\\"isImage\\\":false,\\\"text\\\":\\\"Yes, do this!\\\",\\\"image\\\":\\\"\\\"},{\\\"isImage\\\":false,\\\"text\\\":\\\"No, don&#39;t do this!\\\",\\\"image\\\":\\\"\\\"}],\\\"items\\\":[{\\\"goal\\\":1,\\\"isImage\\\":false,\\\"text\\\":\\\"Check the patient&#39;s vitals.\\\",\\\"image\\\":\\\"\\\",\\\"feedback\\\":[\\\"\\\",\\\"\\\"]},{\\\"goal\\\":1,\\\"isImage\\\":false,\\\"text\\\":\\\"Call their doctors.\\\",\\\"image\\\":\\\"\\\",\\\"feedback\\\":[\\\"\\\",\\\"\\\"]},{\\\"goal\\\":2,\\\"isImage\\\":false,\\\"text\\\":\\\"Wait for Linda to return, then let her handle it.\\\",\\\"image\\\":\\\"\\\",\\\"feedback\\\":[\\\"\\\",\\\"\\\"]},{\\\"goal\\\":2,\\\"isImage\\\":false,\\\"text\\\":\\\"Hide the mistake.\\\",\\\"image\\\":\\\"\\\",\\\"feedback\\\":[\\\"\\\",\\\"\\\"]},{\\\"goal\\\":1,\\\"isImage\\\":false,\\\"text\\\":\\\"Report it to your manager.\\\",\\\"image\\\":\\\"\\\",\\\"feedback\\\":[\\\"\\\",\\\"\\\"]},{\\\"goal\\\":2,\\\"isImage\\\":false,\\\"text\\\":\\\"Do what you can to protect Linda.\\\",\\\"image\\\":\\\"\\\",\\\"feedback\\\":[\\\"\\\",\\\"\\\"]}],\\\"prompt\\\":\\\"Let&#39;s think more about the situation. Drag each orange action to the correct blue goal.\\\"},\\\"feedback\\\":[\\\"Excellent! The patient&#39;s well being should guide all your actions.\\\",\\\"First and foremost, the patient&#39;s well being should guide your actions.\\\"],\\\"score\\\":\\\"50\\\",\\\"gems\\\":\\\"1\\\"}","lite":"0","guid":"e7f02341-85ea-4c97-9a13-a8b237877da9","growth_activity":"0"},{"id":"18231","courseId":"113","type":"9","summary":"One more time","index":"5","json":"{\\\"type\\\":9,\\\"feedback\\\":[\\\"You will make a great nurse because you know how to prioritize your actions, keeping the patient&#39;s well-being in focus.\\\",\\\"Great nurses know how to prioritize their actions, keeping the patient&#39;s well-being in focus.\\\"],\\\"score\\\":\\\"100\\\",\\\"gems\\\":0,\\\"wordfill\\\":{\\\"prompt\\\":\\\"\\\",\\\"words\\\":[\\\"medications\\\",\\\"manager\\\",\\\"vital signs\\\",\\\"incident\\\",\\\"doctors\\\",\\\"protect\\\"],\\\"text\\\":\\\"Linda is a great nurse, but she has made a big mistake. &#10;&#10;When you first notice it, you must check both of the patients&#39; ##3##. Then take down the mixed up ##1##. Next call their ##5## and inform them of the mistake. Finally, report it to your ##2## so an ##4## report is filed.\\\",\\\"timer\\\":30}}","lite":"0","guid":"4e3fcaa1-c30f-431f-82ef-dee6d258a98b","growth_activity":"0"},{"id":"18232","courseId":"113","type":"12","summary":"Sequence of events","index":"6","json":"{\\\"type\\\":12,\\\"orderitems\\\":{\\\"slots\\\":[\\\"Step 1\\\",\\\"Step 2\\\",\\\"Step 3\\\",\\\"Step 4\\\",\\\"Step 5\\\",\\\"Step 6\\\"],\\\"items\\\":[{\\\"text\\\":\\\"Check patients&#39; vitals\\\",\\\"slot\\\":1},{\\\"text\\\":\\\"Take down meds\\\",\\\"slot\\\":2},{\\\"text\\\":\\\"Call their doctors\\\",\\\"slot\\\":3},{\\\"text\\\":\\\"Report to manager\\\",\\\"slot\\\":4},{\\\"text\\\":\\\"File incident report\\\",\\\"slot\\\":5},{\\\"text\\\":\\\"Check patients again\\\",\\\"slot\\\":6}],\\\"ordered\\\":false,\\\"timer\\\":0,\\\"sound\\\":\\\"\\\",\\\"prompt\\\":\\\"A good nurse knows what to do when. Order the sequence of events below.\\\"},\\\"feedback\\\":[\\\"It&#39;s good to think about these things.\\\",\\\"You didn&#39;t do it\\\"],\\\"score\\\":0,\\\"gems\\\":0}","lite":"0","guid":"bbb41d49-0a90-4f5f-ad38-a47253124a64","growth_activity":"0"},{"id":"18233","courseId":"113","type":"8","summary":"What every nurse believes","index":"7","json":"{\\\"type\\\":8,\\\"statement\\\":{\\\"prompt\\\":\\\"Find the two guiding principles of nursing that are hidden below. \\\",\\\"statements\\\":[\\\"The patient&#39;s|health and|well-being|is a nurse&#39;s| primary|motivator.\\\",\\\"Nursing|is more|than a|science -|it is an art.\\\"],\\\"locked\\\":false,\\\"timer\\\":60,\\\"wrong\\\":\\\"pride and\\\"},\\\"wrong\\\":\\\"\\\",\\\"feedback\\\":[\\\"These ideas guide thousands of nurses every day.\\\",\\\"Nursing is a way of life, not just a job.\\\"],\\\"score\\\":\\\"100\\\",\\\"gems\\\":\\\"1\\\"}","lite":"0","guid":"adbcd778-9391-4cc1-a9fd-02dbf1d182cb","growth_activity":"0"},{"id":"18234","courseId":"113","type":"7","summary":"Why you are a nurse","index":"8","json":"{\\\"type\\\":7,\\\"input\\\":{\\\"type\\\":1,\\\"prompt\\\":\\\"Write about why you chose to become a nurse and what your goals are.\\\",\\\"locked\\\":false}}","lite":"0","guid":"810aea80-2411-4e46-8226-d259f9a793e2","growth_activity":"0"},{"id":"18235","courseId":"113","type":"4","summary":"Medication Mix Up","index":"9","json":"{ \\\"type\\\":4}","lite":"0","guid":"315bc88c-3e0e-4c53-a081-cc3226e7833a","growth_activity":"0"},{"id":"18236","courseId":"113","type":"2","summary":"Situations and Obervations","index":"10","json":"{ \\\"type\\\":2}","lite":"0","guid":"8cf5683a-57cb-4d27-81ef-60fc8fb9bb54","growth_activity":"0"}]