[{"id":"494790","courseId":"273","type":"1","summary":"Dole Start","index":"0","json":"{\"type\":1,\"intro\":{\"title\":\"Beginning of Test Course\",\"description\":\"Opening Text\",\"image\":\"\"},\"dossier\":false}","lite":"0","guid":"540e3756-ceac-41ba-a51d-77f76a9f23fe","growth_activity":"0"},{"id":"494791","courseId":"273","type":"3","summary":"Our Core Values","index":"1","json":"{\"type\":3,\"intro\":{\"title\":\"Welcome to Dole: Our Core Values\",\"description\":\"Now that you are a Dole employee, you&#39;ll find that the company adheres to some basic core values. Those values are: integrity, quality, value, loyalty, commitment, respect, and results. One of the reasons you were hired was that we believe you share some or all of these values and that you will learn to use them to guide your actions as an employee.&#10;&#10;&#10;&#10;&#10;&#10;&#10;&#10;Let&#39;s explore these values.\",\"image\":\"BDE47246-222D-E088-0991-811737134E27.png\",\"sound\":\"\",\"volume\":50},\"unlockscore\":\"40\",\"quicklink\":false,\"quotation\":\"\"}","lite":"0","guid":"58e09286-7c57-4f89-b1fa-f0dde6113d83","growth_activity":"0"},{"id":"494792","courseId":"273","type":"12","summary":"An Overview","index":"2","json":"{\"type\":12,\"orderitems\":{\"slots\":[\"Ethical Standards\",\"Fresh produce, nutrition leadership\",\"Relationships\",\"Fulfill expectations\",\"Importance of individual differences\",\"Bottom line based on core values\"],\"items\":[{\"text\":\"Integrity\",\"slot\":1},{\"text\":\"Quality\",\"slot\":2},{\"text\":\"Loyalty\",\"slot\":3},{\"text\":\"Commitment\",\"slot\":4},{\"text\":\"Respect\",\"slot\":5},{\"text\":\"Results\",\"slot\":6}],\"ordered\":true,\"timer\":60,\"sound\":\"\",\"prompt\":\"Values can be understood in just a few words, but they have far-reaching implications. As a quick exercise, let&#39;s take a moment and connect each core value with the words that describe it.&#10;&#10;Drag each core value to the appropriate box.\"},\"feedback\":[\"Good. You&#39;re connecting the value with its basic meaning. Now let&#39;s take a slightly deeper dive into a few of these core values.\",\"You had some trouble connecting some values with their basic meaning. This is okay as this vocabulary may be new to you. Over time you will internalize these words and their meaning. Now, let&#39;s take a slightly deeper dive into a few of these values.\"],\"score\":\"120\",\"gems\":\"1\"}","lite":"0","guid":"af2326d4-d285-42a1-a2e8-539998ba1813","growth_activity":"0"},{"id":"494793","courseId":"273","type":"9","summary":"Integrity","index":"3","json":"{\"type\":9,\"wordfill\":{\"text\":\"As a Dole employee, you will be expected to adhere to the highest ##6## standards and ##4## business ##1## and honestly within both the spirit and ##2## of the law.\",\"prompt\":\"CORE VALUE: INTEGRITY\",\"sound\":\"\",\"words\":[\"openly\",\"letter\",\"short term\",\"conduct\",\"profits\",\"ethical\"],\"timer\":60},\"feedback\":[\"Integrity should be your guiding principal. This will help to ensure that Dole remains a responsible member of the community. \",\"As a Dole employee, you will be expected to adhere to the highest ethical standards and conduct business openly and honestly within both the spirit and letter of the law.\"],\"score\":\"80\",\"gems\":\"1\"}","lite":"0","guid":"cc5c5f87-a23a-43bf-a974-416004562fec","growth_activity":"0"},{"id":"494794","courseId":"273","type":"10","summary":"Commitment","index":"4","json":"{\"type\":10,\"dragdrop\":{\"timer\":60,\"layout\":0,\"goals\":[{\"isImage\":true,\"text\":\"Committment\",\"image\":\"41CD8BBE-02A8-D95D-FAF8-AD599F315B19.png\"}],\"items\":[{\"goal\":1,\"isImage\":true,\"text\":\"Quality Assurance\",\"image\":\"4AE603F0-EAEA-0C87-4180-F798107EEB31.png\",\"feedback\":[\"Whatever your role in the company, your actions must always work towards our shared commitment to delivering the highest quality fruits and vegetables to our customers.\",\"\"]},{\"goal\":1,\"isImage\":true,\"text\":\"Food Safety\",\"image\":\"97C035E9-C450-F2D4-0F7B-2469C2C3B82B.png\",\"feedback\":[\"Whatever your role in the company, your actions must always work towards our shared commitment to the highest standards of food safety for all our products.\",\"\"]},{\"goal\":1,\"isImage\":true,\"text\":\"Environmental Responsibility\",\"image\":\"3A126237-69CE-09CF-09DF-0EC1A8DF5D6C.png\",\"feedback\":[\"Whatever your role in the company, your actions must always work towards our shared commitment to assuring all company products and systems adhere to a responsible treatment of our environment.\",\"\"]},{\"goal\":1,\"isImage\":true,\"text\":\"Social Accountability\",\"image\":\"1A733F6E-A794-0508-22EF-B9B5C031426A.png\",\"feedback\":[\"Whatever your role in the company, you must always be mindful of the social concerns and priorities of internal and external stakeholders.\",\"\"]}],\"prompt\":\"CORE VALUE: COMMITMENT&#10;&#10;For over 150 years, Dole has been committed to fulfilling our customers&#39; expectations in the critical areas shown below. Drag them to COMMITMENT and learn how you now fit into this relationship of trust. \",\"sound\":\"\"},\"feedback\":[\"\",\"\"],\"score\":\"100\",\"gems\":\"1\"}","lite":"0","guid":"badbbc68-1d52-410d-b3a5-3c5f9a005d4f","growth_activity":"0"},{"id":"494795","courseId":"273","type":"13","summary":"Let's Review","index":"5","json":"{\"type\":13,\"thisthat\":{\"questions\":[{\"text\":\"Which Core Value Does This Statement Represent?&#10;&#10;A workplace and supplier base that fosters open dialog and recognizes the importance of individual and cultural differences.\",\"correct\":\"Respect\",\"wrong\":\"Value\",\"value\":true,\"feedback\":[\"Yes, respect.\",\"That&#39;s incorrect. It represents respect.\"]},{\"text\":\"Which Core Value Does This Statement Represent?&#10;&#10;Trustworthy relationships with stockholders, customers, employees, suppliers, business partners and host countries. \",\"correct\":\"Results\",\"wrong\":\"Loyalty\",\"value\":false,\"feedback\":[\"Yes, loyalty.\",\"That&#39;s incorrect. It represents loyalty.\"]},{\"text\":\"Which Core Value Does This Statement Represent?&#10;&#10;Fresh fruit and vegetables and leadership in nutrition education and research.&#10;\",\"correct\":\"Quality\",\"wrong\":\"Loyalty\",\"value\":true,\"feedback\":[\"Yes, quality - our top priority.\",\"That&#39;s incorrect. It represents quality - our top priority.\"]}],\"timer\":60,\"noscore\":false},\"feedback\":[\"\",\"\"],\"score\":\"60\",\"gems\":\"1\"}","lite":"0","guid":"d949457f-09f1-41c9-8f4c-5653443a944a","growth_activity":"0"},{"id":"494796","courseId":"273","type":"8","summary":"Pick them out","index":"6","json":"{\"type\":8,\"statement\":{\"prompt\":\"You have 20 seconds to pick out the core values.\",\"wrong\":\"Quick profit|Customer beware|Conformity|Short term view\",\"statements\":[\"Integrity|Quality|Loyalty|Commitment|Respect\"],\"ordered\":false,\"timer\":20,\"sound\":\"\"},\"feedback\":[\"\",\"\"],\"score\":\"140\",\"gems\":\"0\"}","lite":"0","guid":"cf6ce582-3a0f-4b7d-b2f2-107df68ca83c","growth_activity":"0"},{"id":"494797","courseId":"273","type":"7","summary":"Core Values and You","index":"7","json":"{\"type\":7,\"input\":{\"type\":1,\"prompt\":\"Consider our seven core values - integrity, quality, value, loyalty, commitment, respect and results - and write a paragraph about the one that resonates the most with you at this time.\",\"locked\":false},\"feedback\":[\"\",\"\"],\"score\":0,\"gems\":0}","lite":"0","guid":"bc67cabe-1916-4309-9bcb-6b0e6823a124","growth_activity":"0"},{"id":"494798","courseId":"273","type":"4","summary":"Our Core Values","index":"8","json":"{ \"type\":4}","lite":"0","guid":"c771ee1d-6b01-447c-967c-442042d4b7dd","growth_activity":"0"},{"id":"494799","courseId":"273","type":"2","summary":"Dole Start","index":"9","json":"{ \"type\":2}","lite":"0","guid":"77b48615-b2e1-4f00-8fd7-678682c0e2b9","growth_activity":"0"}]