{"id":"273","authorId":"0","groupId":"0","credits":"2","dollars":"9.99","summary":"Learn about the Dole Food Company's Code of Conduct.","description":"Dole strives to ensure the highest ethical conduct in the treatment of employees and in its business dealings with consumers, vendors and customers. Play through this onboarding course to learn about our code of conduct.","date":"2015-06-20 09:59:31","iconURL":"icon273.jpg","imageURL":"image273.jpg","vimeo":"","title":"Onboarding: Our Code of Conduct","editDate":"2016-01-24 17:29:21","buildAvailable":"1","published":"0","publicationDate":null}