{"id":"118","credits":"2","dollars":"9.99","summary":"In school, you learned the science of nursing. Now you will start to learn the art.","description":"Nursing is much more than dispensing medicines, dressing wounds, taking vitals and the like. Welcome to the heart of nursing.","date":"2014-07-06 12:22:29","iconURL":"icon113.jpg","imageURL":"image113.jpg","vimeo":"","title":"J&J Nursing and You - copy 1","editDate":"0000-00-00 00:00:00","buildAvailable":"0","published":"0","publicationDate":null}