[{"id":"586016","courseId":"309","type":"1","summary":"Start of course","index":"0","json":"{\"type\":1,\"intro\":{\"title\":\"\",\"description\":\"\",\"image\":\"\"},\"dossier\":true}","lite":"0","guid":"41516ce8-5bcc-4a6e-acc0-2ae45717267a","growth_activity":"0"},{"id":"586017","courseId":"309","type":"3","summary":"First Burst","index":"1","json":"{\"type\":3,\"intro\":{\"title\":\"First Burst\",\"description\":\"This is the first Burst to test stuff. Unlock score set to 200.\",\"image\":\"\",\"sound\":\"\",\"volume\":50},\"unlockscore\":\"200\",\"quicklink\":false,\"quotation\":\"\",\"unlockActivity\":\"f1e960cc-3dfc-4c97-b179-c97f11a15cab\"}","lite":"0","guid":"ed5d8ad3-717e-45e5-b444-55f8e592214a","growth_activity":"0"},{"id":"586018","courseId":"309","type":"14","summary":"Question 1","index":"2","json":"{\"type\":14,\"question\":{\"timer\":60,\"multiplechoice\":true,\"answers\":[{\"correct\":true,\"text\":\"Right answer 50 points, 1 gem\",\"feedback\":\"You got it right\"},{\"correct\":false,\"text\":\"Wrong answer\",\"feedback\":\"You got it wrong\"}],\"sound\":\"\",\"text\":\"Question 1\"},\"feedback\":[\"\",\"\"],\"score\":\"50\",\"gems\":\"1\"}","lite":"0","guid":"cfb38e76-ba40-4ab0-b0a2-2d5c68ae22ea","growth_activity":"0"},{"id":"586019","courseId":"309","type":"7","summary":"Text Input 1","index":"3","json":"{\"type\":7,\"input\":{\"type\":1,\"prompt\":\"Type to see if it stays here.\",\"locked\":false},\"feedback\":[\"Thanks Pass!\",\"Thanks Fail!\"],\"score\":0,\"gems\":0}","lite":"0","guid":"86ab80ca-dbd1-4671-b120-7b7e412e2a9d","growth_activity":"0"},{"id":"586020","courseId":"309","type":"14","summary":"Question 2","index":"4","json":"{\"type\":14,\"question\":{\"timer\":60,\"multiplechoice\":true,\"answers\":[{\"correct\":false,\"text\":\"Wrong answer\",\"feedback\":\"wrong!\"},{\"correct\":true,\"text\":\"Right answer 100 points, 1 gem\",\"feedback\":\"got it right!\"}],\"sound\":\"\",\"text\":\"Question 2\"},\"feedback\":[\"\",\"\"],\"score\":\"100\",\"gems\":\"1\"}","lite":"0","guid":"a49e0513-f78d-40e4-aecc-57f796eab5c5","growth_activity":"0"},{"id":"586021","courseId":"309","type":"7","summary":"Text Input 2","index":"5","json":"{\"type\":7,\"input\":{\"type\":7,\"prompt\":\"Type to see if it stays here and in dossiers\",\"locked\":false,\"text\":\"\",\"isNumber\":false,\"useImages\":false,\"left\":\"Bad\",\"right\":\"Good\",\"ideal\":50},\"feedback\":[\"Pass thanks\",\"Fail thanks\"],\"score\":0,\"gems\":0}","lite":"0","guid":"7e18708a-9366-4979-91cc-d8dd89d7a142","growth_activity":"0"},{"id":"586022","courseId":"309","type":"14","summary":"Question 3","index":"6","json":"{\"type\":14,\"question\":{\"timer\":60,\"multiplechoice\":true,\"answers\":[{\"correct\":true,\"text\":\"Right answer, 200 points 1 gem\",\"feedback\":\"Correct!\"},{\"correct\":false,\"text\":\"Wrong answer\",\"feedback\":\"Wrong answer\"}],\"sound\":\"\",\"text\":\"Question 3\"},\"feedback\":[\"\",\"\"],\"score\":\"200\",\"gems\":\"1\"}","lite":"0","guid":"4b0fa3eb-6eed-435d-abbb-2a75f7cfbd02","growth_activity":"0"},{"id":"586023","courseId":"309","type":"4","summary":"First Burst","index":"7","json":"{ \"type\":4}","lite":"0","guid":"cc91dd4c-7f14-469a-99b2-9e47cfc49dcc","growth_activity":"0"},{"id":"586024","courseId":"309","type":"3","summary":"Second Burst","index":"8","json":"{\"type\":3,\"intro\":{\"title\":\"Second Burst\",\"description\":\"This is the second Burst unlock score 75\",\"image\":\"\",\"sound\":\"\",\"volume\":50},\"unlockscore\":\"75\",\"quicklink\":false,\"quotation\":\"\",\"unlockActivity\":\"96d205ac-8b8b-4488-b6d5-df7b4f1aa7ce\"}","lite":"0","guid":"2b50d4dc-06c8-4f27-adfd-a1d7b10f309c","growth_activity":"0"},{"id":"586025","courseId":"309","type":"14","summary":"Question 1","index":"9","json":"{\"type\":14,\"question\":{\"timer\":60,\"multiplechoice\":true,\"answers\":[{\"correct\":true,\"text\":\"Right 60 points 1 gem\",\"feedback\":\"\"},{\"correct\":false,\"text\":\"Wrong \",\"feedback\":\"\"}],\"sound\":\"\",\"text\":\"Burst 2 Question 1 UPDATED\"},\"feedback\":[\"\",\"\"],\"score\":\"60\",\"gems\":\"1\"}","lite":"0","guid":"d7888c17-99b7-400d-9b9c-60e76a39f163","growth_activity":"0"},{"id":"586026","courseId":"309","type":"7","summary":"Input 1 Burst 2","index":"10","json":"{\"type\":7,\"input\":{\"type\":1,\"prompt\":\"Write!\",\"locked\":false},\"feedback\":[\"Pass thanks\",\"Fail thanks\"],\"score\":0,\"gems\":0}","lite":"0","guid":"87547e09-ed7f-4d7b-bbbe-a3fd91dcfe04","growth_activity":"0"},{"id":"586027","courseId":"309","type":"14","summary":"Question 2","index":"11","json":"{\"type\":14,\"question\":{\"timer\":60,\"multiplechoice\":true,\"answers\":[{\"correct\":false,\"text\":\"Wrong\",\"feedback\":\"wrong!\"},{\"correct\":true,\"text\":\"Right 40 points no gems\",\"feedback\":\"right!\"}],\"sound\":\"\",\"text\":\"What is it\"},\"feedback\":[\"\",\"\"],\"score\":\"40\",\"gems\":0}","lite":"0","guid":"035e11b6-5d06-434d-9411-025cf0f94a6c","growth_activity":"0"},{"id":"586028","courseId":"309","type":"7","summary":"Input 2 Burst 2","index":"12","json":"{\"type\":7,\"input\":{\"type\":1,\"prompt\":\"Write again\",\"locked\":false},\"feedback\":[\"\",\"\"],\"score\":0,\"gems\":0}","lite":"0","guid":"cb436101-7c7a-43b6-a29f-83d8c20864d2","growth_activity":"0"},{"id":"586029","courseId":"309","type":"4","summary":"Second Burst","index":"13","json":"{ \"type\":4}","lite":"0","guid":"9daa8ba2-d381-44b8-8423-9959d513a138","growth_activity":"0"},{"id":"586030","courseId":"309","type":"2","summary":"Start of course","index":"14","json":"{ \"type\":2}","lite":"0","guid":"9f11c9cd-b435-4e8c-b49b-d613a11daf4c","growth_activity":"0"}]