[{"id":"586031","courseId":"309","type":"3","summary":"Burst 1 Activity 1 for inputting text","index":"0","json":"{\"type\":3,\"intro\":{\"title\":\"Input text now\",\"description\":\"Do it today\",\"image\":\"\",\"sound\":\"\",\"volume\":50},\"unlockscore\":0,\"quicklink\":false,\"quotation\":\"\"}","lite":"0","guid":"f1e960cc-3dfc-4c97-b179-c97f11a15cab","growth_activity":"1"},{"id":"586032","courseId":"309","type":"7","summary":"Activity Text Input 1","index":"1","json":"{\"type\":7,\"input\":{\"type\":1,\"prompt\":\"Write something\",\"locked\":false},\"feedback\":[\"\",\"\"],\"score\":0,\"gems\":0}","lite":"0","guid":"0a1dfdb3-254e-42c1-86c8-d6d1dadfc0c6","growth_activity":"1"},{"id":"586033","courseId":"309","type":"7","summary":"Activity Text Input 2","index":"2","json":"{\"type\":7,\"input\":{\"type\":1,\"prompt\":\"Write something\",\"locked\":false},\"feedback\":[\"\",\"\"],\"score\":0,\"gems\":0}","lite":"0","guid":"08d209d9-9937-4935-b1ed-78ee7ba6b10b","growth_activity":"1"},{"id":"586034","courseId":"309","type":"7","summary":"Activity Text Input 3","index":"3","json":"{\"type\":7,\"input\":{\"type\":1,\"prompt\":\"Write more\",\"locked\":false},\"feedback\":[\"\",\"\"],\"score\":0,\"gems\":0}","lite":"0","guid":"53ad4977-7437-435d-aa28-b9855e425295","growth_activity":"1"},{"id":"586035","courseId":"309","type":"4","summary":"Activity 1 for inputting text","index":"4","json":"{ \"type\":4}","lite":"0","guid":"ad932902-aca3-4fc4-8b29-8da93a9827fb","growth_activity":"1"},{"id":"586036","courseId":"309","type":"3","summary":"Burst 2 Activity","index":"5","json":"{\"type\":3,\"intro\":{\"title\":\"Burst 2 Activity\",\"description\":\"Writing again\",\"image\":\"\",\"sound\":\"\",\"volume\":50},\"unlockscore\":0,\"quicklink\":false,\"quotation\":\"\"}","lite":"0","guid":"96d205ac-8b8b-4488-b6d5-df7b4f1aa7ce","growth_activity":"1"},{"id":"586037","courseId":"309","type":"7","summary":"B2 Input 1","index":"6","json":"{\"type\":7,\"input\":{\"type\":1,\"prompt\":\"Write something\",\"locked\":false},\"feedback\":[\"\",\"\"],\"score\":0,\"gems\":0}","lite":"0","guid":"49d1d17d-ba20-4f2e-bbad-3d93d37ea0e0","growth_activity":"1"},{"id":"586038","courseId":"309","type":"7","summary":"B2 Input 2","index":"7","json":"{\"type\":7,\"input\":{\"type\":1,\"prompt\":\"Write you have to\",\"locked\":false},\"feedback\":[\"\",\"\"],\"score\":0,\"gems\":0}","lite":"0","guid":"f01649e8-85a2-4753-bec4-5c59f48cd614","growth_activity":"1"},{"id":"586039","courseId":"309","type":"4","summary":"Burst 2 Activity","index":"8","json":"{ \"type\":4}","lite":"0","guid":"f053ba4d-0c75-4675-9c14-b8ae35b5ce3f","growth_activity":"1"}]