[{"id":"845833","courseId":"347","type":"3","summary":"Growth Burst 1 - amended 2","index":"0","json":"{\"type\":6,\"intro\":{\"title\":\"Hello\",\"description\":\"\",\"image\":\"\",\"sound\":\"\",\"volume\":50},\"unlockscore\":0,\"quicklink\":false,\"quotation\":\"\"}","lite":"0","guid":"0c69987c-4557-488c-9c66-cc4c7d885885","growth_activity":"1"},{"id":"845834","courseId":"347","type":"7","summary":"Input 1","index":"1","json":"{\"type\":6,\"input\":{\"type\":1,\"prompt\":\"This is the prompt amended again and again v\",\"locked\":false},\"feedback\":[\"\",\"\"],\"score\":0,\"gems\":0}","lite":"0","guid":"243e6b2a-1b85-4761-b4fa-0634b07b1521","growth_activity":"1"},{"id":"845835","courseId":"347","type":"5","summary":"E-book","index":"2","json":"{\"type\":5,\"ebook\":\"E94FE092-BF90-0332-3C6C-B045DC5A9DCB.pdf\"}","lite":"0","guid":"e18fec25-4913-4cd8-9f82-86410bd6a447","growth_activity":"1"},{"id":"845836","courseId":"347","type":"7","summary":"test","index":"3","json":"{\"type\":7,\"input\":{\"type\":5,\"prompt\":\"This is the prompt\",\"locked\":false,\"text\":\"\",\"booleans\":[{\"value\":true,\"correct\":\"True\",\"wrong\":\"False\"}]},\"feedback\":[\"\",\"\"],\"score\":0,\"gems\":0}","lite":"0","guid":"48bd7665-9129-4790-85be-b01b244a9048","growth_activity":"1"},{"id":"845837","courseId":"347","type":"7","summary":"Input 2","index":"4","json":"{\"type\":6,\"input\":{\"type\":1,\"prompt\":\"This is the second one\",\"locked\":false}}","lite":"0","guid":"c9d1512a-5112-476f-b9ec-38934c5b9426","growth_activity":"1"},{"id":"845838","courseId":"347","type":"4","summary":"Growth Burst 1","index":"5","json":"{\"type\":6}","lite":"0","guid":"07abc29f-97c9-4a92-832f-d67e122b26d7","growth_activity":"1"},{"id":"845839","courseId":"347","type":"3","summary":"Growth Burst 2","index":"6","json":"{\"type\":6}","lite":"0","guid":"7f4cffbb-da6b-4125-92ed-d1120792faee","growth_activity":"1"},{"id":"845840","courseId":"347","type":"7","summary":"Input 3","index":"7","json":"{\"type\":6,\"input\":{\"type\":1,\"prompt\":\"And this is the 3rd\",\"locked\":false}}","lite":"0","guid":"3ce014aa-2cfb-4a5f-acf4-d65d6b42b7b1","growth_activity":"1"},{"id":"845841","courseId":"347","type":"4","summary":"Growth Burst 2","index":"8","json":"{\"type\":6}","lite":"0","guid":"7f969c15-2164-4cb5-9dbf-f53e6aff00d2","growth_activity":"1"}]