[{"id":"3727","courseId":"71","type":"1","summary":"What is a supervisor and what if this is really long. What happens?","index":"0","json":"{\\\"type\\\":3,\\\"intro\\\":{\\\"title\\\":\\\"Saving this text?\\\",\\\"description\\\":\\\"And this is the description.\\\",\\\"image\\\":\\\"\\\"},\\\"unlockscore\\\":0,\\\"quicklink\\\":false,\\\"quotation\\\":\\\"\\\",\\\"dossier\\\":false}","lite":"0","guid":"e3faa10e-b47d-4a95-a639-115d48e6ff8f","growth_activity":"0"},{"id":"3728","courseId":"71","type":"14","summary":"what is it","index":"1","json":"{\\\"type\\\":7,\\\"input\\\":{\\\"type\\\":1,\\\"prompt\\\":\\\"Tell us how you feel about harassment.\\\",\\\"locked\\\":false}}","lite":"0","guid":"79c62ae9-cfa5-4bd3-a7d7-962e3ad61584","growth_activity":"0"},{"id":"3729","courseId":"71","type":"9","summary":"Who is supervisor?","index":"2","json":"{\\\"type\\\":9,\\\"feedback\\\":[\\\"pass\\\",\\\"fail\\\"],\\\"score\\\":\\\"20\\\",\\\"gems\\\":0,\\\"wordfill\\\":{\\\"words\\\":[\\\"direct\\\",\\\"tangible\\\",\\\"undertake\\\",\\\"aspire\\\"],\\\"text\\\":\\\"A supervisor is any individual who is able to ##3## or recommend ##2## employment actions and\\\/or ##1## the daily work activities of an employee. \\\"}}","lite":"0","guid":"124728d6-6bad-4338-86a6-c10cc6e02232","growth_activity":"0"},{"id":"3730","courseId":"71","type":"2","summary":"What is a supervisor","index":"3","json":"{ \\\"type\\\":2}","lite":"0","guid":"4ac34b67-bcc0-43fe-aee9-acf33d991390","growth_activity":"0"}]