[{"id":"3731","courseId":"71","type":"3","summary":"Growth Activity Burst","index":"4","json":"{ \\\"type\\\":3}","lite":"0","guid":"c8f318f3-9f4c-4338-ae9b-8fefb7725c60","growth_activity":"1"},{"id":"3732","courseId":"71","type":"7","summary":"Growth Activity Input 1","index":"5","json":"{ \\\"type\\\":7}","lite":"0","guid":"4e7889a5-143d-4e94-aa9f-767f7cb526bf","growth_activity":"1"},{"id":"3733","courseId":"71","type":"7","summary":"GA Input 2","index":"6","json":"{\\\"type\\\":7,\\\"input\\\":{\\\"type\\\":1,\\\"prompt\\\":\\\"Tell us if you ever have felt harassed.\\\",\\\"locked\\\":false}}","lite":"0","guid":"c87e6645-b979-43e1-8c66-20350eb1dd2f","growth_activity":"1"},{"id":"3734","courseId":"71","type":"4","summary":"Growth Activity Burst","index":"7","json":"{ \\\"type\\\":4}","lite":"0","guid":"559b304b-4301-42fd-b552-12a5a05ba3a0","growth_activity":"1"}]