[{"id":"125723","courseId":"253","type":"1","summary":"Get Ready to Change Your Life","index":"0","json":"{\"type\":1,\"intro\":{\"title\":\"Get Ready to Change Your Life\",\"description\":\"This Blink Course is a new way to experience the ideas in Think and Grow Rich, Napoleon Hill&#39;s timeless classic. Written in the 1930s in the midst of the Great Depression, this book was a call out to the future, to growth, to not giving in to fear.&#10;&#10;&#10;&#10;&#10;&#10;&#10;&#10;&#10;&#10;In dark days, Hill&#39;s philosophy urges us to focus on light and hope. \",\"image\":\"2E75F165-B597-8145-DCF7-794FE13AA3C4.png\"},\"dossier\":true}","lite":"1","guid":"412942f6-bd44-428f-97d4-df7c6653d4cc","growth_activity":"0"},{"id":"125724","courseId":"253","type":"3","summary":"Welcome to Your Dreams","index":"1","json":"{\"type\":3,\"intro\":{\"title\":\"Welcome to your dreams\",\"description\":\"Blink courses serve up content in small chunks (called Blinks) and arrange those Blinks into short sequences (called Bursts). In this first Burst, we&#39;ll give an introduction to the course, and you can earn two gems. Gems reflect how well you understand the material.&#10;&#10;&#10;&#10;&#10;&#10;&#10;&#10;&#10;&#10;To unlock the next Burst, you must accumulate at least 30 points. \",\"image\":\"D92463CF-DE4F-7BCF-0827-BEFBF3E0813E.png\",\"sound\":\"\",\"volume\":50},\"unlockscore\":\"30\",\"quicklink\":false,\"quotation\":\"\",\"unlockActivity\":\"6d785dad-3f08-4884-b965-d2b090fa574e\"}","lite":"1","guid":"545fa8f0-d336-4baa-8976-f5e5b0c99834","growth_activity":"0"},{"id":"125725","courseId":"253","type":"11","summary":"There is a Secret","index":"2","json":"{\"type\":11,\"simon\":{\"prompt\":\"                    Take a breath. Calm down. Watch and repeat.\",\"sounds\":[\"33DA43B0-6A51-1EBE-C286-114958FEE8F1.mp3\",\"79BFBD58-A586-A61A-F91E-A7BFA6D8C284.mp3\",\"7B1740DE-1868-86F4-681C-CF3A08542EE6.mp3\",\"32DEBF0F-F736-3842-F06F-D594E9441918.mp3\",\"E1C1C5C4-75A1-BB42-3822-0D872D7C8432.mp3\",\"54C24D07-677A-7733-8F56-15CDB3E0E7FE.mp3\",\"60BA1F44-84C4-55A1-A1C4-5B3DF1E597F4.mp3\",\"CA0BE3DA-B1C3-2ACE-4345-32BB82B3361B.mp3\",\"3E7EBA4A-B71B-03DE-E5F7-F09F00C47E68.mp3\"],\"phrase\":\"There is|a secret|for getting|rich.\",\"wrong\":\"faith|desire|persistence|imagination|planning\",\"time\":0,\"score\":0,\"gems\":0,\"sound\":\"\"},\"feedback\":[\"Napoleon hill wrote about that secret in his classic, Think and Grow Rich. After all these years, his philosophy for achieving success is still powerful and can change your life for the better. This course will help you to put his philosophy into action quickly and effectively.\",\"Napoleon hill wrote about a secret for getting rich in his classic, Think and Grow Rich. After all these years, his philosophy is still powerful and can change your life for the better. This course will help you to put his philosophy into action quickly and effectively.\"],\"score\":\"40\",\"gems\":\"1\"}","lite":"1","guid":"26d09d72-9a35-48e4-a45f-9d6e8a8fcf22","growth_activity":"0"},{"id":"125726","courseId":"253","type":"13","summary":"The secret, the book, this course","index":"3","json":"{\"type\":13,\"thisthat\":{\"questions\":[{\"text\":\"Napoleon Hill wrote about the secret and helped countless people change their lives for the better. &#10;&#10;When he wrote the book, America was in the midst of what event?\",\"correct\":\"The Great Depression\",\"wrong\":\"The Vietnam War\",\"value\":true,\"feedback\":[\"Yes, the book first appeared in 1937, in the midst of the Great Depression. Hill&#39;s message was a rejection of fear and a call for positive action in the new world he saw rising from the ashes of the old. Today, too, a new world is emerging with great opportunity.\",\"No, the book first appeared in 1937, in the midst of the Great Depression. Hill&#39;s message was a rejection of fear and a call for positive action in the new world he saw rising from the ashes of the old. Today, too, a new world is emerging with great opportunity.\"]},{\"text\":\"Hill wrote that the secret was &#39;casually tossed&#39; to him when he was just a boy. &#10;&#10;Who tossed him this gem of practical wisdom?\",\"correct\":\"Abraham Lincoln\",\"wrong\":\"Andrew Carnegie\",\"value\":false,\"feedback\":[\"Yes, the secret is based on Andrew Carnegie&#39;s proven formula for success. Carnegie was then the wealthiest man in the United States and he challenged Hill to investigate the secret. Hill interviewed hundreds of successful people over 25 years and then wrote his book.&#10;\",\"No, Lincoln had died 20 years before Hill&#39;s birth. The secret is based on Andrew Carnegie&#39;s formula for success. Carnegie was the richest man in the US and he challenged Hill to investigate the secret. Hill interviewed hundreds of successful people over 25 years and then wrote his book.\"]},{\"text\":\"A digital copy of Hill&#39;s book is included as an Activity in this course. To access it, finish this Burst, then touch the three line icon in the upper left and choose Activities from the menu. &#10;&#10;What do you think Hill says is hidden on every page of the book? \",\"correct\":\"The secret\",\"wrong\":\"The formula for Coke\",\"value\":true,\"feedback\":[\"Yes, he said that the secret was hidden on every page of the book and that it can hit you at any moment. Similarly, if you focus and play through this whole course, you will likely discover the secret.\",\"No, not the formula for Coke. Hill said that the secret was hidden on every page of the book and that it can hit you at any moment. Similarly, if you focus and play through this whole course, you will likely discover the secret.\"]}],\"timer\":0,\"noscore\":true},\"feedback\":[\"\",\"\"],\"score\":0,\"gems\":0}","lite":"1","guid":"b9321a8e-315f-4513-8129-6f5da9b47588","growth_activity":"0"},{"id":"125728","courseId":"253","type":"6","summary":"Your Progress","index":"5","json":"{\"type\":6,\"image\":\"16736080-23B4-6C4D-28FF-E4223D3E2830.png\",\"presentation\":[{\"text\":\"Your Progress\",\"in\":2,\"time\":2,\"sound\":\"\",\"alignment\":0,\"size\":0,\"color\":\"#256ED7\"},{\"text\":\"This is the final Blink in this first Burst. At the end of each Burst you&#39;ll be sent to your Progress Screen (see above) where you&#39;ll find stats on how you&#39;re doing and see where you are on your way up the mountain of mastery. And the more those dark clouds give way to sun, the better you appear to be grasping the material. &#10;&#10;If there&#39;s a check mark next to &#34;Target Score,&#34; you&#39;ve unlocked the next Burst. If not, come back here and try for a higher score. And, if there&#39;s a check mark next to &#34;Max Gems,&#34; you&#39;ve earned all available gems. You don&#39;t need all the gems to move on, but if you want, you can come back and try to earn them all.&#10;&#10;Enjoy your journey!\",\"in\":2,\"time\":3,\"sound\":\"\",\"alignment\":0,\"color\":\"#000000\",\"size\":0}]}","lite":"1","guid":"888535bc-5eca-4d82-b349-16588106e5ce","growth_activity":"0"},{"id":"125729","courseId":"253","type":"4","summary":"Welcome","index":"6","json":"{ \"type\":4}","lite":"1","guid":"dbd7dd95-57c3-4b17-aee8-b39eca48ba7f","growth_activity":"0"},{"id":"125730","courseId":"253","type":"3","summary":"Why You Are Here","index":"7","json":"{\"type\":3,\"intro\":{\"title\":\"Why You Are Here\",\"description\":\"It is no accident that you have been drawn to this course at this time in your life&#39;s journey. You are asking more from life; and life is calling upon you to step up to the plate and fully be all that you are capable of being.  &#10;&#10;&#10;&#10;&#10;&#10;&#10;&#10;&#10;&#10;This course will help you to do that.\",\"image\":\"79F3FD9C-605F-AD72-F6C4-162FB6B4CF96.png\",\"sound\":\"\",\"volume\":50},\"unlockscore\":\"20\",\"quicklink\":false,\"quotation\":\"\",\"unlockActivity\":\"none\"}","lite":"1","guid":"1eae2df4-aa31-4c45-8168-560c561f5e37","growth_activity":"0"},{"id":"125731","courseId":"253","type":"20","summary":"You are here because","index":"8","json":"{\"type\":20,\"multiple\":{\"timer\":0,\"answers\":[{\"correct\":true,\"text\":\"Life has not worked out the way I&#39;d wanted.\",\"feedback\":\"Here&#39;s the thing: life doesn&#39;t just &#39;work out.&#39; You have to focus on a desire and make a plan to get there. That&#39;s what Hill&#39;s message is about and if you play through this course, you&#39;ll be that much closer to becoming the master of your life.\"},{\"correct\":true,\"text\":\"I want to improve myself.\",\"feedback\":\"Great. This course will help you to focus on your desire and then make a plan to get achieve it.\"},{\"correct\":true,\"text\":\"I want to get rich.\",\"feedback\":\"Play through this course, doing everything it asks you to do, and you will be on your way.\"},{\"correct\":true,\"text\":\"I seem to always make mistakes and feel defeated.\",\"feedback\":\"As Hill wrote: If you are dissipated, having been defeated, and felt the great heart within you crushed till it bled, then take courage - those experiences have tempered the spiritual metal of which you are made - they are assets of value.\"}],\"sound\":\"\",\"text\":\"So, why are you here, now, reading these words, looking for something better inside of you? Choose ALL that apply to you.\"},\"feedback\":[\"We each want our desires fulfilled. Take heart, you are taking the first step. The very fact that you are here now, shows you are on your way. You are reaching for your dreams. Now, touch Close, then touch any answer for more specific feedback.\",\"We each want our desires fulfilled. Take heart, you are taking the first step. The very fact that you are here now, shows you are on your way. You are reaching for your dreams. Now, touch Close, then touch any answer for more specific feedback.\"],\"score\":\"0\",\"gems\":\"0\"}","lite":"1","guid":"a705f6f0-5e88-4325-a80d-3d11a14a10ed","growth_activity":"0"},{"id":"125732","courseId":"253","type":"6","summary":"All who are ready","index":"9","json":"{\"type\":6,\"image\":\"077DCE85-8335-8D6D-7E92-7D010F84F927.png\",\"presentation\":[{\"text\":\"The Secret Will Work for All Who are Ready for it.\",\"in\":0,\"time\":1,\"sound\":\"\",\"size\":0,\"color\":\"#256ED7\",\"alignment\":0},{\"text\":\"To be ready for it, you must know the answer to this question:\",\"in\":2,\"time\":2,\"sound\":\"\",\"alignment\":0},{\"text\":\"What is it you desire most?\",\"in\":2,\"time\":2,\"sound\":\"\",\"alignment\":0}]}","lite":"1","guid":"600a01e0-4424-46b3-b1d0-9bf6e37aa294","growth_activity":"0"},{"id":"125735","courseId":"253","type":"4","summary":"Your Desire","index":"12","json":"{ \"type\":4}","lite":"1","guid":"ae19127e-95a0-4e1a-b16c-b4f2de6ae2f9","growth_activity":"0"},{"id":"125736","courseId":"253","type":"3","summary":"When it Appears","index":"13","json":"{\"type\":3,\"intro\":{\"title\":\"When it Appears\",\"description\":\"As you play through this course, the secret will jump from the screen and stand boldly before you - if you are ready for it! &#10;&#10;&#10;&#10;&#10;&#10;&#10;&#10;&#10; &#10;When it appears, you will recognize it. That occasion will mark the most important turning point in your life.&#10;\",\"image\":\"04DDBDC6-BDDF-C7F1-4D89-77750BC1067B.png\",\"sound\":\"\",\"volume\":50},\"unlockscore\":\"40\",\"quicklink\":false,\"quotation\":\"\",\"unlockActivity\":\"none\"}","lite":"1","guid":"be0918a8-367d-4674-a2fe-237c93fd91e2","growth_activity":"0"},{"id":"125737","courseId":"253","type":"9","summary":"A Peculiar Thing","index":"14","json":"{\"type\":9,\"wordfill\":{\"text\":\"Those who do acquire and use ##1## will find&#10;themselves literally ##2## to ##3##.\",\"prompt\":\"Here&#39;s a peculiar thing that you should be aware of.\",\"sound\":\"\",\"words\":[\"the secret\",\"swept on\",\"success\"],\"timer\":60},\"feedback\":[\"Yes, you&#39;ll be swept on to success. As Hill says: When riches begin to come, they come so quickly, and in such great abundance, that one wonders where they have been hiding during all those lean years.&#10;\",\"Those who do acquire the secret, and use it, will find themselves literally swept on to success. Hill says: When riches begin to come, they come so quickly, and in such great abundance, that one wonders where they have been hiding during all those lean years.\"],\"score\":\"80\",\"gems\":\"1\"}","lite":"1","guid":"935bdb40-bebb-4868-95ee-e85e6b3dcc40","growth_activity":"0"},{"id":"125738","courseId":"253","type":"14","summary":"For the secret to work","index":"15","json":"{\"type\":14,\"question\":{\"timer\":20,\"multiplechoice\":true,\"answers\":[{\"correct\":true,\"text\":\"know what you want.\",\"feedback\":\"Yes! The first step towards getting what you want is being completely clear on WHAT you want.\"},{\"correct\":false,\"text\":\"work hard and long.\",\"feedback\":\"No. that is not a requirement.\"},{\"correct\":false,\"text\":\"have a college degree.\",\"feedback\":\"No, that is not a requirement.\"}],\"sound\":\"\",\"text\":\"For the secret to work, you must:\"},\"feedback\":[\"\",\"\"],\"score\":\"20\",\"gems\":\"1\"}","lite":"1","guid":"975e2c2c-32a4-4179-afb1-72cbb3362408","growth_activity":"0"},{"id":"125740","courseId":"253","type":"4","summary":"When it Appears","index":"17","json":"{ \"type\":4}","lite":"1","guid":"26dfcb74-eadb-4e9f-aa5b-53d9cc8dec51","growth_activity":"0"},{"id":"125741","courseId":"253","type":"2","summary":"Thoughts are Things","index":"18","json":"{ \"type\":2}","lite":"1","guid":"ab0c2ccf-f55a-438c-8557-702845563b13","growth_activity":"0"},{"id":"125760","courseId":"253","type":"16","summary":"What do you desire?","index":"37","json":"{\"type\":16,\"wordheat\":{\"prompt\":\"To help you start thinking about what you truly desire, touch the words below. Keep the important ones closer. Move the less important ones further away. There are no right and wrong answers.&#10;&#10;Touch Done when the words reflect what you are feeling inside.\",\"words\":[{\"word\":\"Wealth\",\"layer\":0},{\"word\":\"Power\",\"layer\":0},{\"word\":\"Contentment\",\"layer\":0},{\"word\":\"Love\",\"layer\":0},{\"word\":\"Fame\",\"layer\":0},{\"word\":\"Sex\",\"layer\":0},{\"word\":\"Challenge\",\"layer\":0},{\"word\":\"Pain\",\"layer\":0},{\"word\":\"Comfort\",\"layer\":0},{\"word\":\"Friends\",\"layer\":0},{\"word\":\"Family\",\"layer\":0},{\"word\":\"Honor\",\"layer\":0}],\"timer\":0,\"sound\":\"\"},\"feedback\":[\"The priority you have given each word reflects what you are feeling inside. Let this guide you when you are looking to adopt a definite purpose. \",\"The priority you have given each word reflects what you are feeling inside. Let this guide you when you are looking to adopt a definite purpose. \"],\"score\":0,\"gems\":0}","lite":"1","guid":"22803e7d-36ad-4e05-8f8e-7e060d7a837a","growth_activity":"0"},{"id":"125801","courseId":"253","type":"3","summary":"Create a Plan","index":"78","json":"{\"type\":20,\"multiple\":{\"timer\":0,\"answers\":[{\"correct\":true,\"text\":\"Having the ability to accept feedback from others.\",\"feedback\":\"\"},{\"correct\":true,\"text\":\"Maintaining good posture and open body language.\",\"feedback\":\"\"},{\"correct\":false,\"text\":\"Being able to command attention from others.\",\"feedback\":\"\"},{\"correct\":true,\"text\":\"Being accurate when describing your capabilities and skills.\",\"feedback\":\"\"},{\"correct\":false,\"text\":\"Hiding mistakes you&#39;ve made from others.\",\"feedback\":\"\"}],\"sound\":\"\",\"text\":\"Which of these behaviors demonstrate essential elements of confident communication?\"},\"feedback\":[\"Correct. Well done.\",\"That&#39;s incorrect. Note the correct answers.\"],\"score\":\"50\",\"gems\":0,\"intro\":{\"title\":\"Create a Plan\",\"description\":\"\",\"image\":\"E09A3642-31A8-E094-D6A5-E2476713C9E3.png\",\"sound\":\"\",\"volume\":50},\"unlockscore\":\"20\",\"quicklink\":false,\"quotation\":\"\",\"unlockActivity\":\"none\"}","lite":"1","guid":"a615c6de-d77b-4224-a93a-b0b1ee739a14","growth_activity":"0"},{"id":"125802","courseId":"253","type":"11","summary":"The Big Ideas","index":"79","json":"{\"type\":11,\"simon\":{\"prompt\":\"                              THE BIG IDEAS\",\"sounds\":[\"2EC1C168-98B6-D108-EC26-4EF0C71CD783.mp3\",\"1870BAF9-7978-4632-F404-4236B5BC0FA5.mp3\",\"7D57FF7B-0ADB-F59F-A85C-EB51F14FF7AC.mp3\",\"DD4FD5FE-92F7-7351-A656-DA030396318F.mp3\",\"2C0BFDB8-5876-4925-A3A4-682BAAA0D37F.mp3\",\"E96EE0B0-60EC-1AFE-CC77-9B02A44C643D.mp3\",\"E2BB3266-A28B-1040-8BB5-5AE394447585.mp3\",\"08A809F6-9A75-B7F4-7342-19AA53DB21D5.mp3\",\"ADFC95E1-ABAA-FB3B-537E-8E09E884E3B5.mp3\",\"A1DC992E-1A72-6F83-F8DB-AABC4CBC2E81.mp3\",\"789103BA-F24C-51D5-3F61-F7B183FF684F.mp3\",\"9F548E16-BC2C-577A-5A60-819AE50F1923.mp3\"],\"phrase\":\"Build Confidence|Assert Yourself|Reduce Anxiety|Speak Freely|Listen Better|Contribute More\",\"wrong\":\"Resentment|Suspicion|Mistrust|Arrogance|Rejection|Frustration\",\"time\":0,\"score\":0,\"gems\":0,\"sound\":\"\"},\"feedback\":[\"This is an overview of where we&#39;re heading in this course - from learning to build your confidence to contributing more to your organization. To continue, touch Close to the right.\",\"This is an overview of where we&#39;re heading in this course - from learning to build your confidence to contributing more to your organization. To continue, touch Close to the right.\"],\"score\":\"60\",\"gems\":\"1\"}","lite":"1","guid":"082df8a0-16d2-459f-af6a-da40fb41fb17","growth_activity":"0"},{"id":"125803","courseId":"253","type":"13","summary":"Fact or Fiction","index":"80","json":"{\"type\":13,\"thisthat\":{\"questions\":[{\"text\":\"FACT OR FICTION&#10;&#10;What do you believe?&#10;&#10;With enough confidence you can go just about anywhere.\",\"correct\":\"Fact\",\"wrong\":\"Fiction\",\"value\":true,\"feedback\":[\"Yes, it&#39;s a fact. Confidence can help you to achieve your dreams. \",\"No, this is a fact. Many successful people will tell you that confidence was an important component in their ability  to succeed. \"]},{\"text\":\"FACT OR FICTION&#10;&#10;What do you believe?&#10;&#10;You can build your own confidence.\",\"correct\":\"Fact\",\"wrong\":\"Fiction\",\"value\":true,\"feedback\":[\"Yes, it&#39;s been proven that you can build your own confidence. In fact, studies have shown that &#39;fake it till you make it&#39; actually works. If you act confident, you will start to become more confident.\",\"No, this is a fact. Some people believe that we are born with all the confidence we&#39;ll ever muster. Not true. In fact, studies have shown that &#39;fake it till you make it&#39; actually works. If you act confident, you will start to become more confident.\"]},{\"text\":\"FACT OR FICTION&#10;&#10;What do you believe?&#10;&#10;The main reason to build confidence is to boss other people around and have them fear you. \",\"correct\":\"Fact\",\"wrong\":\"Fiction\",\"value\":false,\"feedback\":[\"Yes, this is the fantasy of non-confident people. The truth is that when you are confident, you don&#39;t need to boss anyone around. You will speak your mind, others will listen, and if your ideas are valid, people will respond positively.\",\"No, this is a fantasy of non-confident people. The truth is that when you are confident, you don&#39;t need to boss anyone around. You will speak your mind, others will listen, and if your ideas are valid, people will respond positively.\"]},{\"text\":\"FACT OR FICTION&#10;&#10;What do you believe?&#10;&#10;Learning to communicate well is one way to build your confidence and gain the confidence of others.\",\"correct\":\"Fact\",\"wrong\":\"Fiction\",\"value\":true,\"feedback\":[\"Yes, this is true. Communication is so basic to our lives that if we can become more confident in this area, it will color everything else we do. Speaking freely, without fear of what others might think, is powerful.\",\"No, this is a fact. Try it. Spend a day or even an hour speaking freely, without fear of what others might think, and you&#39;ll feel the difference. Now, don&#39;t be mean, just be assertive and ask for what you want.\"]},{\"text\":\"FACT OR FICTION&#10;&#10;What do you believe?&#10;&#10;When you&#39;re confident, you&#39;ll even listen better to other people.\",\"correct\":\"Fact\",\"wrong\":\"Fiction\",\"value\":true,\"feedback\":[\"Yes, this is true because when you&#39;re more confident, your perception of what others are saying is not distorted by your fears and anxiety. You hear and understand people more clearly.\",\"No, this is true as well. You see, when you&#39;re more confident, your perception of what others are saying is not distorted by your fears and anxiety. You hear and understand people more clearly.\"]}],\"timer\":0,\"noscore\":true},\"feedback\":[\"To sum up: the fact is, confidence can help you to reach your dreams. And learning to communicate better is one way to build your confidence. This is no fantasy and it&#39;s worth working at it!\",\"To sum up: the fact is, confidence can help you to reach your dreams. And learning to communicate better is one way to build your confidence. This is no fantasy and it&#39;s worth working at it!\"],\"score\":0,\"gems\":0}","lite":"1","guid":"0c2aa292-24bf-453a-803e-51e741777b1c","growth_activity":"0"},{"id":"125804","courseId":"253","type":"10","summary":"Confident Speaker","index":"81","json":"{\"type\":10,\"dragdrop\":{\"timer\":60,\"layout\":0,\"goals\":[{\"isImage\":true,\"text\":\"\",\"image\":\"9E76791E-5973-191B-7EEA-77C82C709B0E.png\"}],\"items\":[{\"goal\":1,\"isImage\":false,\"text\":\"She speaks freely\",\"image\":\"DB68BFE7-D054-763F-5669-BA1060CF417A.png\",\"feedback\":[\"Yes, as a confident communicator, Mary is now able to speak freely and this adds to the overall happiness in her life.\",\"\"]},{\"goal\":1,\"isImage\":false,\"text\":\"She has less anxiety\",\"image\":\"3674AB33-F3F4-5E56-C1EC-6C962AD0A91F.png\",\"feedback\":[\"Yes, as a confident communicator, Mary now has less anxiety when speaking to others and this frees her up to truly share ideas and feelings.\",\"\"]},{\"goal\":1,\"isImage\":false,\"text\":\"She lets herself be heard\",\"image\":\"8E002DC5-4637-EDC1-0758-C321EC118003.png\",\"feedback\":[\"Yes, as a confident communicator, Mary isn&#39;t standing in the way of herself. Instead, her message is front and center and being heard.\",\"\"]},{\"goal\":1,\"isImage\":false,\"text\":\"She listens better\",\"image\":\"36D03ECC-4BF8-721F-143B-061A626C7244.png\",\"feedback\":[\"Yes, as a confident communicator, Mary can listen better to other people because she is no longer listening through a veil of distortion and fear.\",\"\"]},{\"goal\":0,\"isImage\":false,\"text\":\"She misses opportunities\",\"image\":\"\",\"feedback\":[\"\",\"No, as a confident communicator, Mary is now more able to create opportunities and to take advantage of opportunities that come her way.\"]},{\"goal\":0,\"isImage\":false,\"text\":\"She is falling behind at work\",\"image\":\"\",\"feedback\":[\"\",\"No, as a confident communicator, Mary is now able to focus on moving forward in her personal and her professional life.\"]}],\"prompt\":\"Mary suffered anxiety and fear when speaking with others, but she took the time to build her confidence. Drag all the words that apply to her.\",\"sound\":\"\"},\"feedback\":[\"This course can help you to become a more confident communicator like Mary. And clearly it&#39;s worth working at because it can improve your life in many ways.\",\"This course can help you to become a more confident communicator like Mary. And clearly it&#39;s worth working at because it can improve your life in many ways.\"],\"score\":\"40\",\"gems\":\"1\"}","lite":"1","guid":"f0625145-ee80-48fa-9ec5-2d1c5b3c8149","growth_activity":"0"},{"id":"125805","courseId":"253","type":"7","summary":"How are you doing?","index":"82","json":"{\"type\":7,\"input\":{\"type\":7,\"prompt\":\"Think about your own confidence as a communicator. Rate yourself by moving the ball below right (more confident) or left (less confident). Then write about it. \",\"locked\":false,\"text\":\"\",\"isNumber\":false,\"useImages\":true,\"left\":\"AFF2029D-BECF-F899-4DA5-F22F17F97041.png\",\"right\":\"C019DB10-E215-2EDD-7C65-234626BACD30.png\",\"ideal\":50},\"feedback\":[\"This is the end of the first Burst. When you touch Close, you&#39;ll be sent to the Progress Screen. There, you can see how well you&#39;re doing. If you have reached the target score and unlocked the next Burst, you can play it. Otherwise, replay this Burst and try to earn more points.\",\"This is the end of the first Burst. When you touch Close, you&#39;ll be sent to the Progress Screen. There, you can see how well you&#39;re doing. If you have reached the target score and unlocked the next Burst, you can play it. Otherwise, replay this Burst and try to earn more points.\"],\"score\":\"0\",\"gems\":\"0\"}","lite":"1","guid":"95b8f4a6-3847-424e-9302-394f32153e2d","growth_activity":"0"},{"id":"125806","courseId":"253","type":"4","summary":"Burst 1","index":"83","json":"{ \"type\":4}","lite":"1","guid":"37b6931d-49f5-490b-9ad7-b8c88589c7e3","growth_activity":"0"},{"id":"125807","courseId":"253","type":"3","summary":"Attain and Apply Power!","index":"84","json":"{\"type\":3,\"intro\":{\"title\":\"Attain and Apply Power!\",\"description\":\"\",\"image\":\"307E9803-C42A-DD7E-38FE-383E1B1E5488.png\",\"sound\":\"\",\"volume\":50},\"unlockscore\":\"20\",\"quicklink\":false,\"quotation\":\"If you lack confidence, you&#39;ll stand in the way of your message. Get out of the way!\",\"dossier\":false,\"unlockActivity\":\"none\"}","lite":"1","guid":"199a88fd-fb65-4953-9907-85f16cbcc005","growth_activity":"0"},{"id":"125808","courseId":"253","type":"7","summary":"Speaking without confidence","index":"85","json":"{\"type\":7,\"input\":{\"type\":2,\"prompt\":\"Think back to a time when you had to talk with other people, yet you didn&#39;t feel confident. How did it make you feel?&#10;&#10;Touch the boxes below and enter the three main feelings that come to mind.\",\"locked\":false,\"in\":2,\"out\":0,\"time\":1,\"count\":3,\"characters\":20},\"feedback\":[\"Experts have found that lack of confidence when communicating is one of the most stressful situations that many people encounter in their day to day lives. Let&#39;s explore this further.\",\"\"],\"score\":\"0\",\"gems\":\"0\"}","lite":"1","guid":"435ced36-4382-4d37-989e-8c485ec6aad7","growth_activity":"0"},{"id":"125809","courseId":"253","type":"15","summary":"Fear, anxiety and anger","index":"86","json":"{\"type\":15,\"rotator\":{\"prompt\":\"WHAT DO YOU THINK?&#10;&#10;Many people who are not confident as speakers experience negative feelings, such as fear, anxiety and anger, when they have to communicate. &#10;&#10;Often this can lead to the speaker ___________________________. (Rotate the options below to your choice, then touch Done.) \",\"statements\":[{\"text\":\"having a distorted perception of what the listener is thinking\",\"correct\":true},{\"text\":\"wanting to freely share his or her thoughts and feelings\",\"correct\":false},{\"text\":\"contributing in a big way to the organization\",\"correct\":false},{\"text\":\"All of the above\",\"correct\":false}],\"timer\":45,\"sound\":\"\"},\"feedback\":[\"Correct. When a speaker is feeling negative emotions, they may feel the listeners are being critical and judgmental. This does NOT create a space for sharing or contributing, which is what communication is all about. \",\"That&#39;s incorrect. When a speaker is feeling negative emotions, it doesn&#39;t usually lead to sharing or contributing. Rather, it often makes the speaker feel that the listeners are being critical and judgmental. \"],\"score\":\"10\",\"gems\":0}","lite":"1","guid":"5592a580-83dc-483b-a7f6-c552ad6e5c94","growth_activity":"0"},{"id":"125810","courseId":"253","type":"15","summary":"Losing temper","index":"87","json":"{\"type\":15,\"rotator\":{\"prompt\":\"THINK ABOUT IT&#10;&#10;Lack of confidence when speaking can result in negative outcomes, including ______________________.\",\"statements\":[{\"text\":\"losing one&#39;s temper and doing inappropriate things\",\"correct\":false},{\"text\":\"hurting other people&#39;s feelings\",\"correct\":false},{\"text\":\"saying things you regret later\",\"correct\":false},{\"text\":\"All of the above\",\"correct\":true}],\"timer\":45,\"sound\":\"\"},\"feedback\":[\"All of these things can result from lack of confidence. And they can all have very negative consequences.\",\"That&#39;s only partially correct. All of these things can result from lack of confidence. And they can all have very negative consequences.\"],\"score\":\"10\",\"gems\":0}","lite":"1","guid":"ef35a0aa-4ccc-48f9-8c10-a037c6653580","growth_activity":"0"},{"id":"125811","courseId":"253","type":"15","summary":"More bad feelings","index":"88","json":"{\"type\":15,\"rotator\":{\"prompt\":\"CONSIDER THIS&#10;&#10;When someone is speaking without confidence they might feel rejected, inadequate, frustrated, or resentful. Sometimes they can feel vulnerable, trapped and easily hurt.&#10;&#10;This can lead to a situation in which the speaker is ________________.\",\"statements\":[{\"text\":\"open to an honest critique of his or her ideas\",\"correct\":false},{\"text\":\"unable to tolerate criticism\",\"correct\":true},{\"text\":\"patient and ready for productive dialog\",\"correct\":false},{\"text\":\"All of the above\",\"correct\":false}],\"timer\":30,\"sound\":\"\"},\"feedback\":[\"Correct. Speaking without confidence can close down the speaker&#39;s ability to receive honest criticism - a very important element in productive communication.\",\"That&#39;s not correct. Speaking without confidence can close down the speaker&#39;s ability to receive honest criticism - a very important element in productive communication.\"],\"score\":\"10\",\"gems\":0}","lite":"1","guid":"6c11ee09-468e-48b3-a170-fe06e205eb62","growth_activity":"0"},{"id":"125812","courseId":"253","type":"15","summary":"Listening to a non-confident speaker","index":"89","json":"{\"type\":15,\"rotator\":{\"prompt\":\"THINK ABOUT IT&#10;&#10;We&#39;ve explored what it&#39;s like to talk without confidence. Now, let&#39;s look at it from the listener&#39;s point of view. We&#39;ve all been there, too. &#10;&#10;Listening to someone who lacks confidence can provoke negative feelings, which can lead to the listener __________________.\",\"statements\":[{\"text\":\"finding it hard to focus on the information being communicated\",\"correct\":true},{\"text\":\"wanting to spend more time in the conversation\",\"correct\":false},{\"text\":\"recommending the speaker for key assignments\",\"correct\":false},{\"text\":\"All of the above.\",\"correct\":false}],\"timer\":45,\"sound\":\"\"},\"feedback\":[\"Yes, that is correct. When speakers lack confidence, listeners may find that they are reacting to the person rather than the message being communicating.\",\"That is incorrect. When speakers lack confidence, listeners may find that they are reacting to the person rather than the message being communicating.\"],\"score\":\"10\",\"gems\":0}","lite":"1","guid":"3952c50c-2a88-47ea-b6e1-71960cd8e2c5","growth_activity":"0"},{"id":"125813","courseId":"253","type":"15","summary":"Listening 2","index":"90","json":"{\"type\":15,\"rotator\":{\"prompt\":\"THINK ABOUT IT&#10;&#10;When listening to a speaker who lacks confidence we may ___________________.\",\"statements\":[{\"text\":\"find it easier to focus on the speaker&#39;s message\",\"correct\":false},{\"text\":\"be less inclined to give the speaker what he or she wants\",\"correct\":true},{\"text\":\"immediately form a positive image of the speaker\",\"correct\":false},{\"text\":\"All of the above.\",\"correct\":false}],\"timer\":45,\"sound\":\"\"},\"feedback\":[\"Yes, that is correct. When speakers lack confidence, listeners may find that they are less inclined to give the speaker what he or she wants.\",\"That is incorrect. When speakers lack confidence, listeners may find that they are less inclined to give the speaker what he or she wants.\"],\"score\":\"10\",\"gems\":0}","lite":"1","guid":"96fa797e-6b3c-4801-84ed-2a5e5c7efe6f","growth_activity":"0"},{"id":"125814","courseId":"253","type":"15","summary":"Listening 3","index":"91","json":"{\"type\":15,\"rotator\":{\"prompt\":\"THINK ABOUT IT&#10;&#10;When communicating with someone who lacks confidence, we would ________________.\",\"statements\":[{\"text\":\"tend to consider that person for potential promotions\",\"correct\":false},{\"text\":\"want to put that person in a position of responsibility\",\"correct\":false},{\"text\":\"feel that the person is less likely to help the organization succeed\",\"correct\":true},{\"text\":\"All of the above.\",\"correct\":false}],\"timer\":45,\"sound\":\"\"},\"feedback\":[\"Yes, that is correct. When speakers lack confidence, listeners may feel that the person is less likely to help the organization succeed.\",\"That is incorrect. When speakers lack confidence, listeners may feel that the person is less likely to help the organization succeed.\"],\"score\":\"10\",\"gems\":\"1\"}","lite":"1","guid":"d7d2f614-214e-4bb3-8a22-3d7f048016f7","growth_activity":"0"},{"id":"125815","courseId":"253","type":"7","summary":"How are you doing?","index":"92","json":"{\"type\":7,\"input\":{\"type\":7,\"prompt\":\"Think about how you respond to someone who talks to you lacking confidence. Do you have an open mind and give them the benefit of the doubt (right side)? Or do you judge them negatively (left side)? Be honest, then write about it below. \",\"locked\":false,\"text\":\"\",\"isNumber\":false,\"useImages\":false,\"left\":\"NEGATIVE JUDGMENT\",\"right\":\"BENEFIT OF THE DOUBT\",\"ideal\":50,\"min\":0,\"max\":0,\"integer\":true},\"feedback\":[\"This is the end of the second Burst. On the Progress screen be sure to see if you are achieving MAX scores and MAX gems. That will help the skies get more sunny.\",\"This is the end of the second Burst. On the Progress screen be sure to see if you are achieving MAX scores and MAX gems. That will help the skies get more sunny.\"],\"score\":\"0\",\"gems\":\"0\"}","lite":"1","guid":"7c7cdc8f-79b0-4450-9def-f17765b63736","growth_activity":"0"},{"id":"125816","courseId":"253","type":"4","summary":"Without Confidence","index":"93","json":"{\"type\":7,\"input\":{\"type\":7,\"prompt\":\"Now that you&#39;re at the end of the third Burst, rate yourself as to how confident a communicator you are and t below.hen write about it\",\"locked\":false,\"text\":\"\",\"isNumber\":false,\"useImages\":true,\"left\":\"E2A5F2E3-FD94-C1AF-DF1F-5FA40DB62E4B.png\",\"right\":\"3BA8534D-FAC7-1AC3-8A01-1BFDE8D9CA02.png\",\"ideal\":50}}","lite":"1","guid":"e90cc3f8-7785-421a-a8b2-e1176fcee30b","growth_activity":"0"}]