{"id":"253","authorId":"0","groupId":"0","credits":"2","dollars":"9.99","summary":"A new vision of the Napoleon Hill classic","description":"In-a-Blink courses cut through the clutter and present the essence of the material. In this easy-to-follow version of Think and Grow Rich, you will quickly unlock the secret to attaining your desire.","date":"2015-01-29 18:06:08","iconURL":"icon182.jpg","imageURL":"image182.jpg","vimeo":"","title":"Think and Grow Rich in a Blink! - test copy course","editDate":"2015-01-29 18:33:13","buildAvailable":"1","published":"0","publicationDate":null}