[{"id":"95344","courseId":"228","type":"1","summary":"Using Blink for Compliance Guidelines Education","index":"0","json":"{\"type\":1,\"intro\":{\"title\":\"Commercial COMPASS Compliance Course\",\"description\":\"The Commercial COMPASS Compliance Manual contains compliance guidelines relating to commercial activities.  Built on a foundation of ethical conduct and the highest legal and industry standards, the Commercial COMPASS Manual guidelines should always be foremost in the minds of those involved with the acquisition, marketing, promotion and dissemination of information about Forest products.\",\"image\":\"7F881A3C-6CA8-6D67-915E-E4A5362D5A34.png\"},\"dossier\":false}","lite":"0","guid":"81143fbe-ce36-4dba-9c64-ad33537b6bd0","growth_activity":"0"},{"id":"95345","courseId":"228","type":"3","summary":"Product Promotion","index":"1","json":"{\"type\":3,\"intro\":{\"title\":\"Blink and Compliance Training\",\"description\":\"Blink courses serve up content in small chunks (called Blinks) and arrange those Blinks into short sequences (called Bursts). In this first Burst, you&#39;ll learn about Forest&#39;s rules concerning detailing materials. And you can earn three gems in this Burst. Gems reflect how well you understand the material.&#10;&#10;&#10;&#10;&#10;&#10;&#10;&#10;&#10;To unlock the next Burst, you must accumulate at least 20 points.&#10;\",\"image\":\"34A044DF-7189-C039-E8ED-FA08344F9794.png\",\"sound\":\"\",\"volume\":50},\"unlockscore\":\"20\",\"quicklink\":false,\"quotation\":\"\",\"dossier\":false}","lite":"0","guid":"8389dd33-6393-4f1b-8ef2-b5e6ddff03b3","growth_activity":"0"},{"id":"95346","courseId":"228","type":"12","summary":"Detailing Materials are Important Tools","index":"2","json":"{\"type\":12,\"orderitems\":{\"slots\":[\"Beginning of statement\",\"\",\"\",\"\",\"\",\"End of statement\"],\"items\":[{\"text\":\"Detailing materials\",\"slot\":1},{\"text\":\"are important tools\",\"slot\":2},{\"text\":\"for educating physicians\",\"slot\":3},{\"text\":\"and other health care\",\"slot\":4},{\"text\":\"professionals about\",\"slot\":5},{\"text\":\"Forest&#39;s products.\",\"slot\":6}],\"ordered\":true,\"timer\":0,\"sound\":\"\",\"prompt\":\"                                          DETAIL PIECES&#10;  To start, build this statement about detail pieces and promotion.\"},\"feedback\":[\"Yes, detailing materials are important educational tools. And as important as they are, these materials are heavily regulated and subject to FDA scrutiny, and therefore must be handled carefully.\",\"Detailing materials are important educational tools. And as important as they are, these materials are heavily regulated and subject to FDA scrutiny, and therefore must be handled carefully.\"],\"score\":\"120\",\"gems\":\"1\"}","lite":"0","guid":"8e47e897-134c-4f26-9bf1-f68f646f7694","growth_activity":"0"},{"id":"95347","courseId":"228","type":"10","summary":"FDA Promo Material Compliance","index":"3","json":"{\"type\":10,\"dragdrop\":{\"timer\":60,\"layout\":0,\"goals\":[{\"isImage\":true,\"text\":\"\",\"image\":\"6CB86436-C20F-98B8-32D9-C99955298434.png\"}],\"items\":[{\"goal\":1,\"isImage\":false,\"text\":\"...balanced as to the benefits and risks.\",\"image\":\"F19E923D-3E4A-B446-ABE2-BE216C5B5B4A.png\",\"feedback\":[\"Yes, if benefits and risks are mentioned, they must be presented with a fair balance of the two.\",\"\"]},{\"goal\":1,\"isImage\":false,\"text\":\"...truthful.\",\"image\":\"22777385-C70A-5BA1-7D88-8C470FE52EAF.png\",\"feedback\":[\"Yes, all information must be truthful - AND NOT MISLEADING. Only via our multidisciplinary &#34;Red Folder&#34; process can a determination be made as to whether any statements are misleading.\",\"\"]},{\"goal\":1,\"isImage\":false,\"text\":\"...inclusive of prescription information.\",\"image\":\"A829A5FD-1525-E66F-BB36-981F75691589.png\",\"feedback\":[\"Yes. Where allowed this may be a brief summary of labeling with  exceptions made for reminder ads.\",\"\"]},{\"goal\":0,\"isImage\":false,\"text\":\"...precise in detailing off-label uses.\",\"image\":\"9410BF28-96EC-939A-28F0-A456D0EF1496.png\",\"feedback\":[\"\",\"That&#39;s incorrect. Promotional materials must not discuss &#34;off-label&#34; uses, including any information about indications, dosage forms, dose regimens, populations or other use parameters not mentioned in the approved labeling.  \"]},{\"goal\":0,\"isImage\":false,\"text\":\"...clearly highlighted and underlined.\",\"image\":\"795495D2-37FB-21B5-B8A4-75674579D6A0.png\",\"feedback\":[\"\",\"That&#39;s incorrect. Forest policy strictly prohibits the use of homemade materials of any kind - including any visual aid pages that have been altered with highlighting, laminating, cutting, obscuring, etc.\"]},{\"goal\":1,\"isImage\":false,\"text\":\"...approved via our Red-Folder review process.\",\"image\":\"1C772E23-32FB-472A-F121-B21890423EC7.png\",\"feedback\":[\"Yes. Only corporately approved materials may be used in promoting Forest products, as these materials have undergone multidisciplinary scrutiny based on FDA-approved product labeling in our &#34;Red Folder&#34; review process. \",\"\"]}],\"prompt\":\"              All of our promotional materials are heavily regulated&#10;                                   and subject to FDA scrutiny. &#10;                     All promotional materials are required to be:\",\"sound\":\"\"},\"feedback\":[\"\",\"\"],\"score\":\"80\",\"gems\":\"1\"}","lite":"0","guid":"85cb6457-8545-4660-88dc-10096a528da3","growth_activity":"0"},{"id":"95348","courseId":"228","type":"13","summary":"Allowed or Prohibited","index":"4","json":"{\"type\":13,\"thisthat\":{\"questions\":[{\"text\":\"ALLOWED OR PROHIBITED?&#10;&#10;Forest maintains strict guidelines as to what types of materials can be used for promotional purposes.&#10;&#10;According to these guidelines, thank you notes with a product message are...\",\"correct\":\"Allowed\",\"wrong\":\"Prohibited\",\"value\":false,\"feedback\":[\"Yes, these are &#39;homemade&#39; materials that are prohibited.\",\"That&#39;s incorrect. These are &#39;homemade&#39; materials that are prohibited.\"]},{\"text\":\"ALLOWED OR PROHIBITED?&#10;&#10;Forest maintains strict guidelines as to what types of materials can be used for promotional purposes.&#10;&#10;According to these guidelines, flip charts with product information or claims on them are...\",\"correct\":\"Allowed\",\"wrong\":\"Prohibited\",\"value\":false,\"feedback\":[\"Yes, these are considered to be homemade materials and are prohibited: even if they are written EXACTLY as it appears on other Forest-approved materials.\",\"That&#39;s incorrect. These are considered to be homemade materials and are prohibited: even if they are written EXACTLY as it appears on other Forest-approved materials.\"]},{\"text\":\"ALLOWED OR PROHIBITED?&#10;&#10;Forest maintains strict guidelines as to what types of materials can be used for promotional purposes.&#10;&#10;According to these guidelines, reprints that have been approved via the Red Folder process are...\",\"correct\":\"Allowed\",\"wrong\":\"Prohibited\",\"value\":true,\"feedback\":[\"Yes, these are allowed, BUT not if they have any markings added: including the addition of a handwritten note describing study results, highlighting, underlining, etc.\",\"That&#39;s incorrect. These are allowed, BUT not if they have any markings added: including the addition of a handwritten note describing study results, highlighting, underlining, etc.\"]},{\"text\":\"ALLOWED OR PROHIBITED?&#10;&#10;Forest maintains strict guidelines as to what types of materials can be used for promotional purposes.&#10;&#10;According to these guidelines, direct mail that has been approved via the Red Folder process are...\",\"correct\":\"Allowed\",\"wrong\":\"Prohibited\",\"value\":true,\"feedback\":[\"Yes, such direct mail is allowed - BUT it may only be sent to an approved panel of physicians and all physicians must have the opportunity to opt out of receiving direct mail from Forest, which must be honored. \",\"That is incorrect. Such direct mail is allowed - BUT it may only be sent to an approved panel of physicians and all physicians must have the opportunity to opt out of receiving direct mail from Forest, which must be honored. \"]}],\"timer\":60,\"noscore\":false},\"feedback\":[\"Good job. Product promotion helps physicians recognize and treat medical conditions, informs them about new therapies, and encourages appropriate treatment. But these materials MUST comply with legal and regulatory requirements and the highest industry ethical standards.  \",\"You missed some. Product promotion helps doctors recognize and treat medical conditions, informs them about new therapies, and encourages appropriate treatment. But these materials MUST comply with legal\/regulatory requirements and the highest industry ethical standards.\"],\"score\":\"80\",\"gems\":\"1\"}","lite":"0","guid":"d4b72e07-20e9-4c9a-a36e-cf1b9fcae0f8","growth_activity":"0"},{"id":"95349","courseId":"228","type":"4","summary":"Burst 1","index":"5","json":"{ \"type\":4}","lite":"0","guid":"30a704e3-a372-468e-a5be-2f502f9357f1","growth_activity":"0"},{"id":"95350","courseId":"228","type":"3","summary":"Healthcare Laws and Regulations","index":"6","json":"{\"type\":3,\"intro\":{\"title\":\"Healthcare Laws and Regulations\",\"description\":\"All Forest employees, particularly those who interact and communicate with members of the healthcare community are expected to have a basic understanding of the laws and regulations that apply to our business.\",\"image\":\"A0AA8D22-95BF-10F1-4D11-AC0227D01AEF.png\",\"sound\":\"\",\"volume\":50},\"unlockscore\":0,\"quicklink\":false,\"quotation\":\"\"}","lite":"0","guid":"7f282a2d-d28f-4c33-a4e9-cddb7e71b578","growth_activity":"0"},{"id":"95351","courseId":"228","type":"9","summary":"List of Regulations","index":"7","json":"{\"type\":9,\"wordfill\":{\"text\":\"- The Federal Anti-##3## law&#10;- The False ##4## Act&#10;- Best Price and ##1## Requirements&#10;- ##2## Laws&#10;- The Foreign ##5## Practices Act&#10;- State Laws and ##6##\",\"prompt\":\"The laws and regulations that apply to our business include:\",\"sound\":\"\",\"words\":[\"AWP\",\"Privacy\",\"Kickback\",\"Claims\",\"Corrupt\",\"Regulations\"],\"timer\":60},\"feedback\":[\"Very good. Forest&#39;s Commercial Compliance Guidelines are designed to ensure that all employees comply with these laws and regulations.  Full compliance with Forest&#39;s Commercial Compliance Guidelines is therefore mandatory and protects both you and the Company.\",\"Okay. Forest&#39;s Commercial Compliance Guidelines are designed to ensure that all employees comply with these laws and regulations.  Full compliance with Forest&#39;s Commercial Compliance Guidelines is therefore mandatory and protects both you and the Company.\"],\"score\":\"120\",\"gems\":\"1\"}","lite":"0","guid":"081d269c-9466-432b-8d3a-7382e63f2d2b","growth_activity":"0"},{"id":"95352","courseId":"228","type":"8","summary":"Anti-Kickback Law","index":"8","json":"{\"type\":8,\"statement\":{\"prompt\":\"                                  THE FEDERAL ANTI-KICKBACK LAW&#10;This law ensures that treatment decisions are based on an HCP&#39;s independent, professional medical judgment and are not tainted by bias or improper influence. In support of this law, Forest&#39;s Guidelines state that no employee may offer an HCP or any customer...\",\"wrong\":\"anti-kickback|civil and criminal\",\"statements\":[\"an improper|inducement|for the purpose of|influencing|prescribing|behavior or|formulary decisions.\"],\"ordered\":true,\"timer\":60,\"sound\":\"\"},\"feedback\":[\"Yes, you got it. Now, note: Failure to comply with this mandatory policy exposes both YOU and the Company to potential liability. \",\"You didn&#39;t get it. Remember: no employee may offer any customer an improper inducement for the purpose of influencing prescribing behavior or formulary decisions. Failure to comply with this mandatory policy exposes both YOU and the Company to potential liability. \"],\"score\":\"140\",\"gems\":\"1\"}","lite":"0","guid":"6d51264b-51fd-4795-9b8b-472693506eb5","growth_activity":"0"},{"id":"95353","courseId":"228","type":"4","summary":"Blink and Drug Educatiion","index":"9","json":"{ \"type\":4}","lite":"0","guid":"f8aa9770-3523-4c74-bdd3-2164eff80961","growth_activity":"0"},{"id":"95354","courseId":"228","type":"2","summary":"Sample Relevant Bursts","index":"10","json":"{ \"type\":2}","lite":"0","guid":"81a5a7cd-c794-420c-8cae-398dfbd2b481","growth_activity":"0"}]