[{"id":"128382","courseId":"222","type":"1","summary":"Blink and Janssen","index":"0","json":"{\"type\":1,\"intro\":{\"title\":\"Blink Training and Janssen\",\"description\":\"Blink Training is a new platform for training, professional education and consumer education.\",\"image\":\"F44CD84E-2D67-6E6E-0CB0-0E04BF8AA8C3.png\"},\"dossier\":false}","lite":"0","guid":"81143fbe-ce36-4dba-9c64-ad33537b6bd0","growth_activity":"0"},{"id":"128383","courseId":"222","type":"10","summary":"Xarelto and Invokana","index":"1","json":"{\"type\":10,\"dragdrop\":{\"timer\":60,\"layout\":0,\"goals\":[{\"isImage\":true,\"text\":\"\",\"image\":\"BBE5D615-3C20-C527-5009-B9BB51C38C17.png\"},{\"isImage\":true,\"text\":\"\",\"image\":\"972BBD6E-6A70-857F-7E9E-470C0DFF4222.png\"}],\"items\":[{\"goal\":2,\"isImage\":false,\"text\":\"to prevent strokes in certain patients\",\"image\":\"\",\"feedback\":[\"Yes, Xarelto blah blah blah\",\"No, this is not a feature of Invokana\"]},{\"goal\":1,\"isImage\":false,\"text\":\"to lower blood sugar in certain adults\",\"image\":\"\",\"feedback\":[\"Yes, Invoakan BLAH BLAH BLAH\",\"No, this is not a feature of Xarelto\"]},{\"goal\":2,\"isImage\":false,\"text\":\"to prevent blood clots in veins of certain adults\",\"image\":\"\",\"feedback\":[\"Yes, Xarelto blah blah blah\",\"No, this is not a feature of Invokana\"]},{\"goal\":1,\"isImage\":false,\"text\":\"with adults with Type 2 Diabetes\",\"image\":\"\",\"feedback\":[\"Yes, Invokana blah blah blah\",\"No, this is not a feature of Xarelto\"]}],\"prompt\":\"Drag each fact to the right bottle to complete this sentence:&#10;&#10;This medication can be used...\",\"sound\":\"\"},\"feedback\":[\"You got it\",\"You didn&#39;t get it\"],\"score\":\"80\",\"gems\":\"1\"}","lite":"0","guid":"e2a37fc9-65d1-4745-8db3-a6f7d76f8fd2","growth_activity":"0"},{"id":"128384","courseId":"222","type":"20","summary":"Xarelto is","index":"2","json":"{\"type\":20,\"multiple\":{\"timer\":60,\"answers\":[{\"correct\":true,\"text\":\"Is an orally active direct factor Xa inhibitor\",\"feedback\":\"Yes, Blah blah blah\"},{\"correct\":false,\"text\":\"Must be taken with food\",\"feedback\":\"No, blah blah blah\"},{\"correct\":true,\"text\":\"Is well absorbed from the gut\",\"feedback\":\"Yes, Blah blah blah\"},{\"correct\":true,\"text\":\"Affects maximum inhibition of factor Xa 4 hours after dose\",\"feedback\":\"Yes, Blah blah blah\"},{\"correct\":false,\"text\":\"Once daily dosing is not possible\",\"feedback\":\"No, blah blah bla\"}],\"sound\":\"\",\"text\":\"Touch all the correct statements that are referring to Xarelto.\"},\"feedback\":[\"All were correct.\",\"Some were incorrect.\"],\"score\":\"60\",\"gems\":\"1\"}","lite":"0","guid":"c04925f1-f0fe-4a15-b6ce-43e57392e4a1","growth_activity":"0"},{"id":"128385","courseId":"222","type":"12","summary":"Ivokana is used along...","index":"3","json":"{\"type\":12,\"orderitems\":{\"slots\":[\"Ivokana is used along\",\"\",\"\",\"\",\"\"],\"items\":[{\"text\":\"with diet and exercise\",\"slot\":2},{\"text\":\"to lower blood sugar (AC1)\",\"slot\":3},{\"text\":\"in adults with type\",\"slot\":4},{\"text\":\"2 diabetes\",\"slot\":5}],\"ordered\":true,\"timer\":0,\"sound\":\"\",\"prompt\":\"Drag from bottom to correct spot on top\"},\"feedback\":[\"\",\"\"],\"score\":0,\"gems\":0}","lite":"0","guid":"36ee4dbd-ba89-4157-984a-e85ce2b3598e","growth_activity":"0"},{"id":"128386","courseId":"222","type":"2","summary":"Sample Relevant Bursts","index":"4","json":"{ \"type\":2}","lite":"0","guid":"81a5a7cd-c794-420c-8cae-398dfbd2b481","growth_activity":"0"}]