{"id":"233","authorId":"4","groupId":"0","credits":"600","dollars":"9.99","summary":"Discover the secret to success and wealth!","description":"Play with Napoleon Hill's life-changing positive thinking ideas and discover the secret to success and wealth. UNLOCK THE POWER TO ATTAINING YOUR DESIRE. (Includes the full text of the book.)","date":"2014-12-09 21:27:27","iconURL":"icon233.jpg","imageURL":"image182.jpg","vimeo":"","title":"Think and Grow Rich by Napoleon Hill","editDate":"2016-06-01 13:36:52","buildAvailable":"1","published":"1","publicationDate":null,"listOrder":"1"}