[{"id":"125057","courseId":"251","type":"1","summary":"Unit 1","index":"0","json":"{\"type\":1,\"intro\":{\"title\":\"Unit 1&#10;\",\"description\":\"This is Unit 1\",\"image\":\"CD729E59-49BD-0377-3000-EF21A2B8D995.png\"},\"dossier\":false}","lite":"0","guid":"dd459a5a-e997-4d57-a5f0-1a4fb05dfcdd","growth_activity":"0"},{"id":"125058","courseId":"251","type":"3","summary":"Burst 1","index":"1","json":"{\"type\":3,\"intro\":{\"title\":\"This is the title\",\"description\":\"and the description\",\"image\":\"DE850C8F-46CC-23DE-1F10-E71DFC521E91.png\",\"sound\":\"\",\"volume\":50},\"unlockscore\":0,\"quicklink\":false,\"quotation\":\"\"}","lite":"0","guid":"198704a2-3384-4472-a618-cd1cf39654f9","growth_activity":"0"},{"id":"125059","courseId":"251","type":"6","summary":"First presentation - amended","index":"2","json":"{\"type\":6,\"image\":\"\"}","lite":"0","guid":"ddf86f8f-a8eb-49fb-b44f-0daf50bf233d","growth_activity":"0"},{"id":"125060","courseId":"251","type":"4","summary":"Burst 1","index":"3","json":"{ \"type\":4}","lite":"0","guid":"5f95d342-168c-4d5e-85af-036084c76f9e","growth_activity":"0"},{"id":"125061","courseId":"251","type":"2","summary":"Unit 1","index":"4","json":"{ \"type\":2}","lite":"0","guid":"60167a9a-f75a-492d-bcfc-e4c2b1c71631","growth_activity":"0"}]