[{"id":"727573","courseId":"326","type":"1","summary":"Don't Go to College...unless","index":"0","json":"{\"type\":1,\"intro\":{\"title\":\"DON&#39;T GO TO COLLEGE...unless\",\"description\":\"I created this Blink course to save you time, money, grief, pain: to save your life, as you know it. I&#39;m here to warn you so you can&#39;t say you were surprised by how things turned out.\",\"image\":\"CC8801AE-8619-AD0B-BD53-5A62ED06F31F.png\"},\"dossier\":false}","lite":"0","guid":"0bf4a8a0-993d-4242-b085-14c6c901c658","growth_activity":"0"},{"id":"727574","courseId":"326","type":"3","summary":"Who are all these people?","index":"1","json":"{\"type\":3,\"intro\":{\"title\":\"Who are all these people?\",\"description\":\"Sure, you worked hard to be accepted to a decent college and you figured out how to pay for it. &#10;&#10;Now picture this: you&#39;re in a random dorm room on a crowded campus with all these strangers lurking around.  And you&#39;re on your own, probably for the first time in your life. &#10;&#10;WHO NEEDS THIS KIND OF ANXIETY? (You do.)\",\"image\":\"\",\"sound\":\"\",\"volume\":50},\"unlockscore\":\"100\",\"quicklink\":false,\"quotation\":\"\",\"unlockActivity\":\"bed223ee-b6ac-40e8-8d48-cd499eba48dc\"}","lite":"0","guid":"e2adf2b5-ce44-4344-a46d-969aae093edc","growth_activity":"0"},{"id":"727575","courseId":"326","type":"9","summary":"I'm Warning You!","index":"2","json":"{\"type\":9,\"wordfill\":{\"text\":\"Don&#39;t ##1## ##2## ##3##!\",\"prompt\":\"[TIP: Read WHAT TO DO in the yellow box below.]&#10;&#10;You feel comfortable at home, in your current life - even if you have problems, or things could be better - it&#39;s still your life, your home, your bed, your friends, your family. Why would you want to leave all this and fly into the unknown? Please, listen to my plea:\",\"sound\":\"\",\"words\":[\"GO \",\"TO\",\"COLLEGE\"],\"timer\":60},\"feedback\":[\"...unless you want a life-changing experience.\",\"Listen to my plea: Don&#39;t Go to College...unless you want a life-changing experience.\"],\"score\":\"40\",\"gems\":\"1\"}","lite":"0","guid":"4fa2ecb1-7fe0-4c4a-ae20-20de25e11b40","growth_activity":"0"},{"id":"727576","courseId":"326","type":"8","summary":"They have it all together","index":"3","json":"{\"type\":8,\"statement\":{\"prompt\":\"Roommates, hall mates, classmates...They&#39;re all here for the first time like you. But they&#39;re dressed cool and smiling and ready to shake your hand. Obviously, they&#39;ve got their sh#t together, while you&#39;re feeling nervous, phony, inadequate. &#10;&#10;What do you think they are really feeling?\",\"wrong\":\"Self assured|Worthy|Calm\",\"statements\":[\"Nervous|Phony|Inadequate\"],\"ordered\":false,\"timer\":60,\"sound\":\"\"},\"feedback\":[\"Yes! Nervous, phony, inadequate - just like you. Everyone&#39;s just trying to do their best and keep it together. So go with the flow. Relax.  \",\"No! They&#39;re feeling nervous, phony, inadequate - just like you. Everyone&#39;s just trying to do their best and keep it together. So go with the flow. Relax.  \"],\"score\":\"30\",\"gems\":\"1\"}","lite":"0","guid":"fb3e781b-ffa7-4f26-a1a9-d6903fe60f1d","growth_activity":"0"},{"id":"727577","courseId":"326","type":"12","summary":"How would you even get to know them?","index":"4","json":"{\"type\":12,\"orderitems\":{\"slots\":[\"\",\"\",\"\"],\"items\":[{\"text\":\"Learn\",\"slot\":1},{\"text\":\"to\",\"slot\":2},{\"text\":\"communicate!\",\"slot\":3}],\"ordered\":true,\"timer\":60,\"sound\":\"\",\"prompt\":\"You know that the only way to survive and thrive Freshman year will be to get to know some of these people. &#10;&#10;But to do that you&#39;re going to need to:\"},\"feedback\":[\"Oh, crap. No yelling, pre-judging, or demanding. Just compromise and taking a genuine interest in other people. You will have to be open and honest. Who needs this bullsh#t? Save yourself!\",\"You&#39;ll need to learn to communicate. No yelling, pre-judging, or demanding. Just compromise and taking a genuine interest in other people. You will have to be open and honest. Who needs this bullsh#t? Save yourself!\"],\"score\":\"30\",\"gems\":\"1\"}","lite":"0","guid":"f5d13675-6089-43fa-9ad6-9421f8111374","growth_activity":"0"},{"id":"727578","courseId":"326","type":"10","summary":"Pick Your Battles","index":"5","json":"{\"type\":10,\"dragdrop\":{\"timer\":60,\"layout\":0,\"goals\":[{\"isImage\":false,\"text\":\"Your Roommate\",\"image\":\"\"}],\"items\":[{\"goal\":1,\"isImage\":true,\"text\":\"\",\"image\":\"CE1EDEB6-63C2-AE30-BFE3-DF94063C7A75.png\",\"feedback\":[\"Your roommate leaves smelly, dirty clothes all around the room. Okay, so lay down rules: each of you keeps your clothes on your side of the room. And maybe you can both do laundry the same day. It&#39;s an event!\",\"\"]},{\"goal\":1,\"isImage\":true,\"text\":\"\",\"image\":\"670CF1BA-E497-54BD-F199-2106405C996A.png\",\"feedback\":[\"Your roommate never gets up for class, but just sleeps so you&#39;re always tip toeing around. Okay, so set up a &#39;no silence&#39; time when you can move freely without restraint - like between noon and 10 PM. If your roommate is sleeping, well, them&#39;s the rules.\",\"\"]},{\"goal\":1,\"isImage\":true,\"text\":\"\",\"image\":\"C01F921F-7988-1066-273A-D631E35EE061.png\",\"feedback\":[\"Your roommate never shuts up, is always on the phone, or watching TV or listening to music - you don&#39;t have enough quiet time to study. No biggie: find your own special study spot on campus - a place that fits you and your study style - and do your work there. \",\"\"]},{\"goal\":1,\"isImage\":true,\"text\":\"\",\"image\":\"091B6F3B-D4D8-7EFE-DB57-C74739B2B384.png\",\"feedback\":[\"Your roommate leaves food all over the room to rot, small and attract bugs. This is a problem. Make a rule: if food is left out for more than six hours, anyone can throw it out. No exceptions. See if that helps.\",\"\"]}],\"prompt\":\"This is no paradise. Living this close to people means you won&#39;t be able to hide from the problems. You&#39;ll need to get a hold of your emotions and pick your battles. Watch how it&#39;s done. \",\"sound\":\"\"},\"feedback\":[\"So, what bad habits will you be bringing along? Think about it. And remember: if you come across deal breakers with your roommate, be sure to deal with them in a sane, calm, open way. (Good luck!)\",\"So, what bad habits will you be bringing along? Think about it. And remember: if you come across deal breakers with your roommate, be sure to deal with them in a sane, calm, open way. (Good luck!)\"],\"score\":\"40\",\"gems\":0}","lite":"0","guid":"6e3c2bdd-9b5c-44fa-b398-c72599073f30","growth_activity":"0"},{"id":"727579","courseId":"326","type":"13","summary":"College is Hard Work","index":"6","json":"{\"type\":13,\"thisthat\":{\"questions\":[{\"text\":\"College is hard work! And we haven&#39;t even gotten out of your dorm room yet! Do you even know how to get along with someone like a roommate? Let&#39;s see.&#10;&#10;What about talking to this person?&#10;\",\"correct\":\"Start communicating from the start\",\"wrong\":\"Keep your distance till there is a problem\",\"value\":true,\"feedback\":[\"Whether you like it or not, creating an open channel from the start is the only way to deal with issues later. And watch out for those late night, lights out talks: they can demand complete honesty. Very scary stuff.\",\"Typical. You probably don&#39;t fill up your gas tank until the last mile. You don&#39;t do your work until the last minute. And you would put off till eternity having to deal with any conflict. Wrong. Start talking now!\"]},{\"text\":\"Your roommate wants to party, but you have an exam. How can you deal with this? \",\"correct\":\"Build a schedule that works for both of you \",\"wrong\":\"Beg them to party somewhere else \",\"value\":true,\"feedback\":[\"Build a schedule that gives time for studying, partying, sleeping, etc. for both of you. Include when you each have tests, games, term papers, and so on and it will help you both live more productively. But really, wouldn&#39;t it be easier to just stay home?\",\"Begging? You never want to be in a position where you have to beg. Begging happens when you DON&#39;T PLAN AHEAD. Make a schedule with this insomniac lunatic or you&#39;ll just get angrier and angrier. Deal with it! (Or you could just not go to college and be done with all this nonsense.)\"]},{\"text\":\"You hear that crap that your roommate calls music? And those clothes? And what&#39;s with the lava lamp? Do you really have to put up with this decor vomitus?\",\"correct\":\"Neither of you HAVE TO put up with anything\",\"wrong\":\"For the sake of peace, just let it all be\",\"value\":true,\"feedback\":[\"Here&#39;s the hardest part of college, and of life: you can choose how to respond to things. You can ignore, put off, hold it all in - or deal. You can also choose to respect each other&#39;s personal stuff and space. But remember: you don&#39;t HAVE TO put up with anything.\",\"Passive aggressive. Is that your normal mode of behavior? Just don&#39;t deal with stuff and let it all boil up until one day your raging with your arms around your roommates neck? Better idea: learn to deal with things now.\"]}],\"timer\":60,\"noscore\":false},\"feedback\":[\"Communication, schedules, respect.! What&#39;s going on here? I&#39;m trying to save your old life and you&#39;re thinking you should make changes towards a better life. Who you going to listen to? &#10;[If it&#39;s too much, touch the blue bars in the upper left. Choose Exit Course.]\",\"Communication, schedules, respect.! What&#39;s going on here? I&#39;m trying to save your old life and you&#39;re thinking you should make changes  towards a better life. Who you going to listen to? &#10;[If it&#39;s too much, touch the blue bars in the upper left. Choose Exit Course.]\"],\"score\":\"30\",\"gems\":\"0\"}","lite":"0","guid":"c9fa647c-abb2-4cfe-8438-2ce8f1709639","growth_activity":"0"},{"id":"727580","courseId":"326","type":"20","summary":"You Think You're So Smart?!","index":"7","json":"{\"type\":20,\"multiple\":{\"timer\":60,\"answers\":[{\"correct\":false,\"text\":\"If you&#39;re afraid: hide in your dorm room \",\"feedback\":\"So you&#39;re risking your known life to hide away in a room? If you&#39;re going to be there, take advantage: go to classes, events, try something new. You&#39;ve gone this far - not heeding my warning - so why not get something out of it?\"},{\"correct\":true,\"text\":\"Don&#39;t forget about &#34;me time&#34; \",\"feedback\":\"In the midst of all this chaos, if you don&#39;t give yourself your own time, you may just spontaneously combust, never to be seen or heard from again. So, watch some TV, read your favorite poetry, or write a journal - it will be priceless to read it in your sophomore year.\"},{\"correct\":false,\"text\":\"First week freshman friends are friends forever \",\"feedback\":\"Statistically speaking, not likely. If you make any friends out of this mass of strangers, and statistically speaking, you will, they will come from odd places and times that you don&#39;t expect. The ones that last take time to grow. Do you know how to be patient?\"},{\"correct\":false,\"text\":\"First and foremost: always look your best\",\"feedback\":\"Sure, spend your time making yourself look your best. Try to impress everyone. Don&#39;t let the real you be seen by anyone. First of all, you&#39;re not going to have enough time to always look your best. Second of all, if you&#39;re not going to be yourself, who are you going to be?\"},{\"correct\":true,\"text\":\"Wear flip flops in the bathroom \",\"feedback\":\"Yecch! Do you know what kinds of germs are on that floor? You&#39;d be nuts to walk barefoot. But then, you went to live with complete strangers in a strange place, so, maybe you are nuts.\"},{\"correct\":true,\"text\":\"Get a good sleep mask \",\"feedback\":\"If your roommate is up till 6 am &#34;studying,&#34; you&#39;re going to need to sleep. Try a sleep mask. Even though you&#39;ll feel stupid at first, you&#39;ll soon be asleep so what does it matter how you look? Except for those pictures your roommate will take and share with other insomniacs.\"}],\"sound\":\"\",\"text\":\"So you think you got this under control? Like, &#34;I can handle this. And I know college can change my life in amazing ways.&#34; Okay, then touch all of the statements below that are true.\"},\"feedback\":[\"Okay, now touch Close and then touch each answer for important commentary. Really important! (I wrote it, so it&#39;s damned important.)\",\"Okay, now touch Close and then touch each answer for important commentary. Really important! (I wrote it, so it&#39;s damned important.)\"],\"score\":\"30\",\"gems\":0}","lite":"0","guid":"833e27ef-25f9-4e3c-aaff-1260bf384ef3","growth_activity":"0"},{"id":"727581","courseId":"326","type":"14","summary":"Expect to be Overwhelmed","index":"8","json":"{\"type\":14,\"question\":{\"timer\":60,\"multiplechoice\":true,\"answers\":[{\"correct\":true,\"text\":\"Overwhelmed\",\"feedback\":\"With so many new people and experiences, so much freedom and so many choices, you might as well expect to feel overwhelmed because there&#39;s no way to avoid it. And yes, I told you so!\"},{\"correct\":false,\"text\":\"Like it&#39;s a walk in the park\",\"feedback\":\"I don&#39;t know what parks you go to, but college is not going to be like that. If it is, you&#39;re wildly overpaying. With so many new people, new experiences, so much freedom and so many choices, expect to feel overwhelmed because there&#39;s no way to avoid it. Told you so!\"}],\"sound\":\"\",\"text\":\"Okay, so take a moment and think about this: how do you expect to feel as a Freshman in college?\"},\"feedback\":[\"\",\"\"],\"score\":\"10\",\"gems\":\"1\"}","lite":"0","guid":"9c598757-6f13-4d86-a48d-cdd0be3d7eb1","growth_activity":"0"},{"id":"727582","courseId":"326","type":"9","summary":"I'm Warning You!","index":"9","json":"{\"type\":9,\"wordfill\":{\"text\":\"##1## ##2## ##3## ##4##!\",\"prompt\":\"Need I say more? Who needs all this communication, respect, schedules, new people, new ideas, new opportunities? Who needs to overturn their lives for all this confusion? I repeat and I hope you heed my warning:\",\"sound\":\"\",\"words\":[\"Don&#39;t\",\"go\",\"to\",\"college\"],\"timer\":60},\"feedback\":[\"...unless you believe in the value of new ideas and experiences. If you&#39;re willing to grow up a little and learn some self control, it might change your life in wonderful ways. Just don&#39;t say you weren&#39;t warned!\",\"Don&#39;t go to college...unless you believe in the value of new ideas and experiences. If you&#39;re willing to grow up a little and learn some self control, it might change your life in wonderful ways. Just don&#39;t say you weren&#39;t warned!\"],\"score\":\"40\",\"gems\":\"1\"}","lite":"0","guid":"491269e4-96fd-44f5-9b77-f354b8b37141","growth_activity":"0"},{"id":"727583","courseId":"326","type":"7","summary":"How Confident Are You Feeling?","index":"10","json":"{\"type\":7,\"input\":{\"type\":6,\"prompt\":\"Now that you&#39;ve played through some of this course, I was wondering: How confident do you feel about going to school in the Fall? (Move the slider to answer.)\",\"locked\":false,\"isNumber\":false,\"useImages\":false,\"left\":\"Not Confident\",\"right\":\"Very Confident\",\"ideal\":50},\"feedback\":[\"As you answer questions like this in the course, you can review your answers by touching the three blue bars in the upper left and choosing Dossiers.\",\"As you answer questions like this in the course, you can review your answers by touching the three blue bars in the upper left and choosing Dossiers.\"],\"score\":0,\"gems\":0}","lite":"0","guid":"6f5b4544-0e4a-4dca-b3a6-50e4d927152d","growth_activity":"0"},{"id":"727584","courseId":"326","type":"6","summary":"Blinks, Bursts, Progress","index":"11","json":"{\"type\":6,\"image\":\"\",\"presentation\":[{\"text\":\"Blinks, Bursts, Progress\",\"in\":1,\"time\":1,\"sound\":\"\",\"color\":\"#256ED7\",\"size\":2},{\"text\":\"You&#39;ve just played through a bunch of Blinks (the activity screens) and you&#39;re now almost done with this course&#39;s first Burst (which is a sequence of Blinks). Got that? &#10;&#10;In this Burst you were able to earn 6 gems. Gems reflect how much of this stuff you&#39;re grasping. To unlock the next Burst, you must have accumulated at least 100 points. Touch the Blink eye in the lower left to see how many gems and points you&#39;ve earned.&#10;&#10;When you touch Next, you&#39;ll see your Progress Screen. If you&#39;ve unlocked the next Burst, you&#39;ll be able to play it. If that button&#39;s grayed out, then replay this Burst and try for a higher score. Oh, and you will have unlocked the first Activity: a handy ten-item list of freshman year dorm tips. (Touch those three blue lines, upper left, and touch Activities.]&#10;&#10;Next, more insanity - relationships, homesickness, and more fun stuff - and more reasons NOT GO TO COLLEGE!&#10;&#10;--\",\"in\":1,\"time\":2,\"sound\":\"\",\"size\":0}]}","lite":"0","guid":"f1802aa5-5951-4a42-9056-f1ed7917ff1f","growth_activity":"0"},{"id":"727585","courseId":"326","type":"4","summary":"Who are all these people?","index":"12","json":"{ \"type\":4}","lite":"0","guid":"fc9d151f-ee21-4eff-b1c4-e1f264613090","growth_activity":"0"},{"id":"727586","courseId":"326","type":"3","summary":"More Crazy People","index":"13","json":"{ \"type\":3}","lite":"0","guid":"ece8dc61-6449-4293-a0ce-666880f6fc6d","growth_activity":"0"},{"id":"727587","courseId":"326","type":"14","summary":"Seek Out Help","index":"14","json":"{\"type\":14,\"question\":{\"timer\":60,\"multiplechoice\":true,\"answers\":[{\"correct\":false,\"text\":\"It&#39;s expected - ignore it till it goes away\",\"feedback\":\"Don&#39;t ignore bad feelings. College can get you down and disoriented, but if it feels a little too much, see your RA. They know how to deal with this stuff because EVERYONE FEELS THAT WAY, but some people feel it more. So, you&#39;re more sensitive. That&#39;s a good thing.\"},{\"correct\":true,\"text\":\"Seek out help\",\"feedback\":\" College can get you down and disoriented, but if it feels a little too much, see your RA. They know how to deal with this stuff because EVERYONE FEELS THAT WAY, but some people feel it more. So, you&#39;re more sensitive. That&#39;s a good thing.\"}],\"sound\":\"\",\"text\":\"Oh, I almost forgot. Here&#39;s something very important. I know, I&#39;ve been there. &#10;&#10;So, what should you do if you are really feeling down, confused, disoriented? \"},\"feedback\":[\"\",\"\"],\"score\":\"10\",\"gems\":\"1\"}","lite":"0","guid":"e21f2802-a8db-4d13-aa40-976f51c244cd","growth_activity":"0"},{"id":"727588","courseId":"326","type":"4","summary":"More Crazy People","index":"15","json":"{ \"type\":4}","lite":"0","guid":"871c439d-64bf-497c-ac2c-9801e99d54f5","growth_activity":"0"},{"id":"727589","courseId":"326","type":"2","summary":"Don't Go to College","index":"16","json":"{ \"type\":2}","lite":"0","guid":"06aeef03-da9d-4429-87b0-26cbd27597e8","growth_activity":"0"}]