[{"id":"727590","courseId":"326","type":"3","summary":"Ten Freshman Year Dorm Tips","index":"0","json":"{\"type\":3,\"intro\":{\"title\":\"Ten Freshman Year Dorm Tips\",\"description\":\"Some of these were in the first Burst, some not. Read the list and return to it any time for review.\",\"image\":\"\",\"sound\":\"\",\"volume\":50},\"unlockscore\":0,\"quicklink\":false,\"quotation\":\"\"}","lite":"0","guid":"bed223ee-b6ac-40e8-8d48-cd499eba48dc","growth_activity":"1"},{"id":"727591","courseId":"326","type":"5","summary":"Ten Freshman Year Dorm Tips","index":"1","json":"{\"type\":5,\"ebook\":\"895F6FB6-CAF5-95E9-6D2C-BA9AB78FD54F.pdf\"}","lite":"0","guid":"5a821695-ae99-46b1-916a-193bfc33a3ae","growth_activity":"1"},{"id":"727592","courseId":"326","type":"4","summary":"Ten Dorm Tips","index":"2","json":"{ \"type\":4}","lite":"0","guid":"dd2382cb-b6d5-4ca7-be35-87f9fe53246b","growth_activity":"1"},{"id":"727593","courseId":"326","type":"3","summary":"Credits, Copyright and Contact Info","index":"3","json":"{\"type\":3,\"intro\":{\"title\":\"Credits, Copyright and Contact Info\",\"description\":\"Here is a list of the great people who have helped to make Blink Training and this course a reality. We have one wish: that you use Blink Training to create positive change in your life and in the world.\",\"image\":\"\",\"sound\":\"\",\"volume\":50},\"unlockscore\":0,\"quicklink\":false,\"quotation\":\"\"}","lite":"0","guid":"025d25a2-0c4e-46ee-8025-d3e7709f7aec","growth_activity":"1"},{"id":"727594","courseId":"326","type":"5","summary":"Credits, Copyright, and Contact Info","index":"4","json":"{\"type\":5,\"ebook\":\"8B593AFF-6FF2-3C0F-3AE4-9F8A47D8B98D.pdf\"}","lite":"0","guid":"4a08012d-b2fe-40c3-8df1-d2e670da76c9","growth_activity":"1"},{"id":"727595","courseId":"326","type":"4","summary":"Credits, Copyright and Contact Info","index":"5","json":"{ \"type\":4}","lite":"0","guid":"8cdb545a-7622-4cde-89d7-9d8efe837250","growth_activity":"1"}]