[{"id":"708795","courseId":"322","type":"3","summary":"Blink is Interactive","index":"1","json":"{\"type\":3,\"intro\":{\"title\":\"Blink is Interactive\",\"description\":\"With most courses that you&#39;ll find these days, you just watch videos or read text or listen to a hyped-up voiceover as still images fade on and off the screen. Completely passive. &#10;&#10;Funny thing is: we learn best when we are active and participating.&#10;&#10;That&#39;s what Blink is all about. &#10;&#10;Let&#39;s show you what we mean. We&#39;ll jump into one of our initial courses - it&#39;s an adaptation of Wallace Wattles&#39; positive-thinking classic, &#34;The Science of Getting Rich.&#34;\",\"image\":\"\",\"sound\":\"\",\"volume\":9},\"unlockscore\":\"175\",\"quicklink\":false,\"quotation\":\"\",\"unlockActivity\":\"none\",\"dossier\":false}","lite":"1","guid":"b6b4d633-6de7-40cd-aa70-cc057a89e5fa","growth_activity":"0"},{"id":"708796","courseId":"322","type":"13","summary":"The Science of Getting Rich","index":"2","json":"{\"type\":13,\"thisthat\":{\"questions\":[{\"text\":\"The Science of Getting Rich&#10;&#10;Wallace Wattles was a major voice in the positive thought movement of the early 1900&#39;s. This philosophy maintained that every human has unique potential. Wattles firmly believed that the object of all life is:&#10;&#10;[Which do you think is correct?]\",\"correct\":\"Development\",\"wrong\":\"Decay\",\"value\":true,\"feedback\":[\"Correct, and even though it was an educated guess, now you learned something about Wattles that we can build upon.\",\"The answer is &#39;development.&#39; But even by answering incorrectly, you now learned something about Wattles that we can build upon.\"]},{\"text\":\"Wattles strongly believed in self-development and wrote that everything that lives has the inalienable right to develop as much as:\",\"correct\":\"Others will allow it\",\"wrong\":\"It is capable of developing\",\"value\":false,\"feedback\":[\"Yes, and you figured out the answer and that means it&#39;s more likely to stick - you are more likely to retain knowledge you actively acquired. \",\"Nope, Wattles believed that everything that lives has the inalienable right to develop as much as it is capable of developing. And though you chose the incorrect answer, you are participating in your learning and that makes it more likely that you&#39;ll retain the information over time.\"]},{\"text\":\"You have the right to use everything that may be necessary for your fullest mental, spiritual and physical unfoldment. &#10;&#10;In other words, you have the:\",\"correct\":\"Right to be rich\",\"wrong\":\"Moral obligation to suffer\",\"value\":true,\"feedback\":[\"Yes, this was the premise in Wattles&#39; book. You have the RIGHT to be rich. (And you can use Blink to help you to get there.)\",\"No, you do NOT have the moral obligation to suffer, at least not according to Wallace Wattles. You have the RIGHT to be rich. So, make use of that right. (And you can use Blink to help you to get there.)\"]}],\"timer\":120,\"noscore\":false},\"feedback\":[\"This is one type of activity we use. How&#39;d you do? Touch the Blink Eye on the left to open and close the score menu. Reminder: to exit a course, touch those 3 blue lines above on the left, then Exit. (But stay awhile. There&#39;s more to learn.)\",\"This is one type of activity we use. How&#39;d you do? Touch the Blink Eye on the left to open and close the score menu. Reminder: to exit a course, touch those 3 blue lines above on the left, then Exit.  (But stay awhile. There&#39;s more to learn.)\"],\"score\":\"150\",\"gems\":\"1\"}","lite":"1","guid":"546b5ac2-2578-44e3-b7ca-5399604dbf49","growth_activity":"0"},{"id":"708797","courseId":"322","type":"12","summary":"The Richness of Your Life","index":"3","json":"{\"type\":12,\"orderitems\":{\"slots\":[\"Start of statement\",\"\",\"End of statement\"],\"items\":[{\"text\":\"To be content\",\"slot\":1},{\"text\":\"with less\",\"slot\":2},{\"text\":\"is sinful.\",\"slot\":3}],\"ordered\":true,\"timer\":120,\"sound\":\"\",\"prompt\":\"Wattles writes: &#34;You should have all that can contribute to the power, elegance, beauty, and richness of your life.&#34; Drag each yellow rectangle to the correct orange space to finish his thought. Then touch Done.\"},\"feedback\":[\"Very good. And perhaps you didn&#39;t realize it, but by building this statement, you internalized it. This is another small activity we use to empower you to discover new concepts.\",\"He said: &#34;To be content with less is sinful.&#34; And you see even incorrect choices or failed attempts are not wasted - you learn in Blink with every action. To be content with less than every action would be sinful!\"],\"score\":\"150\",\"gems\":\"1\"}","lite":"1","guid":"128321f5-964e-4ada-bde5-a998e773a444","growth_activity":"0"},{"id":"708803","courseId":"322","type":"4","summary":"You Need Money for a Complete Life","index":"9","json":"{ \"type\":4}","lite":"1","guid":"1c7eb215-a5ea-4b9d-b0b4-91cd696e9638","growth_activity":"0"}]