[{"id":"4818","courseId":"88","type":"1","summary":"Image Test","index":"0","json":"{\\\"type\\\":1,\\\"intro\\\":{\\\"title\\\":\\\"Image Test\\\",\\\"description\\\":\\\"Does the image show? This was built in Safari.\\\",\\\"image\\\":\\\"2D872FBF-0F2F-D9F0-5262-EC6FE4D859E0.png\\\"},\\\"dossier\\\":false}","lite":"0","guid":"cd181644-96a6-4690-8338-d9f0df233c4b","growth_activity":"0"},{"id":"4819","courseId":"88","type":"8","summary":"With Wrong Words","index":"1","json":"{\\\"type\\\":8,\\\"statement\\\":{\\\"prompt\\\":\\\"Find the Nursery Rhymes\\\",\\\"statements\\\":[\\\"Jack and Jill| went up the | hill to fetch| a pail of water.\\\",\\\"The cheese| stands | alone.\\\",\\\"Little Miss| Muffet sat| on her tuffet.\\\"],\\\"locked\\\":false,\\\"timer\\\":30,\\\"wrong\\\":\\\"ate a crow| sweet times| what a|gone were| the days|\\\"},\\\"wrong\\\":\\\"\\\",\\\"feedback\\\":[\\\"You are a rhyme giant.\\\",\\\"Learn those rhymes.\\\"],\\\"score\\\":\\\"100\\\",\\\"gems\\\":\\\"2\\\"}","lite":"0","guid":"8e4393e0-736c-4174-b0ad-d9efc0afa64c","growth_activity":"0"},{"id":"4820","courseId":"88","type":"9","summary":"All blank","index":"2","json":"{\\\"type\\\":9,\\\"feedback\\\":[\\\"Yes, we all love leg of lamb!\\\",\\\"I&#39;m still hungry!\\\"],\\\"score\\\":\\\"100\\\",\\\"gems\\\":\\\"1\\\",\\\"wordfill\\\":{\\\"prompt\\\":\\\"Something you&#39;d like to eat.\\\",\\\"words\\\":[\\\"LAMB\\\",\\\"EGG\\\",\\\"LEG\\\",\\\"MILK\\\",\\\"CHEESE\\\",\\\"OF\\\",\\\"BREAD\\\",\\\"CAKE\\\",\\\"NOG\\\"],\\\"text\\\":\\\"##3## ##6## ##1##\\\",\\\"timer\\\":30}}","lite":"0","guid":"1b61cbf1-f519-460c-bdca-8424b190d2c1","growth_activity":"0"},{"id":"4821","courseId":"88","type":"2","summary":"Image Test","index":"3","json":"{ \\\"type\\\":2}","lite":"0","guid":"8318c8ef-e987-416d-a789-27a99a60390e","growth_activity":"0"}]