[{"id":"7406","courseId":"156","type":"1","summary":"Using a Blink Course","index":"0","json":"{\\\"type\\\":1,\\\"intro\\\":{\\\"title\\\":\\\"How to Play Blink Courses\\\",\\\"description\\\":\\\"If you have questions about how to use Blink courses, play with this short unit.\\\",\\\"image\\\":\\\"20BA682B-55E3-AF65-1F62-4E40F592B39F.png\\\"},\\\"dossier\\\":false}","lite":"0","guid":"84a7ddac-3362-429f-aab9-09d305b2b47b","growth_activity":"0"},{"id":"7407","courseId":"156","type":"2","summary":"Using a Blink Course","index":"1","json":"{ \\\"type\\\":2}","lite":"0","guid":"872ff1a7-a0d9-46f8-bc05-b85b8ed45b20","growth_activity":"0"},{"id":"7408","courseId":"156","type":"1","summary":"Advantages and elements of confident communication","index":"2","json":"{\\\"type\\\":1,\\\"intro\\\":{\\\"title\\\":\\\"Advantages and elements of confident communication\\\",\\\"description\\\":\\\"Learning Objectives: After completing this topic, you should be able to: identify expressions of the essential elements of confident communication.\\\",\\\"image\\\":\\\"581A5EB4-35B8-FCB5-8539-FA799BF4B36B.png\\\"},\\\"dossier\\\":false}","lite":"0","guid":"2b576205-31e3-45f3-9125-4f8e5a446cac","growth_activity":"0"},{"id":"7409","courseId":"156","type":"2","summary":"Advantages and elements of confident communication","index":"3","json":"{ \\\"type\\\":2}","lite":"0","guid":"ff2a0d3d-1329-4bd3-9ca4-386e979cd75f","growth_activity":"0"},{"id":"7410","courseId":"156","type":"1","summary":"Trust, Credibility and Communicating Confidently","index":"4","json":"{\\\"type\\\":1,\\\"intro\\\":{\\\"title\\\":\\\"Trust, Credibility and Communicating Confidently\\\",\\\"description\\\":\\\"Learning Objectives: After completing this topic, you should be able to: recognize how trust and credibility enhance confidence in interpersonal communications.\\\",\\\"image\\\":\\\"9E0B9749-0B68-EC2C-6B3B-D88D1D193114.png\\\"},\\\"dossier\\\":true}","lite":"0","guid":"bed1d574-df4c-419b-8f98-56230892cd7f","growth_activity":"0"},{"id":"7411","courseId":"156","type":"14","summary":"What three elements","index":"5","json":"{\\\"type\\\":14,\\\"question\\\":{\\\"timer\\\":0,\\\"multiplechoice\\\":true,\\\"answers\\\":[{\\\"correct\\\":false,\\\"text\\\":\\\"Familiarity\\\"},{\\\"correct\\\":true,\\\"text\\\":\\\"Trust\\\"},{\\\"correct\\\":false,\\\"text\\\":\\\"Mutual goals\\\"}],\\\"sound\\\":\\\"\\\",\\\"text\\\":\\\"WHAT DO YOU THINK&#10;If you were teaching someone about communicating confidently, what would you say is the most important condition that must be present?\\\"},\\\"feedback\\\":[\\\"As you&#39;ll see in this unit, TRUST is the cornerstone of confident communication.\\\",\\\"Both familiarity and mutual goals can exist, yet if there is no TRUST, then confident communication will be difficult.\\\"],\\\"score\\\":\\\"25\\\",\\\"gems\\\":0}","lite":"0","guid":"bac57d00-df60-4c28-bdc9-90dc018b0ff8","growth_activity":"0"},{"id":"7412","courseId":"156","type":"6","summary":"A bad situation","index":"6","json":"{\\\"type\\\":6,\\\"presentation\\\":[{\\\"text\\\":\\\"THINK BACK...\\\",\\\"in\\\":1,\\\"out\\\":0,\\\"time\\\":2},{\\\"text\\\":\\\"Have you ever been in an environment where people were afraid to tell the truth? \\\",\\\"in\\\":1,\\\"out\\\":0,\\\"time\\\":3},{\\\"text\\\":\\\"Where you werenu2019t sure how much information you could share? \\\",\\\"in\\\":1,\\\"out\\\":0,\\\"time\\\":3},{\\\"text\\\":\\\"Where you weren&#39;t sure who to trust? \\\",\\\"in\\\":1,\\\"out\\\":0,\\\"time\\\":3},{\\\"text\\\":\\\"Or who trusted you?\\\",\\\"in\\\":1,\\\"out\\\":0,\\\"time\\\":3}]}","lite":"0","guid":"5bb8e8eb-1fe3-463f-bc59-600d88ebde72","growth_activity":"0"},{"id":"7413","courseId":"156","type":"6","summary":"With and wiithout trust","index":"7","json":"{\\\"type\\\":6,\\\"presentation\\\":[{\\\"text\\\":\\\"Without trust as a cornerstone, communicating is difficult. With trust, confident communication is much easier.\\\",\\\"in\\\":1,\\\"out\\\":0,\\\"time\\\":1}]}","lite":"0","guid":"a6500c4a-3338-43f6-83bf-271d38e76e69","growth_activity":"0"},{"id":"7414","courseId":"156","type":"2","summary":"Trust, Credibility and Communicating Confidently","index":"8","json":"{ \\\"type\\\":2}","lite":"0","guid":"7fd960a4-7b88-46b1-a67d-286806c6640e","growth_activity":"0"},{"id":"7415","courseId":"156","type":"1","summary":"Confident Communication Behavior","index":"9","json":"{\\\"type\\\":1,\\\"intro\\\":{\\\"title\\\":\\\"Confident Communication Behavior\\\",\\\"description\\\":\\\"Learning Objectives: After completing this topic, you should be able to: recognize the use and impact of confident communication behaviors in a given communication scenario.\\\",\\\"image\\\":\\\"DB45C0D7-9CF6-A364-9FAA-D02094BD714C.png\\\"},\\\"dossier\\\":false}","lite":"0","guid":"101f80cf-0a7d-4733-8a42-a53b247977c5","growth_activity":"0"},{"id":"7416","courseId":"156","type":"2","summary":"Confident Communication Behavior","index":"10","json":"{ \\\"type\\\":2}","lite":"0","guid":"a6cf4047-2ce6-4918-bb18-7e3bf15e3a9b","growth_activity":"0"}]