[{"id":"779573","courseId":"306","type":"3","summary":"Your Blink Takeaways","index":"0","json":"{\"type\":3,\"intro\":{\"title\":\"Your Blink Takeaways\",\"description\":\"Now that you have completed this course, you have unlocked &#34;Your Blink Takeaways,&#34; ten vital concepts from the course with space for your continuing input. Return to these Takeaways for inspiration and to update your progress on the ones that resonate with you.&#10;&#10;And now, Your Blink Takeaways.\",\"image\":\"\",\"sound\":\"\",\"volume\":50},\"unlockscore\":0,\"quicklink\":false,\"quotation\":\"\"}","lite":"0","guid":"6ef6404e-0dc6-496c-af3a-2211e5bf036f","growth_activity":"1"},{"id":"779574","courseId":"306","type":"6","summary":"Blink Takeaway 1","index":"1","json":"{\"type\":6,\"image\":\"\",\"presentation\":[{\"text\":\"Blink Takeaway 1\",\"in\":1,\"time\":1,\"sound\":\"\",\"size\":2,\"color\":\"#256ED7\",\"alignment\":0},{\"text\":\"Your Definite Chief Aim\",\"in\":1,\"time\":2,\"sound\":\"\",\"size\":2,\"color\":\"#000000\"},{\"text\":\"Carefully select and write down your Definite Chief Aim in life. Singleness of purpose is the greatest determinant of success.\",\"in\":1,\"time\":3,\"sound\":\"2FFCA64B-FB17-B455-6278-04DDA15AF74D.mp3\"}]}","lite":"0","guid":"196370ae-3ae0-4674-9f5a-da16eb7317a2","growth_activity":"1"},{"id":"779575","courseId":"306","type":"7","summary":"Takeaway 1: Your Thoughts","index":"2","json":"{\"type\":7,\"input\":{\"type\":1,\"prompt\":\"If you haven&#39;t yet written down your aim, do it now. If you have already written down your chief aim in the dossiers, take this opportunity to refine, update, and revise your aim, writing it below.\",\"locked\":false},\"feedback\":[\"Focus on your aim and you will achieve your goals. Return here frequently and write about the progress you are making towards you goals.\",\"Focus on your aim and you will achieve your goals. Return here frequently and write about the progress you are making towards you goals.\"],\"score\":0,\"gems\":0}","lite":"0","guid":"cfe1a676-f4cb-41d7-95ba-baee31bfc06f","growth_activity":"1"},{"id":"779576","courseId":"306","type":"6","summary":"Blink Takeaway 2","index":"3","json":"{\"type\":6,\"image\":\"\",\"presentation\":[{\"text\":\"Blink Takeaway 2\",\"in\":1,\"time\":1,\"sound\":\"\",\"size\":2,\"color\":\"#256ED7\",\"alignment\":0},{\"text\":\"The Personal Pledge\",\"in\":1,\"time\":2,\"sound\":\"\",\"size\":2,\"color\":\"#000000\"},{\"text\":\"Write down and repeat daily the personal pledge to believe in yourself. What may seem like a small step can make all the difference.\",\"in\":1,\"time\":3,\"sound\":\"2E2152E9-A9F7-370A-9EB5-DF682A322628.mp3\"},{\"text\":\"(The pledge appears next so you can review it here again.)\",\"in\":1,\"time\":2,\"sound\":\"\"}]}","lite":"0","guid":"6f2d44b7-86a0-4d44-9d61-0eeef333bd06","growth_activity":"1"},{"id":"779577","courseId":"306","type":"5","summary":"Personal Pledge","index":"4","json":"{\"type\":5,\"ebook\":\"70BDCC0F-79BD-5734-51A5-80BF01EF372E.pdf\"}","lite":"0","guid":"9f6dcb45-d952-44af-82a7-e2bef14c19d3","growth_activity":"1"},{"id":"779578","courseId":"306","type":"7","summary":"Takeaway 2: Your Thoughts","index":"5","json":"{\"type\":7,\"input\":{\"type\":1,\"prompt\":\"Have you been reciting the personal pledge regularly? It&#39;s a small thing that can mean a lot over time. Write about how you&#39;re doing with the pledge.\",\"locked\":false},\"feedback\":[\"As you start reciting the pledge on a daily basis, return here to write about the changes you see in your life.\",\"As you start reciting the pledge on a daily basis, return here to write about the changes you see in your life.\"],\"score\":0,\"gems\":0}","lite":"0","guid":"5ae3185e-82a2-4c7e-8473-ce165b25b21d","growth_activity":"1"},{"id":"779579","courseId":"306","type":"6","summary":"Blink Takeaway 3","index":"6","json":"{\"type\":6,\"image\":\"\",\"presentation\":[{\"text\":\"Blink Takeaway 3\",\"in\":1,\"time\":1,\"sound\":\"\",\"size\":2,\"color\":\"#256ED7\"},{\"text\":\"Initiative\",\"in\":1,\"time\":2,\"sound\":\"\",\"size\":2},{\"text\":\"If you want to be a leader follow one simple rule: Take initiative.\",\"in\":1,\"time\":3,\"sound\":\"19B719A6-5F00-3C06-9EB7-586D580D7387.mp3\",\"color\":\"#000000\"}]}","lite":"0","guid":"ac4c689c-948e-4e19-962c-fb798241b411","growth_activity":"1"},{"id":"779580","courseId":"306","type":"7","summary":"Takeaway 3: Your Thoughts","index":"7","json":"{\"type\":7,\"input\":{\"type\":1,\"prompt\":\"Write about how you&#39;re doing with taking initiative.\",\"locked\":false},\"feedback\":[\"Come back here as you start taking more and more initiative and write about how it is changing your life.\",\"Come back here as you start taking more and more initiative and write about how it is changing your life.\"],\"score\":0,\"gems\":0}","lite":"0","guid":"2a0f7918-4d89-48fb-b564-bb9e272bbb6c","growth_activity":"1"},{"id":"779581","courseId":"306","type":"6","summary":"Blink Takeaway 4","index":"8","json":"{\"type\":6,\"image\":\"\",\"presentation\":[{\"text\":\"Blink Takeaway 4\",\"in\":1,\"time\":1,\"sound\":\"\",\"size\":2,\"color\":\"#256ED7\"},{\"text\":\"Enthusiasm\",\"in\":1,\"time\":2,\"sound\":\"\",\"size\":2,\"color\":\"#000000\"},{\"text\":\"The greatest predictor of success is enthusiasm. This is why you must select a major aim that ignites your passions - and you must never sell or commit to anything that you do not wholly believe in.\",\"in\":1,\"time\":3,\"sound\":\"5B2360DC-4F87-E978-A263-DE0A455238FF.mp3\"}]}","lite":"0","guid":"3988aaf3-6868-4439-8218-180fa2a05250","growth_activity":"1"},{"id":"779582","courseId":"306","type":"7","summary":"Blink Takeaway 4: Your Thoughts","index":"9","json":"{\"type\":7,\"input\":{\"type\":1,\"prompt\":\"Are you enthusiastic about your aim? About your life? Write about this.\",\"locked\":false},\"feedback\":[\"As your enthusiasm grows, return here and update your writing. It&#39;s helpful to observe and record how things change over time for the better.\",\"As your enthusiasm grows, return here and update your writing. It&#39;s helpful to observe and record how things change over time for the better.\"],\"score\":0,\"gems\":0}","lite":"0","guid":"2247d7b6-4010-4275-9ab1-686466314f10","growth_activity":"1"},{"id":"779583","courseId":"306","type":"6","summary":"Blink Takeaway 5","index":"10","json":"{\"type\":6,\"image\":\"\",\"presentation\":[{\"text\":\"Blink Takeaway 5\",\"in\":1,\"time\":1,\"sound\":\"\",\"size\":2,\"color\":\"#256ED7\"},{\"text\":\"Control Your Thoughts\",\"in\":1,\"time\":2,\"sound\":\"\",\"size\":2,\"color\":\"#000000\"},{\"text\":\"To stay productive and focused you must control your thoughts. If you are passionate enough about your goal, you will be able to do this.\",\"in\":1,\"time\":3,\"sound\":\"498CE273-0D14-5DBD-FD13-6BFD6622E647.mp3\"}]}","lite":"0","guid":"fae8f423-f12a-4e70-a75a-4e06fadb2686","growth_activity":"1"},{"id":"779584","courseId":"306","type":"7","summary":"Takeaway 5: Your Thoughts","index":"11","json":"{\"type\":7,\"input\":{\"type\":1,\"prompt\":\"Write about how you&#39;re doing with controlling your thoughts and how passionate you are about your aim.\",\"locked\":false},\"feedback\":[\"As your passion grows and your ability to control your thoughts increases, return here and write about your progress.\",\"As your passion grows and your ability to control your thoughts increases, return here and write about your progress.\"],\"score\":0,\"gems\":0}","lite":"0","guid":"578a5b28-8f62-4e35-ad9d-052403647853","growth_activity":"1"},{"id":"779585","courseId":"306","type":"6","summary":"Blink Takeaway 6","index":"12","json":"{\"type\":6,\"image\":\"\",\"presentation\":[{\"text\":\"Blink Takeaway 6\",\"in\":1,\"time\":1,\"sound\":\"\",\"size\":2,\"color\":\"#256ED7\"},{\"text\":\"No Halfway Measures \",\"in\":1,\"time\":2,\"sound\":\"\",\"size\":2,\"color\":\"#000000\"},{\"text\":\"Always deliver the most useful and complete service of which you are capable. Life rewards no halfway measures.\",\"in\":1,\"time\":3,\"sound\":\"AA380360-F72D-F608-C8F6-0BFFCE6119D4.mp3\"}]}","lite":"0","guid":"579a585d-ad16-4490-80ce-39ccd1f9468f","growth_activity":"1"},{"id":"779586","courseId":"306","type":"7","summary":"Takeaway 6: Your Thoughts","index":"13","json":"{\"type\":7,\"input\":{\"type\":1,\"prompt\":\"Are you delivering the most useful and complete service, or halfway measures? Write about this. \",\"locked\":false},\"feedback\":[\"As you deliver better and more useful service, return here to write about how you are being rewarded for this.\",\"As you deliver better and more useful service, return here to write about how you are being rewarded for this.\"],\"score\":0,\"gems\":0}","lite":"0","guid":"b88fe2a4-9861-49cc-b573-7b71e24c05e7","growth_activity":"1"},{"id":"779587","courseId":"306","type":"6","summary":"Blink Takeaway 7","index":"14","json":"{\"type\":6,\"image\":\"\",\"presentation\":[{\"text\":\"Blink Takeaway 7\",\"in\":1,\"time\":1,\"sound\":\"\",\"size\":2,\"color\":\"#256ED7\"},{\"text\":\"A Pleasing Personality\",\"in\":1,\"time\":2,\"sound\":\"\",\"size\":2},{\"text\":\"It is vital to have a pleasing personality, which includes your appearance and demeanor. Dress comfortably but appropriately. Take a genuine interest in others. Praise - but never flatter. \",\"in\":1,\"time\":3,\"sound\":\"EC7E60F6-F460-CD00-5139-D24BFA0EA58A.mp3\"}]}","lite":"0","guid":"70a0900b-65d3-4f0a-8056-7d7f4e645a8c","growth_activity":"1"},{"id":"779588","courseId":"306","type":"7","summary":"Takeaway 7: Your Thoughts","index":"15","json":"{\"type\":7,\"input\":{\"type\":1,\"prompt\":\"Write about your personality, which includes everything from the way you dress to your praise of other people.\",\"locked\":false},\"feedback\":[\"As your personality evolves in positive ways, come back here and write about it. You&#39;ll be happy to see how you are advancing in life.\",\"As your personality evolves in positive ways, come back here and write about it. You&#39;ll be happy to see how you are advancing in life.\"],\"score\":0,\"gems\":0}","lite":"0","guid":"86cb4b81-87de-4860-921b-0cd822e5615a","growth_activity":"1"},{"id":"779589","courseId":"306","type":"6","summary":"Blink Takeaway 8","index":"16","json":"{\"type\":6,\"image\":\"\",\"presentation\":[{\"text\":\"Blink Takeaway 8\",\"in\":1,\"time\":1,\"sound\":\"\",\"size\":2,\"color\":\"#256ED7\"},{\"text\":\"Facts are Precious\",\"in\":1,\"time\":2,\"sound\":\"\",\"size\":2,\"color\":\"#000000\"},{\"text\":\"Listen only to facts from legitimate sources. Avoid rumor, gossip, vitriol, and hearsay. Opinions are cheap - facts are precious. \",\"in\":1,\"time\":3,\"sound\":\"624FBDC5-2870-884E-39EF-1A51FA0EB5A4.mp3\"}]}","lite":"0","guid":"db55cf2a-e57c-4fbe-b9ed-ec9492e351b3","growth_activity":"1"},{"id":"779590","courseId":"306","type":"7","summary":"Takeaway 8: Your Thoughts","index":"17","json":"{\"type\":7,\"input\":{\"type\":1,\"prompt\":\"Are you focusing on the real facts and not wasting time on hearsay, gossip and the like? Write about it.\",\"locked\":false},\"feedback\":[\"As you get better at separating the important facts from the unimportant facts, the gossip and the hearsay, return here and write about how this is helping you to advance more quickly.\",\"As you get better at separating the important facts from the unimportant facts, the gossip and the hearsay, return here and write about how this is helping you to advance more quickly.\"],\"score\":0,\"gems\":0}","lite":"0","guid":"e8bba5c7-8740-4c0f-b9f2-2bfa68ab31eb","growth_activity":"1"},{"id":"779591","courseId":"306","type":"6","summary":"Blink Takeaway 9","index":"18","json":"{\"type\":6,\"image\":\"\",\"presentation\":[{\"text\":\"Blink Takeaway 9\",\"in\":1,\"time\":1,\"sound\":\"\",\"size\":2,\"color\":\"#256ED7\"},{\"text\":\"Cooperation\",\"in\":1,\"time\":2,\"sound\":\"\",\"size\":2,\"color\":\"#000000\"},{\"text\":\"You must understand what others around you need in order to win their cooperation.\",\"in\":1,\"time\":3,\"sound\":\"DD0EED1D-8710-2D80-6E4D-5DC1FE63D0F9.mp3\"}]}","lite":"0","guid":"3c009303-09da-4ff4-995a-bbbecde5c0fb","growth_activity":"1"},{"id":"779592","courseId":"306","type":"7","summary":"Takeaway 9: Your Thoughts","index":"19","json":"{\"type\":7,\"input\":{\"type\":1,\"prompt\":\"How are you doing at getting others to cooperate with you? Are you getting better at understanding what other people need? Write about it.\",\"locked\":false},\"feedback\":[\"As you improve your ability to get others to cooperate with you, come back and write about how people are helping you to achieve your goals. \",\"As you improve your ability to get others to cooperate with you, come back and write about how people are helping you to achieve your goals. \"],\"score\":0,\"gems\":0}","lite":"0","guid":"95343286-fe52-4d1b-9ee9-f0f7cd1a79c0","growth_activity":"1"},{"id":"779593","courseId":"306","type":"6","summary":"Blink Takeaway 10","index":"20","json":"{\"type\":6,\"image\":\"\",\"presentation\":[{\"text\":\"Blink Takeaway 10\",\"in\":1,\"time\":1,\"sound\":\"\",\"size\":2,\"color\":\"#256ED7\"},{\"text\":\"Failure\",\"in\":1,\"time\":2,\"sound\":\"\",\"size\":2,\"color\":\"#000000\"},{\"text\":\"Failure is not permanent. Failure is a necessary part of the creative process and the learning cycle. A setback is not a sentence. \",\"in\":1,\"time\":3,\"sound\":\"B782479E-1369-C7B4-CC69-9FAEC04194AA.mp3\"}]}","lite":"0","guid":"e9758ee0-2ad0-4a8d-bf3f-ccec91dcd8ef","growth_activity":"1"},{"id":"779594","courseId":"306","type":"7","summary":"Takeaway 10: Your Thoughts","index":"21","json":"{\"type\":7,\"input\":{\"type\":1,\"prompt\":\"Write about your recent adventures with failure and how it has helped you to grow, advance and move closer to your goals.\",\"locked\":false},\"feedback\":[\"As you experience failure and walk away from it stronger, return here and write about the lessons you learned.\",\"As you experience failure and walk away from it stronger, return here and write about the lessons you learned.\"],\"score\":0,\"gems\":0}","lite":"0","guid":"fc266ff8-da15-462e-adb1-187107e356f4","growth_activity":"1"},{"id":"779595","courseId":"306","type":"6","summary":"Blink Bonus Takeaway","index":"22","json":"{\"type\":6,\"image\":\"\",\"presentation\":[{\"text\":\"Blink Bonus Takeaway\",\"in\":1,\"time\":1,\"sound\":\"\",\"size\":2,\"color\":\"#256ED7\"},{\"text\":\"The Golden Rule\",\"in\":1,\"time\":2,\"sound\":\"\",\"size\":2,\"color\":\"#000000\"},{\"text\":\"If you take no other point from this course make it the Golden Rule. The biggest mistake in life is undervaluing what seems familiar, like the Golden Rule. Yet, it is your greatest insurance against failure. \",\"in\":1,\"time\":3,\"sound\":\"8AD14604-95D4-A6E7-4113-BEC945D3F778.mp3\"}]}","lite":"0","guid":"6041ec68-73c0-4c8b-a2d4-d0f28c4fc6c4","growth_activity":"1"},{"id":"779596","courseId":"306","type":"7","summary":"Bonus Takeaway: Your Thoughts","index":"23","json":"{\"type\":7,\"input\":{\"type\":1,\"prompt\":\"Are you doing to and thinking of others as you wish them to do to and think of you? Write about it.\",\"locked\":false},\"feedback\":[\"As you get better at focusing on positive thoughts and actions, return here and write about it.\",\"As you get better at focusing on positive thoughts and actions, return here and write about it.\"],\"score\":0,\"gems\":0}","lite":"0","guid":"b983bbf6-0d3b-4872-961c-d4085fa8c180","growth_activity":"1"},{"id":"779597","courseId":"306","type":"6","summary":"Succeed!","index":"24","json":"{\"type\":6,\"image\":\"\",\"presentation\":[{\"text\":\"Go Forward and Succeed!\",\"in\":1,\"time\":1,\"sound\":\"\",\"size\":2,\"color\":\"#256ED7\"},{\"text\":\"This course has one goal: to help you to succeed more in life. \",\"in\":1,\"time\":2,\"sound\":\"\"},{\"text\":\"Use these takeaways to help you to move towards that goal.\",\"in\":1,\"time\":2,\"sound\":\"\"},{\"text\":\"And always, enjoy your journey.\",\"in\":1,\"time\":3,\"sound\":\"\"}]}","lite":"0","guid":"14410bf8-ed96-40b8-bfeb-83a737a5c0f7","growth_activity":"1"},{"id":"779598","courseId":"306","type":"4","summary":"Your Blink Takeaways","index":"25","json":"{ \"type\":4}","lite":"0","guid":"35218f30-e099-46c5-bba5-da11b1e13c59","growth_activity":"1"}]