{"id":"344","authorId":"0","groupId":"0","credits":"2","dollars":"9.99","summary":"This course contains all the different Blink types so we can test them efficiently.","description":"This course contains all the different Blink types so we can test them efficiently.","date":"2018-01-31 18:02:04","iconURL":"icon341.jpg","imageURL":"image341.jpg","vimeo":"","title":"Blink Types For Testing - copy 3","editDate":"0000-00-00 00:00:00","buildAvailable":"1","published":"0","publicationDate":null,"listOrder":"100"}