[{"id":"83224","courseId":"209","type":"3","summary":"Burst Activity Test","index":"0","json":"{\"type\":3,\"intro\":{\"title\":\"Review of Major Concepts\",\"description\":\"This is a test of an activity Burst.\",\"image\":\"6C7B847E-3FE6-7966-428B-0C8B8C4DB851.png\",\"sound\":\"\",\"volume\":50},\"unlockscore\":0,\"quicklink\":false,\"quotation\":\"\"}","lite":"0","guid":"bc2a234a-9182-49db-ba8f-4c15a5e72b43","growth_activity":"1"},{"id":"83225","courseId":"209","type":"7","summary":"Input Activity Test","index":"1","json":"{\"type\":7,\"input\":{\"type\":1,\"prompt\":\"What is an activity?\",\"locked\":false},\"feedback\":[\"\",\"\"],\"score\":0,\"gems\":0}","lite":"0","guid":"8d1dd7e4-51b1-4618-8be9-8198c6ce6809","growth_activity":"1"},{"id":"83226","courseId":"209","type":"6","summary":"Presentation Activity Test","index":"2","json":"{\"type\":6,\"image\":\"\",\"presentation\":[{\"text\":\"This is the presentation text.\",\"in\":0,\"time\":0,\"sound\":\"\",\"font\":2,\"alignment\":1,\"size\":2,\"color\":\"#FF9500\"}]}","lite":"0","guid":"8ecf6e35-605e-40a0-8cb8-4d5de28d4bc6","growth_activity":"1"},{"id":"83227","courseId":"209","type":"14","summary":"Question Activity Test","index":"3","json":"{\"type\":14,\"question\":{\"timer\":60,\"multiplechoice\":true,\"answers\":[{\"correct\":true,\"text\":\"Good\",\"feedback\":\"You bet!\"},{\"correct\":false,\"text\":\"Bad\",\"feedback\":\"No way!\"}],\"sound\":\"\",\"text\":\"How does it feel when an Activity works?\"},\"feedback\":[\"\",\"\"],\"score\":\"0\",\"gems\":\"0\"}","lite":"0","guid":"128b1798-5208-4095-9139-a811b12c491c","growth_activity":"1"},{"id":"83228","courseId":"209","type":"10","summary":"Drag drop Activity Test","index":"4","json":"{\"type\":10,\"dragdrop\":{\"timer\":60,\"layout\":0,\"goals\":[{\"isImage\":false,\"text\":\"Good stuff\",\"image\":\"\"},{\"isImage\":false,\"text\":\"Bad stuff\",\"image\":\"\"}],\"items\":[{\"goal\":1,\"isImage\":false,\"text\":\"Happiness\",\"image\":\"\",\"feedback\":[\"Yes!\",\"No!\"]},{\"goal\":1,\"isImage\":false,\"text\":\"Success\",\"image\":\"\",\"feedback\":[\"Yes!\",\"No!\"]},{\"goal\":2,\"isImage\":false,\"text\":\"Pain\",\"image\":\"\",\"feedback\":[\"Yes!\",\"No!\"]},{\"goal\":2,\"isImage\":false,\"text\":\"Fear\",\"image\":\"\",\"feedback\":[\"Yes!\",\"No!\"]}],\"prompt\":\"Drag each item to the correct learning goal\",\"sound\":\"\"},\"feedback\":[\"You did it!\",\"You didn&#39;t do it!\"],\"score\":0,\"gems\":0}","lite":"0","guid":"ff809396-0100-4fc1-ac5d-deca49ef3c71","growth_activity":"1"},{"id":"83229","courseId":"209","type":"4","summary":"Burst Activity Test","index":"5","json":"{ \"type\":4}","lite":"0","guid":"b66231f2-cb5b-4151-84f5-c6903fcfda2e","growth_activity":"1"}]