{"id":"184","credits":"2","dollars":"9.99","summary":"Learn to communicate with confidence in your business and personal life.","description":"Learn to use the essential elements of trust, credibility, and confident behavior to communicate effectively and confidently.","date":"2014-09-30 18:55:08","iconURL":"icon173.jpg","imageURL":"image159.jpg","vimeo":"","title":"Confident Communicator Demo Course - TO TEST ACTIVITIES","editDate":"2014-09-30 18:58:41","buildAvailable":"0","published":"0","publicationDate":null}