[{"id":"124956","courseId":"239","type":"1","summary":"Coaching Through Change","index":"0","json":"{\"type\":1,\"intro\":{\"title\":\"Albert Vicere on Change\",\"description\":\"\",\"image\":\"\"},\"dossier\":false}","lite":"0","guid":"947dc084-42c5-4f83-9c76-51df60d80de9","growth_activity":"0"},{"id":"124957","courseId":"239","type":"3","summary":"Burst 1","index":"1","json":"{\"type\":3,\"intro\":{\"title\":\"Part 1 of video\",\"description\":\"Say something here\",\"image\":\"\",\"sound\":\"\",\"volume\":50},\"unlockscore\":0,\"quicklink\":false,\"quotation\":\"\"}","lite":"0","guid":"78ddf332-710e-4b6a-9399-07031193c7c3","growth_activity":"0"},{"id":"124958","courseId":"239","type":"4","summary":"Burst 1","index":"2","json":"{ \"type\":4}","lite":"0","guid":"48bd6164-2192-4edf-98a2-7bc0fe72602d","growth_activity":"0"},{"id":"124959","courseId":"239","type":"6","summary":"Intro","index":"3","json":"{\"type\":6,\"image\":\"\",\"presentation\":[{\"text\":\"Talk about Albert and the first part of the video\",\"in\":0,\"time\":0,\"sound\":\"\"}]}","lite":"0","guid":"2d9371fe-1bcb-441c-8eeb-7c1cb1ea6f4f","growth_activity":"0"},{"id":"124960","courseId":"239","type":"17","summary":"Video 1","index":"4","json":"{\"type\":17,\"video\":{\"prompt\":\"This is the first part of the video\",\"vimeo\":\"116889712 \"}}","lite":"0","guid":"893e5d90-1e03-4ee9-b022-f3dbf4961378","growth_activity":"0"},{"id":"124961","courseId":"239","type":"14","summary":"What is he talking about?","index":"5","json":"{\"type\":14,\"question\":{\"timer\":60,\"multiplechoice\":true,\"answers\":[{\"correct\":true,\"text\":\"Getting uncomfortable\",\"feedback\":\"\"},{\"correct\":false,\"text\":\"The easy way to change\",\"feedback\":\"\"},{\"correct\":false,\"text\":\"The good and the bad\",\"feedback\":\"\"}],\"sound\":\"\",\"text\":\"What is he talking about?\"},\"feedback\":[\"\",\"\"],\"score\":\"30\",\"gems\":\"1\"}","lite":"0","guid":"63028015-a5fc-42d4-8aec-21343c2f3620","growth_activity":"0"},{"id":"124962","courseId":"239","type":"2","summary":"Coaching Through Change","index":"6","json":"{ \"type\":2}","lite":"0","guid":"f271a85a-29e2-405e-a230-ca757af58bad","growth_activity":"0"}]