[{"id":"844291","courseId":"339","type":"1","summary":"Get Ready to Change Your Life","index":"0","json":"{\"type\":1,\"intro\":{\"title\":\"Get Ready to Change Your Life\",\"description\":\"Napoleon Hill&#39;s &#34;Think and Grow Rich&#34; has been called the world&#39;s greatest book on successful living. In this Blink Training course, you will play through Hill&#39;s steps to wealth and achievement, learning to define your goals, benefit from hunches and inspirations, and persist in the fact of setbacks. You will program your mind for success.\",\"image\":\"D52298AF-C943-BD97-F98F-7402FDCE000A.png\"},\"dossier\":true}","lite":"1","guid":"412942f6-bd44-428f-97d4-df7c6653d4cc","growth_activity":"0"},{"id":"844292","courseId":"339","type":"3","summary":"Welcome to Your Dreams","index":"1","json":"{\"type\":3,\"intro\":{\"title\":\"Welcome to your dreams\",\"description\":\"Hill&#39;s philosophy for achieving success will change your life for the better. This course will help you to put his ideas into action quickly and effectively, and put you on the path to achieving your dreams. And one more thing....&#10;&#10;&#10;&#10;&#10;&#10;&#10;&#10;&#10;Somewhere along the way you will discover the Secret.\",\"image\":\"D92463CF-DE4F-7BCF-0827-BEFBF3E0813E.png\",\"sound\":\"\",\"volume\":50},\"unlockscore\":\"30\",\"quicklink\":false,\"quotation\":\"\",\"unlockActivity\":\"6d785dad-3f08-4884-b965-d2b090fa574e\"}","lite":"1","guid":"545fa8f0-d336-4baa-8976-f5e5b0c99834","growth_activity":"0"},{"id":"844293","courseId":"339","type":"11","summary":"There is a Secret","index":"2","json":"{\"type\":11,\"simon\":{\"prompt\":\"[First read &#34;WHAT TO DO&#34; in the yellow box below.]\",\"sounds\":[\"36FBEBF5-34EB-DD3C-F517-7405C635A094.mp3\",\"12377E0D-2700-2622-4623-A8DDF3D716B6.mp3\",\"27C4C8CA-0B10-2661-6CA2-FE682E37BD01.mp3\",\"8648913A-FD20-22B9-279C-807C4F294725.mp3\",\"C9CC3D26-AF19-746E-B7E4-BCDAEC4092B5.mp3\",\"43664BE8-C9DE-5F9C-4F08-D6CA096DEA54.mp3\"],\"phrase\":\"There is|a Secret|for getting rich.\",\"wrong\":\"Persistence|Desire|Faith\",\"time\":0,\"score\":0,\"gems\":0,\"sound\":\"\"},\"feedback\":[\"Hill learned the Secret from Andrew Carnegie, one of the richest men in the world at the time. And Hill hid the Secret on every page of his book. Likewise, the Secret is hidden among the words and activities in this Blink Training course.\",\"Hill learned the Secret from Andrew Carnegie, one of the richest men in the world at the time. And Hill hid the Secret on every page of his book. Likewise, the Secret is hidden among the words and activities in this Blink Training course.\"],\"score\":\"40\",\"gems\":\"1\"}","lite":"1","guid":"d0a149e5-cfcf-4385-84ff-88ae48263d20","growth_activity":"0"},{"id":"844294","courseId":"339","type":"9","summary":"A Clue to the Secret","index":"3","json":"{\"type\":9,\"wordfill\":{\"text\":\"All ##1## and ##2## have their beginning in ##3##.\",\"prompt\":\"[First read &#34;WHAT TO DO&#34; in the yellow box below.]&#10;&#10;A Clue to the Secret\",\"sound\":\"\",\"words\":[\"achievement\",\"all earned riches\",\"an idea\"],\"timer\":60},\"feedback\":[\"Achievement and riches don&#39;t start with hard work and they don&#39;t start with money. They start with an idea. Remember that.&#10;&#10;And now, let&#39;s take a moment to learn about Blink Training.\",\"The clue is: All achievement and all earned riches have their beginning in an idea - not hard work and not money. Remember that.&#10;&#10;And now, let&#39;s take a moment to learn about Blink Training.\"],\"score\":\"60\",\"gems\":\"1\"}","lite":"1","guid":"0de1e95c-e29f-4bc9-9d15-f9cb7a7ce015","growth_activity":"0"},{"id":"844295","courseId":"339","type":"10","summary":"About Blink Training","index":"4","json":"{\"type\":10,\"dragdrop\":{\"timer\":60,\"layout\":0,\"goals\":[{\"isImage\":false,\"text\":\"Blink Training Courses\",\"image\":\"\"}],\"items\":[{\"goal\":1,\"isImage\":false,\"text\":\"Blinks and Bursts\",\"image\":\"\",\"feedback\":[\"Blinks are the quick activities that we use to teach the content - like this Drag and Drop. And a Burst is a sequence of those Blinks. You&#39;re now at the final Blink in this Burst - and the dark blue circle on top shows this. \",\"Blinks are the quick activities that we use to teach the content - like this Drag and Drop. And a Burst is a sequence of those Blinks. You&#39;re now at the final Blink in this Burst - and the dark blue circle on top shows this. \"]},{\"goal\":1,\"isImage\":false,\"text\":\"Points and Gems\",\"image\":\"\",\"feedback\":[\"You earn Points as you play, and you need a certain number of Points to unlock each  next Burst. You earn Gems, too, and they reflect how well you understand the content. Touch the Blink Eye in the lower left to see how many Points and Gems you&#39;ve earned so far. \",\"You earn Points as you play, and you need a certain number of Points to unlock each  next Burst. You earn Gems, too, and they reflect how well you understand the content. Touch the Blink Eye in the lower left to see how many Points and Gems you&#39;ve earned so far. \"]},{\"goal\":1,\"isImage\":false,\"text\":\"eBook and Exiting a Course\",\"image\":\"\",\"feedback\":[\"To access a digital copy of Hill&#39;s book, finish this Burst, then touch the three blue lines in the upper left and choose Activities. And when you want to exit a course, touch the blue lines and select Exit Course. \",\"To access a digital copy of Hill&#39;s book, finish this Burst, then touch the three blue lines in the upper left and choose Activities. And when you want to exit a course, touch the blue lines and select Exit Course. \"]},{\"goal\":1,\"isImage\":false,\"text\":\"Your Progress Screen\",\"image\":\"\",\"feedback\":[\"When you touch Next, you&#39;ll see your Progress Screen. This shows you how you&#39;re doing in the course. If you&#39;ve unlocked the next Burst, you&#39;ll be able to play it. Otherwise, replay this Burst and try for a higher score. As you complete the course, you&#39;ll move up the mountain of mastery. \",\"When you touch Next, you&#39;ll see your Progress Screen. This shows you how you&#39;re doing in the course. If you&#39;ve unlocked the next Burst, you&#39;ll be able to play it. Otherwise, replay this Burst and try for a higher score. As you complete the course, you&#39;ll move up the mountain of mastery. \"]}],\"prompt\":\"If you learn a little about Blink Training, it will help you to get more out of this course. Drag each box to &#34;Blink Training Courses&#34; on the bottom.\",\"sound\":\"\"},\"feedback\":[\"Blink Training: a simple, yet powerful way to improve your life.\",\"Blink Training: a simple, yet powerful way to improve your life.\"],\"score\":\"20\",\"gems\":\"1\"}","lite":"1","guid":"e785b4d7-47e0-4d05-b735-6b20ab1fddea","growth_activity":"0"},{"id":"844296","courseId":"339","type":"4","summary":"Welcome","index":"5","json":"{ \"type\":4}","lite":"1","guid":"dbd7dd95-57c3-4b17-aee8-b39eca48ba7f","growth_activity":"0"},{"id":"844297","courseId":"339","type":"3","summary":"Why You Are Here","index":"6","json":"{\"type\":3,\"intro\":{\"title\":\"Why You Are Here\",\"description\":\"It is no accident that you have been drawn to this course at this time in your life&#39;s journey. You are asking more from life; and life is calling upon you to step up to the plate and fully be all that you are capable of being.  &#10;&#10;&#10;&#10;&#10;&#10;&#10;&#10;&#10;&#10;This Blink Training course will help you to do that.\",\"image\":\"79F3FD9C-605F-AD72-F6C4-162FB6B4CF96.png\",\"sound\":\"\",\"volume\":50},\"unlockscore\":\"20\",\"quicklink\":false,\"quotation\":\"\",\"unlockActivity\":\"e97dad42-8f33-4bca-be8a-657b081630e7\"}","lite":"1","guid":"1eae2df4-aa31-4c45-8168-560c561f5e37","growth_activity":"0"},{"id":"844298","courseId":"339","type":"20","summary":"You are here because","index":"7","json":"{\"type\":20,\"multiple\":{\"timer\":0,\"answers\":[{\"correct\":true,\"text\":\"Life has not worked out the way I&#39;d wanted.\",\"feedback\":\"Here&#39;s the thing: life doesn&#39;t just &#39;work out.&#39; You have to focus on a desire and make a plan to get there. That&#39;s what Hill&#39;s message is about and if you play through this course, you&#39;ll be that much closer to becoming the master of your life.\"},{\"correct\":true,\"text\":\"I want to improve myself.\",\"feedback\":\"Great. This course will help you to focus on your desire and then make a plan to achieve it.\"},{\"correct\":true,\"text\":\"I want to get rich.\",\"feedback\":\"Play through this course, doing everything it asks you to do, and you will be on your way.\"},{\"correct\":true,\"text\":\"I seem to always make mistakes and feel defeated.\",\"feedback\":\"As Hill wrote: If you are dissipated, having been defeated, and felt the great heart within you crushed till it bled, then take courage - those experiences have tempered the spiritual metal of which you are made - they are assets of value.\"}],\"sound\":\"\",\"text\":\"So, why are you here, now, reading these words, looking for something better inside of you? Choose ALL that apply to you.\"},\"feedback\":[\"We each want our desires fulfilled. Take heart, you are taking the first step. The very fact that you are here now shows you are on your way. You are reaching for your dreams. Now, touch Close, then touch any answer for more specific feedback.\",\"We each want our desires fulfilled. Take heart, you are taking the first step. The very fact that you are here now shows you are on your way. You are reaching for your dreams. Now, touch Close, then touch any answer for more specific feedback.\"],\"score\":\"0\",\"gems\":\"0\"}","lite":"1","guid":"a705f6f0-5e88-4325-a80d-3d11a14a10ed","growth_activity":"0"},{"id":"844299","courseId":"339","type":"6","summary":"All who are ready","index":"8","json":"{\"type\":6,\"image\":\"077DCE85-8335-8D6D-7E92-7D010F84F927.png\",\"presentation\":[{\"text\":\"The Secret Will Work for All Who are Ready for it.\",\"in\":0,\"time\":1,\"sound\":\"\",\"size\":0,\"color\":\"#256ED7\",\"alignment\":0},{\"text\":\"To be ready for it, you must know the answer to this question:\",\"in\":2,\"time\":2,\"sound\":\"\",\"alignment\":0},{\"text\":\"What is it you desire most?\",\"in\":2,\"time\":2,\"sound\":\"\",\"alignment\":0}]}","lite":"1","guid":"600a01e0-4424-46b3-b1d0-9bf6e37aa294","growth_activity":"0"},{"id":"844300","courseId":"339","type":"12","summary":"What you truly desire","index":"9","json":"{\"type\":12,\"orderitems\":{\"slots\":[\"1\",\"2\",\"3\",\"4\",\"5\",\"6\"],\"items\":[{\"text\":\"Wealth\",\"slot\":0},{\"text\":\"Love\",\"slot\":0},{\"text\":\"Contentment\",\"slot\":0},{\"text\":\"Power\",\"slot\":0},{\"text\":\"Fame\",\"slot\":0},{\"text\":\"Sex\",\"slot\":0}],\"ordered\":true,\"timer\":0,\"sound\":\"\",\"prompt\":\"Let&#39;s do a quick exercise to get you thinking about what you truly desire. Rank these six desires - 1 is most important to you, 6 is least important. Touch Done when you are satisfied with the placement of each word.\"},\"feedback\":[\"Where you placed these six desires will help you to see what you feel is more important and less important in your life. This can guide you when you are thinking about the goal that you will pursue above all else.\",\"Where you placed these six desires will help you to see what you feel is more important and less important in your life. This can guide you when you are thinking about the goal that you will pursue above all else.\"],\"score\":\"0\",\"gems\":0}","lite":"1","guid":"566730e9-dc49-4cb9-b8f4-7977b0814e12","growth_activity":"0"},{"id":"844301","courseId":"339","type":"14","summary":"What was that clue again?","index":"10","json":"{\"type\":14,\"question\":{\"timer\":15,\"multiplechoice\":true,\"answers\":[{\"correct\":false,\"text\":\"...sweat and pain.\",\"feedback\":\"Incorrect. All achievement, all earned riches, have their beginning in an idea. Hard work without an idea will not lead to money and achievement. \"},{\"correct\":true,\"text\":\"...an idea.\",\"feedback\":\"Yes!\"},{\"correct\":false,\"text\":\"...money.\",\"feedback\":\"Incorrect. All achievement, all earned riches, have their beginning in an idea. Money without an idea will not lead to more money or achievement.\"}],\"sound\":\"\",\"text\":\"What was that clue again?&#10;&#10;All achievement, all earned riches, have their beginning in...\"},\"feedback\":[\"\",\"\"],\"score\":\"20\",\"gems\":\"1\"}","lite":"1","guid":"c06c93d5-0c14-466e-be1f-7bce60c17f2e","growth_activity":"0"},{"id":"844302","courseId":"339","type":"4","summary":"Your Desire","index":"11","json":"{ \"type\":4}","lite":"1","guid":"ae19127e-95a0-4e1a-b16c-b4f2de6ae2f9","growth_activity":"0"},{"id":"844303","courseId":"339","type":"3","summary":"When it Appears","index":"12","json":"{\"type\":3,\"intro\":{\"title\":\"When it Appears\",\"description\":\"As you play through this course, the secret will jump from the screen and stand boldly before you - if you are ready for it! &#10;&#10;&#10;&#10;&#10;&#10;&#10;&#10;&#10; &#10;When it appears, you will recognize it. That occasion will mark the most important turning point in your life.&#10;\",\"image\":\"04DDBDC6-BDDF-C7F1-4D89-77750BC1067B.png\",\"sound\":\"\",\"volume\":50},\"unlockscore\":\"40\",\"quicklink\":false,\"quotation\":\"\",\"unlockActivity\":\"none\"}","lite":"1","guid":"be0918a8-367d-4674-a2fe-237c93fd91e2","growth_activity":"0"},{"id":"844304","courseId":"339","type":"9","summary":"A Peculiar Thing","index":"13","json":"{\"type\":9,\"wordfill\":{\"text\":\"Those who do acquire and use ##1## will find&#10;themselves literally ##2## to ##3##.\",\"prompt\":\"Here&#39;s a peculiar thing that you should be aware of.\",\"sound\":\"\",\"words\":[\"the Secret\",\"swept on\",\"success\"],\"timer\":60},\"feedback\":[\"Yes. As Hill says: When riches begin to come, they come so quickly, and in such great abundance, that one wonders where they have been hiding during all those lean years.&#10;\",\"Those who do acquire the secret, and use it, will find themselves literally swept on to success. Hill says: When riches begin to come, they come so quickly, and in such great abundance, that one wonders where they have been hiding during all those lean years.\"],\"score\":\"60\",\"gems\":\"1\"}","lite":"1","guid":"935bdb40-bebb-4868-95ee-e85e6b3dcc40","growth_activity":"0"},{"id":"844305","courseId":"339","type":"14","summary":"For the secret to work","index":"14","json":"{\"type\":14,\"question\":{\"timer\":20,\"multiplechoice\":true,\"answers\":[{\"correct\":true,\"text\":\"know what you want.\",\"feedback\":\"Yes! The first step towards getting what you want is being completely clear on WHAT you want.\"},{\"correct\":false,\"text\":\"work hard and long.\",\"feedback\":\"No. that is not a requirement. The first step towards getting what you want is being completely clear on WHAT you want.\"},{\"correct\":false,\"text\":\"have a college degree.\",\"feedback\":\"No, that is not a requirement. The first step towards getting what you want is being completely clear on WHAT you want.\"}],\"sound\":\"\",\"text\":\"For the secret to work, you must:\"},\"feedback\":[\"\",\"\"],\"score\":\"20\",\"gems\":\"1\"}","lite":"1","guid":"975e2c2c-32a4-4179-afb1-72cbb3362408","growth_activity":"0"},{"id":"844306","courseId":"339","type":"7","summary":"How are you doing?","index":"15","json":"{\"type\":7,\"input\":{\"type\":7,\"prompt\":\"Take a moment and reflect on how you feel about achieving your dreams. &#10;&#10;Slide the ball to the right if you&#39;re feeling positive or to the left if you&#39;re feeling negative. And if you want, enter your thoughts in the space below.\",\"locked\":false,\"text\":\"\",\"isNumber\":false,\"useImages\":true,\"left\":\"26A3F42E-0FCF-7C1C-06E5-99C4B69D48C3.png\",\"right\":\"4D537FD3-1888-F45F-AD0D-BBFCC1B0A44C.png\",\"ideal\":50},\"feedback\":[\"As you make your way though this course, you will discover how to assure that you will achieve your dreams. One steadfast rule: don&#39;t give up. (You can review and edit any text you write by touching the blue bars in the upper left, then choosing Dossiers from the menu.)\",\"As you make your way though this course, you will discover how to assure that you will achieve your dreams. One steadfast rule: don&#39;t give up. (You can review and edit any text you write by touching the blue bars in the upper left, then choosing Dossiers from the menu.)\"],\"score\":\"0\",\"gems\":0}","lite":"1","guid":"8c3ef5fc-7ec5-474b-bc4b-ebf8b25f2413","growth_activity":"0"},{"id":"844307","courseId":"339","type":"4","summary":"When it Appears","index":"16","json":"{ \"type\":4}","lite":"1","guid":"26dfcb74-eadb-4e9f-aa5b-53d9cc8dec51","growth_activity":"0"},{"id":"844308","courseId":"339","type":"2","summary":"Thoughts are Things","index":"17","json":"{ \"type\":2}","lite":"1","guid":"ab0c2ccf-f55a-438c-8557-702845563b13","growth_activity":"0"},{"id":"844310","courseId":"339","type":"3","summary":"Thoughts are Things","index":"19","json":"{\"type\":3,\"intro\":{\"title\":\"Thoughts are Things\",\"description\":\"Hill wrote that thoughts are things and powerful things at that, when they are mixed with definiteness of purpose, persistence, and a burning desire for their translation into riches or other material objects.&#10;&#10;&#10;&#10;&#10;&#10;&#10;&#10;&#10;&#10;Take this statement to heart. Live it. Breathe it. Succeed.\",\"image\":\"AA72D83C-F7C0-6433-00DC-9F81F533819F.png\",\"sound\":\"\",\"volume\":50},\"unlockscore\":\"100\",\"quicklink\":false,\"quotation\":\"\",\"unlockActivity\":\"none\"}","lite":"1","guid":"f85916c2-77d3-4d8e-969f-dbeb811c3797","growth_activity":"0"},{"id":"844311","courseId":"339","type":"20","summary":"Out of the Mouths of Industrialists","index":"20","json":"{\"type\":20,\"multiple\":{\"timer\":60,\"answers\":[{\"correct\":false,\"text\":\"Hard work. Nothing replaces hard work!\",\"feedback\":\"No, hard work was not cited as a key to how they had achieved their riches. Yes, hard work may have been involved, but let&#39;s face it, in this world, accomplishing anything will take hard work, but hard work will not make it happen.\"},{\"correct\":false,\"text\":\"You need money to make money.\",\"feedback\":\"No, these rich men did not say that they needed money to seed their dreams. Yes, it takes money to grow a business, but a pile of money will light no spark.\"},{\"correct\":true,\"text\":\"Thoughts are things.\",\"feedback\":\"Yes, all these tough guys who fought hard and won big, shared this truth with Hill: Everything humanity has ever created started with an idea, a thought, and was brought to reality via the desire to make it happen. Tough guys? Or philosophers? \"},{\"correct\":false,\"text\":\"You&#39;ve got to do what you&#39;re told.\",\"feedback\":\"No, no one ever achieved their dreams by just taking orders. Hill does talk about intelligent followers - those who learn from those who lead and eventually rise to become leaders themselves. And those intelligent followers often make the best leaders.\"}],\"sound\":\"\",\"text\":\"Out of the Mouths of Industrialists&#10;Napoleon Hill interviewed many of the most successful people of his day including Andrew Carnegie, John D. Rockefeller, and Henry Ford. They shared their secrets for success. Which of the statements below did these rich and powerful men most adhere to?\"},\"feedback\":[\"Very good. Touch Close then touch any answer to learn more.\",\"Touch Close then touch any answer to learn more.\"],\"score\":\"20\",\"gems\":0}","lite":"1","guid":"c8fa4d48-e5df-48f0-a22d-9df14c2b2f35","growth_activity":"0"},{"id":"844312","courseId":"339","type":"10","summary":"A Powerful Combination","index":"21","json":"{\"type\":10,\"dragdrop\":{\"timer\":30,\"layout\":0,\"goals\":[{\"isImage\":false,\"text\":\"THOUGHT\",\"image\":\"\"}],\"items\":[{\"goal\":1,\"isImage\":false,\"text\":\"Definite Purpose\",\"image\":\"\",\"feedback\":[\"\",\"\"]},{\"goal\":1,\"isImage\":false,\"text\":\"Persistence\",\"image\":\"\",\"feedback\":[\"\",\"\"]},{\"goal\":1,\"isImage\":false,\"text\":\"Burning Desire\",\"image\":\"\",\"feedback\":[\"\",\"\"]}],\"prompt\":\"What happens when you combine thought with a definite purpose, persistence, and a burning desire? Try it.          \",\"sound\":\"\"},\"feedback\":[\"Boom! When you combine thought with a definite purpose, persistence, and a burning desire the energy around you will start to adapt to your thoughts, literally transmuting them into their physical equivalent.\",\"What are you waiting for?\"],\"score\":\"60\",\"gems\":\"1\"}","lite":"1","guid":"eb57508a-56cd-4b0f-93cd-feff29fbf897","growth_activity":"0"},{"id":"844313","courseId":"339","type":"12","summary":"Your First Step","index":"22","json":"{\"type\":12,\"orderitems\":{\"slots\":[\"Start of statement\",\"\",\"\",\"\",\"\",\"End of statement\"],\"items\":[{\"text\":\"Place\",\"slot\":1},{\"text\":\"all of \",\"slot\":2},{\"text\":\"your energy,\",\"slot\":3},{\"text\":\"will power,\",\"slot\":4},{\"text\":\"and effort\",\"slot\":5},{\"text\":\"behind it.\",\"slot\":6}],\"ordered\":true,\"timer\":60,\"sound\":\"\",\"prompt\":\"So then, take the first step. Select one of your thoughts as your definite goal, then:&#10;&#10;(Complete the statement, then touch Done.)\"},\"feedback\":[\"Most people&#39;s dreams remain vague and hazy. They don&#39;t form the dream into a definite goal and put their energy, will power and effort behind it. If you take this first step, you will be ahead of most people and on your way towards making your thoughts into your reality. \",\"Focus: You must choose a definite goal and place all of your energy, will power and effort behind it. Do it! \"],\"score\":\"120\",\"gems\":\"1\"}","lite":"1","guid":"69c96aea-0f27-46ea-8d41-6ce99811be65","growth_activity":"0"},{"id":"844314","courseId":"339","type":"9","summary":"A Wish is Not Desire","index":"23","json":"{\"type\":9,\"wordfill\":{\"text\":\"our state of ##2## is one of ##1##, not hope or wish because desire is not a hope, not a wish. It is a keen ##3##. It is ##4##!\",\"prompt\":\"Napoleon Hill was very clear about this:&#10;&#10;We can attain our dreams, if we have a burning desire and...\",\"sound\":\"\",\"words\":[\"belief\",\"mind\",\"pulsing sense\",\"definite\"],\"timer\":60},\"feedback\":[\"To achieve your dream, it must not be vague and hazy. It must be definite and you must believe in it above all else!\",\"Focus: Our state of mind must be one of BELIEF, not hope or wish. Because desire is not a hope, not a wish. It is a keen pulsing sense. It is definite!\"],\"score\":\"120\",\"gems\":\"1\"}","lite":"1","guid":"0753f155-1a2e-4b97-addf-5bc24debbb58","growth_activity":"0"},{"id":"844315","courseId":"339","type":"4","summary":"Adopt a Definite Purpose","index":"24","json":"{ \"type\":4}","lite":"1","guid":"4fbff807-d75d-43fe-8991-bf0d075a9477","growth_activity":"0"},{"id":"844316","courseId":"339","type":"3","summary":"You Must Have Faith","index":"25","json":"{\"type\":3,\"intro\":{\"title\":\"You Must Have Faith\",\"description\":\"Hill wrote that faith translates ordinary vibrations of thought, created by our finite minds, into their spiritual equivalent. Faith is the only way to induce a response from Infinite Intelligence. &#10;&#10;&#10;&#10;&#10;&#10;&#10;&#10;&#10;&#10;Failure cannot survive in a mind that has faith.\",\"image\":\"D873A1B1-309A-EB53-8C81-F8F56F4156D8.png\",\"sound\":\"\",\"volume\":10},\"unlockscore\":\"50\",\"quicklink\":false,\"quotation\":\"\",\"unlockActivity\":\"none\"}","lite":"1","guid":"e5681587-ba01-4d9b-9b5d-60a9bd8db38f","growth_activity":"0"},{"id":"844317","courseId":"339","type":"12","summary":"Starting Point","index":"26","json":"{\"type\":12,\"orderitems\":{\"slots\":[\"\",\"\"],\"items\":[{\"text\":\"Starting \",\"slot\":1},{\"text\":\"Point...\",\"slot\":2}],\"ordered\":true,\"timer\":15,\"sound\":\"\",\"prompt\":\"Nothing will happen without faith.&#10;&#10;Faith is the:\"},\"feedback\":[\"Yes, faith is the starting point for the accumulation of all riches. This is because faith is the only agency through which the cosmic force of infinite intelligence can be harnessed and used by human beings.\",\"Faith is the starting point for the accumulation of all riches. This is because Faith is the only agency through which the cosmic force of infinite intelligence can be harnessed and used by human beings.\"],\"score\":\"40\",\"gems\":\"1\"}","lite":"1","guid":"b91dce8d-c764-4d2f-8c22-957e37d528da","growth_activity":"0"},{"id":"844318","courseId":"339","type":"10","summary":"Eternal Elixer","index":"27","json":"{\"type\":10,\"dragdrop\":{\"timer\":15,\"layout\":0,\"goals\":[{\"isImage\":false,\"text\":\"THE IMPULSE OF THOUGHT\",\"image\":\"\"}],\"items\":[{\"goal\":1,\"isImage\":false,\"text\":\"Life\",\"image\":\"\",\"feedback\":[\"\",\"\"]},{\"goal\":1,\"isImage\":false,\"text\":\"Power\",\"image\":\"\",\"feedback\":[\"\",\"\"]},{\"goal\":1,\"isImage\":false,\"text\":\"Action\",\"image\":\"\",\"feedback\":[\"\",\"\"]}],\"prompt\":\"Faith is the eternal elixer which gives...\",\"sound\":\"\"},\"feedback\":[\"Faith is the eternal elixir which gives life, power and action to the impulse of thought.\",\"Faith is the eternal elixir which gives life, power and action to the impulse of thought.\"],\"score\":\"60\",\"gems\":\"1\"}","lite":"1","guid":"4a4723dd-9355-4621-a8d1-22ed7d45353b","growth_activity":"0"},{"id":"844319","courseId":"339","type":"11","summary":"The Antidote for Failure","index":"28","json":"{\"type\":11,\"simon\":{\"prompt\":\"Failure can be like a poison in the mind, but...&#10;\",\"sounds\":[\"784AD4DB-07D3-02C5-956D-5A2510411A94.mp3\",\"4A65D85C-10C2-A96D-B9E3-99F2B73D6614.mp3\",\"912AD0B3-3AA8-54C1-1603-BE75E319095B.mp3\",\"9C22763B-1F9E-C211-C654-D26932E5DD27.mp3\",\"D7E0FB92-D0A9-C0F9-D024-9FA8A09410CA.mp3\",\"152767FC-03B2-9544-3C66-BD76EEB31324.mp3\"],\"phrase\":\"faith|is the antidote|to failure\",\"wrong\":\"GIVE UP!|IT&#39;S IMPOSSIBLE!|DON&#39;T EVEN TRY!\",\"time\":0,\"score\":0,\"gems\":0,\"sound\":\"\"},\"feedback\":[\"Yes, faith is the antidote to failure. Without faith, you may fall down and not have the strength to stand back up. But with faith, you will prevail!\",\"Faith is the antidote to failure. Without faith, you may fall down and not have the strength to stand back up. But with faith, you will prevail!\"],\"score\":\"40\",\"gems\":\"1\"}","lite":"1","guid":"d15e4a5d-48fb-42ea-b564-cb8b6400ffee","growth_activity":"0"},{"id":"844320","courseId":"339","type":"13","summary":"Do you have faith?","index":"29","json":"{\"type\":13,\"thisthat\":{\"questions\":[{\"text\":\"Know Faith, No Failure&#10;&#10;Do you have faith that you can reach your goals?\",\"correct\":\"Yes\",\"wrong\":\"No\",\"value\":true,\"feedback\":[\"You are prepared to achieve your goals. Faith is the elixer and you have it. (But if you&#39;re not sure, later in this course you&#39;ll learn how you can actually create your own faith.)\",\"You are honest and that is a huge advantage for you. Now, don&#39;t worry that you don&#39;t have faith because later in this course you&#39;ll learn how you can actually create your own faith.\"]}],\"timer\":15,\"noscore\":true},\"feedback\":[\"\",\"\"],\"score\":0,\"gems\":0}","lite":"1","guid":"5720ff41-986f-44e4-8bcb-eb684627f6e0","growth_activity":"0"},{"id":"844321","courseId":"339","type":"7","summary":"How are you doing?","index":"30","json":"{\"type\":7,\"input\":{\"type\":7,\"prompt\":\"Take a moment and reflect on the faith you have in your dreams - is it strong or is it fragile? &#10;&#10;Slide the ball to the right for strong or to the left for fragile. And if you want, enter your thoughts in the space below.\",\"locked\":false,\"text\":\"\",\"isNumber\":false,\"useImages\":true,\"left\":\"6FEBA398-5EF9-6710-4AEB-4D3B1FB5104A.png\",\"right\":\"A20AF59E-4EA8-4FB6-6217-FBDA6926603D.png\",\"ideal\":50},\"feedback\":[\"You can review and edit any text you write by touching the blue bars in the upper left, then choosing Dossiers from the menu.\",\"You can review and edit any text you write by touching the blue bars in the upper left, then choosing Dossiers from the menu.\"],\"score\":\"20\",\"gems\":0}","lite":"1","guid":"1db6f12d-b1d6-4c38-a53c-1e00501942c9","growth_activity":"0"},{"id":"844322","courseId":"339","type":"4","summary":"Have Faith","index":"31","json":"{ \"type\":4}","lite":"1","guid":"707d4ab3-a1c9-47b0-a8fe-3dfcb86357e9","growth_activity":"0"}]