[{"id":"3550","courseId":"63","type":"10","summary":"Tank or Ocean","index":"0","json":"{\\\"type\\\":10,\\\"dragdrop\\\":{\\\"timer\\\":15,\\\"layout\\\":0,\\\"goals\\\":[{\\\"isImage\\\":true,\\\"text\\\":\\\"\\\",\\\"image\\\":\\\"FC3A3924-F9D1-CEEF-356C-BBD846BE11CD.png\\\"},{\\\"isImage\\\":true,\\\"text\\\":\\\"\\\",\\\"image\\\":\\\"DA2A04A3-DFD5-4E97-313C-034DB602FEC4.png\\\"}],\\\"items\\\":[{\\\"goal\\\":1,\\\"isImage\\\":false,\\\"text\\\":\\\"Guppy\\\",\\\"image\\\":\\\"\\\"},{\\\"goal\\\":2,\\\"isImage\\\":false,\\\"text\\\":\\\"Shark\\\",\\\"image\\\":\\\"\\\"},{\\\"goal\\\":2,\\\"isImage\\\":false,\\\"text\\\":\\\"Porpoise\\\",\\\"image\\\":\\\"\\\"},{\\\"goal\\\":1,\\\"isImage\\\":false,\\\"text\\\":\\\"Gold Fish\\\",\\\"image\\\":\\\"\\\"},{\\\"goal\\\":1,\\\"isImage\\\":false,\\\"text\\\":\\\"Fantail\\\",\\\"image\\\":\\\"\\\"},{\\\"goal\\\":2,\\\"isImage\\\":false,\\\"text\\\":\\\"Blowfish\\\",\\\"image\\\":\\\"\\\"}],\\\"prompt\\\":\\\"Drag each item to the correct learning goal\\\"},\\\"feedback\\\":[\\\"Pass\\\",\\\"Fail\\\"],\\\"score\\\":\\\"20\\\",\\\"gems\\\":0}","lite":"1","guid":"a34441e2-c09c-4db9-ad8b-6e7a802d8d08","growth_activity":"0"},{"id":"3551","courseId":"63","type":"10","summary":"Tank or Ocean","index":"1","json":"{\\\"type\\\":10,\\\"dragdrop\\\":{\\\"timer\\\":15,\\\"layout\\\":0,\\\"goals\\\":[{\\\"isImage\\\":false,\\\"text\\\":\\\"Tank\\\",\\\"image\\\":\\\"FC3A3924-F9D1-CEEF-356C-BBD846BE11CD.png\\\"},{\\\"isImage\\\":false,\\\"text\\\":\\\"Ocean\\\",\\\"image\\\":\\\"DA2A04A3-DFD5-4E97-313C-034DB602FEC4.png\\\"}],\\\"items\\\":[{\\\"goal\\\":1,\\\"isImage\\\":false,\\\"text\\\":\\\"Guppy\\\",\\\"image\\\":\\\"\\\"},{\\\"goal\\\":2,\\\"isImage\\\":false,\\\"text\\\":\\\"Shark\\\",\\\"image\\\":\\\"\\\"},{\\\"goal\\\":2,\\\"isImage\\\":false,\\\"text\\\":\\\"Porpoise\\\",\\\"image\\\":\\\"\\\"},{\\\"goal\\\":1,\\\"isImage\\\":false,\\\"text\\\":\\\"Gold Fish\\\",\\\"image\\\":\\\"\\\"},{\\\"goal\\\":1,\\\"isImage\\\":false,\\\"text\\\":\\\"Fantail\\\",\\\"image\\\":\\\"\\\"},{\\\"goal\\\":2,\\\"isImage\\\":false,\\\"text\\\":\\\"Blowfish\\\",\\\"image\\\":\\\"\\\"}],\\\"prompt\\\":\\\"Drag each item around\\\"},\\\"feedback\\\":[\\\"Pass\\\",\\\"Fail\\\"],\\\"score\\\":\\\"20\\\",\\\"gems\\\":0}","lite":"1","guid":"e2c4e593-4427-4efc-b973-b99f0a62266e","growth_activity":"0"}]