[{"id":"513153","courseId":"304","type":"3","summary":"Richest Man in Babylon Ebook","index":"0","json":"{\"type\":3,\"intro\":{\"title\":\"Richest Man in Babylon Ebook\",\"description\":\"This activity contains the original version of The Richest Man in Babylon by George Clason in sections.\",\"image\":\"\",\"sound\":\"\",\"volume\":50},\"unlockscore\":0,\"quicklink\":false,\"quotation\":\"\"}","lite":"0","guid":"0deb8c2d-0f4e-40b3-aac1-65dacec66cc4","growth_activity":"1"},{"id":"513154","courseId":"304","type":"5","summary":"Forward, HIstorical Sketch","index":"1","json":"{\"type\":5,\"ebook\":\"\"}","lite":"0","guid":"a6013ebe-d2d4-4213-9c0c-e2619637f882","growth_activity":"1"},{"id":"513155","courseId":"304","type":"5","summary":"The Man Who Desired Gold","index":"2","json":"{\"type\":5,\"ebook\":\"F03662AE-11CB-6D2E-1EDC-6C871A7360EF.pdf\"}","lite":"0","guid":"c4e5d0c7-81bf-4fa8-8372-16644e80255f","growth_activity":"1"},{"id":"513156","courseId":"304","type":"4","summary":"Richest Man in Babylon Ebook","index":"3","json":"{ \"type\":4}","lite":"0","guid":"b417cd0a-a4f4-44cb-901c-f4c3d66fcd67","growth_activity":"1"}]