[{"id":"4836","courseId":"91","type":"6","summary":"This should show first","index":"0","json":"{\\\"type\\\":6,\\\"presentation\\\":[{\\\"text\\\":\\\"This course has no...\\\",\\\"in\\\":1,\\\"out\\\":0,\\\"time\\\":1},{\\\"text\\\":\\\"Intro\\\",\\\"in\\\":2,\\\"out\\\":0,\\\"time\\\":2},{\\\"text\\\":\\\"Screens\\\",\\\"in\\\":3,\\\"out\\\":0,\\\"time\\\":2}]}","lite":"0","guid":"58a1ba1f-0984-44c4-9320-fc12c48f856a","growth_activity":"0"},{"id":"4837","courseId":"91","type":"6","summary":"This has blank blocks","index":"1","json":"{\\\"type\\\":6,\\\"presentation\\\":[{\\\"text\\\":\\\"\\\",\\\"in\\\":0,\\\"out\\\":0,\\\"time\\\":0},{\\\"text\\\":\\\"This is the second block. The first is blank.\\\",\\\"in\\\":2,\\\"out\\\":0,\\\"time\\\":2},{\\\"text\\\":\\\"This is the third block\\\",\\\"in\\\":0,\\\"out\\\":0,\\\"time\\\":2}]}","lite":"0","guid":"20f29262-ccee-42e4-9bea-a8a3b6b4edab","growth_activity":"0"}]