[{"id":"2527","courseId":"45","type":"1","summary":"chapter 1 - amended","index":"0","json":"{\\\"type\\\":1}","lite":"1","guid":"5c674b7b-600f-403b-b582-a859c3c8f132","growth_activity":"0"},{"id":"2528","courseId":"45","type":"3","summary":"b","index":"1","json":"{ \\\"type\\\":3}","lite":"1","guid":"8723107b-80b4-48e1-b3b5-bce3451f333c","growth_activity":"0"},{"id":"2529","courseId":"45","type":"5","summary":"Menu 1 amended","index":"2","json":"{\\\"type\\\":5,\\\"menu\\\":[{\\\"name\\\":\\\"chapter 1 - amended\\\",\\\"guid\\\":\\\"5c674b7b-600f-403b-b582-a859c3c8f132\\\",\\\"dynamic\\\":false},{\\\"name\\\":\\\"start\\\",\\\"guid\\\":\\\"13773a97-e83f-4045-9b9e-bb6ed7fbf246\\\",\\\"dynamic\\\":false}]}","lite":"1","guid":"5df513e3-e3b9-483d-8caa-5b402a3aed9b","growth_activity":"0"},{"id":"2530","courseId":"45","type":"6","summary":"This is the summary.","index":"3","json":"{\\\"type\\\":6,\\\"presentation\\\":[{\\\"text\\\":\\\"This is the text \\\\n2nd line\\\",\\\"in\\\":2,\\\"out\\\":2,\\\"time\\\":2},{\\\"text\\\":\\\"This is my text\\\",\\\"in\\\":0,\\\"out\\\":0,\\\"time\\\":0}]}","lite":"1","guid":"37658bee-fef2-4b73-8565-c871b2b2ed25","growth_activity":"0"},{"id":"2531","courseId":"45","type":"7","summary":"This is a text input","index":"4","json":"{\\\"type\\\":7,\\\"input\\\":{\\\"type\\\":1,\\\"prompt\\\":\\\"This is the prompt\\\",\\\"locked\\\":false}}","lite":"1","guid":"0da4b94f-ac60-4fc8-bb81-f60fe1cf785f","growth_activity":"0"},{"id":"2532","courseId":"45","type":"7","summary":"This is a words input","index":"5","json":"{\\\"type\\\":7,\\\"input\\\":{\\\"type\\\":2,\\\"prompt\\\":\\\"This is the prompt\\\",\\\"locked\\\":false,\\\"time\\\":3,\\\"in\\\":2,\\\"out\\\":3,\\\"count\\\":7,\\\"characters\\\":26}}","lite":"0","guid":"cd1829f5-4b66-41f5-ac52-918e5b8453d2","growth_activity":"0"},{"id":"2533","courseId":"45","type":"7","summary":"This is a number","index":"6","json":"{\\\"type\\\":7,\\\"input\\\":{\\\"type\\\":3,\\\"prompt\\\":\\\"This is a number input amended\\\",\\\"locked\\\":false,\\\"text\\\":\\\"This is the number ##1## amended\\\",\\\"numbers\\\":[{\\\"value\\\":15,\\\"min\\\":10,\\\"max\\\":20}]}}","lite":"0","guid":"56b9c47f-9e6a-442e-8490-ff95a558fcaf","growth_activity":"0"},{"id":"2534","courseId":"45","type":"7","summary":"True and false","index":"7","json":"{\\\"type\\\":7,\\\"input\\\":{\\\"type\\\":5,\\\"prompt\\\":\\\"prompt\\\",\\\"locked\\\":false,\\\"text\\\":\\\"##1##\\\",\\\"booleans\\\":[{\\\"value\\\":true,\\\"correct\\\":\\\"true amended\\\",\\\"wrong\\\":\\\"False b\\\"}]}}","lite":"0","guid":"83c1f652-b3d6-4596-a66a-226659e60d52","growth_activity":"0"},{"id":"2535","courseId":"45","type":"4","summary":"b","index":"8","json":"{ \\\"type\\\":4}","lite":"1","guid":"27f2d7d8-8438-45ad-9a9a-dd1fccc3cd56","growth_activity":"0"},{"id":"2536","courseId":"45","type":"2","summary":"chapter 1","index":"9","json":"{\\\"type\\\":2}","lite":"1","guid":"bed9efcf-a10b-44e4-921f-d8a5319066ff","growth_activity":"0"},{"id":"2537","courseId":"45","type":"17","summary":"simon - amended again","index":"10","json":"{\\\"type\\\":17}","lite":"1","guid":"89c2cc2c-ebcf-404f-a3a0-926168266c19","growth_activity":"0"},{"id":"2538","courseId":"45","type":"9","summary":"word fg","index":"11","json":"{\\\"type\\\":9}","lite":"1","guid":"582d6420-7b94-463a-82ea-1a1e22846ced","growth_activity":"0"},{"id":"2539","courseId":"45","type":"1","summary":"start","index":"12","json":"{\\\"type\\\":1}","lite":"1","guid":"13773a97-e83f-4045-9b9e-bb6ed7fbf246","growth_activity":"0"},{"id":"2540","courseId":"45","type":"3","summary":"Burst start","index":"13","json":"{\\\"type\\\":3}","lite":"1","guid":"7421e6c2-7407-4e5b-82ee-23802c2fe499","growth_activity":"0"},{"id":"2541","courseId":"45","type":"6","summary":"Presentation","index":"14","json":"{\\\"type\\\":6}","lite":"1","guid":"07f19833-a0fb-4801-bfee-e1bcaf08c78d","growth_activity":"0"},{"id":"2542","courseId":"45","type":"4","summary":"Burst end","index":"15","json":"{\\\"type\\\":4}","lite":"1","guid":"a535cefd-88c4-446e-a6b1-800e1969edb3","growth_activity":"0"},{"id":"2543","courseId":"45","type":"2","summary":"end","index":"16","json":"{\\\"type\\\":6}","lite":"1","guid":"0bf0e2d0-343a-4958-9a1a-a27bd751237f","growth_activity":"0"},{"id":"2544","courseId":"45","type":"9","summary":"This is a wordfill","index":"17","json":"{\\\"type\\\":9,\\\"wordfill\\\":{\\\"words\\\":[\\\"1 amend\\\",\\\"2 amend\\\",\\\"3 amend\\\"],\\\"text\\\":\\\"##1## answer\\\"}}","lite":"0","guid":"850947f8-8087-4b99-a853-7f5b5a7e3e92","growth_activity":"0"},{"id":"2545","courseId":"45","type":"8","summary":"Statement amended","index":"18","json":"{\\\"type\\\":8,\\\"statement\\\":{\\\"prompt\\\":\\\"Prompt\\\",\\\"statements\\\":[\\\"Statement 1\\\",\\\"Statement 2\\\",\\\"Statement 3\\\"],\\\"locked\\\":false}}","lite":"0","guid":"0580fe34-8ac6-48e1-9d92-18481e792d3a","growth_activity":"0"},{"id":"2546","courseId":"45","type":"10","summary":"Drag and drop","index":"19","json":"{\\\"type\\\":10,\\\"dragdrop\\\":{\\\"timer\\\":53,\\\"layout\\\":0,\\\"goals\\\":[{\\\"isImage\\\":true,\\\"text\\\":\\\"van\\\",\\\"image\\\":\\\"7653DB74-E2B3-7B9E-B08F-842B4E071941.png\\\"},{\\\"isImage\\\":true,\\\"image\\\":\\\"AA41204A-91F4-0E49-B4B0-8F5A1E7DC8A8.png\\\",\\\"text\\\":\\\"orange car\\\"}],\\\"items\\\":[{\\\"goal\\\":0,\\\"isImage\\\":true,\\\"text\\\":\\\"yellow car\\\",\\\"image\\\":\\\"0D9B27E7-166E-81ED-83B4-F9F6D15C3A92.png\\\"},{\\\"goal\\\":0,\\\"isImage\\\":true,\\\"image\\\":\\\"AEC79ABF-4541-0DD2-EBF3-BBF91227F09E.png\\\",\\\"text\\\":\\\"red van\\\"},{\\\"goal\\\":0,\\\"isImage\\\":true,\\\"text\\\":\\\"sporty\\\",\\\"image\\\":\\\"B1BDE1C9-84DF-FE9E-2B89-F9CDEFF16B53.png\\\"},{\\\"goal\\\":0,\\\"isImage\\\":true,\\\"text\\\":\\\"green\\\",\\\"image\\\":\\\"875E636E-F53C-6CB1-4707-8613EEC10045.png\\\"}]}}","lite":"0","guid":"60d11760-1eac-47fa-b6f7-7f8d1d02da09","growth_activity":"0"},{"id":"2547","courseId":"45","type":"14","summary":"Question amended","index":"20","json":"{\\\"type\\\":14,\\\"question\\\":{\\\"timer\\\":49,\\\"multiplechoice\\\":true,\\\"answers\\\":[{\\\"correct\\\":false,\\\"text\\\":\\\"Answer 1\\\"},{\\\"correct\\\":true,\\\"text\\\":\\\"Answer 2\\\"},{\\\"correct\\\":false,\\\"text\\\":\\\"Answer 3\\\"},{\\\"correct\\\":false,\\\"text\\\":\\\"Answer 4\\\"}],\\\"text\\\":\\\"This is the question\\\"}}","lite":"0","guid":"6e3d3c27-2ccd-4b93-a708-bbe5fecd3b32","growth_activity":"0"}]