{"id":"217","credits":"2","dollars":"9.99","summary":"Learn to communicate with confidence in your business and personal life.","description":"Learn to use the essential elements of trust, credibility, and confident behavior to communicate effectively and confidently.","date":"2014-10-21 13:10:24","iconURL":"icon212.jpg","imageURL":"image212.jpg","vimeo":"","title":"Communicating with Confidence - iPhone1","editDate":"2014-10-21 13:24:50","buildAvailable":"1","published":"0","publicationDate":null}