[{"id":"88958","courseId":"197","type":"1","summary":"Intro","index":"0","json":"{\"type\":1,\"intro\":{\"title\":\"The Beatles Fact Blast\",\"description\":\"How much do you really know about the Beatles? Touch Next below to start on your journey of discovery!\",\"image\":\"D3C4D9C4-F5C9-3079-23FD-7A13EA5EA3A4.png\"},\"dossier\":false}","lite":"0","guid":"06c0bfa0-aaa0-420a-85b0-16d64017d351","growth_activity":"0"},{"id":"88959","courseId":"197","type":"3","summary":"Burst 1","index":"1","json":"{\"type\":3,\"intro\":{\"title\":\"Early Fame\",\"description\":\"Let&#39;s start in the early sixties as our boys become famous across the pond.\",\"image\":\"A9EDE0A6-C97A-3663-168E-566466D575D7.png\",\"sound\":\"\",\"volume\":50},\"unlockscore\":0,\"quicklink\":false,\"quotation\":\"\"}","lite":"0","guid":"aa525cdc-db4a-4fe4-8728-33509b46906a","growth_activity":"0"},{"id":"88960","courseId":"197","type":"10","summary":"John, Paul, George, Ringo","index":"2","json":"{\"type\":10,\"dragdrop\":{\"timer\":60,\"layout\":0,\"goals\":[{\"isImage\":true,\"text\":\"\",\"image\":\"E3E37C78-20EA-3CD4-1394-3F370E366381.png\"},{\"isImage\":true,\"text\":\"\",\"image\":\"6CAB13FC-D1DC-2490-5B76-A8980274B62B.png\"},{\"isImage\":true,\"text\":\"\",\"image\":\"6300EE42-9410-27B3-1F69-E9C4E977535C.png\"},{\"isImage\":true,\"text\":\"\",\"image\":\"18399AB2-E030-52DC-E671-9D633501FD4D.png\"}],\"items\":[{\"goal\":0,\"isImage\":false,\"text\":\"Bass guitar\",\"image\":\"\",\"feedback\":[\"\",\"\"]},{\"goal\":0,\"isImage\":false,\"text\":\"Drums\",\"image\":\"\",\"feedback\":[\"\",\"\"]},{\"goal\":0,\"isImage\":false,\"text\":\"Lead guitar\",\"image\":\"\",\"feedback\":[\"\",\"\"]},{\"goal\":0,\"isImage\":false,\"text\":\"Rhythm guitar\",\"image\":\"\",\"feedback\":[\"\",\"\"]}],\"prompt\":\"Drag each item to the correct learning goal\",\"sound\":\"\"},\"feedback\":[\"\",\"\"],\"score\":0,\"gems\":0}","lite":"0","guid":"83cd6d07-2b72-478c-b670-06a9948de17e","growth_activity":"0"},{"id":"88961","courseId":"197","type":"9","summary":"Arriving in NYC","index":"3","json":"{\"type\":9,\"wordfill\":{\"text\":\"The Beatles arrived on ##3## 7, 1964 at ##5## airport, almost three months after the ##1##.\",\"prompt\":\"\",\"sound\":\"\",\"words\":[\"assassination of JFK\",\"Bay of Pigs fiasco\",\"February\",\"June\",\"JFK\",\"Idlewild\"],\"timer\":30},\"feedback\":[\"You got it!\",\"You didn&#39;t get it!\"],\"score\":\"120\",\"gems\":\"1\"}","lite":"0","guid":"1dcbeccc-1172-4fb3-8147-aa06c7dc74fd","growth_activity":"0"},{"id":"88962","courseId":"197","type":"4","summary":"Burst 1","index":"4","json":"{ \"type\":4}","lite":"0","guid":"14aa052f-3ee9-41c5-8418-ffdcfcc60052","growth_activity":"0"},{"id":"88963","courseId":"197","type":"2","summary":"Intro","index":"5","json":"{ \"type\":2}","lite":"0","guid":"6753ab90-9a76-4153-b853-3d715fe00197","growth_activity":"0"}]