[{"id":"84499","courseId":"192","type":"1","summary":"Chapter 1","index":"0","json":"{\"type\":3,\"intro\":{\"title\":\"This is the first Learning unit \",\"description\":\"It contains mainly input fields to test.\",\"image\":\"090751CB-B7EE-4B63-A4B2-FC73331DF5B7.png\"},\"feedback\":[\"\",\"\"],\"unlockscore\":0,\"dossier\":true}","lite":"1","guid":"5c674b7b-600f-403b-b582-a859c3c8f132","growth_activity":"0"},{"id":"84513","courseId":"192","type":"10","summary":"Drag and drop","index":"14","json":"{\"type\":10,\"dragdrop\":{\"timer\":53,\"layout\":0,\"goals\":[{\"isImage\":true,\"text\":\"van\",\"image\":\"7653DB74-E2B3-7B9E-B08F-842B4E071941.png\"},{\"isImage\":true,\"image\":\"AA41204A-91F4-0E49-B4B0-8F5A1E7DC8A8.png\",\"text\":\"orange car\"}],\"items\":[{\"goal\":1,\"isImage\":true,\"text\":\"yellow car\",\"image\":\"0D9B27E7-166E-81ED-83B4-F9F6D15C3A92.png\",\"feedback\":[\"Great choice\",\"Nope that wasn&#39;t right.\"]},{\"goal\":2,\"isImage\":true,\"image\":\"AEC79ABF-4541-0DD2-EBF3-BBF91227F09E.png\",\"text\":\"red van\",\"feedback\":[\"\",\"\"]},{\"goal\":1,\"isImage\":true,\"text\":\"sporty\",\"image\":\"B1BDE1C9-84DF-FE9E-2B89-F9CDEFF16B53.png\",\"feedback\":[\"\",\"\"]},{\"goal\":2,\"isImage\":true,\"text\":\"green\",\"image\":\"875E636E-F53C-6CB1-4707-8613EEC10045.png\",\"feedback\":[\"\",\"\"]}],\"prompt\":\"Drag each item to the correct learning goal\"},\"feedback\":[\"Congratulations\",\"Loser\"],\"score\":\"100\",\"gems\":\"1\"}","lite":"1","guid":"60d11760-1eac-47fa-b6f7-7f8d1d02da09","growth_activity":"0"},{"id":"84515","courseId":"192","type":"6","summary":"This is a presentation","index":"16","json":"{\"type\":6,\"input\":{\"type\":1,\"prompt\":\"Why is this one not saving?\",\"locked\":false},\"presentation\":[{\"text\":\"Hello&#10;another line &#10;and another\",\"in\":2,\"out\":0,\"time\":0,\"sound\":\"13EC985A-5A14-8DB2-30CC-A5C5CDC7F2A9.mp3\",\"alignment\":1,\"size\":2,\"color\":1,\"font\":1},{\"text\":\"Hello again\",\"in\":3,\"out\":0,\"time\":6,\"sound\":\"F9DDC8BC-22A4-72B8-D795-12048E4A3D6C.mp3\",\"alignment\":2,\"size\":1,\"color\":2,\"font\":2},{\"text\":\"And another line&#10;Another below&#10;And yet another\",\"in\":1,\"out\":0,\"time\":6,\"sound\":\"77CE578B-FDF8-5098-A5BE-2C5ADB82D31C.mp3\",\"color\":\"#6D6DCC\"}],\"image\":\"7886163D-60D1-44A0-D022-BDA94D3D9957.png\"}","lite":"1","guid":"37658bee-fef2-4b73-8565-c871b2b2ed25","growth_activity":"0"},{"id":"84518","courseId":"192","type":"3","summary":"Burst no 2","index":"19","json":"{\"type\":6,\"intro\":{\"title\":\"This is the title\",\"description\":\"This is the description\",\"image\":\"DCBE3E44-5010-DE7A-0247-ED6E62DDCE7B.png\",\"sound\":\"FC8C6E1F-A708-124C-20E3-2F5286638717.mp3\",\"volume\":35},\"unlockscore\":0,\"quicklink\":false,\"quotation\":\"\"}","lite":"1","guid":"8723107b-80b4-48e1-b3b5-bce3451f333c","growth_activity":"0"},{"id":"84528","courseId":"192","type":"7","summary":"This is a text input","index":"29","json":"{\"type\":7,\"input\":{\"type\":1,\"prompt\":\"This is a text input\",\"locked\":false}}","lite":"1","guid":"0da4b94f-ac60-4fc8-bb81-f60fe1cf785f","growth_activity":"0"},{"id":"84529","courseId":"192","type":"7","summary":"This is a words input","index":"30","json":"{\"type\":7,\"input\":{\"type\":2,\"prompt\":\"This is a words input with 7 words\",\"locked\":false,\"time\":3,\"in\":2,\"out\":3,\"count\":7,\"characters\":8}}","lite":"1","guid":"cd1829f5-4b66-41f5-ac52-918e5b8453d2","growth_activity":"0"},{"id":"84530","courseId":"192","type":"7","summary":"This is a number","index":"31","json":"{\"type\":7,\"input\":{\"type\":3,\"prompt\":\"Enter a number between 10 and 100\",\"locked\":false,\"text\":\"$##1##\",\"numbers\":[{\"value\":75,\"min\":10,\"max\":100}]}}","lite":"1","guid":"f7e19e83-181d-40ef-8678-14090787425d","growth_activity":"0"},{"id":"84531","courseId":"192","type":"7","summary":"True and false","index":"32","json":"{\"type\":7,\"input\":{\"type\":5,\"prompt\":\"This is a true false\",\"locked\":false,\"text\":\"Is this correct ##1##\",\"booleans\":[{\"value\":true,\"correct\":\"Yes\",\"wrong\":\"No\"}]}}","lite":"1","guid":"83c1f652-b3d6-4596-a66a-226659e60d52","growth_activity":"0"},{"id":"84534","courseId":"192","type":"4","summary":"b","index":"35","json":"{ \"type\":4}","lite":"1","guid":"27f2d7d8-8438-45ad-9a9a-dd1fccc3cd56","growth_activity":"0"},{"id":"84535","courseId":"192","type":"2","summary":"chapter 1","index":"36","json":"{\"type\":2}","lite":"1","guid":"bed9efcf-a10b-44e4-921f-d8a5319066ff","growth_activity":"0"},{"id":"84536","courseId":"192","type":"1","summary":"Chapter 2","index":"37","json":"{\"type\":1,\"intro\":{\"title\":\"Chapter 2 title\",\"description\":\"You are doing really well to get to this stage. \",\"image\":\"\"}}","lite":"1","guid":"13773a97-e83f-4045-9b9e-bb6ed7fbf246","growth_activity":"0"},{"id":"84538","courseId":"192","type":"14","summary":"Question","index":"39","json":"{\"type\":14,\"question\":{\"timer\":49,\"multiplechoice\":true,\"answers\":[{\"correct\":false,\"text\":\"Answer 1\"},{\"correct\":true,\"text\":\"Answer 2\"},{\"correct\":false,\"text\":\"Answer 3\"},{\"correct\":false,\"text\":\"Answer 4\"}],\"text\":\"This is a question. Answer 2 is correct. \"},\"feedback\":[\"Great\",\"Rubbish\"],\"score\":\"100\",\"gems\":0}","lite":"1","guid":"6e3d3c27-2ccd-4b93-a708-bbe5fecd3b32","growth_activity":"0"},{"id":"84539","courseId":"192","type":"9","summary":"This is a wordfill","index":"40","json":"{\"type\":9,\"wordfill\":{\"words\":[\"succeed\",\"fear\",\"willpower\",\"stare\",\"definite\"],\"text\":\"To ##1## at what you want, you must choose a ##5## goal, and place all your energy, ##3## and effort behind that goal.&#10;Next line.\",\"timer\":26,\"prompt\":\"This is a prompt\"},\"feedback\":[\"This is the panel that will be displayed if the user passes the Blink\",\"Whoops\"],\"score\":\"120\",\"gems\":\"2\"}","lite":"1","guid":"850947f8-8087-4b99-a853-7f5b5a7e3e92","growth_activity":"0"},{"id":"84542","courseId":"192","type":"2","summary":"end","index":"43","json":"{\"type\":6}","lite":"1","guid":"0bf0e2d0-343a-4958-9a1a-a27bd751237f","growth_activity":"0"}]