[{"id":"4783","courseId":"84","type":"1","summary":"Situations and Observations","index":"0","json":"{\\\\\\\"type\\\\\\\":1,\\\\\\\"intro\\\\\\\":{\\\\\\\"title\\\\\\\":\\\\\\\"Situations and Observations\\\\\\\",\\\\\\\"description\\\\\\\":\\\\\\\"This Unit is about how figuring out how to actually go out into the world and be a nurse, and how you feel about that.\\\\\\\",\\\\\\\"image\\\\\\\":\\\\\\\"0C67E5AA-9548-43B7-95EE-9798BE0C9AFF.png\\\\\\\"},\\\\\\\"dossier\\\\\\\":false}","lite":"0","guid":"45b46b9c-287d-4786-99aa-cc35b2f6e31d","growth_activity":"0"},{"id":"4784","courseId":"84","type":"3","summary":"Medication Mix Up","index":"1","json":"{\\\\\\\"type\\\\\\\":3,\\\\\\\"intro\\\\\\\":{\\\\\\\"title\\\\\\\":\\\\\\\"Medication Mix Up\\\\\\\",\\\\\\\"description\\\\\\\":\\\\\\\"You&#27;re young and inexperienced, but you notice a senior nurse make a mistake.\\\\\\\",\\\\\\\"image\\\\\\\":\\\\\\\"\\\\\\\"},\\\\\\\"unlockscore\\\\\\\":0,\\\\\\\"quicklink\\\\\\\":false,\\\\\\\"quotation\\\\\\\":\\\\\\\"When you are a nurse, you know that every day you will touch a life or a life will touch yours.\\\\\\\"}","lite":"0","guid":"290631d2-62f1-4962-aadb-b4b2ba5e6e76","growth_activity":"0"},{"id":"4785","courseId":"84","type":"6","summary":"Wrong Medication","index":"2","json":"{\\\\\\\"type\\\\\\\":6,\\\\\\\"presentation\\\\\\\":[{\\\\\\\"text\\\\\\\":\\\\\\\"You are just out of nursing school and you got a job at a sub-acute rehab facility. \\\\\\\",\\\\\\\"in\\\\\\\":1,\\\\\\\"out\\\\\\\":0,\\\\\\\"time\\\\\\\":1},{\\\\\\\"text\\\\\\\":\\\\\\\"You are working with Linda, an experienced nurse who was named Nurse of the Year and is President of the state nursing association.\\\\\\\",\\\\\\\"in\\\\\\\":1,\\\\\\\"out\\\\\\\":0,\\\\\\\"time\\\\\\\":2},{\\\\\\\"text\\\\\\\":\\\\\\\"While Linda was on a break, you noticed that she had mixed up the IV medications for two patients in one of your rooms. \\\\\\\",\\\\\\\"in\\\\\\\":1,\\\\\\\"out\\\\\\\":0,\\\\\\\"time\\\\\\\":3},{\\\\\\\"text\\\\\\\":\\\\\\\"Think about how you might handle this situation and then answer the next few questions.\\\\\\\",\\\\\\\"in\\\\\\\":0,\\\\\\\"out\\\\\\\":0,\\\\\\\"time\\\\\\\":4}]}","lite":"0","guid":"12d15d12-1cbd-4d17-8972-b600dc6da3f7","growth_activity":"0"},{"id":"4786","courseId":"84","type":"14","summary":"What To Do","index":"3","json":"{\\\\\\\"type\\\\\\\":14,\\\\\\\"question\\\\\\\":{\\\\\\\"timer\\\\\\\":20,\\\\\\\"multiplechoice\\\\\\\":true,\\\\\\\"answers\\\\\\\":[{\\\\\\\"correct\\\\\\\":false,\\\\\\\"text\\\\\\\":\\\\\\\"Wait for Linda to return from break, then tell her\\\\\\\"},{\\\\\\\"correct\\\\\\\":true,\\\\\\\"text\\\\\\\":\\\\\\\"Check for drug allergies and call their doctors\\\\\\\"}],\\\\\\\"text\\\\\\\":\\\\\\\"When you notice that Linda has mixed up the medications of the two patients, which is the correct thing to do:\\\\\\\"},\\\\\\\"feedback\\\\\\\":[\\\\\\\"Yes, no matter who the nurse is, you must take action when you see a mistake like this to protect the health of the patients.\\\\\\\",\\\\\\\"The health and life of the patient is at stake. As a nurse, you must always act to protect the patient.\\\\\\\"],\\\\\\\"score\\\\\\\":\\\\\\\"20\\\\\\\",\\\\\\\"gems\\\\\\\":0}","lite":"0","guid":"ad3c6395-aaca-4e1d-b4b6-3ea79311f73e","growth_activity":"0"},{"id":"4787","courseId":"84","type":"10","summary":"Do's and Don'ts","index":"4","json":"{\\\\\\\"type\\\\\\\":10,\\\\\\\"dragdrop\\\\\\\":{\\\\\\\"timer\\\\\\\":20,\\\\\\\"layout\\\\\\\":0,\\\\\\\"goals\\\\\\\":[{\\\\\\\"isImage\\\\\\\":false,\\\\\\\"text\\\\\\\":\\\\\\\"Yes, do this!\\\\\\\",\\\\\\\"image\\\\\\\":\\\\\\\"939D6DD9-1230-C588-B9C7-D66D9DAF2402.png\\\\\\\"},{\\\\\\\"isImage\\\\\\\":false,\\\\\\\"text\\\\\\\":\\\\\\\"No, don&#39;t do this!\\\\\\\",\\\\\\\"image\\\\\\\":\\\\\\\"CC082B84-2AA9-C04B-B357-32AE8F7A64AC.png\\\\\\\"}],\\\\\\\"items\\\\\\\":[{\\\\\\\"goal\\\\\\\":1,\\\\\\\"isImage\\\\\\\":false,\\\\\\\"text\\\\\\\":\\\\\\\"Check the patient&#39;s vitals\\\\\\\",\\\\\\\"image\\\\\\\":\\\\\\\"\\\\\\\"},{\\\\\\\"goal\\\\\\\":2,\\\\\\\"isImage\\\\\\\":false,\\\\\\\"text\\\\\\\":\\\\\\\"Protect nurse\\\\\\\",\\\\\\\"image\\\\\\\":\\\\\\\"\\\\\\\"},{\\\\\\\"goal\\\\\\\":1,\\\\\\\"isImage\\\\\\\":false,\\\\\\\"text\\\\\\\":\\\\\\\"Call doctor\\\\\\\",\\\\\\\"image\\\\\\\":\\\\\\\"\\\\\\\"},{\\\\\\\"goal\\\\\\\":1,\\\\\\\"isImage\\\\\\\":false,\\\\\\\"text\\\\\\\":\\\\\\\"Report to manager\\\\\\\",\\\\\\\"image\\\\\\\":\\\\\\\"\\\\\\\"},{\\\\\\\"goal\\\\\\\":2,\\\\\\\"isImage\\\\\\\":false,\\\\\\\"text\\\\\\\":\\\\\\\"Wait, tell nurse\\\\\\\",\\\\\\\"image\\\\\\\":\\\\\\\"\\\\\\\"},{\\\\\\\"goal\\\\\\\":2,\\\\\\\"isImage\\\\\\\":false,\\\\\\\"text\\\\\\\":\\\\\\\"Hide mistake\\\\\\\",\\\\\\\"image\\\\\\\":\\\\\\\"\\\\\\\"}],\\\\\\\"prompt\\\\\\\":\\\\\\\"When you noticed Linda, a much more experienced nurse, mix up medications, which actions should you take and which should you avoid?\\\\\\\"},\\\\\\\"feedback\\\\\\\":[\\\\\\\"Yes, nursing is about protecting the health and welfare of the patient.\\\\\\\",\\\\\\\"Nursing is about protecting the health and welfare of the patient. That is the bottom line.\\\\\\\"],\\\\\\\"score\\\\\\\":\\\\\\\"30\\\\\\\",\\\\\\\"gems\\\\\\\":0}","lite":"0","guid":"a31fc677-0685-4bbb-9f04-636317e17ef1","growth_activity":"0"},{"id":"4788","courseId":"84","type":"9","summary":"Summing it up","index":"5","json":"{\\\\\\\"type\\\\\\\":9,\\\\\\\"feedback\\\\\\\":[\\\\\\\"That is the way to handle a medication mix up.\\\\\\\",\\\\\\\"Study more.\\\\\\\"],\\\\\\\"score\\\\\\\":0,\\\\\\\"gems\\\\\\\":0,\\\\\\\"wordfill\\\\\\\":{\\\\\\\"words\\\\\\\":[\\\\\\\"manager\\\\\\\",\\\\\\\"incident\\\\\\\",\\\\\\\"Verify\\\\\\\",\\\\\\\"vital signs\\\\\\\",\\\\\\\"medications\\\\\\\",\\\\\\\"physicians\\\\\\\"],\\\\\\\"text\\\\\\\":\\\\\\\"If you ever get into a situation where you notice a major mix up of medications, this is what you should do: ##3## the mistake, then take down the ##5##. Check their ##4##. Then call their ##6##. Report the error to your ##1## so there is an ##2## report.\\\\\\\",\\\\\\\"timer\\\\\\\":30}}","lite":"0","guid":"8093d76b-012a-48f8-922a-ce5b5d255688","growth_activity":"0"},{"id":"4789","courseId":"84","type":"8","summary":"The Nurse Code","index":"6","json":"{\\\\\\\"type\\\\\\\":8,\\\\\\\"statement\\\\\\\":{\\\\\\\"prompt\\\\\\\":\\\\\\\"These are things that every nurse must believe:\\\\\\\",\\\\\\\"statements\\\\\\\":[\\\\\\\"I love | being | a nurse\\\\\\\",\\\\\\\"Laughter | is the best | medicine.\\\\\\\",\\\\\\\"The patient&#39;s | health and | well being | is the prime |motivator.\\\\\\\"],\\\\\\\"locked\\\\\\\":false,\\\\\\\"timer\\\\\\\":26},\\\\\\\"feedback\\\\\\\":[\\\\\\\"Yes,  you know what nurses are all about.\\\\\\\",\\\\\\\"No, you are not a nurse at heart.\\\\\\\"],\\\\\\\"score\\\\\\\":0,\\\\\\\"gems\\\\\\\":0}","lite":"0","guid":"e15c675c-392e-4588-a092-52ca86cae626","growth_activity":"0"},{"id":"4790","courseId":"84","type":"4","summary":"Medication Mix Up","index":"7","json":"{ \\\\\\\"type\\\\\\\":4}","lite":"0","guid":"645e857f-c178-499a-bb45-303d4d97aa4f","growth_activity":"0"},{"id":"4791","courseId":"84","type":"3","summary":"Writing about Nursing","index":"8","json":"{\\\\\\\"type\\\\\\\":3,\\\\\\\"intro\\\\\\\":{\\\\\\\"title\\\\\\\":\\\\\\\"Why you are a nurse\\\\\\\",\\\\\\\"description\\\\\\\":\\\\\\\"Nursing is not just a job, it is a way of life. \\\\\\\",\\\\\\\"image\\\\\\\":\\\\\\\"\\\\\\\"},\\\\\\\"unlockscore\\\\\\\":0,\\\\\\\"quicklink\\\\\\\":false,\\\\\\\"quotation\\\\\\\":\\\\\\\"If love canu001b&#39;t cure it, nurses can. - Author Unknown\\\\\\\"}","lite":"0","guid":"08b25524-ceac-4e8b-ab24-28b6ea19e356","growth_activity":"0"},{"id":"4792","courseId":"84","type":"7","summary":"Why I am a nurse","index":"9","json":"{\\\\\\\"type\\\\\\\":7,\\\\\\\"input\\\\\\\":{\\\\\\\"type\\\\\\\":1,\\\\\\\"prompt\\\\\\\":\\\\\\\"Why did you decide to go into nursing?\\\\\\\",\\\\\\\"locked\\\\\\\":false}}","lite":"0","guid":"f439507d-3289-4ce5-88ce-5df93a0b7f90","growth_activity":"0"},{"id":"4793","courseId":"84","type":"7","summary":"What nursing means to you","index":"10","json":"{\\\\\\\"type\\\\\\\":7,\\\\\\\"input\\\\\\\":{\\\\\\\"type\\\\\\\":2,\\\\\\\"prompt\\\\\\\":\\\\\\\"When you think about nursing, what three words come to mind?\\\\\\\",\\\\\\\"locked\\\\\\\":false,\\\\\\\"in\\\\\\\":1,\\\\\\\"out\\\\\\\":0,\\\\\\\"time\\\\\\\":2,\\\\\\\"count\\\\\\\":3,\\\\\\\"characters\\\\\\\":12}}","lite":"0","guid":"4a497685-c143-4e3f-97b8-df139a87e2f6","growth_activity":"0"},{"id":"4794","courseId":"84","type":"4","summary":"Writing about Nursing","index":"11","json":"{ \\\\\\\"type\\\\\\\":4}","lite":"0","guid":"4b681b86-864e-4b9e-8700-82c996627756","growth_activity":"0"},{"id":"4795","courseId":"84","type":"2","summary":"Situations and Observations","index":"12","json":"{ \\\\\\\"type\\\\\\\":2}","lite":"0","guid":"d4e74efd-341b-41c8-9b63-b7b16a580358","growth_activity":"0"}]