[{"id":"357120","courseId":"291","type":"3","summary":"Science of Getting Rich PDF","index":"0","json":"{\"type\":3,\"intro\":{\"title\":\"Science of Getting Rich PDF\",\"description\":\"In this Activity you can read the original version of Wallace Wattles&#39; Science of Getting Rich, published in 1910.\",\"image\":\"BDBBEB19-ADD2-5883-D093-707FD567E537.png\",\"sound\":\"\",\"volume\":50},\"unlockscore\":0,\"quicklink\":false,\"quotation\":\"\"}","lite":"0","guid":"350b7f11-a288-4cc5-b177-e67130ca7417","growth_activity":"1"},{"id":"357121","courseId":"291","type":"5","summary":"Science of Getting Rich PDF","index":"1","json":"{\"type\":5,\"ebook\":\"1C1DEAFE-2CD5-BB1E-DF68-02AEE822A823.pdf\"}","lite":"0","guid":"88700b3b-d5aa-4bee-b1ae-aa6569d10a42","growth_activity":"1"},{"id":"357122","courseId":"291","type":"4","summary":"Science of Getting Rich PDF","index":"2","json":"{ \"type\":4}","lite":"0","guid":"6549693c-ce09-42c8-bfb6-985f6abfee9c","growth_activity":"1"}]