[{"id":"5058","courseId":"112","type":"1","summary":"Chapter 1","index":"0","json":"{\\\\\\\"type\\\\\\\":1,\\\\\\\"intro\\\\\\\":{\\\\\\\"title\\\\\\\":\\\\\\\"Chapter 1: Jack&#39;s Story\\\\\\\",\\\\\\\"description\\\\\\\":\\\\\\\"Don&#39;t be afraid to hear about Jack Meltarch and the place he found himself.\\\\\\\",\\\\\\\"image\\\\\\\":\\\\\\\"2A8AD972-0C3A-8ED7-EA93-6BAA8124E983.png\\\\\\\"},\\\\\\\"dossier\\\\\\\":false}","lite":"0","guid":"d0a25c57-b724-46f4-b85a-2795b0d6c220","growth_activity":"0"},{"id":"5059","courseId":"112","type":"3","summary":"The start of the story","index":"1","json":"{\\\\\\\"type\\\\\\\":3,\\\\\\\"intro\\\\\\\":{\\\\\\\"title\\\\\\\":\\\\\\\"Our story begins.\\\\\\\",\\\\\\\"description\\\\\\\":\\\\\\\"Listen to the tale of Jack Meltarch and his life.\\\\\\\",\\\\\\\"image\\\\\\\":\\\\\\\"4634F752-EAB1-EA42-B66F-E26955202181.png\\\\\\\"},\\\\\\\"unlockscore\\\\\\\":0,\\\\\\\"quicklink\\\\\\\":false,\\\\\\\"quotation\\\\\\\":\\\\\\\"\\\\\\\"}","lite":"0","guid":"edd4ee0f-e88b-417d-b739-42ce27700999","growth_activity":"0"},{"id":"5060","courseId":"112","type":"6","summary":"The Night Was Cold","index":"2","json":"{\\\\\\\"type\\\\\\\":6,\\\\\\\"presentation\\\\\\\":[{\\\\\\\"text\\\\\\\":\\\\\\\"The night was cold, it was the New Year&#39;s Eve\\\\\\\",\\\\\\\"in\\\\\\\":5,\\\\\\\"out\\\\\\\":0,\\\\\\\"time\\\\\\\":1},{\\\\\\\"text\\\\\\\":\\\\\\\"There was a thin mist and a wind that drove it.\\\\\\\",\\\\\\\"in\\\\\\\":5,\\\\\\\"out\\\\\\\":0,\\\\\\\"time\\\\\\\":2},{\\\\\\\"text\\\\\\\":\\\\\\\"He was alone &#39;cept for a down &#39;n outer on the curb\\\\\\\",\\\\\\\"in\\\\\\\":5,\\\\\\\"out\\\\\\\":0,\\\\\\\"time\\\\\\\":3},{\\\\\\\"text\\\\\\\":\\\\\\\"Who rolled over and into the street.\\\\\\\",\\\\\\\"in\\\\\\\":5,\\\\\\\"out\\\\\\\":0,\\\\\\\"time\\\\\\\":4}]}","lite":"0","guid":"a715dcda-7172-4a42-8b75-401d5d9fc070","growth_activity":"0"},{"id":"5061","courseId":"112","type":"9","summary":"I will not deny it","index":"3","json":"{\\\\\\\"type\\\\\\\":9,\\\\\\\"feedback\\\\\\\":[\\\\\\\"Jack Meltarch was born into the last years of the 21st century. He was a programmer for MOTL, the corporate entity that was the state.\\\\\\\",\\\\\\\"I cannot deny it, I saw what I saw. You cannot live by it, the law is the law.\\\\\\\"],\\\\\\\"score\\\\\\\":\\\\\\\"10000\\\\\\\",\\\\\\\"gems\\\\\\\":\\\\\\\"1\\\\\\\",\\\\\\\"wordfill\\\\\\\":{\\\\\\\"prompt\\\\\\\":\\\\\\\"\\\\\\\",\\\\\\\"words\\\\\\\":[\\\\\\\"deny\\\\\\\",\\\\\\\"saw\\\\\\\",\\\\\\\"live\\\\\\\",\\\\\\\"law\\\\\\\"],\\\\\\\"text\\\\\\\":\\\\\\\"I will not ##1## it. I saw what I ##2##. You cannot ##3## by it. The law is the ##4##.\\\\\\\",\\\\\\\"timer\\\\\\\":20}}","lite":"0","guid":"69b3f702-8166-4c59-9c00-a538ad9f132b","growth_activity":"0"},{"id":"5062","courseId":"112","type":"6","summary":"A black limosine","index":"4","json":"{\\\\\\\"type\\\\\\\":6,\\\\\\\"presentation\\\\\\\":[{\\\\\\\"text\\\\\\\":\\\\\\\"A black limosine with plates from the state.\\\\\\\",\\\\\\\"in\\\\\\\":5,\\\\\\\"out\\\\\\\":0,\\\\\\\"time\\\\\\\":1},{\\\\\\\"text\\\\\\\":\\\\\\\"Drove through her like she was a...\\\\\\\",\\\\\\\"in\\\\\\\":2,\\\\\\\"out\\\\\\\":0,\\\\\\\"time\\\\\\\":2},{\\\\\\\"text\\\\\\\":\\\\\\\"...vapor.\\\\\\\",\\\\\\\"in\\\\\\\":3,\\\\\\\"out\\\\\\\":0,\\\\\\\"time\\\\\\\":2},{\\\\\\\"text\\\\\\\":\\\\\\\"The big car stopped. The driver peeked out.\\\\\\\",\\\\\\\"in\\\\\\\":5,\\\\\\\"out\\\\\\\":0,\\\\\\\"time\\\\\\\":3},{\\\\\\\"text\\\\\\\":\\\\\\\"His passenger snapped his fingers, they were gone.\\\\\\\",\\\\\\\"in\\\\\\\":4,\\\\\\\"out\\\\\\\":0,\\\\\\\"time\\\\\\\":5}]}","lite":"0","guid":"10b50e9c-89c1-4771-ad5a-f19a8145deaa","growth_activity":"0"},{"id":"5063","courseId":"112","type":"8","summary":"I will not deny it.","index":"5","json":"{\\\\\\\"type\\\\\\\":8,\\\\\\\"statement\\\\\\\":{\\\\\\\"prompt\\\\\\\":\\\\\\\"Say it once again...\\\\\\\",\\\\\\\"statements\\\\\\\":[\\\\\\\"I will|not|deny it.\\\\\\\",\\\\\\\"I saw|what I|saw.\\\\\\\",\\\\\\\"You|cannot|live|by it.\\\\\\\",\\\\\\\"The law|is the|law.\\\\\\\"],\\\\\\\"locked\\\\\\\":false,\\\\\\\"timer\\\\\\\":20,\\\\\\\"wrong\\\\\\\":\\\\\\\"Don&#39;t|Be Afraid|To Live.\\\\\\\"},\\\\\\\"wrong\\\\\\\":\\\\\\\"\\\\\\\",\\\\\\\"feedback\\\\\\\":[\\\\\\\"Don&#39;t be afraid to try. Don&#39;t be afraid to lose. Don&#39;t be afraid to cry. Don&#39;t be afraid to choose.\\\\\\\",\\\\\\\"Don&#39;t be afraid to live. Don&#39;t be afraid to live.\\\\\\\"],\\\\\\\"score\\\\\\\":\\\\\\\"10000\\\\\\\",\\\\\\\"gems\\\\\\\":\\\\\\\"3\\\\\\\"}","lite":"0","guid":"b6be71cb-dd4a-4a16-87a7-7af86903fb99","growth_activity":"0"},{"id":"5064","courseId":"112","type":"7","summary":"Who was Jack Meltarch?","index":"6","json":"{\\\\\\\"type\\\\\\\":7,\\\\\\\"input\\\\\\\":{\\\\\\\"type\\\\\\\":2,\\\\\\\"prompt\\\\\\\":\\\\\\\"Who is Jack Meltarch? Come on, write three sentences about who you think he is.\\\\\\\",\\\\\\\"locked\\\\\\\":false,\\\\\\\"in\\\\\\\":2,\\\\\\\"out\\\\\\\":3,\\\\\\\"time\\\\\\\":2,\\\\\\\"count\\\\\\\":3,\\\\\\\"characters\\\\\\\":12}}","lite":"0","guid":"12a94498-33b6-45d3-96cd-6e9b8c875a12","growth_activity":"0"},{"id":"5065","courseId":"112","type":"4","summary":"The start of the story","index":"7","json":"{ \\\\\\\"type\\\\\\\":4}","lite":"0","guid":"76b2229c-2255-41dc-aa0a-d0664fa871ab","growth_activity":"0"},{"id":"5066","courseId":"112","type":"2","summary":"Chapter 1","index":"8","json":"{ \\\\\\\"type\\\\\\\":2}","lite":"0","guid":"4ebae25c-97d8-45a5-ac8c-345ded375594","growth_activity":"0"}]