[{"id":"126657","courseId":"257","type":"1","summary":"Unit 1","index":"0","json":"{\"type\":1,\"intro\":{\"title\":\"Coaching People Through Change\",\"description\":\"Dr. Albert Vicere is a world-renowned expert on organizational leadership, strategy and development. He has helped many major corporations adjust to the demands of a rapidly changing business environment. In this Blink course, he will help you to become better at coaching people through change.&#10;&#10;&#10;&#10;&#10;&#10;&#10;&#10;&#10;Touch Next to start on your way. \",\"image\":\"E21DC3C6-9784-DDFC-898D-BE6B93CE9129.png\"},\"dossier\":false}","lite":"0","guid":"a9dd5c3d-7abb-4edb-a986-3f169f5babc4","growth_activity":"0"},{"id":"126658","courseId":"257","type":"3","summary":"Resistance to change?","index":"1","json":"{\"type\":3,\"intro\":{\"title\":\"Resistance to Change?\",\"description\":\"Blink courses serve up content in short Bursts. In this first Burst, we&#39;ll discuss Albert&#39;s thoughts on people&#39;s resistance to change. We often hear that human beings will do anything to resist change. But is that the whole story? &#10;&#10;&#10;&#10;&#10;&#10;&#10;&#10;In this Burst, you can earn two gems. Gems reflect how well you understand the material. To unlock the next Burst, you need at least 50 points (note the &#39;Target&#39; to the left.) Touch Start to begin.\",\"image\":\"7D5521FC-1716-9572-2F8B-BFE4B535E1E7.png\",\"sound\":\"\",\"volume\":50},\"unlockscore\":\"50\",\"quicklink\":false,\"quotation\":\"\"}","lite":"0","guid":"3255091c-bde4-4602-9489-2fc69963ff2d","growth_activity":"0"},{"id":"126659","courseId":"257","type":"14","summary":"Leader as Coach","index":"2","json":"{\"type\":14,\"question\":{\"timer\":30,\"multiplechoice\":true,\"answers\":[{\"correct\":false,\"text\":\"To help employees stand up to change and fight it.\",\"feedback\":\"This is incorrect. It might have been the answer in decades past, but the last twenty years have taught us that we must embrace change and adapt to it. And that is where the leader as coach comes in.\"},{\"correct\":true,\"text\":\"To help employees to adjust and adapt to change. \",\"feedback\":\"Yes, a successful leader will help employees to adapt to change so they can prosper in their new environment. And this is where the leader as coach comes in.\"}],\"sound\":\"\",\"text\":\"We count on leaders to manage people towards success. Great leaders know how to motivate and focus people so that they can give more and do their jobs well. But what about during times of change? What is a leader&#39;s role then?\"},\"feedback\":[\"\",\"\"],\"score\":\"50\",\"gems\":\"1\",\"image\":\"2FFEAC41-5A11-2B02-6116-B0F9537E882B.png\"}","lite":"0","guid":"84e6b051-03e1-43f0-99b4-c68730e9efc3","growth_activity":"0"},{"id":"126660","courseId":"257","type":"6","summary":"What you will see","index":"3","json":"{\"type\":6,\"image\":\"735CA905-E467-8060-857E-D9B61E64630D.png\",\"presentation\":[{\"text\":\"Resistance to Change?\",\"in\":0,\"time\":0,\"sound\":\"\",\"alignment\":0,\"size\":2,\"color\":\"#256ED7\"},{\"text\":\"Next, we will watch the first part of a video in which Albert discusses coaching people through change. In this segment, he talks about how it is commonly thought that people resist change. Listen carefully because he makes a very important distinction between the kind of change people do tend to resist and the kind of change people are motivated to seek out.\",\"in\":0,\"time\":0,\"sound\":\"\"}]}","lite":"0","guid":"6aa73be9-6a50-43cc-ae99-16d9ebb87858","growth_activity":"0"},{"id":"126661","courseId":"257","type":"17","summary":"Video: Part 1","index":"4","json":"{\"type\":17,\"video\":{\"prompt\":\"Touch the Play button to start the video. Touch Next when it is complete.\",\"vimeo\":\"116889712 \"}}","lite":"0","guid":"475eff43-4aca-4587-9108-4836393ef624","growth_activity":"0"},{"id":"126662","courseId":"257","type":"20","summary":"Followup on the Video","index":"5","json":"{\"type\":20,\"multiple\":{\"timer\":60,\"answers\":[{\"correct\":false,\"text\":\"Deciding to choose a new drink at a coffee house.\",\"feedback\":\"Albert says that this is the kind of change people are drawn to - change that they choose: what new restaurant to try, what new destination to travel to on their next vacation, etc.\"},{\"correct\":true,\"text\":\"Being told that their new work hours are 8:00 to 5:00.\",\"feedback\":\"Albert says that people resent change that appears to be forced on them. For example, being told that their job responsibilities are going to change... starting tomorrow.\"},{\"correct\":true,\"text\":\"Being told they must always vacation in the Bahamas\",\"feedback\":\"It sounds odd, but most people would take offense at being told they must visit a specific holiday destination, even if that destination were a great getaway. The resistance would grow greater over time.\"},{\"correct\":false,\"text\":\"Deciding to ski at a new resort this winter.\",\"feedback\":\"This is an example of change that comes from within - the person chooses to make the change. This type of change is embraced, not resisted.\"}],\"sound\":\"\",\"text\":\"Albert makes an important distinction between change that people tend to resist and change that people are drawn to. According to Albert, which of the following changes would you expect someone to want to avoid and resist?\"},\"feedback\":[\"Great work! Touch Close then touch any answer to get more info.\",\"Some are incorrect. Touch Close then touch any answer to get more info.\"],\"score\":\"50\",\"gems\":\"1\"}","lite":"0","guid":"1ecfdc7b-ce5b-4c4c-a626-a860a206c00b","growth_activity":"0"},{"id":"126663","courseId":"257","type":"4","summary":"On Video 1","index":"6","json":"{ \"type\":4}","lite":"0","guid":"ed237b45-6a1f-4b7f-ba3f-da6052114acb","growth_activity":"0"},{"id":"126664","courseId":"257","type":"3","summary":"Comfortable or uncomfortable?","index":"7","json":"{\"type\":3,\"intro\":{\"title\":\"Comfortable or Uncomfortable?\",\"description\":\"In this Burst, Albert uses the skills of golf, tennis and playing the guitar to illuminate an important dilemma people face when dealing with change: do I want to do something not so well and feel comfortable, or not so well and feel uncomfortable?&#10;&#10;&#10;&#10;&#10;&#10;&#10;&#10;&#10;At that moment, it is crucial for the coach to offer support so the person doesn&#39;t give up. \",\"image\":\"43C5D9B0-F8DB-FDE1-F809-F35F5F3E4586.png\",\"sound\":\"\",\"volume\":50},\"unlockscore\":\"50\",\"quicklink\":false,\"quotation\":\"\"}","lite":"0","guid":"3255091c-bde4-4602-9489-2fc69963ff2d","growth_activity":"0"},{"id":"126665","courseId":"257","type":"14","summary":"You're doing everything wrong","index":"8","json":"{\"type\":14,\"question\":{\"timer\":30,\"multiplechoice\":true,\"answers\":[{\"correct\":false,\"text\":\"...you are doing everything correctly. Congratulations!\",\"feedback\":\"If you&#39;ve experienced this, you&#39;re one of the few. More likely is that the teacher tells you that your form is all wrong and you should start over. Then, the next time you try to play, you are faced with the stressful comfortable\/uncomfortable dilemma.\"},{\"correct\":true,\"text\":\"...you&#39;re doing everything wrong. Start over!\",\"feedback\":\"Yes, we&#39;ve all been there. The teacher tells you that your form is all wrong and you should start over. Then, the next time you try to play, you are faced with the stressful comfortable\/uncomfortable dilemma.\"}],\"sound\":\"\",\"text\":\"Albert chose golf, tennis and playing the guitar because those are skills that many people first teach themselves. Then, after they&#39;ve done it for a while, they often seek out help and take a lesson. &#10;&#10;Before you watch the video, think back on your own experience. What usually happens at that first lesson?&#10;&#10;The teacher says...\"},\"feedback\":[\"\",\"\"],\"score\":\"50\",\"gems\":\"0\"}","lite":"0","guid":"b7fd31eb-3001-479e-b57b-9ebcab2e7820","growth_activity":"0"},{"id":"126666","courseId":"257","type":"6","summary":"What you will see","index":"9","json":"{\"type\":6,\"image\":\"F6FA6C01-CC12-A3E6-3BE7-49C76D31E4FC.png\",\"presentation\":[{\"text\":\"Not so good and...\",\"in\":0,\"time\":0,\"sound\":\"\",\"alignment\":0,\"size\":2,\"color\":\"#256ED7\"},{\"text\":\"Next, we will watch the second part of the video in which Albert talks about what he calls the real human dilemma of change: do I want to be not so good at something and comfortable, or not so good at something and uncomfortable. And how it is precisely at that moment that the coach&#39;s support is most needed to help the person make the optimal choice.\",\"in\":0,\"time\":0,\"sound\":\"\"}]}","lite":"0","guid":"6aa73be9-6a50-43cc-ae99-16d9ebb87858","growth_activity":"0"},{"id":"126667","courseId":"257","type":"17","summary":"Video: Part 2","index":"10","json":"{\"type\":17,\"video\":{\"prompt\":\"Touch the Play button to start the video. Touch Next when it is complete.\",\"vimeo\":\"119463296 \"}}","lite":"0","guid":"475eff43-4aca-4587-9108-4836393ef624","growth_activity":"0"},{"id":"126668","courseId":"257","type":"12","summary":"Followup on Video","index":"11","json":"{\"type\":12,\"orderitems\":{\"slots\":[\"Start of the sequence\",\"\",\"\",\"\",\"\",\"End of the sequence\"],\"items\":[{\"text\":\"Teach yourself a skill\",\"slot\":1},{\"text\":\"Get comfortable with that skill\",\"slot\":2},{\"text\":\"Take a lesson to get better at the skill\",\"slot\":3},{\"text\":\"Told everything you are doing is wrong\",\"slot\":4},{\"text\":\"Taught new way of doing the skill\",\"slot\":5},{\"text\":\"Try new way on your own and FAIL!\",\"slot\":6}],\"ordered\":true,\"timer\":0,\"sound\":\"\",\"prompt\":\"Thinking back on the video, what was the sequence of events Albert spoke about? (Drag the yellow boxes to the correct orange box.)\"},\"feedback\":[\"Yes, that is the sequence that Albert spoke about. This is a typical change dilemma - stay comfortable with the old or allow discomfort and deal with the new. And this is when the coach is indispensable. \",\"Some are incorrect. But if you had gotten them correct, you would have gotten to the point where the coach&#39;s support is indispensable. \"],\"score\":\"150\",\"gems\":\"2\"}","lite":"0","guid":"22e032d6-042f-4fef-8436-b6fbb1fcbc57","growth_activity":"0"},{"id":"126669","courseId":"257","type":"8","summary":"The Responsibility of the Leader","index":"12","json":"{\"type\":8,\"statement\":{\"prompt\":\"At that moment when someone is teetering upon the fulcrum of going back or staying the course and moving forward, it is the responsibility of the leader...\",\"wrong\":\"support|praise|goals|feedback\",\"statements\":[\"to make|sure the|person|does not|give up\"],\"ordered\":true,\"timer\":0,\"sound\":\"\"},\"feedback\":[\"Yes!\",\"You didn&#39;t get it. But the point is that it&#39;s the responsibility of the leader to make sure that person does not give up.\"],\"score\":\"100\",\"gems\":\"1\"}","lite":"0","guid":"e51e9dd8-a13d-4173-ae46-059cb962da36","growth_activity":"0"},{"id":"126670","courseId":"257","type":"4","summary":"On Video 1","index":"13","json":"{ \"type\":4}","lite":"0","guid":"ed237b45-6a1f-4b7f-ba3f-da6052114acb","growth_activity":"0"},{"id":"126671","courseId":"257","type":"3","summary":"What does the leader provide?","index":"14","json":"{\"type\":3,\"intro\":{\"title\":\"\",\"description\":\"\",\"image\":\"\",\"sound\":\"\",\"volume\":50},\"unlockscore\":0,\"quicklink\":false,\"quotation\":\"\"}","lite":"0","guid":"2f533859-435a-45ea-9c71-5034ba2548c5","growth_activity":"0"},{"id":"126672","courseId":"257","type":"4","summary":"And so it goes","index":"15","json":"{ \"type\":4}","lite":"0","guid":"3eee3379-a472-43f4-b5dc-c7d33e7eb0b3","growth_activity":"0"},{"id":"126673","courseId":"257","type":"3","summary":"Review","index":"16","json":"{ \"type\":3}","lite":"0","guid":"a3a5ce2e-13ea-49d4-b06d-12174ed7d36a","growth_activity":"0"},{"id":"126674","courseId":"257","type":"4","summary":"Review","index":"17","json":"{ \"type\":4}","lite":"0","guid":"ef4f0b0e-293a-4ffc-9f0d-5e05d4e89447","growth_activity":"0"},{"id":"126675","courseId":"257","type":"2","summary":"Unit 1","index":"18","json":"{ \"type\":2}","lite":"0","guid":"070d9108-6f93-4bfc-afb8-5236d0d198dc","growth_activity":"0"}]