[{"id":"58530","courseId":"174","type":"6","summary":"Activities 2","index":"70","json":"{\\\"type\\\":6,\\\"image\\\":\\\"\\\",\\\"presentation\\\":[{\\\"text\\\":\\\"Activities 2 Activities 2 Activities 2 Activities 2\\\",\\\"in\\\":0,\\\"time\\\":0,\\\"sound\\\":\\\"\\\",\\\"font\\\":1,\\\"alignment\\\":1,\\\"size\\\":1,\\\"color\\\":\\\"#FF9500\\\"}]}","lite":"0","guid":"329634f1-a900-4696-9cee-b54c871c4abc","growth_activity":"1"},{"id":"58531","courseId":"174","type":"6","summary":"Activities","index":"71","json":"{\\\"type\\\":6,\\\"image\\\":\\\"\\\",\\\"presentation\\\":[{\\\"text\\\":\\\"First Activities\\\",\\\"in\\\":0,\\\"time\\\":0,\\\"sound\\\":\\\"\\\",\\\"color\\\":\\\"#256ED7\\\",\\\"font\\\":2,\\\"size\\\":0,\\\"alignment\\\":2}]}","lite":"0","guid":"45036bc1-962b-4d09-ad69-9549ea868266","growth_activity":"1"}]