{"id":"164","credits":"2","dollars":"9.99","summary":"Learn to communicate with confidence in your business and personal life.","description":"Learn to use the essential elements of trust, credibility, and confident behavior to communicate effectively and confidently.","date":"2014-08-17 19:37:34","iconURL":"icon159.jpg","imageURL":"image159.jpg","vimeo":"","title":"The Confident Communicator - copy Sunday Night after delete Unit 2","editDate":"2014-08-17 19:46:15","buildAvailable":"1","published":"0","publicationDate":null}