{"id":"318","authorId":"0","groupId":"0","credits":"2","dollars":"9.99","summary":"A new version of George S. Clason's classic","description":"...In a Blink courses cut through the clutter and present the essence of the material. In this easy-to-follow version of The Richest Man in Babylon, you will quickly learn the timeless fundamentals of financial success. (Includes the full text of the book.)","date":"2016-03-16 09:24:29","iconURL":"icon295.jpg","imageURL":"image295.jpg","vimeo":"","title":"The Richest Man in Babylon by George S. Clason - COMPLETE BACKUP","editDate":"2016-03-16 09:24:47","buildAvailable":"0","published":"0","publicationDate":null,"listOrder":"100"}