[{"id":"85974","courseId":"210","type":"1","summary":"Emerson","index":"0","json":"{\"type\":1,\"intro\":{\"title\":\"Ralph Waldo Emerson\",\"description\":\"Who he was.\",\"image\":\"E8E19D32-5820-A2E1-8253-1A35C126F56D.png\"},\"dossier\":false}","lite":"0","guid":"92ea0898-4d1b-447c-a97f-4d01e045508b","growth_activity":"0"},{"id":"85975","courseId":"210","type":"3","summary":"Quotes in full","index":"1","json":"{\"type\":3,\"intro\":{\"title\":\"Great quotes\",\"description\":\"These are some of the best.\",\"image\":\"\",\"sound\":\"\",\"volume\":50},\"unlockscore\":0,\"quicklink\":false,\"quotation\":\"\"}","lite":"0","guid":"433ed67d-d70f-4c67-8b1a-09124145a0c0","growth_activity":"0"},{"id":"85976","courseId":"210","type":"6","summary":"Who he was","index":"2","json":"{\"type\":6,\"image\":\"\",\"presentation\":[{\"text\":\"Ralph Waldo Emerson\",\"in\":0,\"time\":0,\"sound\":\"\",\"alignment\":1,\"size\":2,\"color\":\"#256ED7\"},{\"text\":\"This is who he was...\",\"in\":0,\"time\":0,\"sound\":\"\"}]}","lite":"0","guid":"88a33b5f-99ec-4c80-9fc8-cf3ecfe0552f","growth_activity":"0"},{"id":"85977","courseId":"210","type":"12","summary":"Leave a trail","index":"3","json":"{\"type\":12,\"orderitems\":{\"slots\":[\"Do not go where\",\"the path may\",\"lead, go instead\",\"where there is\",\"ot a path\",\"and leave a trail.\"],\"items\":[{\"text\":\"Do not go where\",\"slot\":1},{\"text\":\"the path may \",\"slot\":2},{\"text\":\"lead, go instead\",\"slot\":3},{\"text\":\"where there is\",\"slot\":4},{\"text\":\"not a path\",\"slot\":5},{\"text\":\"and leave a trail.\",\"slot\":6}],\"ordered\":true,\"timer\":0,\"sound\":\"\",\"prompt\":\"Place the words below to match the words above. Say something about Emerson.\"},\"feedback\":[\"You got it. This is what he means.\",\"You didn&#39;t get it.\"],\"score\":\"10\",\"gems\":\"1\"}","lite":"0","guid":"62e73b41-4f37-4712-a7c0-e55bf7c8dbfb","growth_activity":"0"},{"id":"85978","courseId":"210","type":"12","summary":"To be yourself","index":"4","json":"{\"type\":12,\"orderitems\":{\"slots\":[\"To be yourself\",\"in a world\",\"that is\",\"constantly trying\",\"to make you\",\"something else\",\"is the\",\"greatest\",\"accomplishment.\"],\"items\":[{\"text\":\"To be yourself\",\"slot\":1},{\"text\":\"in a world\",\"slot\":2},{\"text\":\"that is\",\"slot\":3},{\"text\":\"constantly trying\",\"slot\":4},{\"text\":\"to make you\",\"slot\":5},{\"text\":\"something else\",\"slot\":6},{\"text\":\"is the\",\"slot\":7},{\"text\":\"greatest\",\"slot\":8},{\"text\":\"accomplishment.\",\"slot\":9}],\"ordered\":true,\"timer\":0,\"sound\":\"\",\"prompt\":\"About the quote\"},\"feedback\":[\"Yes! About the quote or related.\",\"No.\"],\"score\":\"10\",\"gems\":\"1\"}","lite":"0","guid":"4ccf58fa-e3c6-4c65-9324-537e3699e0e3","growth_activity":"0"},{"id":"85979","courseId":"210","type":"4","summary":"Emerson Quotes","index":"5","json":"{ \"type\":4}","lite":"0","guid":"2518374c-7734-4036-8772-bfa93946d3d6","growth_activity":"0"},{"id":"85980","courseId":"210","type":"3","summary":"Emerson Quotes","index":"6","json":"{ \"type\":3}","lite":"0","guid":"4e8ce1b8-be08-4edb-aa57-5ddbfca076e4","growth_activity":"0"},{"id":"85981","courseId":"210","type":"9","summary":"Leave a trail","index":"7","json":"{\"type\":9,\"wordfill\":{\"text\":\"Do not go ##3## the ##5## may ##6##, go ##1## where there is no path and ##2## a ##4##.\",\"prompt\":\"This is one of Emerson&#39;s famous quotes.\",\"sound\":\"\",\"words\":[\"instead\",\"leave\",\"where\",\"trail\",\"path\",\"lead\"],\"timer\":60},\"feedback\":[\"You got it and here&#39;s what it means.\",\"You didn&#39;t get it.\"],\"score\":\"10\",\"gems\":\"1\"}","lite":"0","guid":"1a7c71f8-738f-45b5-ab9c-3325baea5234","growth_activity":"0"},{"id":"85982","courseId":"210","type":"9","summary":"To be yourself","index":"8","json":"{\"type\":9,\"wordfill\":{\"text\":\"To be ##5## in a ##4## that is ##3## trying to make you ##2## is the ##6## ##1##.\",\"prompt\":\"This is one of Emerson&#39;s famous quotes.\",\"sound\":\"\",\"words\":[\"accomplishment\",\"something else\",\"constantly\",\"world\",\"yourself\",\"greatest\"],\"timer\":60},\"feedback\":[\"You got it and here&#39;s what it means.\",\"You didn&#39;t get it.\"],\"score\":\"10\",\"gems\":\"1\"}","lite":"0","guid":"804242b0-f53e-445f-b7c4-fee49906f19a","growth_activity":"0"},{"id":"85983","courseId":"210","type":"2","summary":"Emerson","index":"9","json":"{ \"type\":2}","lite":"0","guid":"92fca87a-d348-4cfe-aadf-d6fd94a81c6b","growth_activity":"0"},{"id":"85984","courseId":"210","type":"4","summary":"","index":"10","json":"{ \"type\":4}","lite":"0","guid":"","growth_activity":"0"}]