{"id":"335","authorId":"0","groupId":"0","credits":"300","dollars":"9.99","summary":"Let Napoleon Hill's 15 Laws help you to succeed in life!","description":"Play with Napoleon Hill's 15 powerful laws of success and WELCOME GREATNESS AND POWER INTO YOUR LIFE.","date":"2016-07-08 13:11:02","iconURL":"icon306.jpg","imageURL":"image306.jpg","vimeo":"","title":"Law of Success: The Blink Training Course","editDate":"2017-03-13 16:57:01","buildAvailable":"1","published":"1","publicationDate":null,"listOrder":"5"}