{"id":"208","credits":"2","dollars":"9.99","summary":"Learn to communicate with confidence in your business and personal life.","description":"Learn to use the essential elements of trust, credibility, and confident behavior to communicate effectively and confidently.","date":"2014-10-07 06:00:05","iconURL":"icon198.jpg","imageURL":"image159.jpg","vimeo":"","title":"Confident Communicator Demo Course -  FIX INTRO - Act TEst 4","editDate":"2014-10-15 11:22:55","buildAvailable":"0","published":"0","publicationDate":null}