[{"id":"85805","courseId":"208","type":"1","summary":"Activity Unit Test","index":"0","json":"{\"type\":1,\"intro\":{\"title\":\"Test\",\"description\":\"This is a test\",\"image\":\"\"},\"dossier\":false}","lite":"0","guid":"cf47d7af-ae69-4071-95ac-0be3b079a183","growth_activity":"1"},{"id":"85806","courseId":"208","type":"3","summary":"Burst Activity Test","index":"1","json":"{\"type\":3,\"intro\":{\"title\":\"Test Burst Activity\",\"description\":\"This is a test of an Activity Burst\",\"image\":\"\",\"sound\":\"\",\"volume\":50},\"unlockscore\":0,\"quicklink\":false,\"quotation\":\"\"}","lite":"0","guid":"3282f73a-28a4-4486-aa7f-e642dcbd8e04","growth_activity":"1"},{"id":"85807","courseId":"208","type":"4","summary":"Burst Activity Test","index":"2","json":"{ \"type\":4}","lite":"0","guid":"9553c47d-2704-44b8-86b2-1c8930becd00","growth_activity":"1"},{"id":"85808","courseId":"208","type":"2","summary":"Activity Unit Test","index":"3","json":"{ \"type\":2}","lite":"0","guid":"c65fd390-bdd5-4eb7-bffe-1bcad959eb4e","growth_activity":"1"},{"id":"85809","courseId":"208","type":"7","summary":"Input Activity Test","index":"4","json":"{\"type\":7,\"input\":{\"type\":1,\"prompt\":\"What is an activity\",\"locked\":false},\"feedback\":[\"\",\"\"],\"score\":0,\"gems\":0}","lite":"0","guid":"e0d2e8e4-51b5-424b-8b9c-ec91b32a8f38","growth_activity":"1"}]