[{"id":"12407","courseId":"158","type":"1","summary":"Advantages and elements of confident communication","index":"0","json":"{\\\"type\\\":1,\\\"intro\\\":{\\\"title\\\":\\\"Benefits and elements of confident communication\\\",\\\"description\\\":\\\"Learning Objectives: After completing this topic, you should be able to identify expressions of the essential elements of confident communication.\\\",\\\"image\\\":\\\"581A5EB4-35B8-FCB5-8539-FA799BF4B36B.png\\\"},\\\"dossier\\\":true}","lite":"0","guid":"2b576205-31e3-45f3-9125-4f8e5a446cac","growth_activity":"0"},{"id":"12408","courseId":"158","type":"3","summary":"Burst 1","index":"1","json":"{\\\"type\\\":3,\\\"intro\\\":{\\\"title\\\":\\\"\\\",\\\"description\\\":\\\"\\\",\\\"image\\\":\\\"\\\",\\\"sound\\\":\\\"\\\",\\\"volume\\\":50},\\\"unlockscore\\\":0,\\\"quicklink\\\":false,\\\"quotation\\\":\\\"\\\"}","lite":"0","guid":"a615c6de-d77b-4224-a93a-b0b1ee739a14","growth_activity":"0"},{"id":"12409","courseId":"158","type":"11","summary":"The Big Ideas","index":"2","json":"{\\\"type\\\":11,\\\"simon\\\":{\\\"prompt\\\":\\\"                                            THE BIG IDEAS\\\",\\\"sounds\\\":[\\\"DBCB5194-8605-B9C1-1BC5-F352D42B3825.mp3\\\",\\\"28BF30BF-302E-6D4F-5D98-04105FFCE1F1.mp3\\\",\\\"FDBF054F-9A08-3BE9-82BB-0131E2EEC43D.mp3\\\",\\\"DA7B63A5-50B8-CBD8-12A5-4C9D33C5749D.mp3\\\",\\\"5B836D54-9D93-35C0-84A2-E51AEB266F1D.mp3\\\",\\\"1DFF2ED3-9E4C-C39F-1313-8BFD1E2505BE.mp3\\\",\\\"E6B2357A-0683-B5D0-A4DC-4DB7517A2DAD.mp3\\\",\\\"45283CB8-4250-B5D5-3B3F-65936A0FDC96.mp3\\\",\\\"8061633B-8FFD-C5F7-4821-286DFB334C94.mp3\\\",\\\"27ED58EE-B1FD-0ED9-EDE8-9CDF4012B297.mp3\\\",\\\"7D175353-A449-E9D9-0932-172081B6D15E.mp3\\\",\\\"3174B0A0-1A24-B754-F2A9-4B73E759B78E.mp3\\\"],\\\"phrase\\\":\\\"Confidence|Speak Freely|Assert Yourself|Listen Better|Reduce Anxiety|Contribute More\\\",\\\"wrong\\\":\\\"Arrogance|Suspicion|Mistrust|Rejection|Frustration|Resentment\\\",\\\"time\\\":0,\\\"score\\\":0,\\\"gems\\\":0,\\\"sound\\\":\\\"\\\"},\\\"feedback\\\":[\\\"That is an overview of where we&#39;re headed in this course.\\\",\\\"Oh, try again.\\\"],\\\"score\\\":\\\"100\\\",\\\"gems\\\":\\\"\\\"}","lite":"0","guid":"1595052e-4657-4201-94f6-81ecbd91a078","growth_activity":"0"},{"id":"12410","courseId":"158","type":"13","summary":"Intro Dialog","index":"3","json":"{\\\"type\\\":13,\\\"thisthat\\\":{\\\"questions\\\":[{\\\"text\\\":\\\"With enough confidence you can go just about anywhere. Do you believe this?\\\",\\\"correct\\\":\\\"I do\\\",\\\"wrong\\\":\\\"Not really\\\",\\\"value\\\":true,\\\"feedback\\\":[\\\"Good and here&#39;s a secret: you can build your own confidence.\\\",\\\"You ought to believe this because confidence can empower you to reach for your dreams. And here&#39;s a secret: you can build your own confidence.\\\"]},{\\\"text\\\":\\\"Communicating well is one way you can build your confidence, and gain the confidence of others. Do you know what we mean by this?\\\",\\\"correct\\\":\\\"I do\\\",\\\"wrong\\\":\\\"Not really\\\",\\\"value\\\":true,\\\"feedback\\\":[\\\"Then you know that when you&#39;re confident, you can speak freely, without fear of what other might think of you. You can be assertive and ask for what you want. This builds your self confidence.\\\",\\\"Let me explain: when you&#39;re confident, you can speak freely, without fear of what other might think of you. You can be assertive and ask for what you want. This builds your self confidence.\\\"]},{\\\"text\\\":\\\"And when you&#39;re confident, you even listen better to other people. Do you know why this is?\\\",\\\"correct\\\":\\\"I do\\\",\\\"wrong\\\":\\\"Not really\\\",\\\"value\\\":true,\\\"feedback\\\":[\\\"You&#39;ve got insight. You know that when you&#39;re more confident, your perception of what others are saying is not distorted by your fears and anxiety.\\\",\\\"When you&#39;re confident, you can listen better to people because your perception of what others are saying is not distorted by your fears and anxiety.\\\"]}],\\\"timer\\\":0},\\\"feedback\\\":[\\\"To sum up: confidence can help you to reach for your dreams. And learning to communicate better is one way to raise your confidence. Being a confident communicator has great benefits: speak freely, reduce anxiety, be assertive, listen better.\\\",\\\"To sum up: confidence can help you to reach for your dreams. And learning to communicate better is one way to raise your confidence. Being a confident communicator has great benefits: speak freely, reduce anxiety, be assertive, listen better.\\\"],\\\"score\\\":0,\\\"gems\\\":0}","lite":"0","guid":"f78a1e79-6c34-46e2-beb6-46798b73c359","growth_activity":"0"},{"id":"12411","courseId":"158","type":"7","summary":"Speaking without confidence","index":"4","json":"{\\\"type\\\":7,\\\"input\\\":{\\\"type\\\":2,\\\"prompt\\\":\\\"Think back to a time when you had to talk with other people, yet you didn&#39;t feel very confident. Type the five main feelings you experienced.\\\",\\\"locked\\\":false,\\\"in\\\":2,\\\"out\\\":0,\\\"time\\\":1,\\\"count\\\":5,\\\"characters\\\":12}}","lite":"0","guid":"435ced36-4382-4d37-989e-8c485ec6aad7","growth_activity":"0"},{"id":"12412","courseId":"158","type":"6","summary":"Without confidence","index":"5","json":"{ \\\"type\\\":6}","lite":"0","guid":"6f1454a6-6647-4a07-b187-106cd48267ce","growth_activity":"0"},{"id":"12413","courseId":"158","type":"6","summary":"Without confidence 2","index":"6","json":"{ \\\"type\\\":6}","lite":"0","guid":"ec4e3781-2c1b-436a-89e7-ad4c69d9daaa","growth_activity":"0"},{"id":"12414","courseId":"158","type":"6","summary":"Without confidence 3","index":"7","json":"{ \\\"type\\\":6}","lite":"0","guid":"1b19ce08-19e3-42c0-b4bb-d11f680c44c5","growth_activity":"0"},{"id":"12415","courseId":"158","type":"4","summary":"Burst 1","index":"8","json":"{ \\\"type\\\":4}","lite":"0","guid":"37b6931d-49f5-490b-9ad7-b8c88589c7e3","growth_activity":"0"},{"id":"12416","courseId":"158","type":"2","summary":"Advantages and elements of confident communication","index":"9","json":"{ \\\"type\\\":2}","lite":"0","guid":"ff2a0d3d-1329-4bd3-9ca4-386e979cd75f","growth_activity":"0"},{"id":"12417","courseId":"158","type":"1","summary":"Trust, Credibility and Communicating Confidently","index":"10","json":"{\\\"type\\\":1,\\\"intro\\\":{\\\"title\\\":\\\"Trust, Credibility and Communicating Confidently\\\",\\\"description\\\":\\\"In this unit, we will discuss how trust and credibility go hand in hand and foster confident communications.\\\",\\\"image\\\":\\\"060D8500-CF05-502A-38BD-69C5EEC8C6A6.png\\\"},\\\"dossier\\\":true}","lite":"0","guid":"bed1d574-df4c-419b-8f98-56230892cd7f","growth_activity":"0"},{"id":"12418","courseId":"158","type":"3","summary":"Why no trust is bad","index":"11","json":"{\\\"type\\\":3,\\\"intro\\\":{\\\"title\\\":\\\"No Trust, No Progress - NO SOUND?\\\",\\\"description\\\":\\\"In this Burst, we&#39;ll explore why trust is essential for confident communications.\\\",\\\"image\\\":\\\"88E41F83-76B6-D311-ECDB-5719305EA115.png\\\",\\\"sound\\\":\\\"\\\",\\\"volume\\\":25},\\\"unlockscore\\\":0,\\\"quicklink\\\":false,\\\"quotation\\\":\\\"Trust is the cornerstone of confident communications. Build trust to build successful relationships.\\\"}","lite":"0","guid":"954fd543-3f13-4c34-9f31-ff2cc59aedee","growth_activity":"0"},{"id":"12419","courseId":"158","type":"14","summary":"What three elements","index":"12","json":"{\\\"type\\\":14,\\\"question\\\":{\\\"timer\\\":0,\\\"multiplechoice\\\":true,\\\"answers\\\":[{\\\"correct\\\":false,\\\"text\\\":\\\"Familiarity\\\",\\\"feedback\\\":\\\"This is incorrect. While being familiar with the people you are communicating with is helpful, it is TRUST that is the most important condition.\\\"},{\\\"correct\\\":true,\\\"text\\\":\\\"Trust\\\",\\\"feedback\\\":\\\"That is correct. TRUST is the cornerstone of confident communications.\\\"},{\\\"correct\\\":false,\\\"text\\\":\\\"Mutual goals\\\",\\\"feedback\\\":\\\"This is incorrect. While sharing similar goals with the people you are communicating with is helpful, it is TRUST that is the most important condition.\\\"}],\\\"sound\\\":\\\"\\\",\\\"text\\\":\\\"WHAT DO YOU THINK?&#10;If you were teaching someone about communicating confidently, what would you say is the most important condition that must be present?\\\"},\\\"feedback\\\":[\\\"That&#39;s correct. As you&#39;ll see in this unit, TRUST is the cornerstone of confident communication.\\\",\\\"That&#39;s incorrect. Both familiarity and mutual goals can exist, yet if there is no TRUST, then confident communication will be difficult.\\\"],\\\"score\\\":\\\"20\\\",\\\"gems\\\":0,\\\"image\\\":\\\"63F4C86E-F739-988D-C583-5FDA6480299E.png\\\"}","lite":"0","guid":"bac57d00-df60-4c28-bdc9-90dc018b0ff8","growth_activity":"0"},{"id":"12420","courseId":"158","type":"13","summary":"Use this one to test non-scoring","index":"13","json":"{\\\"type\\\":13,\\\"thisthat\\\":{\\\"questions\\\":[{\\\"text\\\":\\\"Trust develops instantaneously.\\\",\\\"correct\\\":\\\"True\\\",\\\"wrong\\\":\\\"False\\\",\\\"value\\\":false,\\\"feedback\\\":[\\\"That is correct. Trust takes time to develop and once it is present, is fragile and must be constantly maintained.\\\",\\\"That is incorrect. Trust that seems to develop instantaneously is often not true trust.\\\"]},{\\\"text\\\":\\\"Trust takes work.\\\",\\\"correct\\\":\\\"True\\\",\\\"wrong\\\":\\\"False\\\",\\\"value\\\":true,\\\"feedback\\\":[\\\"That is correct. Trust doesn&#39;t happen without each party working at it. \\\",\\\"That is incorrect. Trust only happens if each party works at it.\\\"]},{\\\"text\\\":\\\"Trust needs to practiced and earned.\\\",\\\"correct\\\":\\\"True\\\",\\\"wrong\\\":\\\"False\\\",\\\"value\\\":true,\\\"feedback\\\":[\\\"That is correct. Trust happens over time with work and it is needs to be practiced and then earned.\\\",\\\"That is incorrect. Trust needs to be practiced over time with hard work and then it is earned.\\\"]},{\\\"text\\\":\\\"A low-trust environment can never be turned into a high-trust environment.\\\",\\\"correct\\\":\\\"True\\\",\\\"wrong\\\":\\\"False\\\",\\\"value\\\":false,\\\"feedback\\\":[\\\"That is incorrect. If both parties are committed, a low-trust environment can be transformed into a high-trust environment over time with work and practice.\\\",\\\"That is correct. If both parties are committed, a low-trust environment can be transformed into a high-trust environment over time with work and practice.\\\"]}],\\\"timer\\\":0},\\\"feedback\\\":[\\\"You get the idea: it takes time and effort to turn a low-trust environment into a high trust environment.\\\",\\\"Trust doesn&#39;t &#39;just happen.&#39; It takes time and effort to turn a low-trust environment into a high trust environment.\\\"],\\\"score\\\":\\\"80\\\",\\\"gems\\\":\\\"1\\\"}","lite":"0","guid":"5a361571-6ab1-4699-8842-dc84e8417669","growth_activity":"0"},{"id":"12421","courseId":"158","type":"6","summary":"A bad situation","index":"14","json":"{\\\"type\\\":6,\\\"presentation\\\":[{\\\"text\\\":\\\"                             THINK BACK...\\\",\\\"in\\\":1,\\\"out\\\":0,\\\"time\\\":2,\\\"sound\\\":\\\"\\\"},{\\\"text\\\":\\\"Have you ever been in an environment where people were afraid to tell the truth? &#10;&#10;Where you weren&#39;t sure how much information you should share? &#10;&#10;Where you weren&#39;t sure who to trust? &#10;&#10;Or who trusted you?\\\",\\\"in\\\":2,\\\"out\\\":0,\\\"time\\\":3}],\\\"image\\\":\\\"\\\"}","lite":"0","guid":"5bb8e8eb-1fe3-463f-bc59-600d88ebde72","growth_activity":"0"},{"id":"12422","courseId":"158","type":"6","summary":"With and without trust","index":"15","json":"{\\\"type\\\":6,\\\"presentation\\\":[{\\\"text\\\":\\\"TRUST IS A MUST\\\",\\\"in\\\":1,\\\"out\\\":0,\\\"time\\\":2,\\\"sound\\\":\\\"C3A09FB3-2564-CD95-87B6-D3E05F7419AA.mp3\\\"},{\\\"text\\\":\\\"Without trust as a cornerstone, communicating is difficult. With trust, confident communication is much easier.\\\",\\\"in\\\":1,\\\"out\\\":0,\\\"time\\\":3,\\\"sound\\\":\\\"A01CCCFF-5779-86ED-00ED-4906F956F52B.mp3\\\"},{\\\"text\\\":\\\"Let&#39;s explore this further and find out why trust is essential for all your communications to be successful.\\\",\\\"in\\\":1,\\\"out\\\":0,\\\"time\\\":3,\\\"sound\\\":\\\"E2854D3A-5EF2-8F61-2B4B-51CA8B6D0208.mp3\\\"}],\\\"image\\\":\\\"71CA3F1C-819D-F356-C12E-E62C5EEC6DF6.png\\\"}","lite":"0","guid":"a6500c4a-3338-43f6-83bf-271d38e76e69","growth_activity":"0"},{"id":"12423","courseId":"158","type":"15","summary":"Denote correct?","index":"16","json":"{\\\"type\\\":15,\\\"rotator\\\":{\\\"prompt\\\":\\\"In a low-trust environment...\\\",\\\"statements\\\":[{\\\"text\\\":\\\"...innovation is stifled.\\\",\\\"correct\\\":true},{\\\"text\\\":\\\"...each party can take risks.\\\",\\\"correct\\\":false},{\\\"text\\\":\\\"...each party knows where they stand.\\\",\\\"correct\\\":false}],\\\"timer\\\":0,\\\"sound\\\":\\\"\\\"},\\\"feedback\\\":[\\\"This is pass text\\\",\\\"This is fail text.\\\"],\\\"score\\\":0,\\\"gems\\\":0}","lite":"0","guid":"f6eb216b-97f1-4053-9089-ac69460e0bfc","growth_activity":"0"},{"id":"12424","courseId":"158","type":"9","summary":"Trust vs No Trust","index":"17","json":"{\\\"type\\\":9,\\\"wordfill\\\":{\\\"text\\\":\\\"If you can build trust in interpersonal ##4##, each person is able to ##1## themselves more ##6##. &#10;&#10;If there is no trust, people become ##2## and aren&#39;t sure what they can ##3## and what the ##5## may be.\\\",\\\"prompt\\\":\\\"                          WITH TRUST, WITHOUT TRUST&#10;Complete these thoughts.\\\",\\\"sound\\\":\\\"\\\",\\\"words\\\":[\\\"express\\\",\\\"suspicious\\\",\\\"say\\\",\\\"communications\\\",\\\"consequences\\\",\\\"confidently\\\"],\\\"timer\\\":60},\\\"feedback\\\":[\\\"You did well. You know, when trust exists, both people feel confident that they can express themselves in a safe and open way.\\\",\\\"Think about times you&#39;ve been in a non-trusting environment. Did you feel you were freely able to express yourself? Probably not. And that led to wasted time and effort and inferior results.\\\"],\\\"score\\\":\\\"20\\\",\\\"gems\\\":\\\"1\\\"}","lite":"0","guid":"f8f7bfeb-fe2b-4ae5-8ed8-1f613dfd0994","growth_activity":"0"},{"id":"12425","courseId":"158","type":"7","summary":"What are your thoughts on trust","index":"18","json":"{\\\"type\\\":7,\\\"input\\\":{\\\"type\\\":7,\\\"prompt\\\":\\\"Do you think you are a trusting or an non-trusting person by nature?\\\",\\\"locked\\\":false,\\\"text\\\":\\\"This is the Text\\\",\\\"min\\\":1,\\\"max\\\":10,\\\"ideal\\\":0,\\\"isNumber\\\":true,\\\"useImages\\\":false,\\\"left\\\":\\\"\\\",\\\"right\\\":\\\"\\\"}}","lite":"0","guid":"306694e1-ad2c-4882-974a-68dba74fd67d","growth_activity":"0"},{"id":"12426","courseId":"158","type":"7","summary":"Slider ","index":"19","json":"{\\\"type\\\":7,\\\"input\\\":{\\\"type\\\":6,\\\"prompt\\\":\\\"Are you a trusting or a non-trusting person?\\\",\\\"locked\\\":false,\\\"isNumber\\\":false,\\\"useImages\\\":true,\\\"left\\\":\\\"73867590-50A1-AEA9-DBFA-8689CF0DB8CE.png\\\",\\\"right\\\":\\\"D879C3F5-8799-1572-630F-90304AF89814.png\\\",\\\"ideal\\\":50}}","lite":"0","guid":"8d5139fb-09ce-41d1-b058-9e37f086f94c","growth_activity":"0"},{"id":"12427","courseId":"158","type":"7","summary":"More","index":"20","json":"{\\\"type\\\":7,\\\"input\\\":{\\\"type\\\":1,\\\"prompt\\\":\\\"Take some time and enter your thoughts on trust and non-trust. As we move through the course, we&#39;ll return to this and you can watch your growth.\\\",\\\"locked\\\":false}}","lite":"0","guid":"de7df3ae-455a-45eb-9af5-4dc34c86ddbf","growth_activity":"0"},{"id":"12428","courseId":"158","type":"8","summary":"Try it","index":"21","json":"{\\\"type\\\":8,\\\"statement\\\":{\\\"prompt\\\":\\\"Find the five most important elements in communicating confidently.\\\",\\\"wrong\\\":\\\"arrogant|afraid to|who can you|mistrust\\\",\\\"statements\\\":[\\\"communicate|productively\\\",\\\"freely|share|info\\\",\\\"be candid|and truthful\\\",\\\"accept constructive|criticism\\\",\\\"respect other|parties|needs and|interests\\\"],\\\"ordered\\\":true,\\\"timer\\\":0,\\\"sound\\\":\\\"\\\"},\\\"feedback\\\":[\\\"You got it!\\\",\\\"You didn&#39;t get it.\\\"],\\\"score\\\":0,\\\"gems\\\":0}","lite":"0","guid":"ba23d2c2-d814-4897-95e6-8619b4ef7613","growth_activity":"0"},{"id":"12429","courseId":"158","type":"4","summary":"Why no trust is bad","index":"22","json":"{ \\\"type\\\":4}","lite":"0","guid":"2dec0b0d-c42e-46eb-b52c-4e4b709f6a19","growth_activity":"0"},{"id":"12430","courseId":"158","type":"3","summary":"Trust others first","index":"23","json":"{\\\"type\\\":3,\\\"intro\\\":{\\\"title\\\":\\\"Trust others first\\\",\\\"description\\\":\\\"The thing about trust is that it has to be reciprocal, but often one person has to have the faith to start the circle of trust.\\\",\\\"image\\\":\\\"85E4B216-D373-7C50-1E8F-AD4DFE495E5F.png\\\",\\\"sound\\\":\\\"\\\",\\\"volume\\\":50},\\\"unlockscore\\\":\\\"60\\\",\\\"quicklink\\\":true,\\\"quotation\\\":\\\"All communicating parties must trust each other for interpersonal communication to work.\\\"}","lite":"0","guid":"69bab070-3f9f-47ad-b8af-2efca48c81c7","growth_activity":"0"},{"id":"12431","courseId":"158","type":"6","summary":"Trust is Reciprocal","index":"24","json":"{\\\"type\\\":6,\\\"presentation\\\":[{\\\"text\\\":\\\"Headline: All parties must trust one another.\\\",\\\"in\\\":1,\\\"out\\\":0,\\\"time\\\":2},{\\\"text\\\":\\\"All communicating parties must trust one another for interpersonal communication to really work. This means you need to try to trust others to enable them to trust you, too.\\\",\\\"in\\\":1,\\\"out\\\":0,\\\"time\\\":2},{\\\"text\\\":\\\"In fact, you may find that you have to take a leap of faith and trust the other party first.\\\",\\\"in\\\":1,\\\"out\\\":0,\\\"time\\\":3},{\\\"text\\\":\\\"This can cause anxiety and even be frightening. But don&#39;t worry because those are normal reactions.\\\",\\\"in\\\":1,\\\"out\\\":0,\\\"time\\\":3}],\\\"image\\\":\\\"\\\"}","lite":"0","guid":"cfd86359-4b3e-4cac-aa7f-b76b624995af","growth_activity":"0"},{"id":"12432","courseId":"158","type":"13","summary":"Trust develops over time","index":"25","json":"{\\\"type\\\":13,\\\"thisthat\\\":{\\\"questions\\\":[{\\\"text\\\":\\\"Trust develops instantaneously.\\\",\\\"correct\\\":\\\"True\\\",\\\"wrong\\\":\\\"False\\\",\\\"value\\\":false,\\\"feedback\\\":[\\\"That is correct. Trust takes time to develop and once it is present, is fragile and must be constantly maintained.\\\",\\\"That is incorrect. Trust that seems to develop instantaneously is often not true trust.\\\"]},{\\\"text\\\":\\\"Trust takes work.\\\",\\\"correct\\\":\\\"True\\\",\\\"wrong\\\":\\\"False\\\",\\\"value\\\":true,\\\"feedback\\\":[\\\"That is correct. Trust doesn&#39;t happen without each party working at it. \\\",\\\"That is incorrect. Trust only happens if each party works at it.\\\"]},{\\\"text\\\":\\\"Trust needs to practiced and earned.\\\",\\\"correct\\\":\\\"True\\\",\\\"wrong\\\":\\\"False\\\",\\\"value\\\":true,\\\"feedback\\\":[\\\"That is correct. Trust happens over time with work and it is needs to be practiced and then earned.\\\",\\\"That is incorrect. Trust needs to be practiced over time with hard work and then it is earned.\\\"]},{\\\"text\\\":\\\"A low-trust environment can never be turned into a high-trust environment.\\\",\\\"correct\\\":\\\"True\\\",\\\"wrong\\\":\\\"False\\\",\\\"value\\\":false,\\\"feedback\\\":[\\\"That is incorrect. If both parties are committed, a low-trust environment can be transformed into a high-trust environment over time with work and practice.\\\",\\\"That is correct. If both parties are committed, a low-trust environment can be transformed into a high-trust environment over time with work and practice.\\\"]}],\\\"timer\\\":0},\\\"feedback\\\":[\\\"You get the idea: it takes time and effort to turn a low-trust environment into a high trust environment.\\\",\\\"Trust doesn&#39;t &#39;just happen.&#39; It takes time and effort to turn a low-trust environment into a high trust environment.\\\"],\\\"score\\\":\\\"80\\\",\\\"gems\\\":\\\"1\\\"}","lite":"0","guid":"b0a27e8c-20da-41c6-9b5c-9283752da204","growth_activity":"0"},{"id":"12433","courseId":"158","type":"10","summary":"With granular feedback","index":"26","json":"{\\\"type\\\":10,\\\"dragdrop\\\":{\\\"timer\\\":30,\\\"layout\\\":0,\\\"goals\\\":[{\\\"isImage\\\":false,\\\"text\\\":\\\"Low-trust environment\\\",\\\"image\\\":\\\"\\\"},{\\\"isImage\\\":false,\\\"text\\\":\\\"High-trust environment\\\",\\\"image\\\":\\\"\\\"}],\\\"items\\\":[{\\\"goal\\\":1,\\\"isImage\\\":false,\\\"text\\\":\\\"Mistrust\\\",\\\"image\\\":\\\"\\\",\\\"feedback\\\":[\\\"Low-trust environments breed mistrust because neither party feels safe enough to risk trust.\\\",\\\"Mistrust will not be found in a high-trust environment because there is the safety to reach out with trust.\\\"]},{\\\"goal\\\":1,\\\"isImage\\\":false,\\\"text\\\":\\\"Suspicion\\\",\\\"image\\\":\\\"\\\",\\\"feedback\\\":[\\\"Low-trust environments breed suspicion because neither party feels like they know the motives of the other party.\\\",\\\"Suspicion will not be found in a high-trust environment because information is being free shared.\\\"]},{\\\"goal\\\":1,\\\"isImage\\\":false,\\\"text\\\":\\\"Low morale\\\",\\\"image\\\":\\\"\\\",\\\"feedback\\\":[\\\"Low-trust environments breed low morale because there is no space for growth and change.\\\",\\\"Low morale will not be found in a high-trust environment because there is space for growth and change.\\\"]},{\\\"goal\\\":2,\\\"isImage\\\":false,\\\"text\\\":\\\"Understanding\\\",\\\"image\\\":\\\"\\\",\\\"feedback\\\":[\\\"Understanding is found in a high-trust environment because all parties believe they know the motivations of the other parties.\\\",\\\"A low-trust environment could not breed understanding because all parties question the motives of the other parties.\\\"]},{\\\"goal\\\":2,\\\"isImage\\\":false,\\\"text\\\":\\\"Benefit of the doubt\\\",\\\"image\\\":\\\"\\\",\\\"feedback\\\":[\\\"In a high-trust environment each party is willing to assume the best of the other party - to give them the &#39;benefit of the doubt.&#39;\\\",\\\"In a low-trust environment each party assumes the worst of the other party because there is no open sharing of information. Because of this, neither party will give the other one the &#39;benefit of the doubt.&#39;\\\"]},{\\\"goal\\\":2,\\\"isImage\\\":false,\\\"text\\\":\\\"Innovation\\\",\\\"image\\\":\\\"\\\",\\\"feedback\\\":[\\\"High-trust environments foster innovation because each party is free to admit mistakes and so they are willing to take risks - which can lead to failure, but also which are key to innovation.\\\",\\\"A low-trust environment could not breed innovation because innovation takes risk and risk can lead to mistakes and neither party will admit to mistakes in a low-trust environment.\\\"]}],\\\"prompt\\\":\\\"Think about your life and what you have learned so far. You have 30 seconds to drag each item to either low- or high-trust environments.\\\",\\\"sound\\\":\\\"1907614F-94E9-4798-4F3C-727EEFD1A121.mp3\\\"},\\\"feedback\\\":[\\\"You get it - to move forward in business and life, you must seek out and foster high-trust environments.\\\",\\\"You might want to think more about the differences between low trust and high trust. Low-trust environments allow for no growth. High-trust environments are what you must strive for.\\\"],\\\"score\\\":\\\"60\\\",\\\"gems\\\":\\\"1\\\"}","lite":"0","guid":"8f42580f-f724-4859-8340-62a6a418f6a0","growth_activity":"0"},{"id":"12434","courseId":"158","type":"10","summary":"With granular feedback","index":"27","json":"{\\\"type\\\":10,\\\"dragdrop\\\":{\\\"timer\\\":30,\\\"layout\\\":0,\\\"goals\\\":[{\\\"isImage\\\":false,\\\"text\\\":\\\"Low-trust environment\\\",\\\"image\\\":\\\"\\\"},{\\\"isImage\\\":false,\\\"text\\\":\\\"High-trust environment\\\",\\\"image\\\":\\\"\\\"}],\\\"items\\\":[{\\\"goal\\\":1,\\\"isImage\\\":false,\\\"text\\\":\\\"Mistrust\\\",\\\"image\\\":\\\"\\\",\\\"feedback\\\":[\\\"\\\",\\\"Mistrust will not be found in a high-trust environment because there is the safety to reach out with trust.\\\"]},{\\\"goal\\\":1,\\\"isImage\\\":false,\\\"text\\\":\\\"Suspicion\\\",\\\"image\\\":\\\"\\\",\\\"feedback\\\":[\\\"\\\",\\\"Suspicion will not be found in a high-trust environment because information is being free shared.\\\"]},{\\\"goal\\\":1,\\\"isImage\\\":false,\\\"text\\\":\\\"Low morale\\\",\\\"image\\\":\\\"\\\",\\\"feedback\\\":[\\\"\\\",\\\"Low morale will not be found in a high-trust environment because there is space for growth and change.\\\"]},{\\\"goal\\\":2,\\\"isImage\\\":false,\\\"text\\\":\\\"Understanding\\\",\\\"image\\\":\\\"\\\",\\\"feedback\\\":[\\\"\\\",\\\"A low-trust environment could not breed understanding because all parties question the motives of the other parties.\\\"]},{\\\"goal\\\":2,\\\"isImage\\\":false,\\\"text\\\":\\\"Benefit of the doubt\\\",\\\"image\\\":\\\"\\\",\\\"feedback\\\":[\\\"\\\",\\\"In a low-trust environment each party assumes the worst of the other party because there is no open sharing of information. Because of this, neither party will give the other one the &#39;benefit of the doubt.&#39;\\\"]},{\\\"goal\\\":2,\\\"isImage\\\":false,\\\"text\\\":\\\"Innovation\\\",\\\"image\\\":\\\"\\\",\\\"feedback\\\":[\\\"\\\",\\\"A low-trust environment could not breed innovation because innovation takes risk and risk can lead to mistakes and neither party will admit to mistakes in a low-trust environment.\\\"]}],\\\"prompt\\\":\\\"Think about your life and what you have learned so far. You have 30 seconds to drag each item to either low- or high-trust environments.\\\",\\\"sound\\\":\\\"1907614F-94E9-4798-4F3C-727EEFD1A121.mp3\\\"},\\\"feedback\\\":[\\\"You get it - to move forward in business and life, you must seek out and foster high-trust environments.\\\",\\\"You might want to think more about the differences between low trust and high trust. Low-trust environments allow for no growth. High-trust environments are what you must strive for.\\\"],\\\"score\\\":\\\"60\\\",\\\"gems\\\":\\\"1\\\"}","lite":"0","guid":"43a4f16b-7f69-4adc-b862-2de10e349015","growth_activity":"0"},{"id":"12435","courseId":"158","type":"4","summary":"Trust others first","index":"28","json":"{ \\\"type\\\":4}","lite":"0","guid":"ee947e38-0ff5-4c0f-a842-5c04c2d6ad76","growth_activity":"0"},{"id":"12436","courseId":"158","type":"3","summary":"Low Trust vs High Trust Environment","index":"29","json":"{ \\\"type\\\":3}","lite":"0","guid":"257edff3-ee7a-4294-9739-30bd5a70de9f","growth_activity":"0"},{"id":"12437","courseId":"158","type":"4","summary":"Low Trust vs High Trust Environment","index":"30","json":"{ \\\"type\\\":4}","lite":"0","guid":"16e1f4f0-afa7-4c34-b44b-08fd5ac5f06c","growth_activity":"0"},{"id":"12438","courseId":"158","type":"3","summary":"Trust is Essential: Review","index":"31","json":"{ \\\"type\\\":3}","lite":"0","guid":"c20ef482-7a71-4f72-9f0b-39373a306a98","growth_activity":"0"},{"id":"12439","courseId":"158","type":"4","summary":"Trust is Essential: Review","index":"32","json":"{ \\\"type\\\":4}","lite":"0","guid":"93a44316-53ed-4a34-9ad9-be1f7ba71228","growth_activity":"0"},{"id":"12440","courseId":"158","type":"3","summary":"Communicate Productively","index":"33","json":"{ \\\"type\\\":3}","lite":"0","guid":"5a81c44e-c449-4aaa-85a3-59b811aba6d7","growth_activity":"0"},{"id":"12441","courseId":"158","type":"4","summary":"Communicate Productively","index":"34","json":"{ \\\"type\\\":4}","lite":"0","guid":"4706f062-39fb-4e15-9ec9-11ac1ced1d42","growth_activity":"0"},{"id":"12442","courseId":"158","type":"3","summary":"Freely Share Information","index":"35","json":"{ \\\"type\\\":3}","lite":"0","guid":"5145dc21-1804-4fa3-bba1-437c81b5918f","growth_activity":"0"},{"id":"12443","courseId":"158","type":"4","summary":"Freely Share Information","index":"36","json":"{ \\\"type\\\":4}","lite":"0","guid":"99520a96-722a-43b1-8a60-f778bc53092d","growth_activity":"0"},{"id":"12444","courseId":"158","type":"3","summary":"Be Candid and Truthful","index":"37","json":"{ \\\"type\\\":3}","lite":"0","guid":"c02b36c4-ff21-4ca2-aba6-57b3f5d7c5c0","growth_activity":"0"},{"id":"12445","courseId":"158","type":"4","summary":"Be Candid and Truthful","index":"38","json":"{ \\\"type\\\":4}","lite":"0","guid":"0ccbfe16-89f8-482e-9bc4-f2fe6fff821c","growth_activity":"0"},{"id":"12446","courseId":"158","type":"3","summary":"Accept Constructive Criticism","index":"39","json":"{ \\\"type\\\":3}","lite":"0","guid":"105d5250-3242-4ad6-a855-647b6a7d1784","growth_activity":"0"},{"id":"12447","courseId":"158","type":"4","summary":"Accept Constructive Criticism","index":"40","json":"{ \\\"type\\\":4}","lite":"0","guid":"a4f1832f-7f84-43ee-a316-794ef10ba9e3","growth_activity":"0"},{"id":"12448","courseId":"158","type":"3","summary":"Respect Other Parties' Needs and Interests","index":"41","json":"{ \\\"type\\\":3}","lite":"0","guid":"ac9e1342-7115-4295-81bf-fa69fffc4ca5","growth_activity":"0"},{"id":"12449","courseId":"158","type":"4","summary":"Respect Other Parties' Needs and Interests","index":"42","json":"{ \\\"type\\\":4}","lite":"0","guid":"5ce154a3-b3fe-4f70-bebb-aef848f5b591","growth_activity":"0"},{"id":"12450","courseId":"158","type":"2","summary":"Trust, Credibility and Communicating Confidently","index":"43","json":"{ \\\"type\\\":2}","lite":"0","guid":"7fd960a4-7b88-46b1-a67d-286806c6640e","growth_activity":"0"},{"id":"12451","courseId":"158","type":"1","summary":"Confident Communication Behavior","index":"44","json":"{\\\"type\\\":1,\\\"intro\\\":{\\\"title\\\":\\\"Confident Communication Behavior\\\",\\\"description\\\":\\\"Learning Objectives: After completing this topic, you should be able to recognize the use and impact of confident communication behaviors in a given communication scenario.\\\",\\\"image\\\":\\\"DB45C0D7-9CF6-A364-9FAA-D02094BD714C.png\\\"},\\\"dossier\\\":false}","lite":"0","guid":"101f80cf-0a7d-4733-8a42-a53b247977c5","growth_activity":"0"},{"id":"12452","courseId":"158","type":"2","summary":"Confident Communication Behavior","index":"45","json":"{ \\\"type\\\":2}","lite":"0","guid":"a6cf4047-2ce6-4918-bb18-7e3bf15e3a9b","growth_activity":"0"}]