[{"id":"516493","courseId":"305","type":"1","summary":"The Power of What You Say","index":"0","json":"{\"type\":1,\"intro\":{\"title\":\"The Power of What You Say\",\"description\":\"Nearly everything worth accomplishing in life comes down to communication. Your ability to sway others, win support, gain resources, succeed in your work, and correct injustice rests on your power of persuasion. Even in our social-media age, the spoken word remains paramount.&#10;&#10;&#10;&#10;&#10;&#10;&#10;&#10;This Blink course is a new way to experience Dale Carnegie&#39;s classic &#34;Public Speaking: A Practical Guide for Business Men.&#34; \",\"image\":\"39946338-55D8-4CFB-F43B-07937DF911B3.png\"},\"dossier\":false}","lite":"0","guid":"1d351aff-cd29-4f94-8144-0d0ae8f4fa32","growth_activity":"0"},{"id":"516494","courseId":"305","type":"3","summary":"Speaking Ability is Vital","index":"1","json":"{\"type\":3,\"intro\":{\"title\":\"Speaking Ability is Vital\",\"description\":\"Candidates are elected because of what they say and how. Court trials hang on spoken testimony. Job interviews are face-to-face encounters. The same holds true for pitches to clients, donors, investors, customers, and financial backers. &#10;&#10;&#10;&#10;&#10;&#10;&#10;&#10;If you are seeking a career as a teacher, military officer, actor, broadcaster, or leader in any almost any field, your speaking ability is vital to your success.\",\"image\":\"34CA6161-0FCC-F447-9583-F5061C78745E.png\",\"sound\":\"\",\"volume\":50},\"unlockscore\":\"100\",\"quicklink\":false,\"quotation\":\"\"}","lite":"0","guid":"7cb8e7db-23f8-4fa9-a69e-e29fd5615850","growth_activity":"0"},{"id":"516495","courseId":"305","type":"9","summary":"Communicate Effectively","index":"2","json":"{\"type\":9,\"wordfill\":{\"text\":\"It ##3## how to ##4## effectively in virtually every ##1##, on any ##2##, and on behalf of any ##5##.\",\"prompt\":\"This course will help you whether you are speaking at a local club, a national sales conference, or in front of a class. But, as you will discover, this course&#39;s greater value is that:\",\"sound\":\"\",\"words\":[\"sphere of life\",\"occasion\",\"teaches\",\"communicate\",\"aim or purpose\"],\"timer\":60},\"feedback\":[\"Yes, and so, whatever you do in life, this course will help you to achieve greater success.\",\"It teaches how to communicate effectively in virtually every sphere of life, on any occasion, and on behalf of any aim or purpose.  And so, whatever you do in life, this course will help you to achieve greater success.\"],\"score\":\"125\",\"gems\":\"1\"}","lite":"0","guid":"95611692-2402-4fce-a542-5bdb4f6db87b","growth_activity":"0"},{"id":"516496","courseId":"305","type":"10","summary":"Salesman, Writer, Etc.","index":"3","json":"{\"type\":10,\"dragdrop\":{\"timer\":60,\"layout\":0,\"goals\":[{\"isImage\":false,\"text\":\"Effective Communication\",\"image\":\"\"}],\"items\":[{\"goal\":1,\"isImage\":false,\"text\":\"Salesman\",\"image\":\"\",\"feedback\":[\"If you are a salesman, this course will help you to sell more.\",\"\"]},{\"goal\":1,\"isImage\":false,\"text\":\"Writer or Editor \",\"image\":\"\",\"feedback\":[\"If you are a writer or editor, this course will help you to better connect with readers.\",\"\"]},{\"goal\":1,\"isImage\":false,\"text\":\"Activist\",\"image\":\"\",\"feedback\":[\"If you are an activist, this course will help you to find new ways to rally people to your cause.\",\"\"]}],\"prompt\":\"You&#39;re telling me whatever I do, I can be more successful? &#10;&#10;Yes, drag each profession to the box below and learn more!\",\"sound\":\"\"},\"feedback\":[\"Whatever you do, you&#39;ll discover that you can do it more effectively by improving your communication skills.\",\"Whatever you do, you&#39;ll discover that you can do it more effectively by improving your communication skills.\"],\"score\":\"75\",\"gems\":\"1\"}","lite":"0","guid":"223a0bca-ad0c-4075-acd1-e81f767ac92e","growth_activity":"0"},{"id":"516497","courseId":"305","type":"6","summary":"Blinks and Bursts","index":"4","json":"{\"type\":6,\"image\":\"\",\"presentation\":[{\"text\":\"Blinks and Bursts\",\"in\":1,\"time\":1,\"sound\":\"\",\"size\":2,\"color\":\"#256ED7\"},{\"text\":\"You&#39;ve just played through two Blinks (which are quick activities) and you&#39;re now almost done with this course&#39;s first Burst (which is a sequence of Blinks). Got that?\",\"in\":1,\"time\":2,\"sound\":\"\"},{\"text\":\"In this first Burst you were able to earn 2 gems. Touch the eye in the lower left to see how many you earned. Gems reflect how well you understand the material. \",\"in\":1,\"time\":2,\"sound\":\"\"},{\"text\":\"To unlock the next Burst, you must have accumulated at least 100 points. The gray bar you opened by touching the eye will tell you if you have unlocked it yet.\",\"in\":1,\"time\":2,\"sound\":\"\"},{\"text\":\"One more thing.\",\"in\":1,\"time\":2,\"sound\":\"\"}]}","lite":"0","guid":"3f9c750d-13ea-4af6-8bf1-f81b980f5ea4","growth_activity":"0"},{"id":"516498","courseId":"305","type":"6","summary":"Progress Screen","index":"5","json":"{\"type\":6,\"image\":\"CB208410-3D86-894F-5537-263051A3C993.png\",\"presentation\":[{\"text\":\"Progress Screen\",\"in\":1,\"time\":1,\"sound\":\"\",\"size\":2,\"color\":\"#256ED7\"},{\"text\":\"This is the final Blink in this Burst and at the end of each Burst you&#39;ll see your Progress Screen (see sample above). Here, you&#39;ll find stats on how you&#39;re doing and see where you are on your way up the mountain of mastery. And the better the weather, the better you appear to be grasping the material.\",\"in\":1,\"time\":2,\"sound\":\"\"},{\"text\":\"When you get to the Progress Screen, see if there&#39;s a check mark next to &#34;Target Score.&#34; If so, you&#39;ve unlocked the next Burst. If not, replay this Burst and try for a higher score. If there&#39;s a check mark next to &#34;Max Gems,&#34; you&#39;ve earned all available gems. You don&#39;t need all the gems to move on, but if you want, you can go back and try to earn them all.\",\"in\":1,\"time\":2,\"sound\":\"\"},{\"text\":\"Enjoy your journey!\",\"in\":1,\"time\":2,\"sound\":\"\"}]}","lite":"0","guid":"ba670c7c-5c0d-416b-981d-66bdc7955b9f","growth_activity":"0"},{"id":"516499","courseId":"305","type":"4","summary":"Overview","index":"6","json":"{ \"type\":4}","lite":"0","guid":"5587c1a1-2024-4e55-86cb-a3379c80a494","growth_activity":"0"},{"id":"516500","courseId":"305","type":"3","summary":"The Secret of Carnegie's Formula","index":"7","json":"{\"type\":3,\"intro\":{\"title\":\"The Secret of Carnegie&#39;s Formula\",\"description\":\"The Carnegie formula taught in this course will help you to capture people&#39;s attention and win their confidence. &#10;&#10;&#10;&#10;&#10;&#10;&#10;&#10;&#10;What is the secret of Carnegie&#39;s formula? It comes down to three principles.\",\"image\":\"25F1E8FD-785F-217E-FC4B-3C6FE02E0577.png\",\"sound\":\"\",\"volume\":50},\"unlockscore\":\"250\",\"quicklink\":false,\"quotation\":\"\"}","lite":"0","guid":"1e0f28b0-2731-4e97-b44c-090230487d04","growth_activity":"0"},{"id":"516501","courseId":"305","type":"8","summary":"Carnegie\u2019s Secret Formula 1","index":"8","json":"{\"type\":8,\"statement\":{\"prompt\":\"Let&#39;s learn about those three principles.&#10;&#10;Find and click on the first principle.&#10;\",\"wrong\":\"Carnegie&#39;s Formula!\",\"statements\":[\"Have an airtight|knowledge of|your subject -|know more|than you need.\"],\"ordered\":true,\"timer\":60,\"sound\":\"\"},\"feedback\":[\"Yes, the first principle of Carnegie&#39;s formula is to have an airtight knowledge of your subject - know more than you need.\",\"Yes, the first principle of Carnegie&#39;s formula is: Have an airtight knowledge of your subject - know more than you need.\"],\"score\":\"125\",\"gems\":\"1\"}","lite":"0","guid":"d0ebd808-d5d1-4e14-9433-9be5d3bd9997","growth_activity":"0"},{"id":"516502","courseId":"305","type":"8","summary":"Carnegie\u2019s Secret Formula 2","index":"9","json":"{\"type\":8,\"statement\":{\"prompt\":\"Have an airtight knowledge of your subject is the first principle.&#10;&#10;Find and click on the second principle.\",\"wrong\":\"Carnegie&#39;s Formula!\",\"statements\":[\"When speaking,|use plain language,|personal examples,|and tell stories|of people.\"],\"ordered\":true,\"timer\":60,\"sound\":\"\"},\"feedback\":[\"Yes, the second principle of Carnegie&#39;s formula is to use plain language, personal examples, and tell stories of people.\",\"The second principle of Carnegie&#39;s formula is: When speaking, use plain language, personal examples, and tell stories of people.\"],\"score\":\"125\",\"gems\":\"1\"}","lite":"0","guid":"69d373e4-605d-4927-8046-c6cb66b776f3","growth_activity":"0"},{"id":"516503","courseId":"305","type":"8","summary":"Carnegie\u2019s Secret Formula 3","index":"10","json":"{\"type\":8,\"statement\":{\"prompt\":\"Have an airtight knowledge and use plain language, examples and stories.&#10;&#10;Now, find and click on the third principle.&#10;\",\"wrong\":\"Carnegie&#39;s Formula\",\"statements\":[\"Appeal|to your|listeners&#39;|sense of|self-interest.\"],\"ordered\":true,\"timer\":60,\"sound\":\"\"},\"feedback\":[\"Yes, appeal to your listeners&#39; sense of self-interest. We all crave safety, success, health, and prosperity. We also have a yearning for justice and fairness. Speak on these points, and you will likely bring people to your side.\",\"The third principle is: Appeal to your listeners&#39; sense of self-interest. We all crave safety, success, health, and prosperity, and have a yearning for justice and fairness. Speak on these points. You&#39;ll likely bring people to your side.\"],\"score\":\"125\",\"gems\":\"1\"}","lite":"0","guid":"8fb1c853-995a-4016-8d47-3c92714f506a","growth_activity":"0"},{"id":"516504","courseId":"305","type":"6","summary":"Implementing these Guidelines","index":"11","json":"{\"type\":6,\"image\":\"\",\"presentation\":[{\"text\":\"Implementing These Guidelines\",\"in\":1,\"time\":1,\"sound\":\"\",\"size\":2,\"color\":\"#256ED7\"},{\"text\":\"Unless you are one of a very few naturally gifted speakers, implementing these simple guidelines requires persistence, inspiration, and strategy. \",\"in\":1,\"time\":2,\"sound\":\"\"},{\"text\":\"You will find all of that - and more - in this course.\",\"in\":1,\"time\":2,\"sound\":\"\"},{\"text\":\"Once you learn these important skills, you&#39;ll have a new power that you can choose to use towards any ends.\",\"in\":1,\"time\":2,\"sound\":\"\"},{\"text\":\"How you use this new power is up to you.\",\"in\":1,\"time\":2,\"sound\":\"\"}]}","lite":"0","guid":"f6279472-6923-4a26-96bc-277fc9a5c65e","growth_activity":"0"},{"id":"516505","courseId":"305","type":"11","summary":"Use it for Good Ends","index":"12","json":"{\"type\":11,\"simon\":{\"prompt\":\"Now, relax, listen and then repeat:\",\"sounds\":[\"7CB30F50-FD2F-53B6-6B85-3A8C3DBF4B57.mp3\",\"002FA24E-F3C5-D34A-1A2B-C75156E4452B.mp3\",\"D5205119-5139-8DEC-F039-549C7B57AA59.mp3\",\"571F9835-F7DA-3F43-E916-7CD68AEE0FDC.mp3\",\"3D91DCF8-C258-5282-ECD6-657A056EC213.mp3\",\"F36BADB1-EF1D-D9F9-8526-8EC38B2C90FD.mp3\",\"\"],\"phrase\":\"Effective|communication|will bring me|increased power.|I will use it|for good ends.\",\"wrong\":\"\",\"time\":0,\"score\":0,\"gems\":0,\"sound\":\"\"},\"feedback\":[\"Yes, effective communication will bring you increased power. Use it for good ends.\",\"Effective communication will bring you increased power. Use it for good ends.\"],\"score\":\"150\",\"gems\":\"1\"}","lite":"0","guid":"7a5442ab-f995-4723-b510-ed7b92c535ea","growth_activity":"0"},{"id":"516506","courseId":"305","type":"4","summary":"Carnegie's Secret Formula","index":"13","json":"{ \"type\":4}","lite":"0","guid":"c0635fcc-5570-4703-b9eb-9fb87c870633","growth_activity":"0"},{"id":"516507","courseId":"305","type":"3","summary":"Credits, Copyright, Contact Info","index":"14","json":"{\"type\":3,\"intro\":{\"title\":\"Credits, Copyright, Contact Info\",\"description\":\"We hope this course helps you to change your life for the better. In this Burst, we take a moment to list the wonderful folks who helped to make this course and Blink Training a reality. &#10;&#10;&#10;&#10;&#10;&#10;&#10;&#10;&#10;We never give up and we hope you never give up either.&#10;\",\"image\":\"EF3A6EFB-6E53-BADB-1186-4C2C77F38B95.png\",\"sound\":\"\",\"volume\":50},\"unlockscore\":0,\"quicklink\":false,\"quotation\":\"\"}","lite":"0","guid":"597a4db7-68c2-48ba-bef6-8de6d24522a4","growth_activity":"0"},{"id":"516508","courseId":"305","type":"6","summary":"Credits","index":"15","json":"{\"type\":6,\"image\":\"\",\"presentation\":[{\"text\":\"Credits\",\"in\":1,\"time\":1,\"sound\":\"\",\"size\":2,\"color\":\"#256ED7\"},{\"text\":\"App and Blinks interactive design  Jeff Siegel and Nik Lever&#10;App GUI additional graphic design  Aidan Siegel&#10;Sound Effects  Ed Lima&#10;&#10;Catalyst Pictures LTD&#10;   Nik Lever - chief software engineer&#10;   Ky Thanh - software engineer&#10;   Pam Lever - design&#10;&#10;Blink Training Systems, LLC&#10;   Jeff Siegel, President\",\"in\":1,\"time\":2,\"sound\":\"\"}]}","lite":"0","guid":"594b4ff0-a816-4f06-8bf2-6c94502271be","growth_activity":"0"},{"id":"516509","courseId":"305","type":"6","summary":"Copyright ","index":"16","json":"{\"type\":6,\"image\":\"\",\"presentation\":[{\"text\":\"Copyright Information\",\"in\":1,\"time\":1,\"sound\":\"\",\"size\":2,\"color\":\"#256ED7\"},{\"text\":\"Public Speaking to Win in a Blink! course is Copyright (c) 2016 by Blink Training Systems, LLC. All Rights Reserved.&#10;&#10;Portions of this course are from Public Speaking: A Practical Course for Business Men originally published in 1926 and now in the public domain. Portions from Gildan Media Condensed Classics edition published 2015. Abridgement and Introduction copyright (c) 2015 by Mitch Horowitz&#10;&#10;This course is not sponsored or endorsed by, or otherwise affiliated with, Dale Carnegie or his family and heirs or any other person or entity.&#10;&#10;Blink eye logo, interactive course design, and course look and feel copyright (c) 2016 by Blink Training Systems, LLC. All Rights Reserved.&#10;&#10;No part of this course may be reproduced or transmitted in any form, by any means, (electronic, photocopying, recording, or otherwise) without the prior written permission of the author. No liability is assumed with respect to the use of the information contained within. Although every precaution has been taken, the author assumes no liability for errors or omissions. Neither is any liability assumed for damages resulting from the use of the information contained herein.\",\"in\":1,\"time\":2,\"sound\":\"\"}]}","lite":"0","guid":"ce624da9-267e-4a66-a2aa-51d09c482542","growth_activity":"0"},{"id":"516510","courseId":"305","type":"6","summary":"Contact Info","index":"17","json":"{\"type\":6,\"image\":\"\",\"presentation\":[{\"text\":\"Contact Information\",\"in\":1,\"time\":1,\"sound\":\"\",\"size\":2,\"color\":\"#256ED7\"},{\"text\":\"If you have suggestions, observations, or want to get in touch for any other reason, please send email to jeff.siegel@jeffmedia.com.\",\"in\":1,\"time\":2,\"sound\":\"\"}]}","lite":"0","guid":"348fdaee-6ccf-4834-b402-4a8ee7e316f9","growth_activity":"0"},{"id":"516511","courseId":"305","type":"4","summary":"Credits, Copyright, Contact Info","index":"18","json":"{ \"type\":4}","lite":"0","guid":"fda6f295-2a27-4694-a089-72aabfe02b36","growth_activity":"0"},{"id":"516512","courseId":"305","type":"2","summary":"The Power of What You Say","index":"19","json":"{ \"type\":2}","lite":"0","guid":"a7d9aa45-d82a-4e03-9920-f3e28e8ad238","growth_activity":"0"},{"id":"516513","courseId":"305","type":"1","summary":"Self-Confidence and Preparation","index":"20","json":"{\"type\":1,\"intro\":{\"title\":\"Self-Confidence and Preparation\",\"description\":\"Carnegie personally critiqued thousands of speeches and saw that most people had the same concern: they wanted to develop self confidence when speaking. Through that experience, Carnegie came to see that there is nothing as urgent as preparation before a talk nor as key as having something clear and definite to say.&#10;&#10;&#10;&#10;&#10;&#10;&#10;&#10;We are all drawn to the speaker who has a real message he is zealous about. That speaker can be you.\",\"image\":\"872DE254-C265-AA4B-47D7-B3E3F803D152.png\"},\"dossier\":true}","lite":"0","guid":"d9ece25b-736a-473a-be6f-98ff78e0ca48","growth_activity":"0"},{"id":"516514","courseId":"305","type":"3","summary":"Desire: The First Essential","index":"21","json":"{\"type\":3,\"intro\":{\"title\":\"Desire: The First Essential\",\"description\":\"Thousands of businessmen took Carnegie&#39;s public-speaking courses. Most told him the same thing: &#34;When called upon to stand up and speak, I become so self-conscious, so frightened, that I can&#39;t think clearly, can&#39;t concentrate, and can&#39;t remember what I wanted to say...&#10;&#10;&#10;&#10;&#10;&#10;&#10;&#10;&#10;I want to gain self-confidence, poise, and the ability to think on my feet.&#34;\",\"image\":\"2504EBEA-E8E2-AA63-90AA-06356B449805.png\",\"sound\":\"\",\"volume\":50},\"unlockscore\":\"50\",\"quicklink\":false,\"quotation\":\"\"}","lite":"0","guid":"bc8a390a-636c-414c-9712-386a7bb52e6d","growth_activity":"0"},{"id":"516515","courseId":"305","type":"14","summary":"Speak Better in Front of a Group","index":"22","json":"{\"type\":14,\"question\":{\"timer\":30,\"multiplechoice\":true,\"answers\":[{\"correct\":false,\"text\":\"You&#39;ll think and speak better in front of a group. \",\"feedback\":\"No, all of these ought to come true if you practice and persevere. You will think and speak better. The audience will lift, stir, simulate and inspire you so that your brain functions more clearly, more keenly, and thoughts, facts, and ideas you didn&#39;t know you possessed will come to you. \"},{\"correct\":false,\"text\":\"The audience will lift and stir you. \",\"feedback\":\"No, all of these ought to come true if you practice and persevere. You will think and speak better. The audience will lift, stir, simulate and inspire you so that your brain functions more clearly, more keenly, and thoughts, facts, and ideas you didn&#39;t know you possessed will come to you. \"},{\"correct\":false,\"text\":\"The audience will stimulate and inspire you. \",\"feedback\":\"No, all of these ought to come true if you practice and persevere. You will think and speak better. The audience will lift, stir, simulate and inspire you so that your brain functions more clearly, more keenly, and thoughts, facts, and ideas you didn&#39;t know you possessed will come to you. \"},{\"correct\":true,\"text\":\"All of the above.\",\"feedback\":\"Yes, if you practice and persevere, you will think and speak better in front of a group. The audience will lift, stir, simulate and inspire you so that your brain functions more clearly, more keenly, and thoughts, facts, and ideas you didn&#39;t know you possessed will come to you. \"}],\"sound\":\"\",\"text\":\"Gaining self confidence to speak well is not a gift bestowed by Providence. It is like the ability to play golf. Anyone can develop his own latent capacity, if he has sufficient desire to do so. &#10;&#10;Rather than being frightened to speak publicly, which of these do you think Carnegie says will be true if you practice and persevere?\"},\"feedback\":[\"\",\"\"],\"score\":\"25\",\"gems\":\"1\"}","lite":"0","guid":"cc781a9d-552c-44e5-90a2-73e1981aef28","growth_activity":"0"},{"id":"516516","courseId":"305","type":"12","summary":"Persistent Desire","index":"23","json":"{\"type\":12,\"orderitems\":{\"slots\":[\"Start with a\",\"persistent\",\"desire.\"],\"items\":[{\"text\":\"Start with a\",\"slot\":1},{\"text\":\"persistent\",\"slot\":2},{\"text\":\"desire.\",\"slot\":3}],\"ordered\":true,\"timer\":60,\"sound\":\"\",\"prompt\":\"To get the most from this course, and to get it quickly, four things are essential. The first of these is:&#10;&#10;(Drag the words below to the same words above then touch Done.)\"},\"feedback\":[\"Yes, this is of far greater importance than you may realize. Carnegie said that if he could look into your heart and mind right now, and ascertain the depth of your desires, he could foretell with near-certainty the swiftness of your progress. \",\"Start with a persistent desire. This is of far greater importance than you may realize.  Carnegie said that if he could look into your heart and mind right now, and ascertain the depth of your desires, he could foretell  the swiftness of your progress. \"],\"score\":\"75\",\"gems\":\"1\"}","lite":"0","guid":"96ebdd73-9d62-474b-a639-4447c42a6b89","growth_activity":"0"},{"id":"516517","courseId":"305","type":"6","summary":"The Depth of Your Desire","index":"24","json":"{\"type\":6,\"image\":\"\",\"presentation\":[{\"text\":\"The Depth of Your Desire\",\"in\":1,\"time\":1,\"sound\":\"\",\"size\":2,\"color\":\"#256ED7\"},{\"text\":\"If your desire is pale and flabby, your achievements will be the same. But if you go after this subject with persistence, nothing will defeat you. \",\"in\":1,\"time\":2,\"sound\":\"\"},{\"text\":\"Therefore, arouse your enthusiasm for this study. \",\"in\":1,\"time\":2,\"sound\":\"\"},{\"text\":\"Think of what additional self-confidence and speaking ability will mean to you. Think of what it may mean in profits. Think of what it may mean socially - of the friends it will bring, of the increase of your personal influence, of the leadership it will give you.\",\"in\":1,\"time\":2,\"sound\":\"\"}]}","lite":"0","guid":"e64c5a6b-de1b-4a38-b7e7-ec73ab26572e","growth_activity":"0"},{"id":"516518","courseId":"305","type":"7","summary":"Your Desire","index":"25","json":"{\"type\":7,\"input\":{\"type\":7,\"prompt\":\"How strong do you feel your desire is to be a better public speaker? Move the slider and then write about why or why not being a better public speaker is important to you.\",\"locked\":false,\"text\":\"\",\"isNumber\":false,\"useImages\":false,\"left\":\"Less strong\",\"right\":\"More strong\",\"ideal\":50},\"feedback\":[\"\",\"\"],\"score\":0,\"gems\":0}","lite":"0","guid":"a2d675de-c102-4243-bf9d-86091de7905b","growth_activity":"0"},{"id":"516519","courseId":"305","type":"4","summary":"Developing Courage and Self-Confidence","index":"26","json":"{ \"type\":4}","lite":"0","guid":"772041bf-cf4a-48af-846b-74a955c33d1a","growth_activity":"0"},{"id":"516520","courseId":"305","type":"3","summary":"The Other Three Essentials","index":"27","json":"{\"type\":3,\"intro\":{\"title\":\"The Other Three Essentials\",\"description\":\"To get the most from this course, and to get it quickly, four things are essential. The first, as we&#39;ve discussed, is a persistent desire. &#10;&#10;&#10;&#10;&#10;&#10;&#10;&#10;&#10;Let&#39;s look at the other three.\",\"image\":\"8A6A66D6-CA3A-2EB4-B634-9F974EE76094.png\",\"sound\":\"\",\"volume\":50},\"unlockscore\":\"100\",\"quicklink\":false,\"quotation\":\"\"}","lite":"0","guid":"2e10487c-b405-484f-8229-ebe529e04b06","growth_activity":"0"},{"id":"516521","courseId":"305","type":"12","summary":"Know Your Subject","index":"28","json":"{\"type\":12,\"orderitems\":{\"slots\":[\"Know thoroughly\",\"what you intend\",\"to talk about.\"],\"items\":[{\"text\":\"Know thoroughly\",\"slot\":1},{\"text\":\"what you intend\",\"slot\":2},{\"text\":\"to talk about.\",\"slot\":3}],\"ordered\":true,\"timer\":60,\"sound\":\"\",\"prompt\":\"The first thing is to start with a persistent desire.&#10;&#10;The second thing that is essential to get the most out of this course is:\"},\"feedback\":[\"Yes, unless a speaker has thought out and planned what he is going to say, he can&#39;t feel very comfortable when facing his auditors. An unprepared speaker ought to be self-conscious - and ought to be ashamed of his negligence.\",\"Know thoroughly what you intend to talk about. Unless a speaker has thought out and planned what he is going to say, he can&#39;t feel very comfortable when facing his auditors. An unprepared speaker ought to be self-conscious.\"],\"score\":\"75\",\"gems\":\"1\"}","lite":"0","guid":"977ab6c0-ba1f-41d3-a7b6-a68f340e1e70","growth_activity":"0"},{"id":"516522","courseId":"305","type":"12","summary":"Act Confident","index":"29","json":"{\"type\":12,\"orderitems\":{\"slots\":[\"Act\",\"confident.\"],\"items\":[{\"text\":\"Act\",\"slot\":1},{\"text\":\"confident.\",\"slot\":2}],\"ordered\":true,\"timer\":60,\"sound\":\"\",\"prompt\":\"So, start with a persistent desire, know your subject, and...&#10;&#10;The third thing that is essential to get the most out of this course is:\"},\"feedback\":[\"Yes, act confident. And how do you do that? Carnegie quotes William James writing about bravery.\",\"Act confident. And how do you do that? Carnegie quotes William James writing about bravery.\"],\"score\":\"50\",\"gems\":\"1\"}","lite":"0","guid":"e66953f4-19b2-4508-a65d-186cb53f2d2a","growth_activity":"0"},{"id":"516523","courseId":"305","type":"6","summary":"To Feel Brave","index":"30","json":"{\"type\":6,\"image\":\"\",\"presentation\":[{\"text\":\"To Feel Brave\",\"in\":1,\"time\":1,\"sound\":\"\",\"size\":2,\"color\":\"#256ED7\"},{\"text\":\"&#34;To feel brave,&#34; advises philosopher William James, &#34;act as if we were brave, use all our will to that end, and a courage-fit will very likely replace the fit of fear.&#34;\",\"in\":1,\"time\":2,\"sound\":\"\"},{\"text\":\"To develop courage when facing an audience, act as if you already have it. \",\"in\":1,\"time\":2,\"sound\":\"\"},{\"text\":\"(If you are ill-prepared, though, all the acting in the world will amount to little.)\",\"in\":1,\"time\":2,\"sound\":\"\",\"font\":2}]}","lite":"0","guid":"916d9ffa-4265-42c6-9bdf-18d8acfa0d02","growth_activity":"0"},{"id":"516524","courseId":"305","type":"7","summary":"How Confident Are You?","index":"31","json":"{\"type\":7,\"input\":{\"type\":7,\"prompt\":\"When talking at work, at home, or in front of a group of people, how confident do you feel? Is this something you would like to work on? (To review what you have written, touch the three blue lines in the upper left and select &#34;Dossiers.&#34; Select &#34;Return to Course&#34; to get back.)\",\"locked\":false,\"text\":\"\",\"isNumber\":false,\"useImages\":false,\"left\":\"Not Very Confident\",\"right\":\"Very Confident\",\"ideal\":50},\"feedback\":[\"\",\"\"],\"score\":0,\"gems\":0}","lite":"0","guid":"60a9a8cb-3cbc-495e-ae7e-71cbc8230b94","growth_activity":"0"},{"id":"516525","courseId":"305","type":"12","summary":"Practice! Practice! Practice!","index":"32","json":"{\"type\":12,\"orderitems\":{\"slots\":[\"Practice!\",\"Practice!!\",\"Practice!!!\"],\"items\":[{\"text\":\"Practice!\",\"slot\":1},{\"text\":\"Practice!!\",\"slot\":2},{\"text\":\"Practice!!!\",\"slot\":3}],\"ordered\":true,\"timer\":60,\"sound\":\"\",\"prompt\":\"The first three essentials are: start with a persistent desire, know your subject, and act confident.&#10;&#10;The final thing that is essential to get the most out of this course is:\"},\"feedback\":[\"Yes, this is the most vital point of all. The first way, the last way, the never-failing way to overcome fear and develop self-confidence in speaking is - to speak. The whole matter finally simmers down to one essential: practice. \",\"Practice! Practice!! Practice!!! This is the most vital point of all. The first way, the last way, the never-failing way to overcome fear and develop self-confidence in speaking is - to speak. Practice! \"],\"score\":\"75\",\"gems\":\"1\"}","lite":"0","guid":"66fd2a5c-0cb4-4779-9434-034a53c75ba4","growth_activity":"0"},{"id":"516526","courseId":"305","type":"4","summary":"WHAT CALL THIS?","index":"33","json":"{ \"type\":4}","lite":"0","guid":"86329dae-a55f-495f-bfec-0c6f1846dfe5","growth_activity":"0"},{"id":"516527","courseId":"305","type":"3","summary":"Self-Confidence Through Preparation","index":"34","json":"{\"type\":3,\"intro\":{\"title\":\"Self-Confidence Through Preparation\",\"description\":\"It was Carnegie&#39;s professional duty, as well as his pleasure, to listen to and criticize approximately six thousand speeches a year. Most were made by ordinary businesspeople. &#10;&#10;&#10;&#10;&#10;&#10;&#10;If that experience engraved one thing on his mind it was this: The urgent necessity of preparing a talk before one starts to make it, and of having something clear and definite to say.\",\"image\":\"8B70E13F-4FAC-D2F4-2736-0D47C602AF73.png\",\"sound\":\"\",\"volume\":50},\"unlockscore\":\"150\",\"quicklink\":false,\"quotation\":\"\"}","lite":"0","guid":"b8e3c3eb-72b3-4eb5-8c7c-b79545661b3c","growth_activity":"0"},{"id":"516528","courseId":"305","type":"14","summary":"Half the Secret","index":"35","json":"{\"type\":14,\"question\":{\"timer\":60,\"multiplechoice\":true,\"answers\":[{\"correct\":true,\"text\":\"His talk almost makes itself. \",\"feedback\":\"Yes, a well-prepared speech is already nine-tenths delivered. The one fatal mistake is neglecting to prepare. &#34;Perfect love,&#34; wrote the apostle John, &#34;casteth out fear.&#34; So does perfect preparation. \"},{\"correct\":false,\"text\":\"He has no control over what he says.\",\"feedback\":\"No, he doesn&#39;t lose control. Rather, the talk almost makes itself. A well-prepared speech is already nine-tenths delivered. The one fatal mistake is neglecting to prepare. &#34;Perfect love,&#34; wrote the apostle John, &#34;casteth out fear.&#34; So does perfect preparation.\"}],\"sound\":\"\",\"text\":\"Aren&#39;t you unconsciously drawn to a speaker who you feel has a real message, which he zealously desires to communicate? That is half the secret of speaking.  &#10;&#10;When a speaker is in that kind of mental and emotional state he will discover a significant fact: \"},\"feedback\":[\"\",\"\"],\"score\":\"25\",\"gems\":\"1\"}","lite":"0","guid":"0d5e0a0f-8dda-4173-b696-15da6609cf31","growth_activity":"0"},{"id":"516529","courseId":"305","type":"20","summary":"What is Preparation?","index":"36","json":"{\"type\":20,\"multiple\":{\"timer\":60,\"answers\":[{\"correct\":false,\"text\":\"Finding and memorizing ideas in a book \",\"feedback\":\"Reading a book is one kind of preparation, but not the best. Reading may help, but if one attempts to lift a lot of &#34;canned&#34; thoughts out of a book and give them out as his own, the whole performance will be lacking.\"},{\"correct\":true,\"text\":\"Assembling your thoughts, ideas, convictions \",\"feedback\":\"Yes, preparation means assembling your thoughts, your ideas, your convictions, your urges. You have them every day of your life. They swarm through your dreams.\"},{\"correct\":false,\"text\":\"Pulling together a few casual thoughts \",\"feedback\":\"Does preparation mean pulling together some faultless phrases, written down or memorized? No. Does it mean assembling a few casual thoughts that really convey very little to you personally? Not at all.\"}],\"sound\":\"\",\"text\":\"Which of these is the best way to prepare for a talk?\"},\"feedback\":[\"Very good. Now, touch Close and then touch any answer to learn more.\",\"Some were wrong. Now, touch Close and then touch any answer to learn more.\"],\"score\":\"25\",\"gems\":\"1\"}","lite":"0","guid":"85e6da3c-c06d-4e53-a586-2b4e620a97fb","growth_activity":"0"},{"id":"516530","courseId":"305","type":"6","summary":"Feelings and Experiences","index":"37","json":"{\"type\":6,\"image\":\"\",\"presentation\":[{\"text\":\"Feelings and Experiences\",\"in\":1,\"time\":1,\"sound\":\"\",\"size\":2,\"color\":\"#256ED7\"},{\"text\":\"Your whole existence has been filled with feelings and experiences. These things are lying deep in your subconscious as thick as pebbles on the seashore. \",\"in\":1,\"time\":2,\"sound\":\"\"},{\"text\":\"Preparation means thinking, brooding, recalling, selecting the ones that speak to you most, polishing them, working them into a pattern, a mosaic of your own. \",\"in\":1,\"time\":2,\"sound\":\"\"},{\"text\":\"That doesn&#39;t sound so difficult, does it? It isn&#39;t. It just requires a little concentration and thinking to a purpose.\",\"in\":1,\"time\":2,\"sound\":\"\"}]}","lite":"0","guid":"b599c6bb-a5af-4fe7-b9af-efeda31667ef","growth_activity":"0"},{"id":"516531","courseId":"305","type":"10","summary":"What Topic To Speak On?","index":"38","json":"{\"type\":10,\"dragdrop\":{\"timer\":0,\"layout\":0,\"goals\":[{\"isImage\":false,\"text\":\"My Topic\",\"image\":\"\"}],\"items\":[{\"goal\":1,\"isImage\":false,\"text\":\"Who was the...\",\"image\":\"\",\"feedback\":[\"Who was the... Finish this question as it relates to your topic.\",\"\"]},{\"goal\":1,\"isImage\":false,\"text\":\"What is the...\",\"image\":\"\",\"feedback\":[\"What is the... Finish this question as it relates to your topic.\",\"\"]},{\"goal\":1,\"isImage\":false,\"text\":\"When did the...\",\"image\":\"\",\"feedback\":[\"When did the... Finish this question as it relates to your topic.\",\"\"]},{\"goal\":1,\"isImage\":false,\"text\":\"Where did the...\",\"image\":\"\",\"feedback\":[\"Where did the... Finish this question as it relates to your topic.\",\"\"]},{\"goal\":1,\"isImage\":false,\"text\":\"Why did the...\",\"image\":\"\",\"feedback\":[\"Why did the... Finish this question as it relates to your topic.\",\"\"]},{\"goal\":1,\"isImage\":false,\"text\":\"How can we...\",\"image\":\"\",\"feedback\":[\"How can we... Finish this question as it relates to your topic.\",\"\"]}],\"prompt\":\"What topics should you speak on? Anything that truly interests you. Ask yourself all possible questions concerning your topic. For example: think of a topic right now. Any topic. Now, as you drag each box to the goal on bottom, finish that question as it applies to your topic.\",\"sound\":\"\"},\"feedback\":[\"Once you start asking questions, they usually just keep coming. That is the way to explore your topic so that you are truly prepared when you talk.\",\"Once you start asking questions, they usually just keep coming. That is the way to explore your topic so that you are truly prepared when you talk.\"],\"score\":\"150\",\"gems\":\"1\"}","lite":"0","guid":"8f2981ae-0236-49bc-8f0c-241e0721e99d","growth_activity":"0"},{"id":"516532","courseId":"305","type":"9","summary":"Collect More Material Than You Can Use","index":"39","json":"{\"type\":9,\"wordfill\":{\"text\":\"Get it for ##2## it will have on ##1## and ##4## and whole manner of ##3##.\",\"prompt\":\"When preparing a speech, assemble a hundred thoughts, and discard ninety. Collect more material than there is any possibility of using. Get it for that additional confidence it will give you, for that sureness of touch. \",\"sound\":\"\",\"words\":[\"your mind\",\"the effect\",\"speaking\",\"heart\"],\"timer\":60},\"feedback\":[\"That is a basic factor of preparation - yet most speakers constantly ignore it.\",\"Get it for the effect it will have on your mind and heart and whole manner of speaking. That is a basic factor of preparation - yet most speakers constantly ignore it.\"],\"score\":\"100\",\"gems\":\"1\"}","lite":"0","guid":"4edfb4b8-4514-488f-9f8f-f0bcc8e2b08d","growth_activity":"0"},{"id":"516533","courseId":"305","type":"4","summary":"Self-Confidence Through Preparation","index":"40","json":"{ \"type\":4}","lite":"0","guid":"3c14a624-8434-4429-b37d-d1bb779d00f6","growth_activity":"0"},{"id":"516534","courseId":"305","type":"3","summary":"How To Practice Your Speaking","index":"41","json":"{\"type\":3,\"intro\":{\"title\":\"How To Practice Your Speaking\",\"description\":\"You must practice your speaking. If you stand up and think clearly and keep going for 2 or 3 minutes, that is a perfect way to practice delivering a talk. Try this a few times. What you can do first on a small scale you can do later on a large scale. &#10;&#10;&#10;&#10;&#10;&#10;&#10;&#10;But do not attempt to tell us everything in 3 minutes. It can&#39;t be done. Take one, and only one, phase of your topic: expand and enlarge that. \",\"image\":\"7C74C682-983C-146C-07EB-2638B5B4B6AC.png\",\"sound\":\"\",\"volume\":50},\"unlockscore\":\"100\",\"quicklink\":false,\"quotation\":\"\"}","lite":"0","guid":"c0cdd5d9-d32f-4975-a501-69e1e2bb49b3","growth_activity":"0"},{"id":"516535","courseId":"305","type":"13","summary":"Expand and Enlarge on your Topic ","index":"42","json":"{\"type\":13,\"thisthat\":{\"questions\":[{\"text\":\"Let&#39;s practice practicing. Right now, make believe you&#39;re going to give a talk on how you came to be in your particular business or profession. Answer the question and then speak about it. (Really, do it now out loud.)&#10;&#10;Was it due to:\",\"correct\":\"Accident\",\"wrong\":\"Choice\",\"value\":true,\"feedback\":[\"Tell us how that happened.\",\"Tell us what prompted you to make that choice.\"]},{\"text\":\"Let&#39;s practice practicing. Right now, make believe you&#39;re going to give a talk on how you came to be in your particular business or profession. Answer the question and then speak about it. (Really, do it now out loud.)&#10;&#10;Initially, in your line of work, did you experience:\",\"correct\":\"Defeats\",\"wrong\":\"Triumphs\",\"value\":true,\"feedback\":[\"Tell us about those defeats and how you overcame them.\",\"Tell us about those triumphs and what you learned from them.\"]},{\"text\":\"Let&#39;s practice practicing. Right now, make believe you&#39;re going to give a talk on how you came to be in your particular business or profession. Answer the question and then speak about it. (Really, do it now out loud.)&#10;&#10;During your years in this line of work, would you say you relate more to:\",\"correct\":\"Struggle\",\"wrong\":\"Hope\",\"value\":true,\"feedback\":[\"Tell us about the struggle and how you deal with it.\",\"Tell us what underlies your hope.\"]}],\"timer\":0,\"noscore\":true},\"feedback\":[\"Remember, when you talk, make it a human-interest narrative, a real-life picture based on first-hand experience.  The truthful, inside story of almost anyone&#39;s life - if told modestly and without egotism - is sure-fire speech material. \",\"Remember, when you talk, make it a human-interest narrative, a real-life picture based on first-hand experience.  The truthful, inside story of almost anyone&#39;s life - if told modestly and without egotism - is sure-fire speech material. \"],\"score\":\"0\",\"gems\":\"0\"}","lite":"0","guid":"73444283-497b-4c7a-9443-be7e3fe5e8c0","growth_activity":"0"},{"id":"516536","courseId":"305","type":"14","summary":"When a Speaker Reads from Notes","index":"43","json":"{\"type\":14,\"question\":{\"timer\":30,\"multiplechoice\":true,\"answers\":[{\"correct\":true,\"text\":\"It doesn&#39;t bother me \",\"feedback\":\"Interesting, for most, notes destroy about 50% of their interest in a talk because they prevent a very precious intimacy that ought to exist between the speaker and the audience. Notes create an air of artificiality that appear to rob the speaker of confidence, spontaneity, and power.\"},{\"correct\":true,\"text\":\"It destroys my interest \",\"feedback\":\"Most people agree. Notes prevent, or at least render difficult, a very precious intimacy that ought to exist between the speaker and the audience. They create an air of artificiality. They restrain an audience from feeling that a speaker has confidence, spontaneity, and power.\"}],\"sound\":\"\",\"text\":\"Many wonder if they should use notes while speaking. As a listener, how do you feel when you see a speaker with notes?\"},\"feedback\":[\"\",\"\"],\"score\":\"0\",\"gems\":\"0\"}","lite":"0","guid":"55161557-3373-4639-856c-7f43778fb744","growth_activity":"0"},{"id":"516537","courseId":"305","type":"9","summary":"Notes to Prepare, not for Speaking","index":"44","json":"{\"type\":9,\"wordfill\":{\"text\":\"##2## should be ##1## tools, ##4## in case of ##3##. \",\"prompt\":\"Make notes during your preparation - elaborate ones, profuse ones. You may wish to refer to notes when you are practicing your talk alone. You may possibly feel more comfortable if you have them stored away in your pocket when facing an audience. BUT:\",\"sound\":\"\",\"words\":[\"emergency\",\"Notes\",\"a total wreck\",\"used only\"],\"timer\":60},\"feedback\":[\"Yet, if you still must use notes...\",\"But notes should be emergency tools, used only in case of a total wreck. Yet, if you still must use notes...\"],\"score\":\"100\",\"gems\":\"1\"}","lite":"0","guid":"7f3fb6e0-0b94-4d33-a7c1-1dca606598d1","growth_activity":"0"},{"id":"516538","courseId":"305","type":"6","summary":"If You Must Use Notes","index":"45","json":"{\"type\":6,\"image\":\"\",\"presentation\":[{\"text\":\"If You Must Use Notes\",\"in\":1,\"time\":1,\"sound\":\"\",\"size\":2,\"color\":\"#256ED7\"},{\"text\":\"If you must use notes while speaking, make them extremely brief and write them in large letters on an ample sheet of paper. \",\"in\":1,\"time\":2,\"sound\":\"\"},{\"text\":\"Arrive early and discretely place your notes on the lectern, or behind books on a table. Glance at them briefly if you must. \",\"in\":1,\"time\":2,\"sound\":\"\"},{\"text\":\"In a few limited instances it may be wise to use notes. Some people during their first few talks are so nervous that they are unable to remember what they wanted to say. In such cases, it is fine to hold a few very condensed notes in your hands.  \",\"in\":1,\"time\":2,\"sound\":\"\"}]}","lite":"0","guid":"710334e9-522f-4a86-9cfd-6151bd821bd1","growth_activity":"0"},{"id":"516539","courseId":"305","type":"8","summary":"Get Comfortable with Your Talk","index":"46","json":"{\"type\":8,\"statement\":{\"prompt\":\"Get comfortable with your talk. After you have thought it out and arranged it, practice it silently as you walk along the street. Also get off somewhere by yourself and go over it from beginning to end, using gestures, letting yourself go. And be sure to:\",\"wrong\":\"Success!\",\"statements\":[\"Imagine that|you are|addressing|a real|audience. \"],\"ordered\":true,\"timer\":60,\"sound\":\"\"},\"feedback\":[\"Yes, imagine that you are addressing a real audience. The more of this you do, the more comfortable you will feel when the time comes to deliver your talk. \",\"Imagine that you are addressing a real audience. The more of this you do, the more comfortable you will feel when the time comes to deliver your talk.\"],\"score\":\"125\",\"gems\":\"1\"}","lite":"0","guid":"4d28543c-5cd0-46a0-ac79-c55561e06e35","growth_activity":"0"},{"id":"516540","courseId":"305","type":"7","summary":"Prepare and Practice?","index":"47","json":"{\"type\":7,\"input\":{\"type\":7,\"prompt\":\"How well do you prepare and practice when you are going to give a talk? How can you improve this process?\",\"locked\":false,\"text\":\"\",\"isNumber\":false,\"useImages\":false,\"left\":\"Don&#39;t Do It\",\"right\":\"Do it Well\",\"ideal\":50},\"feedback\":[\"\",\"\"],\"score\":0,\"gems\":0}","lite":"0","guid":"5f4caf75-e82b-42bf-bc2d-69bfe02b37fa","growth_activity":"0"},{"id":"516541","courseId":"305","type":"4","summary":"How To Practice Your Speaking","index":"48","json":"{ \"type\":4}","lite":"0","guid":"0974a655-11aa-47aa-9611-82d103756d26","growth_activity":"0"},{"id":"516542","courseId":"305","type":"2","summary":"Self- Confidence and Preparation","index":"49","json":"{ \"type\":2}","lite":"0","guid":"de308503-5116-47bc-a3c7-734ec06dc059","growth_activity":"0"},{"id":"516543","courseId":"305","type":"1","summary":"Enthusiasm, Delivery, Personality","index":"50","json":"{\"type\":1,\"intro\":{\"title\":\"Enthusiasm, Delivery, Personality\",\"description\":\"Being a successful speaker comes down to three things: be yourself, be enthusiastic and be truthful. You want your audience to be as excited as you are and relate to you as a person.&#10;&#10;&#10;&#10;&#10;&#10;&#10;&#10;&#10;As Carnegie wrote: &#34;Wake up! Be human! Put your heart into your talks.&#34;\",\"image\":\"C57BFDEA-C6A4-6D29-871E-2455DC51010E.png\"},\"dossier\":false}","lite":"0","guid":"21015fc9-798e-4787-8124-e7b0e7d0a785","growth_activity":"0"},{"id":"516544","courseId":"305","type":"3","summary":"Keeping Your Audience Awake","index":"51","json":"{\"type\":3,\"intro\":{\"title\":\"Keeping Your Audience Awake\",\"description\":\"What is the secret of success? &#10;&#10;&#34;Nothing great,&#34; said Ralph Waldo Emerson, &#34;was ever achieved without enthusiasm.&#34;&#10;&#10;&#10;&#10;&#10;&#10;&#10; &#10;&#10;This quality is the most effective, most important factor in advertising, selling goods, and getting things done.\",\"image\":\"7920ED37-256A-4C8D-1E1C-46D257C66A50.png\",\"sound\":\"\",\"volume\":50},\"unlockscore\":0,\"quicklink\":false,\"quotation\":\"\"}","lite":"0","guid":"06d7887a-a2e7-4942-8bcb-672140376b1f","growth_activity":"0"},{"id":"516545","courseId":"305","type":"4","summary":"Keeping Your Audience Awake","index":"52","json":"{ \"type\":4}","lite":"0","guid":"5f324427-0ada-4fca-a131-b00ccab2fae0","growth_activity":"0"},{"id":"516546","courseId":"305","type":"3","summary":"The Secret of Good Delivery","index":"53","json":"{\"type\":3,\"intro\":{\"title\":\"The Secret of Good Delivery\",\"description\":\"We are often told to be natural, to be ourselves. But the same society that gives this advice often bleeds naturalness out of us by imposing all kinds of preconceptions of just what u201cnaturalnessu201d ought to be. &#10;&#10;The problem of teaching or training people in delivery is not one of superimposing additional characteristics; it is largely one of removing impediments, of freeing people, of getting them to speak, albeit with a different vocabulary and judgment, as they did when they were four years old. \",\"image\":\"\",\"sound\":\"\",\"volume\":50},\"unlockscore\":0,\"quicklink\":false,\"quotation\":\"\"}","lite":"0","guid":"fba91ede-5140-4865-b6cd-6e60936e8fc1","growth_activity":"0"},{"id":"516547","courseId":"305","type":"4","summary":"The Secret of Good Delivery","index":"54","json":"{ \"type\":4}","lite":"0","guid":"98e0f557-073d-4dd7-a292-20f9af884653","growth_activity":"0"},{"id":"516548","courseId":"305","type":"3","summary":"Platform Presence and Personality","index":"55","json":"{\"type\":3,\"intro\":{\"title\":\"Platform Presence and Personality\",\"description\":\"Personality u2013 with the exception of preparation and ideas u2013 is probably the most important factor in public speaking. But personality is a vague and elusive thing. It is the whole combination of the man: the physical, the spiritual, the mental; his traits, his predilections, his tendencies, his temperament, his cast of mind, his vigor, his experience, his training, his life.\",\"image\":\"\",\"sound\":\"\",\"volume\":50},\"unlockscore\":0,\"quicklink\":false,\"quotation\":\"\"}","lite":"0","guid":"18c6775a-2602-411e-a973-c23fcd68dd5b","growth_activity":"0"},{"id":"516549","courseId":"305","type":"4","summary":"Platform Presence and Personality","index":"56","json":"{ \"type\":4}","lite":"0","guid":"d5c273df-5e9f-493c-80da-59c8dd8636a5","growth_activity":"0"},{"id":"516550","courseId":"305","type":"2","summary":"Enthusiasm, Delivery, Personality","index":"57","json":"{ \"type\":2}","lite":"0","guid":"889e5f9b-a2c3-4aa1-aaa9-0c97730fd91c","growth_activity":"0"},{"id":"516551","courseId":"305","type":"1","summary":"How to Open, How to Close","index":"58","json":"{\"type\":1,\"intro\":{\"title\":\"How to Open, How to Close\",\"description\":\"Effectively opening your talk and closing your talk could make or break the success of your speech. When you open, you must get the audienceu2019s attention and arouse their curiosity. Then you have them. And closing your speech is vital because that is what you will leave them with, perhaps the words that they will most remember.&#10;&#10;&#10;&#10;&#10;&#10;&#10;&#10;When developing your talk, keep in mind Carnegieu2019s tips on these crucial topics.\",\"image\":\"264442A2-41D8-E25C-7D47-5B9D72DA8126.png\"},\"dossier\":false}","lite":"0","guid":"8138c14c-f234-4285-96e8-050728e2db04","growth_activity":"0"},{"id":"516552","courseId":"305","type":"3","summary":"How to Open a Talk","index":"59","json":"{\"type\":3,\"intro\":{\"title\":\"How to Open a Talk\",\"description\":\"For some unfortunate reason, the novice often feels that he ought to be either funny or apologetic in starting his talk. These are two blunders you must avoid.\",\"image\":\"\",\"sound\":\"\",\"volume\":50},\"unlockscore\":0,\"quicklink\":false,\"quotation\":\"\"}","lite":"0","guid":"027aeca3-003d-4d57-b783-63cd2900c8f9","growth_activity":"0"},{"id":"516553","courseId":"305","type":"4","summary":"How to Open a Talk","index":"60","json":"{ \"type\":4}","lite":"0","guid":"40fb3cfe-56d4-4156-8318-34acca8672fd","growth_activity":"0"},{"id":"516554","courseId":"305","type":"3","summary":"How to Close a Talk","index":"61","json":"{\"type\":3,\"intro\":{\"title\":\"How to Close a Talk\",\"description\":\"If you want to know how to end a speech, you can do no better than study the close of Lincolnu2019s Second Inaugural:&#10;&#10;With malice toward none, with charity for all, with firmness in the right as God gives us to see the right, let us strive on to finish the work we are in, to bind up the nationu2019s wounds, to care for him who shall have borne the battle and for his widow and his orphan, to do all which may achieve and cherish a just and lasting peace among ourselves and with all nations.\",\"image\":\"\",\"sound\":\"\",\"volume\":50},\"unlockscore\":0,\"quicklink\":false,\"quotation\":\"\"}","lite":"0","guid":"922cefea-ee45-4bf5-8bac-3ee4ee5ec98d","growth_activity":"0"},{"id":"516555","courseId":"305","type":"4","summary":"How to Close a Talk","index":"62","json":"{ \"type\":4}","lite":"0","guid":"5504c830-2b89-4938-9cba-9b99e51003f4","growth_activity":"0"},{"id":"516556","courseId":"305","type":"2","summary":"How to Open, How to Close","index":"63","json":"{ \"type\":2}","lite":"0","guid":"7ab42e7f-ea82-4bec-8b21-8721a6b79c2a","growth_activity":"0"},{"id":"516557","courseId":"305","type":"1","summary":"Clarity, Interest, and Language","index":"64","json":"{\"type\":1,\"intro\":{\"title\":\"Clarity, Interest, and Language\",\"description\":\"When you are giving a talk, you must be sure to make yourself clear so your listeners can have a chance of understanding you. And in your clarity you must make your topic interesting. Towards this goal, Carnegie was clear: &#10;&#10;&#10;&#10;&#10;&#10;&#10;&#10;Always remember, your audience will feel interested in your topic to the degree that you are sincerely interested in it yourself. \",\"image\":\"68B0BA0D-25E4-DDDD-F651-5CC3CDC72826.png\"},\"dossier\":false}","lite":"0","guid":"1089d69f-2049-4a6c-b2fc-eb8c1dd80b61","growth_activity":"0"},{"id":"516558","courseId":"305","type":"3","summary":"How to Make Your Meaning Clear","index":"65","json":"{\"type\":3,\"intro\":{\"title\":\"How to Make Your Meaning Clear\",\"description\":\"Napoleonu2019s most emphatic instruction to his secretaries was: u201cBe clear! Be clear!u201d&#10;&#10;When the disciples asked Christ why He taught the public by parables, He answered: u201cBecause they seeing, see not; and hearing, hear not; neither do they understand.u201d&#10;&#10;And when you talk about a subject strange to your hearers, can you hope that they will understand you any more readily than people understood the Master?\",\"image\":\"\",\"sound\":\"\",\"volume\":50},\"unlockscore\":0,\"quicklink\":false,\"quotation\":\"\"}","lite":"0","guid":"9cd212cb-48a3-420c-92ae-7ef399461459","growth_activity":"0"},{"id":"516559","courseId":"305","type":"4","summary":"How to Make Your Meaning Clear","index":"66","json":"{ \"type\":4}","lite":"0","guid":"f9ba44b0-e3e2-469a-9c16-f465885218dd","growth_activity":"0"},{"id":"516560","courseId":"305","type":"3","summary":"How to Interest Your Audience","index":"67","json":"{\"type\":3,\"intro\":{\"title\":\"How to Interest Your Audience\",\"description\":\"What would you say are the three most interesting subjects in the world? They are: sex, property, and religion. By the first we can create life, by the second we maintain it, and by the third we hope to continue it in the world to come.&#10;&#10;But it is our sex, our property, and our religion that interests us. Our interests swarm around our own egos.\",\"image\":\"\",\"sound\":\"\",\"volume\":50},\"unlockscore\":0,\"quicklink\":false,\"quotation\":\"\"}","lite":"0","guid":"068a7272-53d4-4908-bf0a-942482d0dc67","growth_activity":"0"},{"id":"516561","courseId":"305","type":"4","summary":"How to Interest Your Audience","index":"68","json":"{ \"type\":4}","lite":"0","guid":"f8bb8257-145b-4737-89a4-dcc68339be89","growth_activity":"0"},{"id":"516562","courseId":"305","type":"3","summary":"Improving Your Language","index":"69","json":"{\"type\":3,\"intro\":{\"title\":\"Improving Your Language\",\"description\":\"The world judges us by four things: by what we do, by how we look, by what we say, and by how we say it. Many people blunder through life with no conscious effort to enrich their stock of words, to master their shades of meaning, and to speak with precision. Many people habitually use the overworked and exhausted phrases of the office and street. Small wonder that their way of speaking lacks distinction and individuality. \",\"image\":\"\",\"sound\":\"\",\"volume\":50},\"unlockscore\":0,\"quicklink\":false,\"quotation\":\"\"}","lite":"0","guid":"95091cd5-45a6-4272-8b7d-18bfacef6a57","growth_activity":"0"},{"id":"516563","courseId":"305","type":"4","summary":"Improving Your Language","index":"70","json":"{ \"type\":4}","lite":"0","guid":"e4d26c44-1b66-4381-baf7-5b0ba12be29e","growth_activity":"0"},{"id":"516564","courseId":"305","type":"2","summary":"Clarity, Interest, and Language","index":"71","json":"{ \"type\":2}","lite":"0","guid":"b7dd84e6-c802-4429-9ba6-be5935c58d1f","growth_activity":"0"},{"id":"516565","courseId":"305","type":"1","summary":"How to Get Action","index":"72","json":"{\"type\":1,\"intro\":{\"title\":\"How to Get Action\",\"description\":\"If you could have the power of any talent that you now possess doubled and tripled, which one would you select? Wouldnu2019t you likely designate your ability to influence others, to get action? That would mean additional power, additional profit, and additional pleasure. Must this art u2013 so essential to our success in life u2013 remain forever a hit-and-miss affair? Must we blunder along depending upon our instinct, upon rule-of-thumb methods only? Or is there a more intelligent way to achieve it?&#10;&#10;&#10;&#10;&#10;&#10;&#10;&#10;There is, and we shall discuss it at once u2013 a method based on the rules of common sense, on the rules of human nature, a method that Carnegie frequently, and successfully, used himself. \",\"image\":\"49DBD0DF-78D2-CA97-29FF-2FAE4A9E6CF3.png\"},\"dossier\":false}","lite":"0","guid":"70926eba-e11f-43d1-b185-e843c5e355c9","growth_activity":"0"},{"id":"516566","courseId":"305","type":"3","summary":"Interest and Confidence","index":"73","json":"{\"type\":3,\"intro\":{\"title\":\"Interest and Confidence\",\"description\":\"If you could have the power of any talent that you now possess doubled and tripled, which one would you select? Wouldnu2019t you likely designate your ability to influence others, to get action? That would mean additional power, additional profit, and additional pleasure.&#10;&#10;Must this art u2013 so essential to our success in life u2013 remain forever a hit-and-miss affair? Must we blunder along depending upon our instinct, upon rule-of-thumb methods only? Or is there a more intelligent way to achieve it?\",\"image\":\"\",\"sound\":\"\",\"volume\":50},\"unlockscore\":0,\"quicklink\":false,\"quotation\":\"\"}","lite":"0","guid":"539fd839-9c2d-4d41-8391-fb30f17c8f0f","growth_activity":"0"},{"id":"516567","courseId":"305","type":"4","summary":"Interest and Confidence","index":"74","json":"{ \"type\":4}","lite":"0","guid":"7bba62af-14a8-4ae3-9b36-bf3d94c109b2","growth_activity":"0"},{"id":"516568","courseId":"305","type":"3","summary":"What People are Looking For","index":"75","json":"{\"type\":3,\"intro\":{\"title\":\"What People are Looking For\",\"description\":\"Once you have won peopleu2019s confidence, consider what people are looking for u2013 from you and from the world around them. Think about it.\",\"image\":\"\",\"sound\":\"\",\"volume\":50},\"unlockscore\":0,\"quicklink\":false,\"quotation\":\"\"}","lite":"0","guid":"769809ce-1a3a-4afd-9b5d-9cf57963d8a9","growth_activity":"0"},{"id":"516569","courseId":"305","type":"4","summary":"What People are Looking For","index":"76","json":"{ \"type\":4}","lite":"0","guid":"1b2ecd3b-6b8d-4ac2-90fa-30168e3827a4","growth_activity":"0"},{"id":"516570","courseId":"305","type":"3","summary":"Summarizing it All","index":"77","json":"{\"type\":3,\"intro\":{\"title\":\"Summarizing it All\",\"description\":\"To summarize all we have been discussing, letu2019s review the ways that you as a speaker can get people on your side and move them to action.\",\"image\":\"\",\"sound\":\"\",\"volume\":50},\"unlockscore\":0,\"quicklink\":false,\"quotation\":\"\"}","lite":"0","guid":"85ed80b9-9656-4646-a19d-ed9eeaaba9ca","growth_activity":"0"},{"id":"516571","courseId":"305","type":"4","summary":"Summarizing it All","index":"78","json":"{ \"type\":4}","lite":"0","guid":"d53090a3-7fa0-4cab-a14b-4820ff191756","growth_activity":"0"},{"id":"516572","courseId":"305","type":"2","summary":"How to Get Action","index":"79","json":"{ \"type\":2}","lite":"0","guid":"a9f882f0-7df8-4db3-8f6d-cee1d40d7a8e","growth_activity":"0"}]