[{"id":"288823","courseId":"283","type":"1","summary":"Introduction","index":"0","json":"{\"type\":1,\"intro\":{\"title\":\"Introduction\",\"description\":\"This Blink Course is a new way to experience Wallace Wattles classic The Science of Getting Rich. Written in 1910 this book was one of the first to be written on the psychology of getting rich and on what has been called The Law of Attraction. Since it&#39;s publication, this book has changed countless lives and through this course, it can change your life.&#10;&#10;&#10;&#10;&#10;&#10;&#10;If you follow his instructions and commit to his program, you may find yourself moving towards your dreams - as they move towards you.\",\"image\":\"DE86157A-D1CF-3911-2268-8BCB7485A10C.png\"},\"dossier\":false}","lite":"0","guid":"6ee52b94-0d63-4e1a-9ef2-a384af022054","growth_activity":"0"},{"id":"288824","courseId":"283","type":"3","summary":"Wattles' Preface","index":"1","json":"{\"type\":3,\"intro\":{\"title\":\"Wattles&#39; Preface\",\"description\":\"Blink courses serve up content in small chunks (called Blinks) and arrange those Blinks into short sequences (called Bursts). This first Burst is about Wattles preface to the book, and you can earn two gems. Gems reflect how well you understand the material.&#10;&#10;&#10;&#10;&#10;&#10;&#10;&#10;&#10;To unlock the next Burst, you must accumulate at least 100 points.\",\"image\":\"C2F4D467-FE4E-3D12-55F2-47C8BC8645C5.png\",\"sound\":\"\",\"volume\":50},\"unlockscore\":\"250\",\"quicklink\":false,\"quotation\":\"\"}","lite":"0","guid":"12be4181-e741-49c7-b8a8-65b9ea81211f","growth_activity":"0"},{"id":"288825","courseId":"283","type":"9","summary":"Pragmatical, not Philosophical","index":"2","json":"{\"type\":9,\"wordfill\":{\"text\":\"It is ##2## for men and women whose pressing ##1## is for ##4##; who wish to ##3## first, and ##5## afterwards.\",\"prompt\":\"Wattles said that his book was pragmatical, not philosophical. He said:\",\"sound\":\"\",\"words\":[\"need\",\"intended\",\"get rich\",\"money\",\"philosophize\"],\"timer\":60},\"feedback\":[\"Yes, it is for those who want results and are willing to take the conclusions of science as a basis for action.\",\"It is intended for men and women whose pressing need is for money; who want to get rich first and philosophize afterwards - for those who want results and are willing to take the conclusions of science as their basis for action.\"],\"score\":\"125\",\"gems\":\"1\"}","lite":"0","guid":"185c0b9c-f064-4db4-9b7a-67b749446dfd","growth_activity":"0"},{"id":"288826","courseId":"283","type":"12","summary":"Faith and Action","index":"3","json":"{\"type\":12,\"orderitems\":{\"slots\":[\"Beginning of statement\",\"\",\"\",\"\",\"\",\"End of statement\"],\"items\":[{\"text\":\"Every man or woman\",\"slot\":1},{\"text\":\"who does this will\",\"slot\":2},{\"text\":\"certainly get rich;\",\"slot\":3},{\"text\":\"for this is an exact\",\"slot\":4},{\"text\":\"science and failure\",\"slot\":5},{\"text\":\"is impossible.\",\"slot\":6}],\"ordered\":true,\"timer\":60,\"sound\":\"\",\"prompt\":\"It is expected that you will take the fundamental statements in this course upon faith and act on them without fear or hesitation. &#10;&#10;As Wattles said:\"},\"feedback\":[\"\",\"\"],\"score\":\"150\",\"gems\":\"1\"}","lite":"0","guid":"0847f5e1-1ae8-4345-b84f-813760475983","growth_activity":"0"},{"id":"288827","courseId":"283","type":"10","summary":"Monistic Theory of the Universe","index":"4","json":"{\"type\":10,\"dragdrop\":{\"timer\":60,\"layout\":0,\"goals\":[{\"isImage\":false,\"text\":\"Monistic Theory of the Universe\",\"image\":\"\"}],\"items\":[{\"goal\":1,\"isImage\":true,\"text\":\"One substance\",\"image\":\"DF281346-06F5-D50F-000D-81E6F886D5C2.png\",\"feedback\":[\"This philosophy states that one substance manifests itself as the seeming many elements of the material world. That all is one and one is all. This idea is key to the Science of Getting Rich.\",\"\"]},{\"goal\":1,\"isImage\":true,\"text\":\"Hindu Origins\",\"image\":\"6E73089B-727C-9C07-EC8E-E3E63BC88E7F.png\",\"feedback\":[\"The monistic philosophy has its origins in ancient Hindu and other eastern philosophies. At the time of Wattles&#39; writing, these ancient ideas had been slowly making headway in the west for a few hundred years, often referred to as the New Thought Movement, of which Wattles was an major contributor.\",\"\"]},{\"goal\":1,\"isImage\":true,\"text\":\"Descartes, Hegel, Emerson\",\"image\":\"A55BC3EB-8D25-99F9-7988-9A692B935702.png\",\"feedback\":[\"Wattles cites Descartes, Hegel and Emerson as among his major influences. He advises the curious reader to explore these writers for themselves.\",\"\"]}],\"prompt\":\"Wattles tells us that his philosophy is based on the monistic theory of the universe. &#10;&#10;Drag all to this theory and learn more.\",\"sound\":\"\"},\"feedback\":[\"\",\"\"],\"score\":\"75\",\"gems\":\"1\"}","lite":"0","guid":"5ada2aae-6651-4f58-b91b-97fe66913f91","growth_activity":"0"},{"id":"288828","courseId":"283","type":"14","summary":"A Digital Copy of the Book","index":"5","json":"{\"type\":14,\"question\":{\"timer\":60,\"multiplechoice\":true,\"answers\":[{\"correct\":true,\"text\":\"Failure is impossible.\",\"feedback\":\"Yes, Wattles was adamant - this is a science and if you follow the guidelines he provides, failure is impossible. If you want to read the book, a digital copy is included as an Activity in this course. To access it, finish this Burst, then touch the three line icon in the upper left and choose Activities from the menu.\"},{\"correct\":false,\"text\":\"Failure is a possibility\",\"feedback\":\"No, Wattles was adamant - this is a science and if you follow the guidelines he provides, failure is impossible. If you want to read the book, a digital copy is included as an Activity in this course. To access it, finish this Burst, then touch the three line icon in the upper left and choose Activities from the menu.\"}],\"sound\":\"\",\"text\":\"The plan of action in this course works. If you wish to reap the benefits go through the course and do exactly as it tells you to do. &#10;&#10;As Wattles says in the book:\"},\"feedback\":[\"\",\"\"],\"score\":\"25\",\"gems\":\"1\"}","lite":"0","guid":"b011cdc2-7abf-4eea-ac19-91852b40d547","growth_activity":"0"},{"id":"288829","courseId":"283","type":"6","summary":"Your Progress","index":"6","json":"{\"type\":6,\"image\":\"953B0CC3-9488-2423-2866-FA8CBF5434A6.png\",\"presentation\":[{\"text\":\"Your Progress\",\"in\":1,\"time\":1,\"sound\":\"\",\"color\":\"#256ED7\"},{\"text\":\"This is the final Blink in this first Burst. At the end of each Burst you&#39;ll see your Progress Screen (see above) where you&#39;ll find stats on how you&#39;re doing and see where you are on your way up the mountain of mastery. And the better the weather, the better you appear to be grasping the material.&#10;&#10;If there&#39;s a check mark next to &#34;Target Score,&#34; you&#39;ve unlocked the next Burst. If not, replay this Burst and try for a higher score. If there&#39;s a check mark next to &#34;Max Gems,&#34; you&#39;ve earned all available gems. You don&#39;t need all the gems to move on, but if you want, come back and try to earn them all.&#10;&#10;Enjoy your journey!\",\"in\":1,\"time\":2,\"sound\":\"\"}]}","lite":"0","guid":"cb0ae2b3-30ca-4658-aded-f5bd498a23a3","growth_activity":"0"},{"id":"288830","courseId":"283","type":"4","summary":"The Right To Be Rich","index":"7","json":"{ \"type\":4}","lite":"0","guid":"a719da16-b318-4332-9a4c-4fae15e51d4d","growth_activity":"0"},{"id":"288831","courseId":"283","type":"3","summary":"Credits, Copyright, and Contact Info","index":"8","json":"{\"type\":3,\"intro\":{\"title\":\"Credits, Copyright, and Contact Info\",\"description\":\"We hope you find that this course helps you to change your life for the better. In this Burst, we take a moment to list the wonderful folks who helped to make this course and Blink Training a reality. &#10;&#10;&#10;&#10;&#10;&#10;&#10;&#10;&#10;We never give up and we hope you never give up either. \",\"image\":\"EECF8505-DF65-184A-D3DB-5E487579E850.png\",\"sound\":\"\",\"volume\":50},\"unlockscore\":0,\"quicklink\":false,\"quotation\":\"\",\"unlockActivity\":\"none\",\"dossier\":false}","lite":"1","guid":"980dcfe0-58ce-49be-b7f0-998509358409","growth_activity":"0"},{"id":"288832","courseId":"283","type":"6","summary":"Credits","index":"9","json":"{\"type\":6,\"image\":\"\",\"presentation\":[{\"text\":\"Credits\",\"in\":1,\"time\":1,\"sound\":\"\",\"font\":1,\"color\":\"#256ED7\",\"size\":2},{\"text\":\"App and Blinks interactive design  Jeff Siegel and Nik Lever&#10;App GUI additional graphic design  Aidan Siegel&#10;Sound Effects  Ed Lima&#10;&#10;Catalyst Pictures LTD&#10;   Nik Lever - chief software engineer&#10;   Ky Thanh - software engineer&#10;   Pam Lever - design&#10;&#10;Blink Training Systems, LLC&#10;   Jeff Siegel, President&#10;&#10;&#10;&#10;\",\"in\":1,\"time\":2,\"sound\":\"\"}]}","lite":"0","guid":"bd279616-2a59-43e2-835c-b1ea86c722f9","growth_activity":"0"},{"id":"288833","courseId":"283","type":"6","summary":"Copyright Info","index":"10","json":"{\"type\":6,\"image\":\"\",\"presentation\":[{\"text\":\"Copyright Information\",\"in\":1,\"time\":1,\"sound\":\"\",\"color\":\"#256ED7\",\"font\":1,\"size\":2},{\"text\":\"The Science of Getting Rich in a Blink course is Copyright (c) 2015 by Blink Training Systems, LLC. All Rights Reserved.\",\"in\":1,\"time\":2,\"sound\":\"\",\"size\":1},{\"text\":\"Portions Copyright, 1910 by Wallace D. Wattles. All Rights Reserved. Portions of this course are from the original 1910 version of The Science of Getting Rich by Wallace D. Wattles, originally published by the Elizabeth Town Company and now in the public domain. This course is not sponsored or endorsed by, or otherwise affiliated with, Wallace Wattles or his family and heirs or any other person or entity.\",\"in\":0,\"time\":0,\"sound\":\"\",\"size\":1},{\"text\":\"Blink eye logo, interactive course design, and course look and feel copyright (c) 2015 by Blink Training Systems, LLC. All Rights Reserved.\",\"in\":0,\"time\":0,\"sound\":\"\",\"size\":1},{\"text\":\"No part of this course may be reproduced or transmitted in any form, by any means, (electronic, photocopying, recording, or otherwise) without the prior written permission of the author. No liability is assumed with respect to the use of the information contained within. Although every precaution has been taken, the author assumes no liability for errors or omissions. Neither is any liability assumed for damages resulting from the use of the information contained herein.\",\"in\":0,\"time\":0,\"sound\":\"\",\"size\":1}]}","lite":"1","guid":"65f4e394-c25a-40a9-944a-6650a5b8efbb","growth_activity":"0"},{"id":"288834","courseId":"283","type":"6","summary":"Contact Info","index":"11","json":"{\"type\":6,\"image\":\"\",\"presentation\":[{\"text\":\"Contact Info\",\"in\":1,\"time\":1,\"sound\":\"\",\"color\":\"#256ED7\",\"font\":1,\"size\":2},{\"text\":\"If you have suggestions, observations, or want to get in touch for any other reason, please send email to jeff.siegel@jeffmedia.com.\",\"in\":1,\"time\":2,\"sound\":\"\"}]}","lite":"1","guid":"f6e33bdd-b54b-4207-900d-b2fb7c5d355d","growth_activity":"0"},{"id":"288835","courseId":"283","type":"4","summary":"Credits, Copyright, Contact Info","index":"12","json":"{ \"type\":4}","lite":"1","guid":"46bafdc5-6a8d-4c22-8042-7cba5b5279e0","growth_activity":"0"},{"id":"288836","courseId":"283","type":"2","summary":"Unit 1","index":"13","json":"{ \"type\":2}","lite":"0","guid":"1ca633f3-cb22-48db-8cda-1718d207640d","growth_activity":"0"},{"id":"288837","courseId":"283","type":"1","summary":"The Right to be Rich","index":"14","json":"{\"type\":1,\"intro\":{\"title\":\"The Right to Be Rich\",\"description\":\"NEED TEXT FOR THIS INTRO\",\"image\":\"\"},\"dossier\":false}","lite":"0","guid":"cdcce64e-c3f8-4b90-8a61-f74afb0a1e12","growth_activity":"0"},{"id":"288838","courseId":"283","type":"3","summary":"You Need Money for a Complete Life","index":"15","json":"{\"type\":3,\"intro\":{\"title\":\"You Need Money for a Complete Life\",\"description\":\"It is not possible to live a complete or successful life unless you are rich. To be successful is to rise to your greatest possible height in talent or soul development. To do this, you must have many things to use, and you cannot have these things unless you have the money to buy them with. &#10;&#10;&#10;&#10;&#10;&#10;&#10;&#10;To be rich is to have all you want for all the life you are capable of living.\",\"image\":\"E6B84E0D-4CF6-8531-B883-CE8E1B06C1CE.png\",\"sound\":\"\",\"volume\":50},\"unlockscore\":\"200\",\"quicklink\":false,\"quotation\":\"\"}","lite":"0","guid":"b6b4d633-6de7-40cd-aa70-cc057a89e5fa","growth_activity":"0"},{"id":"288839","courseId":"283","type":"9","summary":"The Science of Getting Rich","index":"16","json":"{\"type\":9,\"wordfill\":{\"text\":\"u2026the ##2## point of your life ##4## must be the ##1## of ##3##.\",\"prompt\":\"You develop and advance your mind, soul, and body by making use of things, and society is so organized that you must have money in order to become the possessor of things. Thereforeu2026\",\"sound\":\"\",\"words\":[\"science\",\"starting\",\"getting rich\",\"advancement\"],\"timer\":60},\"feedback\":[\"You must use things to develop and so the science of getting rich must be the starting point for self advancement. \",\"You must use things to develop and so the science of getting rich must be the starting point for self advancement. \"],\"score\":\"100\",\"gems\":\"1\"}","lite":"0","guid":"ab74274a-2755-4a63-b136-74233551dd25","growth_activity":"0"},{"id":"288840","courseId":"283","type":"13","summary":"The Right To Be Rich","index":"17","json":"{\"type\":13,\"thisthat\":{\"questions\":[{\"text\":\"The right to be rich.&#10;&#10;The object of all life is:\",\"correct\":\"Development\",\"wrong\":\"Decay\",\"value\":true,\"feedback\":[\"\",\"\"]},{\"text\":\"The right to be rich.&#10;&#10;Everything that lives has the inalienable right to develop as much as:\",\"correct\":\"Others will allow.\",\"wrong\":\"It is capable of developing.\",\"value\":false,\"feedback\":[\"\",\"\"]},{\"text\":\"The right to be rich.&#10;&#10;You have the right to use everything that may be necessary for your fullest mental, spiritual and physical unfoldment. In other words, you have the:\",\"correct\":\"Right to be rich.\",\"wrong\":\"Moral obligation to suffer.\",\"value\":true,\"feedback\":[\"\",\"\"]}],\"timer\":45,\"noscore\":false},\"feedback\":[\"\",\"\"],\"score\":\"75\",\"gems\":\"1\"}","lite":"0","guid":"09e03844-7ef7-4a3f-ac15-f618f7f047fe","growth_activity":"0"},{"id":"288841","courseId":"283","type":"12","summary":"To Truly Be Rich","index":"18","json":"{\"type\":12,\"orderitems\":{\"slots\":[\"Beginning of statement\",\"\",\"\",\"\",\"\",\"\"],\"items\":[{\"text\":\"To truly be rich, you\",\"slot\":1},{\"text\":\"should not be satisfied\",\"slot\":2},{\"text\":\"until you have all you are\",\"slot\":3},{\"text\":\"capable of using and \",\"slot\":4},{\"text\":\"enjoying. To be content\",\"slot\":5},{\"text\":\"with less is sinful.\",\"slot\":6}],\"ordered\":true,\"timer\":60,\"sound\":\"\",\"prompt\":\"The purpose of Nature is the advancement and unfoldment of life and so you should have all that can contribute to the power, elegance, beauty, and richness of your life.\"},\"feedback\":[\"Life has advanced so far and become so complex that even the most ordinary man or woman requires a great amount of wealth in order to live in a manner that even approaches completeness. So, everyone needs money.\",\"To truly be rich, you should not be satisfied until you have all you are capable of using and enjoying. To be content with less is sinful. \"],\"score\":\"150\",\"gems\":\"1\"}","lite":"0","guid":"128321f5-964e-4ada-bde5-a998e773a444","growth_activity":"0"},{"id":"288842","courseId":"283","type":"4","summary":"You Need Money for a Complete Life","index":"19","json":"{ \"type\":4}","lite":"0","guid":"1c7eb215-a5ea-4b9d-b0b4-91cd696e9638","growth_activity":"0"},{"id":"288843","courseId":"283","type":"3","summary":"The Desire for a Fuller Life","index":"20","json":"{\"type\":3,\"intro\":{\"title\":\"The Desire for a Fuller Life\",\"description\":\"Every person naturally wants to become all that they are capable of becoming. This desire to realize innate possibilities is inherent in human nature. We cannot help wanting to be all that we can be. &#10;&#10;&#10;&#10;&#10;&#10;&#10;&#10;&#10;Success in life is becoming all you can be.\",\"image\":\"357546B6-0C58-CA25-1265-C88C0506E1E7.png\",\"sound\":\"\",\"volume\":50},\"unlockscore\":\"200\",\"quicklink\":false,\"quotation\":\"\"}","lite":"0","guid":"5a96ec31-fff0-469d-ba7b-5c14788ba158","growth_activity":"0"},{"id":"288844","courseId":"283","type":"11","summary":"Becoming what you want to be","index":"21","json":"{\"type\":11,\"simon\":{\"prompt\":\"Relax, listen, repeat\",\"sounds\":[\"ACDAFE32-FC7F-F9F6-E60E-16F2B9DF68E3.mp3\",\"B85644F0-74A6-9B38-51BA-A85A40CB5754.mp3\",\"6A52097A-8E63-A8DB-267D-1ACBD4FA1D35.mp3\",\"97EF60AA-4EC4-8EF9-DAC7-16378C806966.mp3\",\"BC019B7D-990D-E9A0-A133-1C9F9FE171FC.mp3\",\"0E7A7110-55A4-2355-EC31-0210A96EC940.mp3\",\"45F90893-E7CE-D4CD-23A0-3AAA7D92B2B7.mp3\",\"E293B2BA-AC09-E493-CFF3-BBCA4CD74337.mp3\",\"D5D9F743-7F2E-0D6B-A5F6-EF28245C0DC5.mp3\"],\"phrase\":\"Success|in life|is becoming|what you want|to be.\",\"wrong\":\"growth|no limits|advancement|faith\",\"time\":0,\"score\":0,\"gems\":0,\"sound\":\"\"},\"feedback\":[\"\",\"\"],\"score\":\"125\",\"gems\":\"1\"}","lite":"0","guid":"4fce8caf-cee4-4739-ae22-5a74a834dad0","growth_activity":"0"},{"id":"288845","courseId":"283","type":"14","summary":"Making use of things","index":"22","json":"{\"type\":14,\"question\":{\"timer\":60,\"multiplechoice\":true,\"answers\":[{\"correct\":false,\"text\":\"Something possibly worth pursuing\",\"feedback\":\"\"},{\"correct\":true,\"text\":\"The most essential of all knowledge.\",\"feedback\":\"\"},{\"correct\":false,\"text\":\"Not worth your time.\",\"feedback\":\"\"}],\"sound\":\"\",\"text\":\"You can become what you want to be only by making use of things, and you can have the free use of things only as you become rich enough to buy them. Therefore, to fully understand the science of getting rich is:\"},\"feedback\":[\"\",\"\"],\"score\":\"25\",\"gems\":\"1\"}","lite":"0","guid":"eab0832c-cc3d-4d3e-8f28-c39b6831faec","growth_activity":"0"},{"id":"288846","courseId":"283","type":"13","summary":"Desire for a Fuller Life","index":"23","json":"{\"type\":13,\"thisthat\":{\"questions\":[{\"text\":\"The Desire for a Fuller Life&#10;&#10;There is something wrong in wanting to get rich.\",\"correct\":\"True\",\"wrong\":\"False\",\"value\":false,\"feedback\":[\"\",\"\"]},{\"text\":\"The Desire for a Fuller Life&#10;&#10;The desire for riches is a desire for a fuller, more abundant life.\",\"correct\":\"True\",\"wrong\":\"False\",\"value\":true,\"feedback\":[\"\",\"\"]},{\"text\":\"The Desire for a Fuller Life&#10;&#10;A person who does not desire to live more abundantly is abnormal.\",\"correct\":\"True\",\"wrong\":\"False\",\"value\":true,\"feedback\":[\"\",\"\"]},{\"text\":\"The Desire for a Fuller Life&#10;&#10;A person who does not desire to have money enough to buy all he or she wants is abnormal.\",\"correct\":\"True\",\"wrong\":\"False\",\"value\":true,\"feedback\":[\"\",\"\"]},{\"text\":\"The Desire for a Fuller Life&#10;&#10;The desire for riches is praiseworthy.\",\"correct\":\"True\",\"wrong\":\"False\",\"value\":true,\"feedback\":[\"\",\"\"]}],\"timer\":75,\"noscore\":false},\"feedback\":[\"\",\"\"],\"score\":\"125\",\"gems\":\"1\"}","lite":"0","guid":"f897ecf3-69cb-4bd8-b40c-8d2f602d1881","growth_activity":"0"},{"id":"288847","courseId":"283","type":"4","summary":"The Most Essential of all Knowledge","index":"24","json":"{ \"type\":4}","lite":"0","guid":"8116a85e-1721-4112-8814-1b5360046c7d","growth_activity":"0"},{"id":"288848","courseId":"283","type":"3","summary":"Mind, Body and Soul","index":"25","json":"{\"type\":3,\"intro\":{\"title\":\"Mind, Body and Soul\",\"description\":\"You live for the body, mind and soul. No one of these is better or holier than the other. All are alike desirable, and no one of the three can live fully if either of the others is cut short of full life and expression.&#10;&#10;&#10;&#10;&#10;&#10;&#10;&#10;&#10;Real life means the complete expression of all that you can give forth through body, mind, and soul.\",\"image\":\"B2AB5EB3-CF14-2598-FB5C-DD8A41E987D5.png\",\"sound\":\"\",\"volume\":50},\"unlockscore\":\"450\",\"quicklink\":false,\"quotation\":\"\"}","lite":"0","guid":"ee8a0efa-d71c-4e8d-9b01-c8a91d8d47c1","growth_activity":"0"},{"id":"288849","courseId":"283","type":"12","summary":"Living Fully in Every Function","index":"26","json":"{\"type\":12,\"orderitems\":{\"slots\":[\"Beginning of statement\",\"\",\"\",\"\",\"\",\"\"],\"items\":[{\"text\":\"Desire is possibility\",\"slot\":1},{\"text\":\"seeking expression,\",\"slot\":2},{\"text\":\"or function seeking\",\"slot\":3},{\"text\":\"performance. You cannot\",\"slot\":4},{\"text\":\"be happy with\",\"slot\":5},{\"text\":\"unsatisfied desire.\",\"slot\":6}],\"ordered\":true,\"timer\":60,\"sound\":\"\",\"prompt\":\"You cannot be truly happy or satisfied unless your body, mind and soul are living fully in every function. Wherever there is function not performed or unexpressed possibility, there is unsatisfied desire. \"},\"feedback\":[\"\",\"Desire is possibility seeking expression, or function seeking performance. You cannot be happy with unsatisfied desire.\"],\"score\":\"150\",\"gems\":\"1\"}","lite":"0","guid":"bc35c831-68cb-414f-bbd1-fb7d998e6765","growth_activity":"0"},{"id":"288850","courseId":"283","type":"9","summary":"To Live Fully in Body","index":"27","json":"{\"type\":9,\"wordfill\":{\"text\":\"##3##, comfortable ##1##, and ##4##; as well as rest, ##2## and freedom from ##5## toil. \",\"prompt\":\"To live fully in the body you must have:\",\"sound\":\"\",\"words\":[\"clothing\",\"recreation\",\"Good food\",\"warm shelter\",\"excessive\"],\"timer\":60},\"feedback\":[\"\",\"To live fully in the body you must have good food, comfortable clothing, and warm shelter; as well as rest, recreation and freedom from excessive toil.\"],\"score\":\"125\",\"gems\":\"1\"}","lite":"0","guid":"90d7fb07-31e4-49c8-8a22-bd179c6805b4","growth_activity":"0"},{"id":"288851","courseId":"283","type":"9","summary":"To Live Fully in Mind","index":"28","json":"{\"type\":9,\"wordfill\":{\"text\":\"##5## and time to ##3## them, opportunity ##2## and observation, and you must surround yourself with all the objects of ##1## you are capable of using and ##4##.\",\"prompt\":\"To live fully in mind, you must have:\",\"sound\":\"\",\"words\":[\"art and beauty\",\"for travel\",\"study\",\"appreciating\",\"Books\"],\"timer\":60},\"feedback\":[\"\",\"To live fully in mind you must have books and time to study them, opportunity for travel and observation, and you must surround yourself with all the objects of art and beauty you are capable of using and appreciating.\"],\"score\":\"125\",\"gems\":\"1\"}","lite":"0","guid":"bc615f20-f998-43ba-bbf7-db658d804deb","growth_activity":"0"},{"id":"288852","courseId":"283","type":"9","summary":"To Live Fully in Soul","index":"29","json":"{\"type\":9,\"wordfill\":{\"text\":\"love; and ##3## denied expression ##2##. Your highest ##4## found in the ##1## of benefits on ##5##.\",\"prompt\":\"To live fully in soul, you must have:\",\"sound\":\"\",\"words\":[\"bestowal\",\"by poverty\",\"love is\",\"happiness is\",\"those you love\"],\"timer\":60},\"feedback\":[\"\",\"To live fully in soul, you must have love; and love is denied expression by poverty. Your highest happiness is found in the bestowal of benefits on those you love.\"],\"score\":\"125\",\"gems\":\"1\"}","lite":"0","guid":"cea299d7-f425-42bf-804f-9c9f243970a1","growth_activity":"0"},{"id":"288853","courseId":"283","type":"8","summary":"Love is Giving","index":"30","json":"{\"type\":8,\"statement\":{\"prompt\":\"Love finds its most natural and spontaneous expression in giving.\",\"wrong\":\"\",\"statements\":[\"If you have nothing|to give, you cannot|fill your place as|a spouse, lover, or|partner, as a citizen,| or as a man or woman. \"],\"ordered\":true,\"timer\":0,\"sound\":\"\"},\"feedback\":[\"\",\"If you have nothing to give, you cannot fill your place as a spouse, lover, or partner, as a citizen, or as a man or woman. \"],\"score\":\"150\",\"gems\":\"1\"}","lite":"0","guid":"4304daa3-6435-47b1-9113-fe9dd73aeae8","growth_activity":"0"},{"id":"288854","courseId":"283","type":"4","summary":"Mind, Body and Soul","index":"31","json":"{ \"type\":4}","lite":"0","guid":"5f5ef903-8fed-4617-9472-68f897e6b53e","growth_activity":"0"},{"id":"288855","courseId":"283","type":"3","summary":"No Greater Service","index":"32","json":"{\"type\":3,\"intro\":{\"title\":\"No Greater Service\",\"description\":\"The Science of Getting Rich is the noblest and most necessary of all studies. If you neglect this study, you are derelict in your duty to yourself, to God and humanity. &#10;&#10;&#10;&#10;&#10;&#10;&#10;&#10;&#10;For you can render to God and humanity no greater service than to make the most of yourself. \",\"image\":\"A2AF303D-04F5-C88B-3F6B-162F664C08D2.png\",\"sound\":\"\",\"volume\":50},\"unlockscore\":\"100\",\"quicklink\":false,\"quotation\":\"\"}","lite":"0","guid":"f096c9c5-96e9-4527-8b3a-a0060f0932b8","growth_activity":"0"},{"id":"288856","courseId":"283","type":"14","summary":"Purpose of all Life","index":"33","json":"{\"type\":14,\"question\":{\"timer\":60,\"multiplechoice\":true,\"answers\":[{\"correct\":false,\"text\":\"To have fun\",\"feedback\":\"\"},{\"correct\":true,\"text\":\"Development and advancement\",\"feedback\":\"\"}],\"sound\":\"\",\"text\":\"The purpose of all life is:\"},\"feedback\":[\"\",\"\"],\"score\":\"25\",\"gems\":\"1\"}","lite":"0","guid":"f02f6571-7fee-45ab-bdd2-8ea0a13271e8","growth_activity":"0"},{"id":"288857","courseId":"283","type":"14","summary":"To Succeed in Life","index":"34","json":"{\"type\":14,\"question\":{\"timer\":60,\"multiplechoice\":true,\"answers\":[{\"correct\":true,\"text\":\"Make the most of yourself\",\"feedback\":\"\"},{\"correct\":false,\"text\":\"Beat other people to the riches\",\"feedback\":\"\"}],\"sound\":\"\",\"text\":\"To succeed in life, you must:\"},\"feedback\":[\"\",\"\"],\"score\":\"25\",\"gems\":\"1\"}","lite":"0","guid":"943458bd-89bf-41af-a8ff-79d943afc2e8","growth_activity":"0"},{"id":"288858","courseId":"283","type":"14","summary":"You Must Develop","index":"35","json":"{\"type\":14,\"question\":{\"timer\":60,\"multiplechoice\":true,\"answers\":[{\"correct\":false,\"text\":\"Your body\",\"feedback\":\"\"},{\"correct\":false,\"text\":\"Your mind\",\"feedback\":\"\"},{\"correct\":false,\"text\":\"Your soul\",\"feedback\":\"\"},{\"correct\":false,\"text\":\"All three in balance\",\"feedback\":\"\"}],\"sound\":\"\",\"text\":\"To make the most of yourself, you must develop:\"},\"feedback\":[\"\",\"\"],\"score\":\"25\",\"gems\":\"1\"}","lite":"0","guid":"c08f186a-7b8a-4f89-ab24-9e5a86e13426","growth_activity":"0"},{"id":"288859","courseId":"283","type":"4","summary":"No Greater Service","index":"36","json":"{ \"type\":4}","lite":"0","guid":"ebf4bead-69f4-4796-9755-798ba16c53b7","growth_activity":"0"},{"id":"288860","courseId":"283","type":"2","summary":"The Right to Be Rich","index":"37","json":"{ \"type\":2}","lite":"0","guid":"b0b8bef4-16e7-4596-82cf-cc812fe87759","growth_activity":"0"},{"id":"288861","courseId":"283","type":"1","summary":"There is a Science to Getting Rich","index":"38","json":"{\"type\":1,\"intro\":{\"title\":\"There is a Science to Getting Rich\",\"description\":\"NEED TEXT AND IMAGE\",\"image\":\"\"},\"dossier\":false}","lite":"0","guid":"20aeb0c6-0549-4d5c-bd20-f31ed8e7b4eb","growth_activity":"0"},{"id":"288862","courseId":"283","type":"3","summary":"It is an Exact Science","index":"39","json":"{\"type\":3,\"intro\":{\"title\":\"It is an Exact Science\",\"description\":\"There is a science of getting rich. It is an exact science. There are certain laws which govern the process of acquiring riches. Once these laws are learned and obeyed by anyone, that person will get rich with mathematical certainty. &#10;&#10;&#10;&#10;&#10;&#10;&#10;&#10;&#10;Getting rich comes as the result of doing things in a Certain Way.\",\"image\":\"6C3B796D-2F8F-39F0-329D-8F81AD72E0A0.png\",\"sound\":\"\",\"volume\":50},\"unlockscore\":\"150\",\"quicklink\":false,\"quotation\":\"\"}","lite":"0","guid":"885343fd-4f47-4681-ab10-1de10d1d574d","growth_activity":"0"},{"id":"288863","courseId":"283","type":"10","summary":"Do Things in a Certain Way","index":"40","json":"{\"type\":10,\"dragdrop\":{\"timer\":60,\"layout\":0,\"goals\":[{\"isImage\":false,\"text\":\"Every Day of Your Life\",\"image\":\"\"}],\"items\":[{\"goal\":1,\"isImage\":false,\"text\":\"Do things in a Certain Way\",\"image\":\"\",\"feedback\":[\"If you do things in a Certain Way every day of your life, you will get rich.\",\"\"]},{\"goal\":1,\"isImage\":false,\"text\":\"Don&#39;t do things in a Certain Way\",\"image\":\"\",\"feedback\":[\"If you donu2019t do things in a Certain Way every day of your life, you will not get rich.\",\"\"]}],\"prompt\":\"Getting rich comes as a result of doing things in a certain way. Those who do things in this Certain Way, whether on purpose or accidentally, get rich. Those who do not do things in this Certain Way, no matter how hard they work or how able they are, remain poor.\",\"sound\":\"\"},\"feedback\":[\"\",\"\"],\"score\":\"50\",\"gems\":\"1\"}","lite":"0","guid":"6d1f140f-4850-478f-881c-6873d1f25fa3","growth_activity":"0"},{"id":"288864","courseId":"283","type":"13","summary":"Getting Rich...","index":"41","json":"{\"type\":13,\"thisthat\":{\"questions\":[{\"text\":\"Getting rich...\",\"correct\":\"Depends upon your environment\",\"wrong\":\"Doesn&#39;t depend upon your environment\",\"value\":false,\"feedback\":[\"Getting rich isn&#39;t a matter of environment. If it were, all people in certain neighborhoods or cities would become wealthy while people in other neighborhoods or cities would become poor. But everywhere we see rich and poor living side by side and often engaged in the same vocations. Getting rich is a matter of doing things in a Certain Way.\",\"Getting rich isn&#39;t a matter of environment. If it were, all people in certain neighborhoods or cities would become wealthy while people in other neighborhoods or cities would become poor. But everywhere we see rich and poor living side by side and often engaged in the same vocations. Getting rich is a matter of doing things in a Certain Way.\"]},{\"text\":\"Getting rich...\",\"correct\":\"Is a matter of talent\",\"wrong\":\"Isn&#39;t a matter of talent\",\"value\":false,\"feedback\":[\"Getting rich is not a matter of talent. Many people who have great talent remain poor, while others who have very little talent get rich. Getting rich is a matter of doing things in a Certain Way.\",\"Getting rich is not a matter of talent. Many people who have great talent remain poor, while others who have very little talent get rich. Getting rich is a matter of doing things in a Certain Way.\"]},{\"text\":\"Getting rich...\",\"correct\":\"Is a matter of how smart you are\",\"wrong\":\"Isn&#39;t a matter of how smart you are\",\"value\":false,\"feedback\":[\"Getting rich is not due to intelligence. Many smart people are poor while many of average intelligence are rich. Getting rich is a matter of doing things in a Certain Way.\",\"Getting rich is not due to intelligence. Many smart people are poor while many of average intelligence are rich. Getting rich is a matter of doing things in a Certain Way.\"]},{\"text\":\"Getting rich...\",\"correct\":\"Is a matter of being extraordinary.\",\"wrong\":\"Isn&#39;t a matter of being extraordinary.\",\"value\":false,\"feedback\":[\"Studying the people who have gotten rich, we find that they are an average lot in all respects, having no greater talents and abilities than other people. It is evident that they do not get rich because they possess talents and abilities that other people do not have, but because they happen to do things in a Certain Way. \",\"Studying the people who have gotten rich, we find that they are an average lot in all respects, having no greater talents and abilities than other people. It is evident that they do not get rich because they possess talents and abilities that other people do not have, but because they happen to do things in a Certain Way. \"]}],\"timer\":60,\"noscore\":false},\"feedback\":[\"If getting rich is the result of doing things in a Certain Way, then any man or woman who can do things in that way can become rich. \",\"If getting rich is the result of doing things in a Certain Way, then any man or woman who can do things in that way can become rich. \"],\"score\":\"100\",\"gems\":\"1\"}","lite":"0","guid":"3cc84fa9-e79f-4eff-ada3-142bd581fef6","growth_activity":"0"},{"id":"288865","courseId":"283","type":"20","summary":"About the Certain Way","index":"42","json":"{\"type\":20,\"multiple\":{\"timer\":60,\"answers\":[{\"correct\":true,\"text\":\"Some environments may be more favorable than others\",\"feedback\":\"Yes, location counts for something. Itu2019s better to sell surfboards near the ocean. But when two people are in the same business in the same neighborhood, and one gets rich while the other fails, it indicates that getting rich is more the result of doing things in a Certain Way, than of location.\"},{\"correct\":false,\"text\":\"You must be very smart to get rich.\",\"feedback\":\"You need some degree of ability to think and understand, of course, but if you have sense enough to read and understand these words you can certainly get rich. \"},{\"correct\":false,\"text\":\"If you lack capital, you canu2019t get rich\",\"feedback\":\"This is False. No matter how poor you may be, if you begin to do things in the Certain Way you will begin to get rich and you will begin to have capital. The getting of capital is a part of the result which invariably follows the doing of things in the Certain Way.\"},{\"correct\":true,\"text\":\"You will probably do best in a business you like \",\"feedback\":\"Yes, you will likely do best in a business you like, and if you have certain well developed talents, you will probably do best in a business which uses them. Otherwise, getting rich isn&#39;t dependent upon engaging in some particular business, but upon learning to do things in a Certain Way. \"}],\"sound\":\"\",\"text\":\"Getting rich is a matter of doing things in a Certain Way. Yet, which of these are true:\"},\"feedback\":[\"If you are now in business, but you are not getting rich, and anybody else in your locality is getting rich in the same business, it is because you are not doing things in the same Way that the other person is doing them. Learn to do things in the Certain Way.\",\"If you are now in business, but you are not getting rich, and anybody else in your locality is getting rich in the same business, it is because you are not doing things in the same Way that the other person is doing them. Learn to do things in the Certain Way.\"],\"score\":\"50\",\"gems\":\"1\"}","lite":"0","guid":"ce6ccf46-c305-499e-8d08-6ba41d4a093c","growth_activity":"0"},{"id":"288866","courseId":"283","type":"6","summary":"Begin Today","index":"43","json":"{\"type\":6,\"image\":\"49E11A15-7F47-1AB2-E305-3A6855F74109.png\",\"presentation\":[{\"text\":\"Begin Today Wherever You Are\",\"in\":1,\"time\":1,\"sound\":\"\",\"size\":2,\"color\":\"#256ED7\"},{\"text\":\"You may be the poorest person on the continent and be deeply in debt. You may have no friends, influence, or resources. \",\"in\":1,\"time\":2,\"sound\":\"\"},{\"text\":\"But if you begin today in your present business and in your present location and start to do things in the Certain Way, you must infallibly begin to get rich, for like causes must produce like effects.\",\"in\":1,\"time\":2,\"sound\":\"\"}]}","lite":"0","guid":"3bc60ff6-9200-42a2-9ebb-34b48362bbcb","growth_activity":"0"},{"id":"288867","courseId":"283","type":"4","summary":"It is an Exact Science","index":"44","json":"{ \"type\":4}","lite":"0","guid":"05d398b4-99b3-41c0-864f-159f87dd9746","growth_activity":"0"},{"id":"288868","courseId":"283","type":"3","summary":"Opportunity is Limitless","index":"45","json":"{\"type\":3,\"intro\":{\"title\":\"Opportunity is Limitless\",\"description\":\"No group or class of people nor any individuals are deprived of opportunity. No group is being held down by any other group. People are where they are because they are not doing things in a Certain Way. &#10;&#10;&#10;&#10;&#10;&#10;&#10;&#10;&#10;No one is kept from riches by a shortness in the supply of wealth. There is more than enough for all. \",\"image\":\"FDDCC84C-5881-8D84-8717-FDD3DB682D34.png\",\"sound\":\"\",\"volume\":50},\"unlockscore\":\"100\",\"quicklink\":false,\"quotation\":\"\"}","lite":"0","guid":"76b349e3-4747-46f1-9b4d-5dd193b29a55","growth_activity":"0"},{"id":"288869","courseId":"283","type":"10","summary":"Original Substance","index":"46","json":"{\"type\":10,\"dragdrop\":{\"timer\":60,\"layout\":0,\"goals\":[{\"isImage\":false,\"text\":\"Are constantly being made\",\"image\":\"\"},{\"isImage\":false,\"text\":\"Are dissolving\",\"image\":\"\"},{\"isImage\":false,\"text\":\"Assumed by One Thing\",\"image\":\"\"}],\"items\":[{\"goal\":1,\"isImage\":false,\"text\":\"New forms\",\"image\":\"\",\"feedback\":[\"\",\"\"]},{\"goal\":2,\"isImage\":false,\"text\":\"Older forms\",\"image\":\"\",\"feedback\":[\"\",\"\"]},{\"goal\":3,\"isImage\":false,\"text\":\"All are shapes\",\"image\":\"\",\"feedback\":[\"\",\"\"]}],\"prompt\":\"The visible supply of wealth-generating stuff is practically inexhaustible. And the invisible supply really IS inexhaustible. Everything you see on earth is made from one original substance, out of which all things proceed. \",\"sound\":\"\"},\"feedback\":[\"There is no limit to the supply of Formless Stuff, or Original Substance. The universe is made out of it, but it wasn&#39;t all used in making the universe. The spaces in, through, and between the forms of the visible universe are filled with the Original Substance - the raw material of all things. \",\"\"],\"score\":\"75\",\"gems\":\"1\"}","lite":"0","guid":"8e29a309-8aa4-4613-8e2f-9206a888395a","growth_activity":"0"},{"id":"288870","courseId":"283","type":"9","summary":"Enough to Go Around","index":"47","json":"{\"type\":9,\"wordfill\":{\"text\":\"Nature is an ##1## storehouse ##3##. The ##4## will never run short. ##2## is alive with ##6## energy, and is constantly producing ##5##.\",\"prompt\":\"No man or woman is poor because nature is poor or because there is not enough to go around. \",\"sound\":\"\",\"words\":[\"inexhaustible\",\"Original Substance\",\"of riches\",\"supply\",\"more forms\",\"creative\"],\"timer\":60},\"feedback\":[\"The Formless Stuff responds to the needs of mankind. It will not let anyone be without any good thing. Humanity is abundantly rich. And individuals are poor only if they don&#39;t follow the Certain Way of doing things that makes the individual rich. \",\"Nature is an inexhaustible storehouse of riches. The supply will never run short. Original Substance is alive with creative energy, and is constantly producing more forms. \"],\"score\":\"150\",\"gems\":\"1\"}","lite":"0","guid":"a4bfd70f-b44b-435a-af55-33c60bacc3a2","growth_activity":"0"},{"id":"288871","courseId":"283","type":"8","summary":"Intelligent Stuff","index":"48","json":"{\"type\":8,\"statement\":{\"prompt\":\"Know this: The Formless Stuff is intelligent. It is stuff which thinks. It is alive and is always impelled toward more life. &#10;&#10;Repeat it.\",\"wrong\":\"\",\"statements\":[\"The Formless Stuff|is intelligent. It|is stuff which|thinks. It is alive|and is always|impelled toward more life.\"],\"ordered\":true,\"timer\":60,\"sound\":\"\"},\"feedback\":[\"It is the natural and inherent impulse of life to seek to extend its boundaries and find fuller expression. The universe of forms has been made by Formless Living Substance, throwing itself into form in order to express itself more fully. \",\"The Formless Stuff is intelligent. It is stuff which thinks. It is alive and is always impelled toward more life. \"],\"score\":\"150\",\"gems\":\"1\"}","lite":"0","guid":"f4a1a5e5-890a-409d-adf7-c905ca9256e0","growth_activity":"0"},{"id":"288872","courseId":"283","type":"13","summary":"No Lack","index":"49","json":"{\"type\":13,\"thisthat\":{\"questions\":[{\"text\":\"The universe is:\",\"correct\":\"A great, living presence\",\"wrong\":\"A benign, unthinking entity\",\"value\":true,\"feedback\":[\"True. The universe is always moving inherently toward more life and fuller functioning. \",\"This is true. The universe is always moving inherently toward more life and fuller functioning. \"]},{\"text\":\"Nature is formed for:\",\"correct\":\"The advancement of life\",\"wrong\":\"Simple survival\",\"value\":true,\"feedback\":[\"This is true. Natureu2019s impelling motive is the increase of life. \",\"This is true. Natureu2019s impelling motive is the increase of life. \"]},{\"text\":\"Everything which can possibly minister to life is:\",\"correct\":\"In limited supply\",\"wrong\":\"Bountifully provided\",\"value\":false,\"feedback\":[\"This is true. There can be no lack unless God is to contradict himself and nullify his own works\",\"This is true. There can be no lack unless God is to contradict himself and nullify his own works\"]}],\"timer\":45,\"noscore\":false},\"feedback\":[\"\",\"\"],\"score\":\"75\",\"gems\":\"1\"}","lite":"0","guid":"dc80d02c-86b5-4e98-96eb-5057008610aa","growth_activity":"0"},{"id":"288873","courseId":"283","type":"6","summary":"All At Your Command","index":"50","json":"{\"type\":6,\"image\":\"\",\"presentation\":[{\"text\":\"All At Your Command\",\"in\":1,\"time\":1,\"sound\":\"\",\"size\":2,\"color\":\"#256ED7\"},{\"text\":\"You are not kept poor by lack in the supply of riches.\",\"in\":1,\"time\":2,\"sound\":\"\"},{\"text\":\"As you move on through this course, you will come to see that the resources of the Formless Stuff are at the command of the man or woman who will act and think in a Certain Way. \",\"in\":1,\"time\":2,\"sound\":\"\"}]}","lite":"0","guid":"bc28d5c1-2187-450b-8287-774224940669","growth_activity":"0"},{"id":"288874","courseId":"283","type":"4","summary":"Opportunity is Limitless","index":"51","json":"{ \"type\":4}","lite":"0","guid":"7f09ed59-b3c9-455d-9767-f255e15b8355","growth_activity":"0"},{"id":"288875","courseId":"283","type":"3","summary":"A Thinking Substance","index":"52","json":"{\"type\":3,\"intro\":{\"title\":\"A Thinking Substance\",\"description\":\"There is one original Formless Substance from which all things are made, and it is a thinking substance. A thought of a form in this substance produces that form. That is the way all things were created. &#10;&#10;&#10;&#10;&#10;&#10;&#10;&#10;&#10;We live in a thought world, which is part of a thought universe.\",\"image\":\"5A5E6239-71C2-9A62-4B60-655271506D8B.png\",\"sound\":\"\",\"volume\":50},\"unlockscore\":\"350\",\"quicklink\":false,\"quotation\":\"\"}","lite":"0","guid":"7339c0c2-fdf8-4ad5-b9d9-daa8dffd5c67","growth_activity":"0"},{"id":"288876","courseId":"283","type":"12","summary":"A Thought in Original Substance","index":"53","json":"{\"type\":12,\"orderitems\":{\"slots\":[\"Every form and \",\"process you see\",\"in nature is the\",\"visible expression\",\"of a thought in \",\"Original Substance.\"],\"items\":[{\"text\":\"Every form and \",\"slot\":1},{\"text\":\"process you see\",\"slot\":2},{\"text\":\"in nature is the\",\"slot\":3},{\"text\":\"visible expression\",\"slot\":4},{\"text\":\"of a thought in \",\"slot\":5},{\"text\":\"Original Substance.\",\"slot\":6}],\"ordered\":true,\"timer\":60,\"sound\":\"\",\"prompt\":\"Match the words and build the statement.\"},\"feedback\":[\"As the Formless Stuff thinks of a form, it takes that form. It thought of a moving universe and took the form of systems of planets. No thought of a form can be impressed upon Original Substance without causing the creation of that form.\",\"As the Formless Stuff thinks of a form, it takes that form. It thought of a moving universe and took the form of systems of planets. No thought of a form can be impressed upon Original Substance without causing the creation of that form.\"],\"score\":\"150\",\"gems\":\"1\"}","lite":"0","guid":"e23cf4bf-3ab8-4e53-8da2-8265342b11d9","growth_activity":"0"},{"id":"288877","courseId":"283","type":"12","summary":"Established Lines of Action","index":"54","json":"{\"type\":12,\"orderitems\":{\"slots\":[\"In creating, the\",\"Formless moves\",\"according to \",\"the lines of \",\"growth and action\",\"it has established.\"],\"items\":[{\"text\":\"In creating, the\",\"slot\":1},{\"text\":\"Formless moves\",\"slot\":2},{\"text\":\"according to \",\"slot\":3},{\"text\":\"the lines of \",\"slot\":4},{\"text\":\"growth and action\",\"slot\":5},{\"text\":\"it has established.\",\"slot\":6}],\"ordered\":true,\"timer\":60,\"sound\":\"\",\"prompt\":\"Match the words and build the statement.\"},\"feedback\":[\"The thought of an oak tree does not cause the instant formation of a full-grown tree. It starts in motion the forces which will produce the tree along established lines of growth.\",\"The thought of an oak tree does not cause the instant formation of a full-grown tree. It starts in motion the forces which will produce the tree along established lines of growth.\"],\"score\":\"150\",\"gems\":\"1\"}","lite":"0","guid":"f52501d7-13b5-40cf-b7ca-6abbec8b905e","growth_activity":"0"},{"id":"288878","courseId":"283","type":"12","summary":"You Can Produce Things","index":"55","json":"{\"type\":12,\"orderitems\":{\"slots\":[\"You can produce\",\"things from\",\"Formless Substance\",\"by communicating\",\"your thoughts\",\"to it.\"],\"items\":[{\"text\":\"You can produce\",\"slot\":1},{\"text\":\"things from\",\"slot\":2},{\"text\":\"Formless Substance\",\"slot\":3},{\"text\":\"by communicating\",\"slot\":4},{\"text\":\"your thoughts \",\"slot\":5},{\"text\":\"to it.\",\"slot\":6}],\"ordered\":true,\"timer\":60,\"sound\":\"\",\"prompt\":\"Match the words and build the statement.\"},\"feedback\":[\"You are a thinking center, and you can originate thought. All the forms that you can make with your hands must first exist in your thought. You cannot shape a thing until you have thought that thing.\",\"You are a thinking center, and you can originate thought. All the forms that you can make with your hands must first exist in your thought. You cannot shape a thing until you have thought that thing.\"],\"score\":\"150\",\"gems\":\"1\"}","lite":"0","guid":"341e1d44-b4aa-4bf1-a0d2-bb39f451a2ae","growth_activity":"0"},{"id":"288879","courseId":"283","type":"6","summary":"You Must Think Truth","index":"56","json":"{\"type\":6,\"image\":\"\",\"presentation\":[{\"text\":\"You Must Think Truth\",\"in\":1,\"time\":1,\"sound\":\"\",\"size\":2,\"color\":\"#256ED7\"},{\"text\":\"You are a thinking center capable of original thought. If you can communicate your thought to original thinking substance, you can cause the creation of the thing imaged by your thought.\",\"in\":1,\"time\":2,\"sound\":\"\"},{\"text\":\"But you must think the way you want to think. You must think Truth.\",\"in\":1,\"time\":2,\"sound\":\"\"}]}","lite":"0","guid":"2a0d01a2-aeed-4754-8e5e-c9898d04c199","growth_activity":"0"},{"id":"288880","courseId":"283","type":"4","summary":"A Thinking Substance","index":"57","json":"{ \"type\":4}","lite":"0","guid":"8bbfefc8-bc91-4d94-ba7c-f4170ac61501","growth_activity":"0"},{"id":"288881","courseId":"283","type":"3","summary":"You Must Think Truth","index":"58","json":"{\"type\":3,\"intro\":{\"title\":\"You Must Think Truth\",\"description\":\"You get rich by doing things in a Certain Way. And in order to do things in a Certain Way, you must be able to think in a Certain Way. Your way of doing things is the direct result of the way you think about things. &#10;&#10;&#10;&#10;&#10;&#10;&#10;&#10;&#10;You must think Truth.\",\"image\":\"763ADB2D-D652-516C-8FC6-A4BCB4B0BB1D.png\",\"sound\":\"\",\"volume\":50},\"unlockscore\":\"100\",\"quicklink\":false,\"quotation\":\"\"}","lite":"0","guid":"c22a8199-ff7b-467b-b357-ed292627ce6f","growth_activity":"0"},{"id":"288882","courseId":"283","type":"9","summary":"Think How You Want to Think","index":"59","json":"{\"type\":9,\"wordfill\":{\"text\":\"To ##1## what you ##3## is to ##2##, regardless of ##4##.\",\"prompt\":\"To do things in the way you want to do them, you will have to acquire the ability to think the way you want to think. This is the first step toward getting rich. \",\"sound\":\"\",\"words\":[\"think\",\"think TRUTH\",\"want to think\",\"appearances\"],\"timer\":60},\"feedback\":[\"To think thoughts which are suggested by appearances is easy. To think truth regardless of appearances is laborious and requires the expenditure of more power than any other work you will be called upon to perform.\",\"To think what you want to think is to think TRUTH, regardless of appearances. This takes more power than anything else you will be called upon to do.\"],\"score\":\"100\",\"gems\":\"1\"}","lite":"0","guid":"1c4f893e-48cc-4e62-9d81-4a4aac029be4","growth_activity":"0"},{"id":"288883","courseId":"283","type":"6","summary":"Holding the Thought of Truth","index":"60","json":"{\"type\":6,\"image\":\"\",\"presentation\":[{\"text\":\"Holding the Thought of Truth\",\"in\":1,\"time\":0,\"sound\":\"\",\"size\":2,\"color\":\"#256ED7\"},{\"text\":\"There is no labor from which more people shrink than that of sustained and consecutive thought. It is the hardest work in the world.\",\"in\":1,\"time\":2,\"sound\":\"\"},{\"text\":\"This is especially true when truth is contrary to appearances.\",\"in\":1,\"time\":2,\"sound\":\"\"},{\"text\":\"Every appearance in the visible world tends to produce a corresponding form in the mind which observes it, and this can only be prevented by holding the thought of the TRUTH.\",\"in\":1,\"time\":2,\"sound\":\"\"}]}","lite":"0","guid":"974c1deb-7bf7-42f6-bb45-f13d6eefd88d","growth_activity":"0"},{"id":"288884","courseId":"283","type":"14","summary":"You Must See Health","index":"61","json":"{\"type\":14,\"question\":{\"timer\":20,\"multiplechoice\":true,\"answers\":[{\"correct\":false,\"text\":\"Disease\",\"feedback\":\"\"},{\"correct\":true,\"text\":\"Health\",\"feedback\":\"\"}],\"sound\":\"\",\"text\":\"When you look upon the appearance of disease, you must see:\"},\"feedback\":[\"\",\"\"],\"score\":\"25\",\"gems\":\"1\"}","lite":"0","guid":"7e160c29-666f-466a-a3fa-ee7e6e1b3573","growth_activity":"0"},{"id":"288885","courseId":"283","type":"14","summary":"You Must See Abundance","index":"62","json":"{\"type\":14,\"question\":{\"timer\":20,\"multiplechoice\":true,\"answers\":[{\"correct\":true,\"text\":\"Abundance\",\"feedback\":\"\"},{\"correct\":false,\"text\":\"Scarcity\",\"feedback\":\"\"}],\"sound\":\"\",\"text\":\"When you look upon the appearance of poverty, you must see:\"},\"feedback\":[\"\",\"\"],\"score\":\"25\",\"gems\":\"1\"}","lite":"0","guid":"d1ee78db-b84d-4478-9296-8ee2a235f8c1","growth_activity":"0"},{"id":"288886","courseId":"283","type":"6","summary":"Conquer Fate","index":"63","json":"{\"type\":6,\"image\":\"\",\"presentation\":[{\"text\":\"Become a Master Mind\",\"in\":1,\"time\":1,\"sound\":\"\",\"size\":2,\"color\":\"#256ED7\"},{\"text\":\"To think health when surrounded by the appearances of disease, or to think riches when in the midst of appearances of poverty, requires power. And one who acquires this power becomes a MASTER MIND.\",\"in\":1,\"time\":2,\"sound\":\"\"},{\"text\":\"That person can conquer fate.\",\"in\":1,\"time\":2,\"sound\":\"\"},{\"text\":\"That person can have whatever he or she wants.\",\"in\":1,\"time\":2,\"sound\":\"\"}]}","lite":"0","guid":"e41bd70a-6208-420a-a97d-ad2b5b955d59","growth_activity":"0"},{"id":"288887","courseId":"283","type":"4","summary":"You Must Think Truth","index":"64","json":"{ \"type\":4}","lite":"0","guid":"ac75f975-cc64-42b0-8ddd-1fcd4f34cc5c","growth_activity":"0"},{"id":"288888","courseId":"283","type":"3","summary":"Become a Master Mind","index":"65","json":"{\"type\":3,\"intro\":{\"title\":\"Become a Master Mind\",\"description\":\"To become a Master Mind, you must believe that behind all appearances there is one Thinking Substance upon which you can impress your thoughts so as to cause them to become real. When you know this, you lose all doubt and fear. &#10;&#10;&#10;&#10;&#10;&#10;&#10;&#10;&#10;You know that you can create what you want to create and become what you want to be. \",\"image\":\"AEF5AA1C-B8CF-C208-9AD1-E4D95EC98DAA.png\",\"sound\":\"\",\"volume\":50},\"unlockscore\":\"250\",\"quicklink\":false,\"quotation\":\"\",\"dossier\":false}","lite":"0","guid":"3ada16d7-a0f1-4fbc-9952-6268fb5c8ed4","growth_activity":"0"},{"id":"288889","courseId":"283","type":"8","summary":"There is a Thinking Stuff","index":"66","json":"{\"type\":8,\"statement\":{\"prompt\":\"As a first step toward getting rich, you must believe the three fundamental statements given previously in this course. In order to emphasize them, you must find them in this and the next two blinks.&#10;&#10;Find the first fundamental statement. \",\"wrong\":\"abundance\",\"statements\":[\"There is|Thinking Stuff|from which|all things|are made.|\"],\"ordered\":true,\"timer\":30,\"sound\":\"\"},\"feedback\":[\"\",\"\"],\"score\":\"125\",\"gems\":\"1\"}","lite":"0","guid":"ef68cbe8-c5fb-4062-90d4-8ce4700348d5","growth_activity":"0"},{"id":"288890","courseId":"283","type":"8","summary":"A Thought in this Substance","index":"67","json":"{\"type\":8,\"statement\":{\"prompt\":\"Yes, there is a thinking stuff from which all things are made.&#10;&#10;Now find the second fundamental statement.\",\"wrong\":\"power\",\"statements\":[\"A thought|in this substance|produces the|thing imaged|by the thought.\"],\"ordered\":true,\"timer\":30,\"sound\":\"\"},\"feedback\":[\"\",\"\"],\"score\":\"125\",\"gems\":\"1\"}","lite":"0","guid":"12914d0f-430d-4240-88ea-8e929b668fb6","growth_activity":"0"},{"id":"288891","courseId":"283","type":"8","summary":"Impress Your Thoughts","index":"68","json":"{\"type\":8,\"statement\":{\"prompt\":\"Yes, there is a thinking stuff from which all things are made. And a thought in this substance produces the thing imaged by the thought.&#10;&#10;Now find the third fundamental statement.\",\"wrong\":\"vision\",\"statements\":[\"A person can impress|their thoughts upon the|Thinking Substance and|cause the thing|imaged to be created.\"],\"ordered\":true,\"timer\":30,\"sound\":\"\"},\"feedback\":[\"Yes, there is a thinking stuff from which all things are made. And a thought in this substance produces the thing imaged by the thought. A person can impress their thoughts upon the thinking substance and cause the thing imaged to be created.\",\"There is a thinking stuff from which all things are made. And a thought in this substance produces the thing imaged by the thought. A person can impress their thoughts upon the thinking substance and cause the thing imaged to be created.\"],\"score\":\"125\",\"gems\":\"1\"}","lite":"0","guid":"2b7b100a-69d9-4025-91c8-fbc84c091617","growth_activity":"0"},{"id":"288892","courseId":"283","type":"6","summary":"Take Them on Trust","index":"69","json":"{\"type\":6,\"image\":\"\",\"presentation\":[{\"text\":\"Take Them on Trust\",\"in\":1,\"time\":1,\"sound\":\"\",\"size\":2,\"color\":\"#256ED7\"},{\"text\":\"Read those statements over and over again and meditate upon them until you firmly believe what they say. \",\"in\":1,\"time\":2,\"sound\":\"\"},{\"text\":\"If a doubt comes to you, cast it aside as a sin. If you get mixed up in your faith, all your efforts will be in vain. \",\"in\":1,\"time\":2,\"sound\":\"\"},{\"text\":\"Accept these statements on trust. The science of getting rich begins with the absolute acceptance of this faith. \",\"in\":1,\"time\":2,\"sound\":\"\"}]}","lite":"0","guid":"fb08cf96-a3b7-4b63-9ac4-3e30cb99005c","growth_activity":"0"},{"id":"288893","courseId":"283","type":"4","summary":"Become a Master Mind","index":"70","json":"{ \"type\":4}","lite":"0","guid":"616ac779-e4d4-4fad-9615-2bc0842a413a","growth_activity":"0"},{"id":"288894","courseId":"283","type":"2","summary":"There is a Science to Getting Rich","index":"71","json":"{ \"type\":2}","lite":"0","guid":"879823d3-e7bb-4cfc-9b88-adb9380718de","growth_activity":"0"},{"id":"288895","courseId":"283","type":"1","summary":"Increasing Life","index":"72","json":"{\"type\":1,\"intro\":{\"title\":\"Increasing Life\",\"description\":\"Need Text and Image\",\"image\":\"\"},\"dossier\":false}","lite":"0","guid":"3ab14f7a-70d1-4299-b160-1846a503a397","growth_activity":"0"},{"id":"288896","courseId":"283","type":"3","summary":"Life Seeking Fulfillment","index":"73","json":"{\"type\":3,\"intro\":{\"title\":\"Life Seeking Fulfillment\",\"description\":\"It is not God&#39;s will that you should be poor. God&#39;s purposes are not served by keeping you from all you want. God wants you to be rich so that he can express himself through you.&#10;&#10;&#10;&#10;&#10;&#10;&#10;&#10;&#10;The desire for riches is the capacity for larger life seeking fulfillment, and that is Godu2019s will.\",\"image\":\"09C33772-E8BE-9ECE-0D52-20A28C6A99DE.png\",\"sound\":\"\",\"volume\":50},\"unlockscore\":\"350\",\"quicklink\":false,\"quotation\":\"\"}","lite":"0","guid":"1fe348d6-4d60-48f9-8b21-eb2a89cc251d","growth_activity":"0"},{"id":"288897","courseId":"283","type":"11","summary":"The Intelligent Substance","index":"74","json":"{\"type\":11,\"simon\":{\"prompt\":\"Relax, Listen, Repeat\",\"sounds\":[\"013FC8AA-B11A-6F19-F584-A85F4AD96311.mp3\",\"20493167-A59C-CCAE-2B59-50EF2A5A1AFA.mp3\",\"F84AA9A0-FD2C-6EE4-8453-1F93D879B2B1.mp3\",\"7FE6BDC7-B6BA-A222-AF32-407A8FE5F2A1.mp3\",\"53103003-C0BD-52C5-06AB-D2242B5C6D85.mp3\",\"E7C4B519-03D2-2D15-5E75-58A2C073641A.mp3\",\"\"],\"phrase\":\"The Intelligent Substance|which is All|and lives in All,|lives in you|and is a consciously|Living Substance. \",\"wrong\":\"\",\"time\":0,\"score\":0,\"gems\":0,\"sound\":\"\"},\"feedback\":[\"As a consciously living substance, it has the inherent desire of every living intelligence for increase of life. \",\"As a consciously living substance, it has the inherent desire of every living intelligence for increase of life. \"],\"score\":\"150\",\"gems\":\"1\"}","lite":"0","guid":"2e24f922-d34e-4020-a3cc-b2cd5a987c2c","growth_activity":"0"},{"id":"288898","courseId":"283","type":"12","summary":"Life must increase itself","index":"75","json":"{\"type\":12,\"orderitems\":{\"slots\":[\"Beginning of Statement\",\"\",\"\",\"\",\"\",\"\"],\"items\":[{\"text\":\"Life, in\",\"slot\":1},{\"text\":\"the mere\",\"slot\":2},{\"text\":\"act of \",\"slot\":3},{\"text\":\"living\",\"slot\":4},{\"text\":\"must \",\"slot\":5},{\"text\":\"increase itself.\",\"slot\":6}],\"ordered\":true,\"timer\":60,\"sound\":\"\",\"prompt\":\"Every living thing must continually seek for the enlargement of its life, because...\"},\"feedback\":[\"A seed, dropped into the ground, springs into activity, and in the act of living produces a hundred more seeds. Life, by living, multiplies itself. It is forever Becoming More. It must do so, if it continues to be at all. \",\"Every living thing must continually seek for the enlargement of its life, because life, in the mere act of living, must increase itself. \"],\"score\":\"150\",\"gems\":\"1\"}","lite":"0","guid":"acaadd1e-8093-4988-9755-0e23aa3c0df2","growth_activity":"0"},{"id":"288899","courseId":"283","type":"13","summary":"Continuous Increase","index":"76","json":"{\"type\":13,\"thisthat\":{\"questions\":[{\"text\":\"Intelligence is under the same necessity for continuous increase.&#10; &#10;Every thought we think makes it necessary for us to think \",\"correct\":\"another thought.\",\"wrong\":\"no more.\",\"value\":true,\"feedback\":[\"\",\"\"]},{\"text\":\"Intelligence is under the same necessity for continuous increase. &#10;&#10;Consciousness is continually\",\"correct\":\"contracting.\",\"wrong\":\"expanding.\",\"value\":false,\"feedback\":[\"\",\"\"]},{\"text\":\"Intelligence is under the same necessity for continuous increase. &#10;&#10;Every fact we learn leads us to the learning of another fact - knowledge is continually\",\"correct\":\"increasing.\",\"wrong\":\"decreasing.\",\"value\":true,\"feedback\":[\"\",\"\"]}],\"timer\":45,\"noscore\":false},\"feedback\":[\"We are subject to the urge of life, seeking expression, which ever drives us on to know more, to do more, and to be more.\",\"We are subject to the urge of life, seeking expression, which ever drives us on to know more, to do more, and to be more.\"],\"score\":\"75\",\"gems\":\"1\"}","lite":"0","guid":"078e1e16-af2f-4101-95cf-fc1297f6737a","growth_activity":"0"},{"id":"288900","courseId":"283","type":"9","summary":"So that we can live more","index":"77","json":"{\"type\":9,\"wordfill\":{\"text\":\"##2## ##3## ##1## ##5## ##4##\",\"prompt\":\"In order to know more, do more, and be more we must have more. We must have things to use, for we learn, and do, and become, only by using things. \",\"sound\":\"\",\"words\":[\"so that\",\"We must\",\"get rich\",\"live more.\",\"we can\"],\"timer\":60},\"feedback\":[\"\",\"\"],\"score\":\"125\",\"gems\":\"1\"}","lite":"0","guid":"71f86395-bb80-4e1f-bc39-336f9cef1915","growth_activity":"0"},{"id":"288901","courseId":"283","type":"4","summary":"Life Seeking Fulfillment","index":"78","json":"{ \"type\":4}","lite":"0","guid":"6322e2d3-c01f-47b7-a3fc-aaf61c156313","growth_activity":"0"},{"id":"288902","courseId":"283","type":"3","summary":"So God Can Live More In You","index":"79","json":"{\"type\":3,\"intro\":{\"title\":\"So God Can Live More In You\",\"description\":\"The desire for riches is simply the capacity for larger life seeking fulfillment. Every desire is the effort of an unexpressed possibility to come into action. &#10;&#10;&#10;&#10;&#10;&#10;&#10;&#10;&#10;It is power seeking to manifest which causes desire.\",\"image\":\"7297E3E0-D2F2-DE10-4023-D04E6E94FB61.png\",\"sound\":\"\",\"volume\":50},\"unlockscore\":\"75\",\"quicklink\":false,\"quotation\":\"\"}","lite":"0","guid":"af83d90d-d92e-4ce7-b9d1-5dff7cd1cde8","growth_activity":"0"},{"id":"288903","courseId":"283","type":"10","summary":"Life seeking fuller expression","index":"80","json":"{\"type\":10,\"dragdrop\":{\"timer\":60,\"layout\":0,\"goals\":[{\"isImage\":false,\"text\":\"Life\",\"image\":\"\"}],\"items\":[{\"goal\":1,\"isImage\":false,\"text\":\"Fuller Expression\",\"image\":\"\",\"feedback\":[\"It is life seeking fuller expression that makes you want more money.\",\"It is life seeking fuller expression that makes you want more money.\"]}],\"prompt\":\"That which makes you want more money is the same as that which makes the plant grow...\",\"sound\":\"\"},\"feedback\":[\"\",\"\"],\"score\":\"25\",\"gems\":\"1\"}","lite":"0","guid":"083a037e-f4d9-4272-8e12-c72ca52e1d46","growth_activity":"0"},{"id":"288904","courseId":"283","type":"10","summary":"To Live More in You","index":"81","json":"{\"type\":10,\"dragdrop\":{\"timer\":60,\"layout\":0,\"goals\":[{\"isImage\":false,\"text\":\"You\",\"image\":\"\"}],\"items\":[{\"goal\":1,\"isImage\":false,\"text\":\"All the things you can use\",\"image\":\"\",\"feedback\":[\"The One Substance desires to live more in you and that is why it wants you to have all the things you can use.\",\"The One Substance desires to live more in you and that is why it wants you to have all the things you can use.\"]}],\"prompt\":\"The One Living Substance is permeated with the desire to live more. That is why it is under the necessity of creating things. The One Substance desires to live more in you and that is why...\",\"sound\":\"\"},\"feedback\":[\"\",\"\"],\"score\":\"25\",\"gems\":\"1\"}","lite":"0","guid":"422e2e69-716e-4a5c-8a30-edcbc568030e","growth_activity":"0"},{"id":"288905","courseId":"283","type":"10","summary":"You Should Get Rich","index":"82","json":"{\"type\":10,\"dragdrop\":{\"timer\":60,\"layout\":0,\"goals\":[{\"isImage\":false,\"text\":\"You\",\"image\":\"\"}],\"items\":[{\"goal\":1,\"isImage\":false,\"text\":\"Express himself\",\"image\":\"\",\"feedback\":[\"If you have plenty of things to use God can express himself better through you.\",\"If you have plenty of things to use God can express himself better through you.\"]},{\"goal\":1,\"isImage\":false,\"text\":\"Live more\",\"image\":\"\",\"feedback\":[\"God can live more in you if you have unlimited command of the means of life. \",\"God can live more in you if you have unlimited command of the means of life. \"]}],\"prompt\":\"It is the desire of God that you should get rich. And he wants you to get rich because...\",\"sound\":\"\"},\"feedback\":[\"\",\"\"],\"score\":\"25\",\"gems\":\"1\"}","lite":"0","guid":"1d44a0fb-a9d1-4492-907d-511176171408","growth_activity":"0"},{"id":"288906","courseId":"283","type":"6","summary":"Nature is Friendly","index":"83","json":"{\"type\":6,\"image\":\"\",\"presentation\":[{\"text\":\"Nature is Friendly to Your Plans\",\"in\":1,\"time\":1,\"sound\":\"\",\"size\":2,\"color\":\"#256ED7\"},{\"text\":\"The universe desires you to have everything you want to have.\",\"in\":1,\"time\":2,\"sound\":\"\"},{\"text\":\"Everything is naturally for you.\",\"in\":1,\"time\":2,\"sound\":\"\"},{\"text\":\"Make up your mind that this is true. \",\"in\":1,\"time\":2,\"sound\":\"\"}]}","lite":"0","guid":"765dc49c-7b8b-4486-bdae-3acb686dabae","growth_activity":"0"},{"id":"288907","courseId":"283","type":"4","summary":"So God Can Live More In You","index":"84","json":"{ \"type\":4}","lite":"0","guid":"50e4c7f2-a9f1-4da0-9ba5-9b03c3157d4e","growth_activity":"0"},{"id":"288908","courseId":"283","type":"3","summary":"You Must Want Real Life","index":"85","json":"{\"type\":3,\"intro\":{\"title\":\"You Must Want Real Life\",\"description\":\"The universe desires you to have everything you want. But it is essential that your purpose should harmonize with the purpose that is in All. You must want real life. &#10;&#10;&#10;&#10;&#10;&#10;&#10;&#10;&#10;You must perform every function - physical, mental, and spiritual - of which you are capable, but without excess in any. \",\"image\":\"DF96411C-B121-BC5C-3A02-657410800C7A.png\",\"sound\":\"\",\"volume\":50},\"unlockscore\":\"250\",\"quicklink\":false,\"quotation\":\"\"}","lite":"0","guid":"b6f01ba3-91e6-4530-a8c3-af3fd0c618ce","growth_activity":"0"},{"id":"288909","courseId":"283","type":"9","summary":"Not Just for Your Body","index":"86","json":"{\"type\":9,\"wordfill\":{\"text\":\"Live ##2##, for the ##1## of animal ##3##. That is ##4##.\",\"prompt\":\"You do not want to get rich in order to: \",\"sound\":\"\",\"words\":[\"gratification\",\"swinishly\",\"desires\",\"not life\"],\"timer\":60},\"feedback\":[\"But the performance of every physical function is a part of life, and no one lives completely who denies the impulses of the body a normal and healthful expression.\",\"You do not want to get rich in order to live swinishly, for the gratification of animal desires. That is not life. But you cannot deny the body&#39;s impulses and live completely.\"],\"score\":\"100\",\"gems\":\"1\"}","lite":"0","guid":"0cef871e-0ad1-4a39-b783-e6ec854a9574","growth_activity":"0"},{"id":"288910","courseId":"283","type":"9","summary":"Not Just for Your Mind","index":"87","json":"{\"type\":9,\"wordfill\":{\"text\":\"Enjoy ##4## pleasures, to ##1##, to gratify ##5##, to ##2## others, to be ##3##. \",\"prompt\":\"You do not want to get rich solely to:\",\"sound\":\"\",\"words\":[\"get knowledge\",\"outshine\",\"famous\",\"mental\",\"ambition\"],\"timer\":60},\"feedback\":[\"All these are a legitimate part of life, but the person who lives for the pleasures of the intellect alone will only have a partial life, and they will never be satisfied with their lot. \",\"You do not want to get rich solely to enjoy mental pleasures, to get knowledge, to gratify ambition, to outshine others, to be famous.\"],\"score\":\"125\",\"gems\":\"1\"}","lite":"0","guid":"a4eda757-7537-4f6e-9ec9-e29cd1e7bcd2","growth_activity":"0"},{"id":"288911","courseId":"283","type":"9","summary":"Not Just for Your Soul","index":"88","json":"{\"type\":9,\"wordfill\":{\"text\":\"The ##2## others, ##5## for ##1## of mankind, to experience the joys ##4## and ##3##.\",\"prompt\":\"You do not want to get rich solely for:\",\"sound\":\"\",\"words\":[\"the salvation\",\"good of \",\"sacrifice\",\"of philanthropy\",\"to lose yourself\"],\"timer\":60},\"feedback\":[\"The joys of the soul are only a part of life and they are no better or nobler than any other part.\",\"You do not want to get rich solely for the good of others, to lose yourself for the salvation of mankind, to experience the joys of philanthropy and sacrifice. These are only a part of life and no better or nobler than any other part.\"],\"score\":\"125\",\"gems\":\"1\"}","lite":"0","guid":"4a503a24-9d4c-4010-8de0-150f334fcea4","growth_activity":"0"},{"id":"288912","courseId":"283","type":"6","summary":"Why You Want to Get Rich","index":"89","json":"{\"type\":6,\"image\":\"\",\"presentation\":[{\"text\":\"You Want to Get Rich\",\"in\":1,\"time\":1,\"sound\":\"\",\"color\":\"#256ED7\",\"size\":2},{\"text\":\"So that you may eat, drink, and be merry when it is time to do these thing.\",\"in\":1,\"time\":2,\"sound\":\"\"},{\"text\":\"So that you may surround yourself with beautiful things, see distant lands, feed your mind, and develop your intellect.\",\"in\":1,\"time\":2,\"sound\":\"\"},{\"text\":\"So that you may love all people and do kind things and be able to play a good part in helping the world to find truth.\",\"in\":1,\"time\":2,\"sound\":\"\"}]}","lite":"0","guid":"0e9df123-454b-478b-ae2a-50c16b2dd405","growth_activity":"0"},{"id":"288913","courseId":"283","type":"4","summary":"You Must Want Real Life","index":"90","json":"{ \"type\":4}","lite":"0","guid":"46b1911f-2a4a-4d6e-9ba1-98b2f9e15f76","growth_activity":"0"},{"id":"288914","courseId":"283","type":"3","summary":"To Make the Most of Yourself","index":"91","json":"{\"type\":3,\"intro\":{\"title\":\"To Make the Most of Yourself\",\"description\":\"Extreme altruism is no better and no nobler than extreme selfishness. Both are mistakes. Get rid of the idea that God wants you to sacrifice yourself for others and that you can secure his favor by doing so.&#10;&#10;&#10;&#10;&#10;&#10;&#10;&#10;&#10;God requires nothing of the kind. \",\"image\":\"46CF70F2-5E7B-81FF-2308-06E3DB05C07A.png\",\"sound\":\"\",\"volume\":50},\"unlockscore\":\"100\",\"quicklink\":false,\"quotation\":\"\"}","lite":"0","guid":"939f32a7-f634-497c-b4f6-adb3bacd64f1","growth_activity":"0"},{"id":"288915","courseId":"283","type":"12","summary":"For Yourself and Others","index":"92","json":"{ \"type\":12}","lite":"0","guid":"867d9828-4aea-4d2c-854e-83b27180c2bc","growth_activity":"0"},{"id":"288916","courseId":"283","type":"10","summary":"Only By Getting Rich","index":"93","json":"{ \"type\":10}","lite":"0","guid":"764cf3b0-a5e6-4b42-919f-7d8d83309ef1","growth_activity":"0"},{"id":"288917","courseId":"283","type":"6","summary":"More Life to All","index":"94","json":"{ \"type\":6}","lite":"0","guid":"5e77e536-2419-49c5-aa50-3a5e854e9773","growth_activity":"0"},{"id":"288918","courseId":"283","type":"4","summary":"To Make the Most of Yourself","index":"95","json":"{ \"type\":4}","lite":"0","guid":"429593f7-25f1-4010-a60f-f46d8012ec2c","growth_activity":"0"},{"id":"288919","courseId":"283","type":"3","summary":"Create Not Compete","index":"96","json":"{ \"type\":3}","lite":"0","guid":"3c60b981-4606-4043-8f18-5981f20e30da","growth_activity":"0"},{"id":"288920","courseId":"283","type":"20","summary":"To Get Rich You Must","index":"97","json":"{ \"type\":20}","lite":"0","guid":"bb41d5c8-162a-4830-a8eb-366ad0bcc8ca","growth_activity":"0"},{"id":"288921","courseId":"283","type":"6","summary":"Yes, There are People","index":"98","json":"{ \"type\":6}","lite":"0","guid":"184d9fa5-0cfd-4044-a57e-a51dfb51cd68","growth_activity":"0"},{"id":"288922","courseId":"283","type":"10","summary":"No One Will Beat you to It","index":"99","json":"{ \"type\":10}","lite":"0","guid":"f5cd3363-68ba-4ece-babb-5873bd2d01a4","growth_activity":"0"},{"id":"288923","courseId":"283","type":"6","summary":"Know This To Be True","index":"100","json":"{ \"type\":6}","lite":"0","guid":"1265c75c-f263-44b0-a4be-a952f6d36b31","growth_activity":"0"},{"id":"288924","courseId":"283","type":"4","summary":"Create Not Compete","index":"101","json":"{ \"type\":4}","lite":"0","guid":"5db5db64-304d-4a79-bd57-91fdcfc61ca8","growth_activity":"0"},{"id":"288925","courseId":"283","type":"2","summary":"Increasing Life","index":"102","json":"{ \"type\":2}","lite":"0","guid":"7705ee4e-d13f-4bad-949a-169c91a2ef9a","growth_activity":"0"},{"id":"288926","courseId":"283","type":"1","summary":"How Riches Come to You","index":"103","json":"{ \"type\":1}","lite":"0","guid":"e50c55ac-f6df-4818-91d0-1b66e698a238","growth_activity":"0"},{"id":"288927","courseId":"283","type":"2","summary":"How Riches Come to You","index":"104","json":"{ \"type\":2}","lite":"0","guid":"ec73027a-0576-49ba-991f-21f57fb491bb","growth_activity":"0"}]