{"id":"283","authorId":"0","groupId":"0","credits":"2","dollars":"9.99","summary":"A new version of Wallace Wattles timeless classic.","description":"This In-a-Blink course help you to quickly learn and forever retain Wattles message in his classic, The Science of Getting Rich. (Includes the full text of the book.)","date":"2015-09-06 05:26:59","iconURL":"icon268.jpg","imageURL":"image268.jpg","vimeo":"","title":"The Science of Getting Rich In a Blink! - Backup to Unit 4 Burst 4","editDate":"2015-09-06 05:27:36","buildAvailable":"0","published":"0","publicationDate":null}