{"id":"215","authorId":"0","groupId":"0","credits":"2","dollars":"9.99","summary":"Learn to communicate with confidence in your business and personal life.","description":"Learn to use the essential elements of trust, credibility, and confident behavior to communicate effectively and confidently.","date":"2014-10-16 13:33:21","iconURL":"icon212.jpg","imageURL":"image212.jpg","vimeo":"","title":"Communicating with Confidence","editDate":"2014-10-30 02:35:14","buildAvailable":"1","published":"0","publicationDate":null}