[{"id":"845494","courseId":"1","type":"1","summary":"Chapter 1","index":"0","json":"{\"type\":3,\"intro\":{\"title\":\"This is the first Learning unit \",\"description\":\"It contains mainly input fields to test.\",\"image\":\"090751CB-B7EE-4B63-A4B2-FC73331DF5B7.png\"},\"feedback\":[\"\",\"\"],\"unlockscore\":0,\"dossier\":true}","lite":"1","guid":"5c674b7b-600f-403b-b582-a859c3c8f132","growth_activity":"0"},{"id":"845495","courseId":"1","type":"3","summary":"This is a Quick Link Burst - amended","index":"1","json":"{\"type\":6,\"input\":{\"type\":1,\"prompt\":\"This is the prompt amended\",\"locked\":false},\"feedback\":[\"\",\"\"],\"score\":0,\"gems\":0,\"intro\":{\"title\":\"\",\"description\":\"\",\"image\":\"\",\"sound\":\"\",\"volume\":50},\"unlockscore\":0,\"quicklink\":true,\"quotation\":\"\",\"unlockActivity\":\"none\"}","lite":"0","guid":"042fc408-5010-4250-acd2-7a99cfc256db","growth_activity":"0"},{"id":"845496","courseId":"1","type":"8","summary":"Build a statement","index":"2","json":"{\"type\":8,\"statement\":{\"prompt\":\"Test prompt\",\"wrong\":\"Jack and the beanstalk\",\"statements\":[\"Three blind mice|See how they run|Cut off their tails\"],\"ordered\":false,\"timer\":0,\"sound\":\"\"},\"feedback\":[\"Hey - nice one\",\"What rubbish\"],\"score\":0,\"gems\":0}","lite":"0","guid":"6fcc4f71-51bd-47f6-af2b-355cad29b949","growth_activity":"0"},{"id":"845497","courseId":"1","type":"10","summary":"Test single drag","index":"3","json":"{\"type\":10,\"dragdrop\":{\"timer\":60,\"layout\":0,\"goals\":[{\"isImage\":false,\"text\":\"This is the goal\",\"image\":\"\"}],\"items\":[{\"goal\":1,\"isImage\":false,\"text\":\"This is the item to drag\",\"image\":\"\",\"feedback\":[\"\",\"\"]}],\"prompt\":\"Drag each item to the correct learning goal\",\"sound\":\"\"},\"feedback\":[\"\",\"\"],\"score\":0,\"gems\":0}","lite":"0","guid":"05727f85-6a1f-4ca5-9b5c-a4d0e0054f53","growth_activity":"0"},{"id":"845498","courseId":"1","type":"10","summary":"Test 5 items 1 goal","index":"4","json":"{\"type\":10,\"dragdrop\":{\"timer\":60,\"layout\":0,\"goals\":[{\"isImage\":false,\"text\":\"Goal 1\",\"image\":\"\"}],\"items\":[{\"goal\":1,\"isImage\":false,\"text\":\"Item 1\",\"image\":\"\",\"feedback\":[\"\",\"\"]},{\"goal\":1,\"isImage\":false,\"text\":\"Item 2\",\"image\":\"\",\"feedback\":[\"\",\"\"]},{\"goal\":1,\"isImage\":false,\"text\":\"Item 3\",\"image\":\"\",\"feedback\":[\"\",\"\"]},{\"goal\":1,\"isImage\":false,\"text\":\"Item 4\",\"image\":\"\",\"feedback\":[\"\",\"\"]},{\"goal\":1,\"isImage\":false,\"text\":\"Item 5\",\"image\":\"\",\"feedback\":[\"\",\"\"]}],\"prompt\":\"Drag each item to the correct learning goal\",\"sound\":\"\"},\"feedback\":[\"\",\"\"],\"score\":0,\"gems\":0}","lite":"0","guid":"d1c06237-5c6f-46c6-9022-71fc67102cb5","growth_activity":"0"},{"id":"845499","courseId":"1","type":"10","summary":"Test 3 items 3 goals","index":"5","json":"{\"type\":10,\"dragdrop\":{\"timer\":60,\"layout\":0,\"goals\":[{\"isImage\":false,\"text\":\"Goal 1\",\"image\":\"\"},{\"isImage\":false,\"text\":\"Goal 2\",\"image\":\"\"},{\"isImage\":false,\"text\":\"Goal 3\",\"image\":\"\"}],\"items\":[{\"goal\":0,\"isImage\":false,\"text\":\"Item 1\",\"image\":\"\",\"feedback\":[\"\",\"\"]},{\"goal\":0,\"isImage\":false,\"text\":\"Item 2\",\"image\":\"\",\"feedback\":[\"\",\"\"]},{\"goal\":0,\"isImage\":false,\"text\":\"Item 3\",\"image\":\"\",\"feedback\":[\"\",\"\"]}],\"prompt\":\"Drag each item to the correct learning goal\",\"sound\":\"\"},\"feedback\":[\"\",\"\"],\"score\":0,\"gems\":0}","lite":"0","guid":"d9c2dea6-9eb4-4b83-93dd-5596a7b9ee7f","growth_activity":"0"},{"id":"845500","courseId":"1","type":"20","summary":"Test multiple","index":"6","json":"{\"type\":7,\"feedback\":[\"\",\"\"],\"score\":0,\"gems\":0,\"multiple\":{\"timer\":60,\"answers\":[{\"correct\":true,\"text\":\"Answer 1\",\"feedback\":\"\"},{\"correct\":false,\"text\":\"Answer 2\",\"feedback\":\"\"},{\"correct\":false,\"text\":\"Answer 3\",\"feedback\":\"\"},{\"correct\":true,\"text\":\"Answer 4\",\"feedback\":\"\"}],\"sound\":\"\",\"text\":\"This is the question\"}}","lite":"0","guid":"967f5f4a-1bb2-427a-858c-bfafbb73aab0","growth_activity":"0"},{"id":"845501","courseId":"1","type":"13","summary":"This or that","index":"7","json":"{\"type\":13,\"thisthat\":{\"questions\":[{\"text\":\"Question 1 is true. This is a long question to test the formatting. The text should be the width of the usual content area. Let&#39;s see if it is. \",\"correct\":\"True\",\"wrong\":\"False Long Name again\",\"value\":true,\"feedback\":[\"Nice one.\",\"Oh dear!\"]},{\"text\":\"Question 2 is false\",\"correct\":\"True Testing again Testing Testing \",\"wrong\":\"False Long Name again very long\",\"value\":false,\"feedback\":[\"Great answer\",\"Sorry\"]},{\"text\":\"Question 3 is false\",\"correct\":\"True\",\"wrong\":\"False\",\"value\":false,\"feedback\":[\"\",\"\"]},{\"text\":\"Question 4 is true\",\"correct\":\"True\",\"wrong\":\"False\",\"value\":true,\"feedback\":[\"That&#39;s a great answer.\",\"\"]}],\"timer\":120,\"noscore\":false},\"feedback\":[\"Great amended\",\"Rubbish amended\"],\"score\":\"230\",\"gems\":\"1\"}","lite":"0","guid":"c26f33bc-9cad-4790-a88d-137ecb2a9eb7","growth_activity":"0"},{"id":"845502","courseId":"1","type":"7","summary":"test input","index":"8","json":"{\"type\":7,\"input\":{\"type\":2,\"prompt\":\"ms word 2014\",\"locked\":false,\"in\":0,\"out\":0,\"time\":0,\"count\":6,\"characters\":12},\"feedback\":[\"Word feedback\",\"\"],\"score\":0,\"gems\":0}","lite":"0","guid":"f7bd648c-0471-46dc-ad1f-0fcc17cdd1bd","growth_activity":"0"},{"id":"845503","courseId":"1","type":"7","summary":"True False Input","index":"9","json":"{\"type\":7,\"input\":{\"type\":5,\"prompt\":\"1 + 1 = 2. Is that True?\",\"locked\":false,\"text\":\"\",\"booleans\":[{\"value\":true,\"correct\":\"True\",\"wrong\":\"False\"}]},\"feedback\":[\"Pass feedback\",\"Failed feedback\"],\"score\":0,\"gems\":0}","lite":"0","guid":"b0c1fa62-8f54-44dd-87b5-a80daa34422e","growth_activity":"0"},{"id":"845504","courseId":"1","type":"7","summary":"Number Input","index":"10","json":"{\"type\":7,\"input\":{\"type\":3,\"prompt\":\"What is your phone number?\",\"locked\":false,\"text\":\"Mobi: ##1##\",\"numbers\":[{\"value\":1,\"min\":1,\"max\":10}]},\"feedback\":[\"Pass feedback\",\"failed feedback\"],\"score\":0,\"gems\":0}","lite":"0","guid":"c1d96b72-5292-417c-b4cd-f8248e2c0647","growth_activity":"0"},{"id":"845505","courseId":"1","type":"7","summary":"test","index":"11","json":"{\"type\":7,\"input\":{\"type\":1,\"prompt\":\"test input feedback\",\"locked\":false},\"feedback\":[\"You are right!\",\"\"],\"score\":0,\"gems\":0}","lite":"0","guid":"732468b5-84f3-4a6e-89fa-6a65e5fbc06e","growth_activity":"0"},{"id":"845506","courseId":"1","type":"7","summary":"Slider with number","index":"12","json":"{\"type\":7,\"input\":{\"type\":6,\"prompt\":\"The ideal is about 50.\",\"locked\":false,\"isNumber\":true,\"useImages\":true,\"min\":1,\"max\":100,\"ideal\":50}}","lite":"0","guid":"19580703-e8e7-4eef-9892-7d249e8a95b4","growth_activity":"0"},{"id":"845507","courseId":"1","type":"7","summary":"Date","index":"13","json":"{\"type\":7,\"input\":{\"type\":4,\"prompt\":\"What date was the beginning of the First World War? \",\"locked\":false,\"text\":\"\",\"dates\":[],\"value\":\"08-05-2014\",\"min\":\"08-05-2014\",\"max\":\"08-05-2014\",\"date\":{\"value\":\"08\/03\/1914\",\"min\":\"08\/01\/2014\",\"max\":\"08\/22\/2014\",\"range\":false}},\"feedback\":[\"Great\",\"Rubbish\"],\"score\":\"100\",\"gems\":0}","lite":"0","guid":"5c592f85-2861-41ea-af88-6ec2eb7f258d","growth_activity":"0"},{"id":"845508","courseId":"1","type":"18","summary":"Catch game ","index":"14","json":"{\"type\":18,\"catch\":{\"prompt\":\"Grab the correct items\",\"items\":[{\"isImage\":false,\"correct\":false,\"text\":\"Wrong 1\",\"image\":\"\",\"bonus\":0,\"slot\":0},{\"isImage\":false,\"correct\":false,\"text\":\"wrong 2\",\"image\":\"\",\"bonus\":0,\"slot\":0},{\"isImage\":false,\"correct\":true,\"text\":\"Correct 1\",\"image\":\"\",\"bonus\":1,\"slot\":0},{\"isImage\":false,\"correct\":true,\"text\":\"Correct 2\",\"image\":\"\",\"bonus\":2,\"slot\":0},{\"isImage\":false,\"correct\":true,\"text\":\"Correct 3\",\"image\":\"\",\"bonus\":0,\"slot\":0},{\"isImage\":true,\"correct\":true,\"text\":\"\",\"image\":\"4AD48755-F8C4-3682-283E-42019ACE89A9.png\",\"bonus\":1,\"slot\":1},{\"isImage\":true,\"correct\":true,\"text\":\"\",\"image\":\"ECDD5BBE-FAA8-4343-E12E-DE57F72B52A8.png\",\"bonus\":2,\"slot\":2}],\"ordered\":true,\"timer\":60,\"sound\":\"9598FD0B-A6D2-6EE2-756D-A7F895391EBC.mp3\",\"speed\":5,\"frequency\":5},\"feedback\":[\"Amazing\",\"Poor\"],\"score\":\"100\",\"gems\":\"1\"}","lite":"0","guid":"481d27e9-fd05-490a-b8b7-622f8f6c9011","growth_activity":"0"},{"id":"845509","courseId":"1","type":"19","summary":"Conversation","index":"15","json":"{\"type\":19,\"conversation\":[{\"text\":\"Where is Rick?\",\"image\":\"68E787D9-4C53-8F52-D84A-158E803496B1.png\",\"sound\":\"DA1BAE0B-7D9E-454C-A435-FA6DACB85E1C.mp3\"},{\"text\":\"I don&#39;t know. I ain&#39;t seen him all night.\",\"image\":\"ED4B6CC0-285E-FFDA-49BA-45D200AFD845.png\",\"sound\":\"C432DE3C-37F9-7F4D-A165-4B8B7E5F93A2.mp3\"},{\"text\":\"When will he be back?\",\"image\":\"DE0A3478-732E-9571-B3D0-2B84B9398FD2.png\",\"sound\":\"CF5F7892-6CCF-275F-A84D-873408F1BFF0.mp3\"},{\"text\":\"Not tonight no more. He ain&#39;t coming. He went home. \",\"image\":\"85F793F9-DD44-2703-EEEE-7DDEEA1BEBD0.png\",\"sound\":\"573D4E81-7D63-2C22-7ACD-E379A20DADC5.mp3\"},{\"text\":\"Does he always leave so early?&#10;Oh he never. Well. He&#39;s got a girl up at the Blue Parrot, goes up there all the time.\",\"image\":\"287382EA-C518-17BF-FE62-172F366FD76E.png\",\"sound\":\"B3B24FE6-BB29-855F-5EC7-AC4EA7B3216C.mp3\"},{\"text\":\"You used to be a much better liar Sam. \",\"image\":\"CF6CE72A-75EA-151F-F320-2BF963843602.png\",\"sound\":\"6E0D52B7-C68E-32E3-7EA8-D8747022D8A4.mp3\"},{\"text\":\"Leave him alone Miss Elsa. You&#39;re bad luck to him.\",\"image\":\"1F8C4672-824A-6CDA-7241-A5BCE627AE7D.png\",\"sound\":\"FA3C3ECE-B70F-0160-9AFB-86B82C314E46.mp3\"},{\"text\":\"Play it once Sam. For old times sake.&#10;I don&#39;t know what you mean Miss Elsa.&#10;Play to Sam. Play As Time Goes By.\",\"image\":\"0663EC48-8749-9F8F-FFC6-FA49F08EA4BF.png\",\"sound\":\"10B6607F-1328-3B49-761A-6CA47C9C5B85.mp3\"},{\"text\":\"Oh I can&#39;t remember it Miss Elsa. I&#39;m a little rusty on it. \",\"image\":\"0717DA79-2EFA-95FA-FF4A-8A432F02D88A.png\",\"sound\":\"A202D02A-00FA-565C-7424-C07F430206D6.mp3\"}],\"feedback\":\"This is the feedback, does it show up?\",\"score\":0,\"gems\":0}","lite":"0","guid":"43734d83-f2b9-4d69-9cfc-071f87895f41","growth_activity":"0"},{"id":"845510","courseId":"1","type":"11","summary":"Simon","index":"16","json":"{\"type\":11,\"simon\":{\"prompt\":\"This is the prompt\",\"sounds\":[\"84CB9AC0-BDCC-BF66-AD60-A1D0D2E71277.mp3\",\"8B3C3CD5-867B-EF65-258A-45D4A0288238.mp3\",\"7BAD6666-FDF0-8CAC-331F-1BC9BCFA6F9D.mp3\",\"32ED435F-4426-B2B9-1810-4A8624EF9F7C.mp3\",\"9AC3E40E-0045-F17E-765E-6C0C1129E2BF.mp3\",\"1FCD452D-C7CC-64AE-7B13-99CF73880018.mp3\",\"928C2F45-CD6A-AFE2-30AC-C2742502A802.mp3\",\"FAF1107F-7BA6-5179-8D33-9EB33E64BE05.mp3\",\"8DA9B457-6C6C-3303-C201-688BB193A55B.mp3\",\"21514D3E-65DE-678B-A692-41DC7CC46AC6.mp3\",\"B2170171-E749-854D-BB31-C096550843D7.mp3\",\"7F7F430A-D704-0946-3EA9-C0E18DC1F28C.mp3\",\"47CF580F-BA21-1167-3447-8C0B4DC0D03D.mp3\"],\"phrase\":\"Better to|remain|silent|and be thought|a fool|than to speak out|and remove all|doubt.\",\"time\":0,\"score\":0,\"gems\":0,\"wrong\":\"These|are|the|wrong|words\"},\"feedback\":[\"Great\",\"Rubbish\"],\"score\":\"200\",\"gems\":\"1\"}","lite":"0","guid":"7cc643fe-a2e9-4f91-9dbc-a8560b705e10","growth_activity":"0"},{"id":"845511","courseId":"1","type":"15","summary":"Rotator","index":"17","json":"{\"type\":15,\"rotator\":{\"prompt\":\"This is the prompt.&#10;This is the 2nd line.&#10;And the 3rd.&#10;And how about a fourth?\",\"statements\":[{\"text\":\"Statement 1 \",\"correct\":true},{\"text\":\"Statement 2\",\"correct\":true},{\"text\":\"Statement 3\",\"correct\":true},{\"text\":\"Statement 4\",\"correct\":true},{\"text\":\"Statement 5\",\"correct\":true}],\"timer\":0},\"feedback\":[\"Great\",\"Rubbish\"],\"score\":\"125\",\"gems\":\"1\"}","lite":"0","guid":"d27c4d67-22a5-463b-92ca-de8885221df5","growth_activity":"0"},{"id":"845512","courseId":"1","type":"14","summary":"Question","index":"18","json":"{\"type\":14,\"question\":{\"timer\":60,\"multiplechoice\":true,\"answers\":[{\"correct\":true,\"text\":\"Judi Dench\",\"feedback\":\"Great answer\"},{\"correct\":false,\"text\":\"John Cleese\",\"feedback\":\"Are you joking?\"}],\"sound\":\"\",\"text\":\"Who is this?\"},\"feedback\":[\"\",\"\"],\"score\":\"100\",\"gems\":0,\"image\":\"832663B8-125F-4208-71AD-B87A56A5E930.png\"}","lite":"0","guid":"d2e4e4db-ca9a-4362-96f9-5fcff680ab64","growth_activity":"0"},{"id":"845513","courseId":"1","type":"10","summary":"Drag and drop","index":"19","json":"{\"type\":10,\"dragdrop\":{\"timer\":53,\"layout\":0,\"goals\":[{\"isImage\":true,\"text\":\"van\",\"image\":\"7653DB74-E2B3-7B9E-B08F-842B4E071941.png\"},{\"isImage\":true,\"image\":\"AA41204A-91F4-0E49-B4B0-8F5A1E7DC8A8.png\",\"text\":\"orange car\"}],\"items\":[{\"goal\":1,\"isImage\":true,\"text\":\"yellow car\",\"image\":\"0D9B27E7-166E-81ED-83B4-F9F6D15C3A92.png\",\"feedback\":[\"Great choice\",\"Nope that wasn&#39;t right.\"]},{\"goal\":2,\"isImage\":true,\"image\":\"AEC79ABF-4541-0DD2-EBF3-BBF91227F09E.png\",\"text\":\"red van\",\"feedback\":[\"\",\"\"]},{\"goal\":1,\"isImage\":true,\"text\":\"sporty\",\"image\":\"B1BDE1C9-84DF-FE9E-2B89-F9CDEFF16B53.png\",\"feedback\":[\"\",\"\"]},{\"goal\":2,\"isImage\":true,\"text\":\"green\",\"image\":\"875E636E-F53C-6CB1-4707-8613EEC10045.png\",\"feedback\":[\"\",\"\"]}],\"prompt\":\"Drag each item to the correct learning goal\"},\"feedback\":[\"Congratulations\",\"Loser\"],\"score\":\"100\",\"gems\":\"1\"}","lite":"0","guid":"60d11760-1eac-47fa-b6f7-7f8d1d02da09","growth_activity":"0"},{"id":"845514","courseId":"1","type":"7","summary":"Slider with text","index":"20","json":"{\"type\":7,\"input\":{\"type\":7,\"prompt\":\"Choose the right hand side\",\"locked\":false,\"text\":\"\",\"isNumber\":false,\"useImages\":true,\"min\":\"\",\"max\":\"\",\"ideal\":50,\"left\":\"75C1148D-84E6-6BA9-DFAE-67512DEA9F8A.png\",\"right\":\"C5871A55-1EC0-404D-FE2C-23DA6DF945EB.png\"}}","lite":"0","guid":"b8fbc712-01fa-498f-9155-08b7a52e196c","growth_activity":"0"},{"id":"845515","courseId":"1","type":"6","summary":"This is a presentation","index":"21","json":"{\"type\":6,\"input\":{\"type\":1,\"prompt\":\"Why is this one not saving?\",\"locked\":false},\"presentation\":[{\"text\":\"Hello&#10;another line &#10;and another\",\"in\":2,\"out\":0,\"time\":0,\"sound\":\"13EC985A-5A14-8DB2-30CC-A5C5CDC7F2A9.mp3\",\"alignment\":1,\"size\":2,\"color\":1,\"font\":1},{\"text\":\"Hello again\",\"in\":3,\"out\":0,\"time\":6,\"sound\":\"F9DDC8BC-22A4-72B8-D795-12048E4A3D6C.mp3\",\"alignment\":2,\"size\":1,\"color\":2,\"font\":2},{\"text\":\"And another line&#10;Another below&#10;And yet another\",\"in\":1,\"out\":0,\"time\":6,\"sound\":\"77CE578B-FDF8-5098-A5BE-2C5ADB82D31C.mp3\",\"color\":\"#6D6DCC\"}],\"image\":\"7886163D-60D1-44A0-D022-BDA94D3D9957.png\"}","lite":"0","guid":"37658bee-fef2-4b73-8565-c871b2b2ed25","growth_activity":"0"},{"id":"845516","courseId":"1","type":"7","summary":"Slider","index":"22","json":"{\"type\":7,\"input\":{\"type\":6,\"prompt\":\"Move slider to the left\",\"locked\":false,\"isNumber\":false,\"useImages\":false,\"min\":\"This is the right side\",\"max\":\"\",\"ideal\":0,\"sound\":\"DF22520A-64EE-1FE3-9379-B6388131A251.mp3\",\"left\":\"This is the left\",\"right\":\"And this is the right\"},\"feedback\":[\"\",\"\"],\"score\":0,\"gems\":0}","lite":"0","guid":"83bd5bbe-613b-4722-a30d-d0d73b01204f","growth_activity":"0"},{"id":"845517","courseId":"1","type":"4","summary":"Burst no 1","index":"23","json":"{ \"type\":4}","lite":"0","guid":"df996af9-8198-4ae2-b525-80d989532ca4","growth_activity":"0"},{"id":"845518","courseId":"1","type":"3","summary":"Burst no 2","index":"24","json":"{\"type\":6,\"intro\":{\"title\":\"This is the title\",\"description\":\"This is the description\",\"image\":\"DCBE3E44-5010-DE7A-0247-ED6E62DDCE7B.png\",\"sound\":\"FC8C6E1F-A708-124C-20E3-2F5286638717.mp3\",\"volume\":35},\"unlockscore\":0,\"quicklink\":false,\"quotation\":\"\"}","lite":"1","guid":"8723107b-80b4-48e1-b3b5-bce3451f333c","growth_activity":"0"},{"id":"845519","courseId":"1","type":"14","summary":"Question","index":"25","json":"{\"type\":14,\"question\":{\"timer\":60,\"multiplechoice\":true,\"answers\":[{\"correct\":false,\"text\":\"Answer 1\"},{\"correct\":false,\"text\":\"Answer 2\"},{\"correct\":false,\"text\":\"Answer 3\"},{\"correct\":true,\"text\":\"Answer 4\"}],\"sound\":\"\",\"text\":\"This is the question. (Answer 4 is correct)\"},\"feedback\":[\"\",\"\"],\"score\":0,\"gems\":0}","lite":"0","guid":"54bdc91d-a86b-435d-93c2-978c3dbae384","growth_activity":"0"},{"id":"845520","courseId":"1","type":"12","summary":"Order Items","index":"26","json":"{\"type\":12,\"orderitems\":{\"slots\":[\"Slot 1\",\"Slot 2\",\"Slot 3\",\"Slot 4\"],\"items\":[{\"text\":\"Item 1\",\"slot\":2},{\"text\":\"Item 2\",\"slot\":1},{\"text\":\"Item 3\",\"slot\":3},{\"text\":\"Item 4\",\"slot\":4}],\"ordered\":true,\"timer\":45,\"prompt\":\"This is the prompt&#10;Is it multi-line&#10;With a 3rd line visible\",\"sound\":\"\"},\"feedback\":[\"Nice one\",\"Try again\"],\"score\":\"100\",\"gems\":\"1\"}","lite":"0","guid":"59d52518-1fa1-487e-b852-a2b2c44f3a35","growth_activity":"0"},{"id":"845521","courseId":"1","type":"5","summary":"Ebook","index":"27","json":"{\"type\":5,\"ebook\":\"9A805B3D-DCD7-1857-7E3A-BF89FDDC31A0.pdf\"}","lite":"0","guid":"7aa589b5-8200-453e-85f1-2c72ddea2977","growth_activity":"0"},{"id":"845522","courseId":"1","type":"7","summary":"Slider with text","index":"28","json":"{\"type\":7,\"input\":{\"type\":7,\"prompt\":\"This is the prompt b\",\"locked\":false,\"text\":\"This the text n  \",\"min\":2,\"max\":32,\"ideal\":44}}","lite":"0","guid":"8180cf0c-e399-4460-86ce-99935426e759","growth_activity":"0"},{"id":"845523","courseId":"1","type":"7","summary":"slider","index":"29","json":"{\"type\":7,\"input\":{\"type\":6,\"prompt\":\"This is the prompt\",\"locked\":false,\"text\":\"\",\"min\":0,\"max\":206,\"ideal\":52}}","lite":"0","guid":"bd8f6850-6571-4beb-93da-50a87ffa3d8e","growth_activity":"0"},{"id":"845524","courseId":"1","type":"8","summary":"Unordered Build a statement","index":"30","json":"{\"type\":8,\"statement\":{\"prompt\":\"Choose the sets that match\",\"wrong\":\"Hat|Gloves\",\"statements\":[\"Orange|Apple|Pear|Plum\",\"Football|Tennis|Rugby|Cricket\",\"Hammer|Saw|Screwdriver|Pliers\"],\"ordered\":false,\"timer\":0},\"feedback\":[\"Well done\",\"Please try harder\"],\"score\":\"100\",\"gems\":0}","lite":"0","guid":"f8d5b96d-bf76-4fbb-8acd-a1b0534fd13e","growth_activity":"0"},{"id":"845525","courseId":"1","type":"17","summary":"Video","index":"31","json":"{\"type\":17,\"video\":{\"prompt\":\"This is the prompt\",\"vimeo\":\"89104376\"}}","lite":"0","guid":"7298ae24-648c-47a3-87c6-4c356ee792cf","growth_activity":"0"},{"id":"845526","courseId":"1","type":"16","summary":"Wordheat","index":"32","json":"{\"type\":16,\"wordheat\":{\"prompt\":\"This is the prompt\",\"words\":[{\"word\":\"Word1\",\"layer\":5},{\"word\":\"Word2\",\"layer\":4},{\"word\":\"Word3\",\"layer\":3},{\"word\":\"Word4\",\"layer\":1},{\"word\":\"Word5\",\"layer\":1}],\"timer\":0},\"feedback\":[\"Great\",\"Rubbish\"],\"score\":\"150\",\"gems\":\"2\"}","lite":"0","guid":"2f0c22d4-51bf-4fa7-9c21-4300ec2a6236","growth_activity":"0"},{"id":"845527","courseId":"1","type":"8","summary":"Build a statement","index":"33","json":"{\"type\":8,\"statement\":{\"prompt\":\"Customer service means \",\"statements\":[\"going beyond|what&#39;s expected\",\"doing ordinary|things|extraordinarily|well\",\"being at|your best|with every|customer\",\"adding value|and integrity|to every|interaction\"],\"locked\":false,\"timer\":40,\"wrong\":\"shouting|wrong|sarcastic|irony\",\"ordered\":true},\"feedback\":[\"Great\",\"Rubbish\"],\"score\":\"100\",\"gems\":\"1\"}","lite":"0","guid":"e008e19b-bc3b-4467-bf32-abe49615eb9b","growth_activity":"0"},{"id":"845528","courseId":"1","type":"7","summary":"This is a text input","index":"34","json":"{\"type\":7,\"input\":{\"type\":1,\"prompt\":\"This is a text input\",\"locked\":false}}","lite":"1","guid":"0da4b94f-ac60-4fc8-bb81-f60fe1cf785f","growth_activity":"0"},{"id":"845529","courseId":"1","type":"7","summary":"This is a words input","index":"35","json":"{\"type\":7,\"input\":{\"type\":2,\"prompt\":\"This is a words input with 7 words\",\"locked\":false,\"time\":3,\"in\":2,\"out\":3,\"count\":7,\"characters\":8}}","lite":"1","guid":"cd1829f5-4b66-41f5-ac52-918e5b8453d2","growth_activity":"0"},{"id":"845530","courseId":"1","type":"7","summary":"This is a number","index":"36","json":"{\"type\":7,\"input\":{\"type\":3,\"prompt\":\"Enter a number between 10 and 100\",\"locked\":false,\"text\":\"$##1##\",\"numbers\":[{\"value\":75,\"min\":10,\"max\":100}]}}","lite":"1","guid":"f7e19e83-181d-40ef-8678-14090787425d","growth_activity":"0"},{"id":"845531","courseId":"1","type":"7","summary":"True and false","index":"37","json":"{\"type\":7,\"input\":{\"type\":5,\"prompt\":\"This is a true false\",\"locked\":false,\"text\":\"Is this correct ##1##\",\"booleans\":[{\"value\":true,\"correct\":\"Yes\",\"wrong\":\"No\"}]}}","lite":"1","guid":"83c1f652-b3d6-4596-a66a-226659e60d52","growth_activity":"0"},{"id":"845532","courseId":"1","type":"7","summary":"Test with apostrophe in 'summary'","index":"38","json":"{\"type\":7,\"input\":{\"type\":5,\"prompt\":\"This is the prompt\",\"locked\":false,\"text\":\"\",\"booleans\":[{\"value\":true,\"correct\":\"True\",\"wrong\":\"False\"}]}}","lite":"0","guid":"0953d870-73de-43ae-a05e-a36bc778a9ed","growth_activity":"0"},{"id":"845533","courseId":"1","type":"7","summary":"New text","index":"39","json":"{\"type\":7,\"input\":{\"type\":1,\"prompt\":\"This is a new text type. Amended. \",\"locked\":false}}","lite":"0","guid":"b95f960c-e67b-4738-b498-1ee22590d80c","growth_activity":"0"},{"id":"845534","courseId":"1","type":"4","summary":"b","index":"40","json":"{ \"type\":4}","lite":"1","guid":"27f2d7d8-8438-45ad-9a9a-dd1fccc3cd56","growth_activity":"0"},{"id":"845535","courseId":"1","type":"2","summary":"chapter 1","index":"41","json":"{\"type\":2}","lite":"1","guid":"bed9efcf-a10b-44e4-921f-d8a5319066ff","growth_activity":"0"},{"id":"845536","courseId":"1","type":"1","summary":"Chapter 2","index":"42","json":"{\"type\":1,\"intro\":{\"title\":\"Chapter 2 title\",\"description\":\"You are doing really well to get to this stage. \",\"image\":\"\"}}","lite":"1","guid":"13773a97-e83f-4045-9b9e-bb6ed7fbf246","growth_activity":"0"},{"id":"845537","courseId":"1","type":"3","summary":"Burst with scoring","index":"43","json":"{\"type\":3,\"intro\":{\"title\":\"This Burst includes scoring. \",\"description\":\"You will find drag and drop, word filll and a question\",\"image\":\"\"},\"unlockscore\":\"200\",\"quicklink\":false,\"quotation\":\"And this is the quotation to use\"}","lite":"0","guid":"69bc13bc-8b62-49a0-9b0c-c6d5cc20c8e7","growth_activity":"0"},{"id":"845538","courseId":"1","type":"14","summary":"Question","index":"44","json":"{\"type\":14,\"question\":{\"timer\":49,\"multiplechoice\":true,\"answers\":[{\"correct\":false,\"text\":\"Answer 1\"},{\"correct\":true,\"text\":\"Answer 2\"},{\"correct\":false,\"text\":\"Answer 3\"},{\"correct\":false,\"text\":\"Answer 4\"}],\"text\":\"This is a question. Answer 2 is correct. \"},\"feedback\":[\"Great\",\"Rubbish\"],\"score\":\"100\",\"gems\":0}","lite":"1","guid":"6e3d3c27-2ccd-4b93-a708-bbe5fecd3b32","growth_activity":"0"},{"id":"845539","courseId":"1","type":"9","summary":"This is a wordfill","index":"45","json":"{\"type\":9,\"wordfill\":{\"words\":[\"succeed\",\"fear\",\"willpower\",\"stare\",\"definite\"],\"text\":\"To ##1## at what you want, you must choose a ##5## goal, and place all your energy, ##3## and effort behind that goal.&#10;Next line.\",\"timer\":26,\"prompt\":\"This is a prompt\"},\"feedback\":[\"This is the panel that will be displayed if the user passes the Blink\",\"Whoops\"],\"score\":\"120\",\"gems\":\"2\"}","lite":"1","guid":"850947f8-8087-4b99-a853-7f5b5a7e3e92","growth_activity":"0"},{"id":"845540","courseId":"1","type":"10","summary":"A text drag and drop","index":"46","json":"{\"type\":10,\"dragdrop\":{\"timer\":60,\"layout\":0,\"goals\":[{\"isImage\":false,\"text\":\"Goal 1\",\"image\":\"\"},{\"isImage\":false,\"text\":\"Goal 2\",\"image\":\"\"}],\"items\":[{\"goal\":1,\"isImage\":false,\"text\":\"Item 1\",\"image\":\"\"},{\"goal\":2,\"isImage\":false,\"text\":\"Item 2\",\"image\":\"\"},{\"goal\":2,\"isImage\":false,\"text\":\"Item 3\",\"image\":\"\"},{\"goal\":1,\"isImage\":false,\"text\":\"Item 4\",\"image\":\"\"}],\"prompt\":\"Drag each item to the correct learning goal\"},\"feedback\":[\"Amazing\",\"Hmm - whoops\"],\"score\":\"100\",\"gems\":\"1\"}","lite":"0","guid":"d2e782fb-5738-4e1d-82cf-e81d14147ff7","growth_activity":"0"},{"id":"845541","courseId":"1","type":"4","summary":"Burst with scoring","index":"47","json":"{ \"type\":4}","lite":"0","guid":"eed5ecb2-9626-4e8a-80d7-0007b7a3b7f2","growth_activity":"0"},{"id":"845542","courseId":"1","type":"2","summary":"end","index":"48","json":"{\"type\":6}","lite":"1","guid":"0bf0e2d0-343a-4958-9a1a-a27bd751237f","growth_activity":"0"}]