{"id":"340","authorId":"0","groupId":"0","credits":"2","dollars":"9.99","summary":"Make an impact as a successful communicator!","description":"Play with Dale Carnegie's winning formula for public speaking and learn the SECRETS OF INFLUENCING YOUR AUDIENCE and getting what you want. Make an impact on life!","date":"2017-03-11 22:45:46","iconURL":"icon303.jpg","imageURL":"image303.jpg","vimeo":"","title":"Public Speaking to Win: The Blink Training Course - copy 1","editDate":"0000-00-00 00:00:00","buildAvailable":"0","published":"0","publicationDate":null,"listOrder":"100"}