[{"id":"830932","courseId":"340","type":"3","summary":"Credits, Copyright, and Contact Info","index":"0","json":"{\\\"type\\\":3,\\\"intro\\\":{\\\"title\\\":\\\"Credits, Copyright, and Contact Info\\\",\\\"description\\\":\\\"Here is a list of the great people who have helped to make Blink Training and this course a reality. We have one wish: that you use Blink Training to make a positive change in your life and in the world.\\\",\\\"image\\\":\\\"\\\",\\\"sound\\\":\\\"\\\",\\\"volume\\\":50},\\\"unlockscore\\\":0,\\\"quicklink\\\":false,\\\"quotation\\\":\\\"\\\"}","lite":"0","guid":"039d3325-c04b-4a00-874c-dc67dc35ec1a","growth_activity":"1"},{"id":"830933","courseId":"340","type":"4","summary":"Credits, Copyright, and Contact Info","index":"1","json":"{ \\\"type\\\":4}","lite":"0","guid":"79c0fe5e-b352-4eb3-a78a-4ad64d992960","growth_activity":"1"},{"id":"830934","courseId":"340","type":"3","summary":"Your Blink Takaways","index":"2","json":"{\\\"type\\\":3,\\\"intro\\\":{\\\"title\\\":\\\"Your Blink Takeaways\\\",\\\"description\\\":\\\"Now that you have completed this course, you have unlocked &#34;Your Blink Takeaways,&#34; ten vital concepts from the course with space for your continuing input. Return to these Takeaways for inspiration and to update your progress on the ones that resonate with you.&#10;&#10;And now, Your Blink Takeaways.\\\",\\\"image\\\":\\\"\\\",\\\"sound\\\":\\\"\\\",\\\"volume\\\":50},\\\"unlockscore\\\":0,\\\"quicklink\\\":false,\\\"quotation\\\":\\\"\\\"}","lite":"0","guid":"2fb2bf14-8f07-4362-9586-9bbd67a35f21","growth_activity":"1"},{"id":"830935","courseId":"340","type":"6","summary":"Blink Takeaway 1","index":"3","json":"{\\\"type\\\":6,\\\"image\\\":\\\"\\\",\\\"presentation\\\":[{\\\"text\\\":\\\"Blink Takeaway 1\\\",\\\"in\\\":1,\\\"time\\\":1,\\\"sound\\\":\\\"\\\",\\\"size\\\":2,\\\"color\\\":\\\"#256ED7\\\"},{\\\"text\\\":\\\"Communication and Success\\\",\\\"in\\\":1,\\\"time\\\":2,\\\"sound\\\":\\\"\\\",\\\"size\\\":2},{\\\"text\\\":\\\"Virtually every job today - whether you are an entrepreneur, artist, salesman, programmer, or teacher - depends on communication. The written and spoken word may well make the difference between failure or success. \\\",\\\"in\\\":1,\\\"time\\\":3,\\\"sound\\\":\\\"A631BCB2-1E1B-1BD8-E9F3-AA054B792ADC.mp3\\\"}]}","lite":"0","guid":"0d56d425-3f83-4711-bb7e-424199adbbae","growth_activity":"1"},{"id":"830936","courseId":"340","type":"7","summary":"Takeaway 1: Your Thoughts","index":"4","json":"{\\\"type\\\":7,\\\"input\\\":{\\\"type\\\":1,\\\"prompt\\\":\\\"Think about how improved communication skills can help you to be more successful in your line of work. Write about it.\\\",\\\"locked\\\":false},\\\"feedback\\\":[\\\"As you improve your communication skills, you will probably find that it affects your work performance in ways you never imagined. Come back and write about it so you can track your professional growth.\\\",\\\"As you improve your communication skills, you will probably find that it affects your work performance in ways you never imagined. Come back and write about it so you can track your professional growth.\\\"],\\\"score\\\":0,\\\"gems\\\":0}","lite":"0","guid":"e4325bc3-8945-4fdf-a018-b276c3ed38cd","growth_activity":"1"},{"id":"830937","courseId":"340","type":"6","summary":"Blink Takeaway 2","index":"5","json":"{\\\"type\\\":6,\\\"image\\\":\\\"\\\",\\\"presentation\\\":[{\\\"text\\\":\\\"Blink Takeaway 2\\\",\\\"in\\\":1,\\\"time\\\":1,\\\"sound\\\":\\\"\\\",\\\"size\\\":2,\\\"color\\\":\\\"#256ED7\\\"},{\\\"text\\\":\\\"Prepare, Prepare, Prepare!\\\",\\\"in\\\":1,\\\"time\\\":2,\\\"sound\\\":\\\"\\\",\\\"size\\\":2},{\\\"text\\\":\\\"There is one ironclad rule to a successful public presentation: Prepare, prepare, prepare. You must know more about your topic than you need to. Preparation breeds confidence. \\\",\\\"in\\\":1,\\\"time\\\":3,\\\"sound\\\":\\\"5F757D7F-19F0-AC4C-6295-98FAE69A4C0E.mp3\\\"}]}","lite":"0","guid":"473ccc56-e523-49cf-abb9-493084bcf831","growth_activity":"1"},{"id":"830938","courseId":"340","type":"7","summary":"Takeaway 2: Your Thoughts","index":"6","json":"{\\\"type\\\":7,\\\"input\\\":{\\\"type\\\":1,\\\"prompt\\\":\\\"Do you prepare well for your talks? Can you improve on this? Write about it.\\\",\\\"locked\\\":false},\\\"feedback\\\":[\\\"As you get better at preparation and you see how it improves your performance, come back and write about it. This will help you to improve even further.\\\",\\\"As you get better at preparation and you see how it improves your performance, come back and write about it. This will help you to improve even further.\\\"],\\\"score\\\":0,\\\"gems\\\":0}","lite":"0","guid":"ce3dba09-a547-4dd3-b63e-f37f1ae82ddf","growth_activity":"1"},{"id":"830939","courseId":"340","type":"6","summary":"Blink Takeaway 3","index":"7","json":"{\\\"type\\\":6,\\\"image\\\":\\\"\\\",\\\"presentation\\\":[{\\\"text\\\":\\\"Blink Takeaway 3\\\",\\\"in\\\":1,\\\"time\\\":1,\\\"sound\\\":\\\"\\\",\\\"size\\\":2,\\\"color\\\":\\\"#256ED7\\\"},{\\\"text\\\":\\\"Sincerity\\\",\\\"in\\\":1,\\\"time\\\":2,\\\"sound\\\":\\\"\\\",\\\"size\\\":2},{\\\"text\\\":\\\"Next to preparation, the foundation of good speaking is sincerity. Never say anything you don&#39;t believe - insincerity is as detectable as eye color. \\\",\\\"in\\\":1,\\\"time\\\":3,\\\"sound\\\":\\\"CFD0B490-1C5D-C16E-C401-4CE07A0732FB.mp3\\\"}]}","lite":"0","guid":"c77dd6e7-317c-4bb9-b83d-1173899f4cd6","growth_activity":"1"},{"id":"830940","courseId":"340","type":"7","summary":"Takeaway 3: Your Thoughts","index":"8","json":"{\\\"type\\\":7,\\\"input\\\":{\\\"type\\\":1,\\\"prompt\\\":\\\"Do you say things you don&#39;t believe? Is this a situation which you can improve upon? Write about it.\\\",\\\"locked\\\":false},\\\"feedback\\\":[\\\"If you find that you are growing more and more, or less and less, sincere in your public speaking, come back and write about it. It will help to reflect upon this topic.\\\",\\\"If you find that you are growing more and more, or less and less, sincere in your public speaking, come back and write about it. It will help to reflect upon this topic.\\\"],\\\"score\\\":0,\\\"gems\\\":0}","lite":"0","guid":"e742b662-6bb2-4670-89bf-b1e0fe77a1d3","growth_activity":"1"},{"id":"830941","courseId":"340","type":"6","summary":"Blink Takeaway 4","index":"9","json":"{\\\"type\\\":6,\\\"image\\\":\\\"\\\",\\\"presentation\\\":[{\\\"text\\\":\\\"Blink Takeaway 4\\\",\\\"in\\\":1,\\\"time\\\":1,\\\"sound\\\":\\\"\\\",\\\"size\\\":2,\\\"color\\\":\\\"#256ED7\\\"},{\\\"text\\\":\\\"Speak Without Notes\\\",\\\"in\\\":1,\\\"time\\\":2,\\\"sound\\\":\\\"\\\",\\\"size\\\":2},{\\\"text\\\":\\\"Do not be attached to notes or a written text. If you know what you&#39;re talking about, you should be able to speak without notes, or with minimal notes.\\\",\\\"in\\\":1,\\\"time\\\":3,\\\"sound\\\":\\\"4A08FCB5-F694-3689-F08C-52A727EAB7C9.mp3\\\"}]}","lite":"0","guid":"036d9562-2ba5-4f3f-b83e-9b890060d7aa","growth_activity":"1"},{"id":"830942","courseId":"340","type":"7","summary":"Takeaway 4: Your Thoughts","index":"10","json":"{\\\"type\\\":7,\\\"input\\\":{\\\"type\\\":1,\\\"prompt\\\":\\\"Do you depend upon notes when you speak? Is there a reason for this? Is this something you can work on so that you depend less and less on notes? Write about it.\\\",\\\"locked\\\":false},\\\"feedback\\\":[\\\"Each time you do a talk, come back and write about whether or not you used notes and, if you did, how dependent you were on them. This exercise could help you to eventually speak without any notes at all.\\\",\\\"Each time you do a talk, come back and write about whether or not you used notes and, if you did, how dependent you were on them. This exercise could help you to eventually speak without any notes at all.\\\"],\\\"score\\\":0,\\\"gems\\\":0}","lite":"0","guid":"950a6e2a-cb56-4e52-a8ad-7b64f0f42be6","growth_activity":"1"},{"id":"830943","courseId":"340","type":"6","summary":"Blink Takeaway 5","index":"11","json":"{\\\"type\\\":6,\\\"image\\\":\\\"\\\",\\\"presentation\\\":[{\\\"text\\\":\\\"Blink Takeaway 5\\\",\\\"in\\\":1,\\\"time\\\":1,\\\"sound\\\":\\\"\\\",\\\"size\\\":2,\\\"color\\\":\\\"#256ED7\\\"},{\\\"text\\\":\\\"Passion\\\",\\\"in\\\":1,\\\"time\\\":2,\\\"sound\\\":\\\"\\\",\\\"size\\\":2},{\\\"text\\\":\\\"Your choice of topic should be driven by what you care deeply about.  If you are speaking about a topic for which you feel passion, your listeners will feel it, too.\\\",\\\"in\\\":1,\\\"time\\\":3,\\\"sound\\\":\\\"24FC4EC3-377A-11AA-8223-1FFFCE03BD80.mp3\\\"}]}","lite":"0","guid":"a2e24f80-f654-4138-823f-41c27edc4070","growth_activity":"1"},{"id":"830944","courseId":"340","type":"7","summary":"Takeaway 5: Your Thoughts","index":"12","json":"{\\\"type\\\":7,\\\"input\\\":{\\\"type\\\":1,\\\"prompt\\\":\\\"Are you passionate about the topics you speak on? Is this something you can improve upon? Write about it.\\\",\\\"locked\\\":false},\\\"feedback\\\":[\\\"Come back and track the topics that you are most passionate about. Then try to focus on those topics in your talks.\\\",\\\"Come back and track the topics that you are most passionate about. Then try to focus on those topics in your talks.\\\"],\\\"score\\\":0,\\\"gems\\\":0}","lite":"0","guid":"006b81c7-1618-4384-b25f-215c3c413e00","growth_activity":"1"},{"id":"830945","courseId":"340","type":"6","summary":"Blink Takeaway 6","index":"13","json":"{\\\"type\\\":6,\\\"image\\\":\\\"\\\",\\\"presentation\\\":[{\\\"text\\\":\\\"Blink Takeaway 6\\\",\\\"in\\\":1,\\\"time\\\":1,\\\"sound\\\":\\\"\\\",\\\"size\\\":2,\\\"color\\\":\\\"#256ED7\\\"},{\\\"text\\\":\\\"Speak Naturally\\\",\\\"in\\\":1,\\\"time\\\":2,\\\"sound\\\":\\\"\\\",\\\"size\\\":2},{\\\"text\\\":\\\"No one can tell you how to speak. If you are enthusiastic and prepared, you will speak naturally - as you would to a friend - without affectation and in plain words. \\\",\\\"in\\\":1,\\\"time\\\":3,\\\"sound\\\":\\\"4CD94989-1FE9-C1CC-3DCB-2957F747CDD9.mp3\\\"}]}","lite":"0","guid":"7b792a59-45ba-43b8-9a14-f64594eb6ec6","growth_activity":"1"},{"id":"830946","courseId":"340","type":"7","summary":"Takeaway 6: Your Thoughts","index":"14","json":"{\\\"type\\\":7,\\\"input\\\":{\\\"type\\\":1,\\\"prompt\\\":\\\"When you talk are you natural or do you put on affectations? Write about how you might get better at speaking naturally.\\\",\\\"locked\\\":false},\\\"feedback\\\":[\\\"As you consider how you speak and discover if you are becoming more natural, or not, come back and write about your progress in this area.\\\",\\\"As you consider how you speak and discover if you are becoming more natural, or not, come back and write about your progress in this area.\\\"],\\\"score\\\":0,\\\"gems\\\":0}","lite":"0","guid":"d76e3d4f-af4d-44e4-b87f-4b9a9f771f09","growth_activity":"1"},{"id":"830947","courseId":"340","type":"6","summary":"Blink Takeaway 7","index":"15","json":"{\\\"type\\\":6,\\\"image\\\":\\\"\\\",\\\"presentation\\\":[{\\\"text\\\":\\\"Blink Takeaway 7\\\",\\\"in\\\":1,\\\"time\\\":1,\\\"sound\\\":\\\"\\\",\\\"size\\\":2,\\\"color\\\":\\\"#256ED7\\\"},{\\\"text\\\":\\\"Intimacy\\\",\\\"in\\\":1,\\\"time\\\":2,\\\"sound\\\":\\\"\\\",\\\"size\\\":2},{\\\"text\\\":\\\"Never speak to an empty room. Better a crowded small space than a sparsely filled large space. If you find yourself in the latter situation, insist that everyone move up front. Intimacy makes for a successful talk. \\\",\\\"in\\\":1,\\\"time\\\":3,\\\"sound\\\":\\\"F87766C3-8DA2-DA70-155D-907F61CF7ED5.mp3\\\"}]}","lite":"0","guid":"7e16c982-6e9f-4a79-8fb9-caea68853457","growth_activity":"1"},{"id":"830948","courseId":"340","type":"7","summary":"Takeaway 7: Your Thoughts","index":"16","json":"{\\\"type\\\":7,\\\"input\\\":{\\\"type\\\":1,\\\"prompt\\\":\\\"Do you allow your audience to be scattered or insist they create a more intimate group? Write about this.\\\",\\\"locked\\\":false},\\\"feedback\\\":[\\\"As you get better at controlling your audience in terms of their seating, write about what works and what doesn&#39;t work.\\\",\\\"As you get better at controlling your audience in terms of their seating, write about what works and what doesn&#39;t work.\\\"],\\\"score\\\":0,\\\"gems\\\":0}","lite":"0","guid":"700b11c7-6ca0-4eff-83c7-07a84ba81060","growth_activity":"1"},{"id":"830949","courseId":"340","type":"6","summary":"Blink Takeaway 8","index":"17","json":"{\\\"type\\\":6,\\\"image\\\":\\\"\\\",\\\"presentation\\\":[{\\\"text\\\":\\\"Blink Takeaway 8\\\",\\\"in\\\":1,\\\"time\\\":1,\\\"sound\\\":\\\"\\\",\\\"size\\\":2,\\\"color\\\":\\\"#256ED7\\\"},{\\\"text\\\":\\\"You Don&#39;t Need to Be Funny\\\",\\\"in\\\":1,\\\"time\\\":2,\\\"sound\\\":\\\"\\\",\\\"size\\\":2},{\\\"text\\\":\\\"Unless you&#39;re an experienced comic, do not open your talk with a joke or feel the need to be funny. \\\",\\\"in\\\":1,\\\"time\\\":3,\\\"sound\\\":\\\"82FE09E0-FE62-5721-460F-536470CBE1B5.mp3\\\"}]}","lite":"0","guid":"d8fa4e5d-b795-447d-8f46-8683f98ac95b","growth_activity":"1"},{"id":"830950","courseId":"340","type":"7","summary":"Takeaway 8: Your Thoughts","index":"18","json":"{\\\"type\\\":7,\\\"input\\\":{\\\"type\\\":1,\\\"prompt\\\":\\\"Do you insist on trying to be funny? If so, does it work for you? Or does it not? Write about this.\\\",\\\"locked\\\":false},\\\"feedback\\\":[\\\"Come back and write about how you are doing in this area. \\\",\\\"Come back and write about how you are doing in this area. \\\"],\\\"score\\\":0,\\\"gems\\\":0}","lite":"0","guid":"3a067009-722a-47d8-b064-21b8ff7b7a4e","growth_activity":"1"},{"id":"830951","courseId":"340","type":"6","summary":"Blink Takeaway 9","index":"19","json":"{\\\"type\\\":6,\\\"image\\\":\\\"\\\",\\\"presentation\\\":[{\\\"text\\\":\\\"Blink Takeaway 9\\\",\\\"in\\\":1,\\\"time\\\":1,\\\"sound\\\":\\\"\\\",\\\"size\\\":2,\\\"color\\\":\\\"#256ED7\\\"},{\\\"text\\\":\\\"Clarity\\\",\\\"in\\\":1,\\\"time\\\":2,\\\"sound\\\":\\\"\\\",\\\"size\\\":2},{\\\"text\\\":\\\"Be very clear and simple in your use of examples, metaphors, and numbers. Avoid jargon and technical terms. You impress listeners by your clarity - and nothing else.  \\\",\\\"in\\\":1,\\\"time\\\":3,\\\"sound\\\":\\\"4157B03F-FDA9-36FA-0C05-E752158D744B.mp3\\\"}]}","lite":"0","guid":"1ae42bcf-305d-47ad-b9b7-d064a14a3af0","growth_activity":"1"},{"id":"830952","courseId":"340","type":"7","summary":"Takeaway 9: Your Thoughts","index":"20","json":"{\\\"type\\\":7,\\\"input\\\":{\\\"type\\\":1,\\\"prompt\\\":\\\"Do you tend to be clear in your speaking? Or roundabout, vague and obtuse? Write about this - and try to write simply.\\\",\\\"locked\\\":false},\\\"feedback\\\":[\\\"As you learn to become more clear in your speaking, come back and write about your progress.\\\",\\\"As you learn to become more clear in your speaking, come back and write about your progress.\\\"],\\\"score\\\":0,\\\"gems\\\":0}","lite":"0","guid":"0cf5fda9-913d-41ae-964b-4c25a0ab5ef3","growth_activity":"1"},{"id":"830953","courseId":"340","type":"6","summary":"Blink Takeaway 10","index":"21","json":"{\\\"type\\\":6,\\\"image\\\":\\\"\\\",\\\"presentation\\\":[{\\\"text\\\":\\\"Blink Takeaway 10\\\",\\\"in\\\":1,\\\"time\\\":1,\\\"sound\\\":\\\"\\\",\\\"size\\\":2,\\\"color\\\":\\\"#256ED7\\\"},{\\\"text\\\":\\\"Stand For Something\\\",\\\"in\\\":1,\\\"time\\\":2,\\\"sound\\\":\\\"\\\",\\\"size\\\":2},{\\\"text\\\":\\\"Stand for something. If you stand for nothing you have no right to be making a claim on people&#39;s time.\\\",\\\"in\\\":1,\\\"time\\\":3,\\\"sound\\\":\\\"9B098790-3C3F-0E6D-E7D9-E72A92B984C7.mp3\\\"}]}","lite":"0","guid":"6ef653fd-520c-4f92-bf13-44d4654bcaf4","growth_activity":"1"},{"id":"830954","courseId":"340","type":"7","summary":"Takeaway 10: Your Thoughts","index":"22","json":"{\\\"type\\\":7,\\\"input\\\":{\\\"type\\\":1,\\\"prompt\\\":\\\"What do you stand for? Write about it.\\\",\\\"locked\\\":false},\\\"feedback\\\":[\\\"As it becomes clearer to you what you stand for, come back and write about it.\\\",\\\"As it becomes clearer to you what you stand for, come back and write about it.\\\"],\\\"score\\\":0,\\\"gems\\\":0}","lite":"0","guid":"814e258a-83a8-4450-b5e6-486bf707c0c2","growth_activity":"1"},{"id":"830955","courseId":"340","type":"6","summary":"Bonus Takeaway","index":"23","json":"{\\\"type\\\":6,\\\"image\\\":\\\"\\\",\\\"presentation\\\":[{\\\"text\\\":\\\"Bonus Takeaway\\\",\\\"in\\\":1,\\\"time\\\":1,\\\"sound\\\":\\\"\\\",\\\"size\\\":2,\\\"color\\\":\\\"#256ED7\\\"},{\\\"text\\\":\\\"No Magic Formula\\\",\\\"in\\\":1,\\\"time\\\":2,\\\"sound\\\":\\\"\\\",\\\"size\\\":2},{\\\"text\\\":\\\"There is no mystery or magic formula for delivering a good talk. If you are truthful, passionate, and well prepared it is almost impossible not to give an effective talk. \\\",\\\"in\\\":1,\\\"time\\\":3,\\\"sound\\\":\\\"D848F2A5-C475-A25F-9D1E-7DEFA153B3CF.mp3\\\"}]}","lite":"0","guid":"21e603de-cd28-4834-9d6b-c1d55c342431","growth_activity":"1"},{"id":"830956","courseId":"340","type":"7","summary":"Bonus Takeaway: Your Thoughts","index":"24","json":"{\\\"type\\\":7,\\\"input\\\":{\\\"type\\\":1,\\\"prompt\\\":\\\"When you deliver a talk, are you truthful, passionate and well prepared? Or are you looking for another way to succeed at public speaking? (There is no other way.) Write about this.\\\",\\\"locked\\\":false},\\\"feedback\\\":[\\\"As you come to see clearly that there is no magic formula for succeeding at delivering a good talk, come back and write about it.\\\",\\\"As you come to see clearly that there is no magic formula for succeeding at delivering a good talk, come back and write about it.\\\"],\\\"score\\\":0,\\\"gems\\\":0}","lite":"0","guid":"5c18bbc1-3d6a-4c4f-860c-183de1396a52","growth_activity":"1"},{"id":"830957","courseId":"340","type":"6","summary":"The Power of Public Speaking","index":"25","json":"{\\\"type\\\":6,\\\"image\\\":\\\"\\\",\\\"presentation\\\":[{\\\"text\\\":\\\"The Power of Public Speaking\\\",\\\"in\\\":1,\\\"time\\\":1,\\\"sound\\\":\\\"\\\",\\\"size\\\":2,\\\"color\\\":\\\"#256ED7\\\"},{\\\"text\\\":\\\"The goal of this course is to help you to become a better public speaker so that you can succeed more in your professional and personal life.\\\",\\\"in\\\":1,\\\"time\\\":2,\\\"sound\\\":\\\"\\\"},{\\\"text\\\":\\\"Use these takeaways to help you to move towards that goal.\\\",\\\"in\\\":1,\\\"time\\\":2,\\\"sound\\\":\\\"\\\"},{\\\"text\\\":\\\"Enjoy your journey - and stand for something!\\\",\\\"in\\\":1,\\\"time\\\":3,\\\"sound\\\":\\\"\\\"}]}","lite":"0","guid":"b54ec2bf-3841-4a30-acdb-f901f28ffe5a","growth_activity":"1"},{"id":"830958","courseId":"340","type":"4","summary":"Your Blink Takaways","index":"26","json":"{ \\\"type\\\":4}","lite":"0","guid":"6101a4e8-ba45-4ebb-afcb-99fa12fc0f29","growth_activity":"1"}]