[{"id":"104574","courseId":"235","type":"1","summary":"PC fundamentals","index":"0","json":"{ \"type\":1}","lite":"0","guid":"236893a3-f20f-445c-82c7-c4ab28d2214b","growth_activity":"0"},{"id":"104575","courseId":"235","type":"3","summary":"Rom and Ram","index":"1","json":"{ \"type\":3}","lite":"0","guid":"f7543ae8-2de5-4168-8b21-56acd1d5727c","growth_activity":"0"},{"id":"104576","courseId":"235","type":"13","summary":"Rom or Ram?","index":"2","json":"{\"type\":13,\"thisthat\":{\"questions\":[{\"text\":\"IS THIS ROM OR IS THIS RAM?&#10;&#10;This is where you save your documents to....\",\"correct\":\"ROM \",\"wrong\":\"RAM\",\"value\":false,\"feedback\":[\"Yes! RAM is a stable blah blah blah\",\"That is incorrect. Files are stored in RAM blah blah\"]},{\"text\":\"IS THIS ROM OR IS THIS RAM?&#10;&#10;This is the space in the PC where documents live when you are working on them...\",\"correct\":\"ROM\",\"wrong\":\"RAM\",\"value\":true,\"feedback\":[\"Correct feedback blah blah blah\",\"Incorrect feedback\"]},{\"text\":\"IS THIS ROM OR IS THIS RAM?&#10;&#10;Where stuff is kept...\",\"correct\":\"ROM\",\"wrong\":\"RAM\",\"value\":false,\"feedback\":[\"Good\",\"Incorrect\"]}],\"timer\":45,\"noscore\":false},\"feedback\":[\"Great Work!\",\"Study harder\"],\"score\":\"60\",\"gems\":\"1\"}","lite":"0","guid":"ad5824b3-5b1b-472d-8d78-daa5e07235f7","growth_activity":"0"},{"id":"104577","courseId":"235","type":"10","summary":"ROM and RAM","index":"3","json":"{\"type\":10,\"dragdrop\":{\"timer\":60,\"layout\":0,\"goals\":[{\"isImage\":false,\"text\":\"ROM\",\"image\":\"\"},{\"isImage\":false,\"text\":\"RAM\",\"image\":\"\"}],\"items\":[{\"goal\":1,\"isImage\":false,\"text\":\"Documents live here while live\",\"image\":\"\",\"feedback\":[\"\",\"\"]},{\"goal\":2,\"isImage\":false,\"text\":\"Documents go here when you save them\",\"image\":\"\",\"feedback\":[\"\",\"\"]},{\"goal\":1,\"isImage\":false,\"text\":\"Something else about ROM\",\"image\":\"\",\"feedback\":[\"\",\"\"]},{\"goal\":2,\"isImage\":false,\"text\":\"About RAM\",\"image\":\"\",\"feedback\":[\"\",\"\"]}],\"prompt\":\"Drag each item to where it goes!\",\"sound\":\"\"},\"feedback\":[\"You did well!\",\"You could use some study!\"],\"score\":\"80\",\"gems\":0}","lite":"0","guid":"a837cbce-b27d-4761-8834-72e73c9fa782","growth_activity":"0"},{"id":"104578","courseId":"235","type":"4","summary":"Rom and Ram","index":"4","json":"{ \"type\":4}","lite":"0","guid":"fd2d7d6e-33bb-48a5-bf04-69796579b70e","growth_activity":"0"},{"id":"104579","courseId":"235","type":"2","summary":"PC fundamentals","index":"5","json":"{ \"type\":2}","lite":"0","guid":"2ef75fd7-9597-40cc-97d8-dbf8ac3a1cc3","growth_activity":"0"}]