[{"id":"844846","courseId":"313","type":"1","summary":"The Power of Thought","index":"0","json":"{\"type\":1,\"intro\":{\"title\":\"The Power of Thought\",\"description\":\"This may be one of the most important learning experiences of your life. In this Blink course, author and New Thought minister Joseph Murphy illuminates one immensely important and undervalued principle: What you think dramatically affects your quality of life. This idea has been restated from antiquity to the present. &#10;&#10;&#10;&#10;&#10;&#10;&#10;&#10;John Milton put it this way in Paradise Lost: &#34;The mind is its own place, and in it self can make a Heav&#39;n of Hell, a Hell of Heav&#39;n.&#34;\",\"image\":\"436E635E-AA4E-2D2F-4AD2-58F95F5B91F0.png\"},\"dossier\":true}","lite":"1","guid":"1a6496a7-bb52-4f71-918d-7611bd3ef789","growth_activity":"0"},{"id":"844847","courseId":"313","type":"3","summary":"Mind, The Master Builder","index":"1","json":"{\"type\":3,\"intro\":{\"title\":\"Mind, The Master Builder\",\"description\":\"Murphy argues that thought governs health, finances, relationships, and all facets of life. Though it may not be the case that every element of existence yields to thought alone, within the folds of this idea - that mind is the master builder - can be found great truths. They are yours to discover, test, and benefit from. All that is required is to change how you think.\",\"image\":\"\",\"sound\":\"\",\"volume\":50},\"unlockscore\":\"200\",\"quicklink\":false,\"quotation\":\"\",\"unlockActivity\":\"96125229-052f-4fee-9cca-c6ba6d72f6d6\"}","lite":"1","guid":"402ce126-efa5-44ad-a0c7-a82408b66926","growth_activity":"0"},{"id":"844848","courseId":"313","type":"9","summary":"A Lifetime of Effort","index":"2","json":"{\"type\":9,\"wordfill\":{\"text\":\"Redirecting your ##1## toward ##3## ##2## requires a lifetime of effort. \",\"prompt\":\"[First read &#34;WHAT TO DO&#34; in the yellow box below.]&#10;&#10;Murphy&#39;s philosophy is profoundly simple - but it is not for the weak or myopic. If you take seriously what you find in this course - and we urge you to - you will discover that:\",\"sound\":\"\",\"words\":[\"thoughts\",\"constructiveness\",\"resiliency and\"],\"timer\":60},\"feedback\":[\"Yes, a lifetime of effort, but it is a task worthy of every motivated, mature person. \",\"Redirecting your thoughts toward resiliency and constructiveness requires a lifetime of effort. But it is a task worthy of every motivated, mature person.\"],\"score\":\"75\",\"gems\":\"1\"}","lite":"1","guid":"de35b71d-0c74-42b3-aaeb-520aab99d276","growth_activity":"0"},{"id":"844849","courseId":"313","type":"10","summary":"Emotion Shouts","index":"3","json":"{\"type\":10,\"dragdrop\":{\"timer\":60,\"layout\":0,\"goals\":[{\"isImage\":false,\"text\":\"Emotion shouts: I want more!\",\"image\":\"\"},{\"isImage\":false,\"text\":\"Emotion shouts: Run away!\",\"image\":\"\"},{\"isImage\":false,\"text\":\"Emotion shouts: I&#39;m envious!\",\"image\":\"\"}],\"items\":[{\"goal\":1,\"isImage\":false,\"text\":\"Mind: Be satisfied with your portion.\",\"image\":\"\",\"feedback\":[\"Yes, the mind says, &#34;be satisfied with your portion&#34; - emotion shouts, &#34;I want more!&#34; \",\"\"]},{\"goal\":2,\"isImage\":false,\"text\":\"Mind: Be calm.\",\"image\":\"\",\"feedback\":[\"Yes, the mind says, &#34;be calm&#34; - emotion wants to run away. \",\"\"]},{\"goal\":3,\"isImage\":false,\"text\":\"Mind: I&#39;m happy for my neighbor.\",\"image\":\"\",\"feedback\":[\"Yes, the mind says, &#34;I&#39;m happy for my neighbor&#34; - emotion feels envy. \",\"\"]}],\"prompt\":\"You will also learn that your emotions must be brought into play for any real self-change to occur. Emotion is more powerful than thought - never confuse or conflate the two. [Drag each thought to the opposing emotion.]\",\"sound\":\"\"},\"feedback\":[\"Murphy supplies exercises to help align your emotions and thoughts in pursuit of a personal goal. \",\"Next time, try to drag each thought to the opposing emotion. In any case, Murphy supplies exercises to help align your emotions and thoughts in pursuit of a personal goal. \"],\"score\":\"75\",\"gems\":\"1\"}","lite":"1","guid":"a8089585-d759-4405-b130-b6c60e9dc5f4","growth_activity":"0"},{"id":"844850","courseId":"313","type":"12","summary":"New Thought, New Life","index":"4","json":"{\"type\":12,\"orderitems\":{\"slots\":[\"Beginning of statement\",\"\",\"\",\"\",\"\",\"End of statement\"],\"items\":[{\"text\":\"We each harbor \",\"slot\":1},{\"text\":\"the conviction \",\"slot\":2},{\"text\":\"that we are \",\"slot\":3},{\"text\":\"not leading the\",\"slot\":4},{\"text\":\"lives we should\",\"slot\":5},{\"text\":\"be leading.\",\"slot\":6}],\"ordered\":true,\"timer\":60,\"sound\":\"\",\"prompt\":\"Murphy&#39;s message that &#34;new thought means new life&#34; has touched countless people. This is because we all feel that we should be practicing more dignified, generous, and self-respecting patterns of thought, tones of speech, and interpersonal relations. And...\"},\"feedback\":[\"We sense that our abilities are underdeveloped, our decisions too hesitant and timorous, and our attitudes too selfish. Almost all of us sense the potential of a larger existence within us. This is a near-universal instinct. \",\"We each harbor the conviction that we are not leading the lives we should be leading. Almost all of us sense the potential of a larger existence within us. This is a near-universal instinct. \"],\"score\":\"150\",\"gems\":\"1\"}","lite":"1","guid":"5c6094aa-cff3-49ce-8989-d3c426521904","growth_activity":"0"},{"id":"844851","courseId":"313","type":"8","summary":"An Instruction Manual","index":"5","json":"{\"type\":8,\"statement\":{\"prompt\":\"The Power of Your Subconscious Mind is an instruction manual toward seeking that greater scale of life. Pay close attention to this course&#39;s principles, methods, and exercises. And, above all, use them, because:\",\"wrong\":\"New Thought|New Life\",\"statements\":[\"It may be the|most important|step you|ever take.\"],\"ordered\":true,\"timer\":60,\"sound\":\"\"},\"feedback\":[\"Yes, this course could help you to expand the scale of your life and move towards the larger existence you feel within.&#10;&#10;Now, let&#39;s take a moment to learn a little about Blink Training.\",\"It may be the most important step you ever take. This course could help you to expand the scale of your life and move towards the larger existence you feel within. Now, let&#39;s take a moment to learn a little about Blink Training.\"],\"score\":\"100\",\"gems\":\"1\"}","lite":"1","guid":"f8a8e55f-f8ca-4159-8946-520655a24c9c","growth_activity":"0"},{"id":"844852","courseId":"313","type":"10","summary":"About Blink Training","index":"6","json":"{\"type\":10,\"dragdrop\":{\"timer\":60,\"layout\":0,\"goals\":[{\"isImage\":false,\"text\":\"Blink Training Courses\",\"image\":\"\"}],\"items\":[{\"goal\":1,\"isImage\":false,\"text\":\"Blinks and Bursts\",\"image\":\"\",\"feedback\":[\"Blinks are the quick activities that we use to teach the content - like this Drag and Drop. And a Burst is a sequence of those Blinks. You&#39;re now at the final Blink in this Burst - and the dark blue circle on top shows this. \",\"Blinks are the quick activities that we use to teach the content - like this Drag and Drop. And a Burst is a sequence of those Blinks. You&#39;re now at the final Blink in this Burst - and the dark blue circle on top shows this. \"]},{\"goal\":1,\"isImage\":false,\"text\":\"Points and Gems\",\"image\":\"\",\"feedback\":[\"You earn Points as you play, and you need a certain number of Points to unlock each next Burst. You earn Gems, too, and they reflect how well you understand the content. Touch the Blink Eye in the lower left to see how many Points and Gems you&#39;ve earned so far. \",\"You earn Points as you play, and you need a certain number of Points to unlock each next Burst. You earn Gems, too, and they reflect how well you understand the content. Touch the Blink Eye in the lower left to see how many Points and Gems you&#39;ve earned so far. \"]},{\"goal\":1,\"isImage\":false,\"text\":\"Exiting a Course\",\"image\":\"\",\"feedback\":[\"When you want to exit a course, touch the blue lines in the upper left and select Exit Course.\",\"When you want to exit a course, touch the blue lines in the upper left and select Exit Course.\"]},{\"goal\":1,\"isImage\":false,\"text\":\"Your Progress Screen\",\"image\":\"\",\"feedback\":[\"When you touch Next, you&#39;ll see your Progress Screen. This shows you how you&#39;re doing in the course. If you&#39;ve unlocked the next Burst, you&#39;ll be able to play it. Otherwise, replay this Burst and try for a higher score. As you complete the course, you&#39;ll move up the mountain of mastery. \",\"When you touch Next, you&#39;ll see your Progress Screen. This shows you how you&#39;re doing in the course. If you&#39;ve unlocked the next Burst, you&#39;ll be able to play it. Otherwise, replay this Burst and try for a higher score. As you complete the course, you&#39;ll move up the mountain of mastery. \"]}],\"prompt\":\"About Blink Training&#10;If you learn a little about Blink Training, it will help you to get more out of this course. Drag each box to &#34;Blink Training Courses&#34; on the bottom. \",\"sound\":\"\"},\"feedback\":[\"Blink Training: a simple, yet powerful way to improve your life.\",\"Blink Training: a simple, yet powerful way to improve your life.\"],\"score\":\"20\",\"gems\":\"1\"}","lite":"1","guid":"e2b1b493-3493-4de2-b6d6-c9f243bcee30","growth_activity":"0"},{"id":"844853","courseId":"313","type":"4","summary":"Mind, The Master Builder","index":"7","json":"{ \"type\":4}","lite":"1","guid":"43442736-3cc9-4dd4-9a42-0d23bdc67cac","growth_activity":"0"},{"id":"844854","courseId":"313","type":"3","summary":"The Treasure House within You","index":"8","json":"{\"type\":3,\"intro\":{\"title\":\"The Treasure House within You\",\"description\":\"What, in your opinion, is the master secret of the ages? Atomic power? Thermonuclear energy? Interplanetary travel? No - not any of these. What, then, is the master secret? Where can one find it, and how can it be contacted and brought into action? The answer is extraordinarily simple.&#10;&#10;The secret is the marvelous, miracle-working power of your own subconscious mind.\",\"image\":\"\",\"sound\":\"\",\"volume\":50},\"unlockscore\":\"300\",\"quicklink\":false,\"quotation\":\"\"}","lite":"1","guid":"2cbcbd40-5963-4feb-975e-196929346dfd","growth_activity":"0"},{"id":"844855","courseId":"313","type":"10","summary":"The Hidden Forces","index":"9","json":"{\"type\":10,\"dragdrop\":{\"timer\":60,\"layout\":0,\"goals\":[{\"isImage\":false,\"text\":\"Hidden Forces of Your Subconscious\",\"image\":\"\"}],\"items\":[{\"goal\":1,\"isImage\":false,\"text\":\"Contact\",\"image\":\"\",\"feedback\":[\"\",\"\"]},{\"goal\":1,\"isImage\":false,\"text\":\"Release\",\"image\":\"\",\"feedback\":[\"\",\"\"]}],\"prompt\":\"You can bring into your life more ability, more health, more wealth, and more happiness by learning to:\",\"sound\":\"\"},\"feedback\":[\"Yes, you can bring into your life more ability, more health, more wealth, and more happiness by learning to contact and release the hidden forces of your subconscious.\",\"You can bring into your life more ability, more health, more wealth, and more happiness by learning to contact and release the hidden forces of your subconscious.\"],\"score\":\"50\",\"gems\":\"1\"}","lite":"1","guid":"1d7be5d0-f53f-4961-a227-f6dcb309a253","growth_activity":"0"},{"id":"844856","courseId":"313","type":"9","summary":"Your Subconscious Depths","index":"10","json":"{\"type\":9,\"wordfill\":{\"text\":\"##1## ##2## ##3##. \",\"prompt\":\"As you follow the simple techniques in this course, you can gain the necessary knowledge and understanding to unlock your subconscious depths. Within them are:\",\"sound\":\"\",\"words\":[\"Infinite wisdom,\",\"infinite power,\",\"and infinite supply\"],\"timer\":60},\"feedback\":[\"Begin now to recognize these potentialities of your deeper mind, and they will take form in the world without. \",\"Within your subconscious depths are: Infinite wisdom, infinite power, and infinite supply. Begin now to recognize these potentialities of your deeper mind, and they will take form in the world without. \"],\"score\":\"150\",\"gems\":\"1\"}","lite":"1","guid":"127475db-34c9-4aa4-b4db-4a1a60a721a4","growth_activity":"0"},{"id":"844857","courseId":"313","type":"10","summary":"Open-minded and Receptive","index":"11","json":"{\"type\":10,\"dragdrop\":{\"timer\":60,\"layout\":0,\"goals\":[{\"isImage\":false,\"text\":\"You Can\",\"image\":\"\"}],\"items\":[{\"goal\":1,\"isImage\":false,\"text\":\"Create new inventions\",\"image\":\"\",\"feedback\":[\"\",\"\"]},{\"goal\":1,\"isImage\":false,\"text\":\"Make new discoveries\",\"image\":\"\",\"feedback\":[\"\",\"\"]},{\"goal\":1,\"isImage\":false,\"text\":\"Write plays and books\",\"image\":\"\",\"feedback\":[\"\",\"\"]},{\"goal\":1,\"isImage\":false,\"text\":\"Attract the ideal companion \",\"image\":\"\",\"feedback\":[\"\",\"\"]},{\"goal\":1,\"isImage\":false,\"text\":\"Acquire resources\",\"image\":\"\",\"feedback\":[\"\",\"\"]},{\"goal\":1,\"isImage\":false,\"text\":\"Acquire wealth \",\"image\":\"\",\"feedback\":[\"\",\"\"]}],\"prompt\":\"The infinite intelligence within your subconscious can reveal to you everything you need to know at every moment, provided you are open-minded and receptive. You can receive new thoughts and ideas enabling you to:\",\"sound\":\"\"},\"feedback\":[\"Yes, you can move forward in abundance, security, joy, and dominion. (By the way, the blue and gray circles on top show how many Blinks are in this Burst. You&#39;re doing the third Blink now.)\",\"You can move forward in abundance, security, joy, and dominion. (By the way, the blue and gray circles on top show how many Blinks are in this Burst. You&#39;re doing the third Blink now.)\"],\"score\":\"150\",\"gems\":\"1\"}","lite":"1","guid":"2c8d58f7-2d1f-4e60-bdee-70d3dea589dd","growth_activity":"0"},{"id":"844858","courseId":"313","type":"12","summary":"Your Right to Discover","index":"12","json":"{\"type\":12,\"orderitems\":{\"slots\":[\"\",\"\",\"\",\"\",\"\",\"\"],\"items\":[{\"text\":\"Before you were born,\",\"slot\":1},{\"text\":\"before any religion\",\"slot\":2},{\"text\":\"or church appeared,\",\"slot\":3},{\"text\":\"and before the\",\"slot\":4},{\"text\":\"world itself\",\"slot\":5},{\"text\":\"came into being.\",\"slot\":6}],\"ordered\":true,\"timer\":90,\"sound\":\"\",\"prompt\":\"It is your RIGHT to discover this inner world of thought. Its miracle-working powers and eternal laws of life existed:\"},\"feedback\":[\"It is with these thoughts that we urge you in this course to lay hold of this wonderful, magical, transforming power that is your subconscious mind. \",\"It existed before you were born, before any religion or church appeared, and before the world itself came into being. It is with these thoughts that we urge you in this course to lay hold of this wonderful, magical, transforming power that is your subconscious mind. \"],\"score\":\"150\",\"gems\":\"1\"}","lite":"1","guid":"2f8b809b-ba6f-426b-aa7f-524f0c4a5959","growth_activity":"0"},{"id":"844859","courseId":"313","type":"7","summary":"Your Mind Journey 1","index":"13","json":"{\"type\":7,\"input\":{\"type\":1,\"prompt\":\"Murphy&#39;s ideas are profound and can profoundly alter your life. But only if you think about them, implement them and stick with them. To help in this process, keep a journal starting here. Write about how you want to change your life.\",\"locked\":false},\"feedback\":[\"You can review and edit any text you write by touching the three blue bars in the upper left, then choosing Dossiers from the menu. You can also exit any course from that menu by choosing Exit Course.\",\"You can review and edit any text you write by touching the three blue bars in the upper left, then choosing Dossiers from the menu. You can also exit any course from that menu by choosing Exit Course.\"],\"score\":0,\"gems\":0}","lite":"1","guid":"6c0a3c14-7b02-4ae2-b745-65b7747a1a9f","growth_activity":"0"},{"id":"844860","courseId":"313","type":"4","summary":"The Treasure House within You","index":"14","json":"{ \"type\":4}","lite":"1","guid":"f61e642d-b5b3-4c8f-b9f4-fb7013024c1a","growth_activity":"0"},{"id":"844861","courseId":"313","type":"2","summary":"The Power of Thought","index":"15","json":"{ \"type\":2}","lite":"1","guid":"e5c0e56c-18d4-4838-b67d-d70d4e216fae","growth_activity":"0"},{"id":"844863","courseId":"313","type":"3","summary":"How Your Mind Works","index":"17","json":"{\"type\":3,\"intro\":{\"title\":\"How Your Mind Works\",\"description\":\"There are two levels of mind, conscious and subconscious. You think with your rational, conscious mind - and whatever you habitually think seeps down into your subconscious mind, which creates according to the nature of your thoughts. \",\"image\":\"\",\"sound\":\"\",\"volume\":50},\"unlockscore\":\"250\",\"quicklink\":false,\"quotation\":\"\"}","lite":"1","guid":"9c5f0582-51ac-4499-897f-fca62a04d535","growth_activity":"0"},{"id":"844864","courseId":"313","type":"13","summary":"Results will Follow","index":"18","json":"{\"type\":13,\"thisthat\":{\"questions\":[{\"text\":\"Once the subconscious mind accepts an idea, it begins to:\",\"correct\":\"Execute it\",\"wrong\":\"Ignore it\",\"value\":true,\"feedback\":[\"Yes, once the subconscious mind accepts an idea, it begins to execute it.\",\"No, once the subconscious mind accepts an idea, it begins to EXECUTE it.\"]},{\"text\":\"Your subconscious ______ engage in proving whether your thoughts are good or bad.\",\"correct\":\"will immediately\",\"wrong\":\"does not\",\"value\":false,\"feedback\":[\"Yes, your subconscious does not engage in proving whether your thoughts are good or bad, but responds according to the nature of your thoughts or suggestions.\",\"No, your subconscious DOES NOT engage in proving whether your thoughts are good or bad, but responds according to the nature of your thoughts or suggestions.\"]},{\"text\":\"If you consciously assume something is true, even though it may be false, your subconscious will _____ it.\",\"correct\":\"accept\",\"wrong\":\"reject\",\"value\":true,\"feedback\":[\"Yes, if you consciously assume something is true, even though it may be false, your subconscious will accept it and proceed to bring about results that must necessarily follow. \",\"No, if you consciously assume something is true, even though it may be false, your subconscious will ACCEPT it and proceed to bring about results that must necessarily follow. \"]}],\"timer\":60,\"noscore\":false},\"feedback\":[\"Your conscious mind is the &#34;watchman at the gate.&#34; Its chief function is to protect your subconscious from false impressions. You now know one of the basic laws of mind: Your subconscious is amenable to suggestion. \",\"Your conscious mind is the &#34;watchman at the gate.&#34; Its chief function is to protect your subconscious from false impressions. You now know one of the basic laws of mind: Your subconscious is amenable to suggestion.\"],\"score\":\"75\",\"gems\":\"1\"}","lite":"1","guid":"46ff8b11-6bbe-4512-a4ec-7e858eca087d","growth_activity":"0"},{"id":"844865","courseId":"313","type":"10","summary":"Negative Suggestions","index":"19","json":"{\"type\":10,\"dragdrop\":{\"timer\":60,\"layout\":0,\"goals\":[{\"isImage\":false,\"text\":\"I Reject This Suggestion\",\"image\":\"\"}],\"items\":[{\"goal\":1,\"isImage\":false,\"text\":\"You can&#39;t..\",\"image\":\"\",\"feedback\":[\"\",\"\"]},{\"goal\":1,\"isImage\":false,\"text\":\"You&#39;ll never amount to anything.\",\"image\":\"\",\"feedback\":[\"\",\"\"]},{\"goal\":1,\"isImage\":false,\"text\":\"You&#39;ll fail.\",\"image\":\"\",\"feedback\":[\"\",\"\"]},{\"goal\":1,\"isImage\":false,\"text\":\"It&#39;s no use.\",\"image\":\"\",\"feedback\":[\"\",\"\"]},{\"goal\":1,\"isImage\":false,\"text\":\"You&#39;re too old now.\",\"image\":\"\",\"feedback\":[\"\",\"\"]},{\"goal\":1,\"isImage\":false,\"text\":\"You haven&#39;t got a chance.\",\"image\":\"\",\"feedback\":[\"\",\"\"]}],\"prompt\":\"From infancy on, many of us have been given negative suggestions. Not knowing how to thwart them, we unconsciously accepted them. Take this moment to reject them:  \",\"sound\":\"\"},\"feedback\":[\"Yes, you can reject negative suggestions!\",\"You can reject negative suggestions!\"],\"score\":\"150\",\"gems\":\"1\"}","lite":"1","guid":"eb0063a4-2779-44c7-ad50-0068d10c9131","growth_activity":"0"},{"id":"844866","courseId":"313","type":"8","summary":"Control and Fear","index":"20","json":"{\"type\":8,\"statement\":{\"prompt\":\"If you look back, you can easily recall how parents, friends, relatives, teachers, and associates contributed to a campaign of negative suggestions. Study the things said to you, and you will discover that:\",\"wrong\":\"Deny destructive|suggestions.\",\"statements\":[\"Much of it|was said to|control you or|instill fear in you. \"],\"ordered\":true,\"timer\":60,\"sound\":\"\"},\"feedback\":[\"Yes, much of it was said to control you and instill fear in you. Check regularly on the negative suggestions that people make to you today. You do not have to be influenced by destructive suggestions. \",\"Much of it was said to control you and instill fear in you. Check regularly on the negative suggestions that people make to you today. You do not have to be influenced by destructive suggestions. \"],\"score\":\"100\",\"gems\":\"1\"}","lite":"1","guid":"2f532220-8f3d-47fd-bd21-ab0ad03ebb32","growth_activity":"0"},{"id":"844867","courseId":"313","type":"9","summary":"Overcome Fear of Failure","index":"21","json":"{\"type\":9,\"wordfill\":{\"text\":\"I can ##3## through ##1## of ##2## mind. \",\"prompt\":\"Never say: &#34;I can&#39;t.&#34; Overcome fear of failure by substituting the following statement: \",\"sound\":\"\",\"words\":[\"the power\",\"my subconscious\",\"do all things\"],\"timer\":60},\"feedback\":[\"Yes, and repeat it once more: I can do all things through the power of my subconscious mind.\",\"Overcome fear of failure by substituting the statement: I can do all things through the power of my subconscious mind. \"],\"score\":\"75\",\"gems\":\"1\"}","lite":"1","guid":"29e747e2-5881-405a-b267-fe254b4e9cdc","growth_activity":"0"},{"id":"844868","courseId":"313","type":"10","summary":"The Capacity to Choose","index":"22","json":"{\"type\":10,\"dragdrop\":{\"timer\":60,\"layout\":0,\"goals\":[{\"isImage\":false,\"text\":\"My Decisions, My Thoughts\",\"image\":\"\"}],\"items\":[{\"goal\":1,\"isImage\":false,\"text\":\"I choose life!\",\"image\":\"\",\"feedback\":[\"\",\"\"]},{\"goal\":1,\"isImage\":false,\"text\":\"I choose love!\",\"image\":\"\",\"feedback\":[\"\",\"\"]},{\"goal\":1,\"isImage\":false,\"text\":\"I choose health!\",\"image\":\"\",\"feedback\":[\"\",\"\"]},{\"goal\":1,\"isImage\":false,\"text\":\"I choose happiness!\",\"image\":\"\",\"feedback\":[\"\",\"\"]}],\"prompt\":\"Never allow others to think for you. Choose your own thoughts, and make your own decisions. Always remember that you have the capacity to choose. So, be positive. Practice now - say each phrase as you drag it.\",\"sound\":\"\"},\"feedback\":[\"Yes! Whatever your conscious mind assumes and believes, your subconscious mind accepts and brings to pass. \",\"Choose life! Choose love! Choose health! Choose happiness! Whatever your conscious mind assumes and believes, your subconscious mind accepts and brings to pass.\"],\"score\":\"100\",\"gems\":\"1\"}","lite":"1","guid":"8f925c6c-b77e-4e6a-9834-ae7e2ec14120","growth_activity":"0"},{"id":"844869","courseId":"313","type":"7","summary":"Your Mind Journey 2","index":"23","json":"{\"type\":7,\"input\":{\"type\":1,\"prompt\":\"Write about what you&#39;ve learned so far. How your mind works. How you have the capacity to choose. How will these ideas help you to change your life for the better?\",\"locked\":false},\"feedback\":[\"Remember: You have the capacity to choose! Choose life, love, happiness and health! Choose what you want in your life!\",\"Remember: You have the capacity to choose! Choose life, love, happiness and health! Choose what you want in your life!\"],\"score\":0,\"gems\":0}","lite":"1","guid":"b7b3989d-3ae3-4d95-8f9b-4b40f2d15a46","growth_activity":"0"},{"id":"844870","courseId":"313","type":"4","summary":"How Your Mind Works","index":"24","json":"{ \"type\":4}","lite":"1","guid":"ea4945c2-b205-4b04-8db9-8ac94640caa0","growth_activity":"0"}]