{"id":"313","authorId":"4","groupId":"0","credits":"300","dollars":"9.99","summary":"Live the larger life you sense within!","description":"Play with Joseph Murphy's life-affirming ideas and discover how to BRING POSITIVE CHANGE INTO YOUR LIFE simply by changing your thoughts. ","date":"2016-03-06 15:11:34","iconURL":"icon313.jpg","imageURL":"image313.jpg","vimeo":"","title":"Power of Your Subconscious Mind: The Blink Training Course","editDate":"2017-03-16 16:04:39","buildAvailable":"1","published":"1","publicationDate":null,"listOrder":"1"}