{"id":"285","authorId":"0","groupId":"0","credits":"2","dollars":"9.99","summary":"A new version of Wallace Wattles timeless classic.","description":"This In-a-Blink course help you to quickly learn and forever retain Wattles message from his classic, The Science of Getting Rich. (Includes the full text of the book.)","date":"2015-11-11 10:28:14","iconURL":"icon268.jpg","imageURL":"image268.jpg","vimeo":"","title":"The Science of Getting Rich In a Blink! - copy 6","editDate":"0000-00-00 00:00:00","buildAvailable":"0","published":"0","publicationDate":null}