[{"id":"3330","courseId":"58","type":"6","summary":"Text Blink","index":"0","json":"{\\\"type\\\":6,\\\"presentation\\\":[{\\\"text\\\":\\\"This is the first block with 25 fade\\\",\\\"in\\\":1,\\\"out\\\":1,\\\"time\\\":1},{\\\"text\\\":\\\"This is the second block of text with 1 fade\\\",\\\"in\\\":1,\\\"out\\\":1,\\\"time\\\":3},{\\\"text\\\":\\\"This is the third block with 2 seconds fade\\\",\\\"in\\\":1,\\\"out\\\":1,\\\"time\\\":4}]}","lite":"1","guid":"3196660a-4657-4724-bec6-ff81b9a8f09e","growth_activity":"0"},{"id":"3331","courseId":"58","type":"10","summary":"This is the Summary text I wrote","index":"1","json":"{\\\"type\\\":10,\\\"dragdrop\\\":{\\\"timer\\\":5,\\\"layout\\\":0,\\\"goals\\\":[{\\\"isImage\\\":true,\\\"text\\\":\\\"GOAL\\\",\\\"image\\\":\\\"3D9C2776-1E39-7F65-BCA1-5F14AA0FA779.png\\\"}],\\\"items\\\":[{\\\"goal\\\":1,\\\"isImage\\\":true,\\\"text\\\":\\\"Item 1\\\",\\\"image\\\":\\\"4F988151-C843-C980-1E55-4B1B72149247.png\\\"},{\\\"goal\\\":1,\\\"isImage\\\":true,\\\"text\\\":\\\"Item 2\\\",\\\"image\\\":\\\"168760F1-8AA9-2C9E-E568-A7F8A693EAD2.png\\\"}]},\\\"feedback\\\":[\\\"This is the pass text.\\\",\\\"This is the fail text.\\\"],\\\"score\\\":\\\"10\\\",\\\"gems\\\":0}","lite":"1","guid":"ee433edc-cece-461e-82a8-e24bb9bb17c6","growth_activity":"0"},{"id":"3332","courseId":"58","type":"7","summary":"This is the summary","index":"2","json":"{\\\"type\\\":7,\\\"input\\\":{\\\"type\\\":1,\\\"prompt\\\":\\\"This is the new text\\\",\\\"locked\\\":false}}","lite":"1","guid":"ac07774c-f8e2-486a-a982-763c192b73de","growth_activity":"0"},{"id":"3333","courseId":"58","type":"9","summary":"Word Fill Yeah","index":"3","json":"{\\\"type\\\":9,\\\"wordfill\\\":{\\\"words\\\":[\\\"country\\\",\\\"father\\\",\\\"tell\\\",\\\"give\\\"],\\\"text\\\":\\\"Ask not what your ##1## can ##4## to you.\\\"},\\\"feedback\\\":[\\\"\\\",\\\"\\\"],\\\"score\\\":0,\\\"gems\\\":0}","lite":"1","guid":"bd9e4281-05ca-4f9d-a974-286e536a7d8b","growth_activity":"0"},{"id":"3334","courseId":"58","type":"14","summary":"Fourth question attempt","index":"4","json":"{\\\"type\\\":14,\\\"question\\\":{\\\"timer\\\":60,\\\"multiplechoice\\\":true,\\\"answers\\\":[{\\\"correct\\\":false,\\\"text\\\":\\\"10\\\"},{\\\"correct\\\":true,\\\"text\\\":\\\"17\\\"}],\\\"text\\\":\\\"How many people fit in a phone booth?\\\"},\\\"feedback\\\":[\\\"\\\",\\\"\\\"],\\\"score\\\":0,\\\"gems\\\":0}","lite":"1","guid":"383c85d0-eedd-472a-baad-9236a4b2d63a","growth_activity":"0"},{"id":"3335","courseId":"58","type":"10","summary":"Where goals located","index":"5","json":"{\\\"type\\\":10,\\\"dragdrop\\\":{\\\"timer\\\":60,\\\"layout\\\":0,\\\"goals\\\":[{\\\"isImage\\\":false,\\\"text\\\":\\\"Goal 1\\\",\\\"image\\\":\\\"\\\"},{\\\"isImage\\\":false,\\\"text\\\":\\\"\\\",\\\"image\\\":\\\"\\\"},{\\\"isImage\\\":false,\\\"text\\\":\\\"\\\",\\\"image\\\":\\\"\\\"}],\\\"items\\\":[]}}","lite":"0","guid":"f29360a3-169b-4386-96d8-93a09beb6d32","growth_activity":"0"},{"id":"3336","courseId":"58","type":"13","summary":"This or That attempt","index":"6","json":"{\\\"type\\\":13}","lite":"0","guid":"e17b097a-e3f7-45f3-8f67-23f110de6e89","growth_activity":"0"},{"id":"3337","courseId":"58","type":"14","summary":"dfd","index":"7","json":"{\\\"type\\\":14,\\\"question\\\":{\\\"timer\\\":60,\\\"multiplechoice\\\":true,\\\"answers\\\":[]},\\\"feedback\\\":[\\\"\\\",\\\"\\\"],\\\"score\\\":0,\\\"gems\\\":0}","lite":"0","guid":"3e0a9802-698d-4acd-b98f-0159c1b6f719","growth_activity":"0"},{"id":"3338","courseId":"58","type":"7","summary":"Score?","index":"8","json":"{ \\\"type\\\":7}","lite":"0","guid":"ac398ee9-7e9a-4c6d-ba68-45102000f5c0","growth_activity":"0"}]