[{"id":"47463","courseId":"166","type":"3","summary":"Final Review","index":"66","json":"{ \\\"type\\\":3}","lite":"0","guid":"53a402ba-0f0e-4ad7-a59f-2db07045dd7f","growth_activity":"1"},{"id":"47464","courseId":"166","type":"14","summary":"Review 1","index":"67","json":"{\\\"type\\\":14,\\\"question\\\":{\\\"timer\\\":10,\\\"multiplechoice\\\":true,\\\"answers\\\":[{\\\"correct\\\":false,\\\"text\\\":\\\"Familiarity\\\",\\\"feedback\\\":\\\"\\\"},{\\\"correct\\\":true,\\\"text\\\":\\\"Trust\\\",\\\"feedback\\\":\\\"\\\"},{\\\"correct\\\":false,\\\"text\\\":\\\"Information\\\",\\\"feedback\\\":\\\"\\\"}],\\\"sound\\\":\\\"\\\",\\\"text\\\":\\\"What is the cornerstone of confidence?\\\"},\\\"feedback\\\":[\\\"\\\",\\\"\\\"],\\\"score\\\":\\\"10\\\",\\\"gems\\\":0}","lite":"0","guid":"99489f2f-4dbc-470e-a3df-25b611e976dc","growth_activity":"1"},{"id":"47465","courseId":"166","type":"14","summary":"Review 2","index":"68","json":"{ \\\"type\\\":14}","lite":"0","guid":"6d635c03-9a42-4238-be46-1b15b593225f","growth_activity":"1"},{"id":"47466","courseId":"166","type":"14","summary":"Review 3","index":"69","json":"{ \\\"type\\\":14}","lite":"0","guid":"8a8f7c5d-4bb1-4fdf-b5e8-4276174dc701","growth_activity":"1"},{"id":"47467","courseId":"166","type":"4","summary":"Final Review","index":"70","json":"{ \\\"type\\\":4}","lite":"0","guid":"a64a92ad-9b09-4929-b76a-0fa340779266","growth_activity":"1"}]