{"id":"301","authorId":"0","groupId":"0","credits":"0","dollars":"9.99","summary":"a safer, stronger America safeguards freedom at home and across the globe.","description":"Learn how Ted Cruz has fought tirelessly to defend our nation\u2019s servicemen and women, restore America\u2019s leadership in the world, and secure our border and streamline our legal immigration system.","date":"2016-01-22 07:32:52","iconURL":"icon271.jpg","imageURL":"image271.jpg","vimeo":"","title":"Ted Cruz COMMUNITY STATS TEST","editDate":"2016-01-22 07:33:31","buildAvailable":"1","published":"0","publicationDate":null}