{"id":"334","authorId":"0","groupId":"0","credits":"0","dollars":"9.99","summary":"Let Hill's 15 Laws help you to succeed in life!","description":"Play with Napoleon Hill's 15 powerful laws of success and WELCOME GREATNESS AND POWER INTO YOUR LIFE.","date":"2016-05-19 07:28:04","iconURL":"icon306.jpg","imageURL":"image306.jpg","vimeo":"","title":"The Law of Success by Napoleon Hill - FOR DEMOS","editDate":"2016-05-19 07:28:31","buildAvailable":"0","published":"0","publicationDate":null,"listOrder":"100"}