[{"id":"842770","courseId":"268","type":"3","summary":"The Science of Getting Rich PDF","index":"0","json":"{\"type\":3,\"intro\":{\"title\":\"The Science of Getting Rich PDF\",\"description\":\"In this Activity, you can read the original version of Wallace Wattles&#39; The Science of Getting Rich, published in 1910.\",\"image\":\"C9D28C72-E763-E0BC-F55D-0D3B8B4D6D36.png\",\"sound\":\"\",\"volume\":50},\"unlockscore\":0,\"quicklink\":false,\"quotation\":\"\"}","lite":"0","guid":"a6052bc2-e507-4101-9ff0-c0a11d72c912","growth_activity":"1"},{"id":"842771","courseId":"268","type":"5","summary":"The Science of Getting Rich PDF","index":"1","json":"{\"type\":5,\"ebook\":\"BE6FAABF-5DB3-40B1-3D65-4A30CA5302AB.pdf\"}","lite":"0","guid":"fe252152-a7f4-4ceb-94f3-3690bf5e6321","growth_activity":"1"},{"id":"842772","courseId":"268","type":"4","summary":"Science of Getting Rich PDF","index":"2","json":"{ \"type\":4}","lite":"0","guid":"eaad273f-85d5-4b6b-9ed5-9751e49ca425","growth_activity":"1"},{"id":"842773","courseId":"268","type":"3","summary":"Credits, Copyright and Contact Info","index":"3","json":"{\"type\":3,\"intro\":{\"title\":\"Credits, Copyright and Contact Info\",\"description\":\"Here is a list of the great people who have helped to make Blink Training and this course and reality. We have one wish: that you use Blink Training to make a positive change in your life and in the world.\",\"image\":\"\",\"sound\":\"\",\"volume\":50},\"unlockscore\":0,\"quicklink\":false,\"quotation\":\"\"}","lite":"0","guid":"2b8af72f-6d77-4379-9e79-5846157f074a","growth_activity":"1"},{"id":"842774","courseId":"268","type":"5","summary":"Credits, Copyright and Contact Info","index":"4","json":"{\"type\":5,\"ebook\":\"16371C08-39EC-64B8-2D63-B6BF41A2B991.pdf\"}","lite":"0","guid":"9e771dbc-3f86-451e-9d6d-7722b90f64dc","growth_activity":"1"},{"id":"842775","courseId":"268","type":"4","summary":"Credits, Copyright and Contact Info","index":"5","json":"{ \"type\":4}","lite":"0","guid":"eae8c625-ecf0-478d-91d2-d3c287b76245","growth_activity":"1"}]