{"id":"176","credits":"2","dollars":"9.99","summary":"Learn to communicate with confidence in your business and personal life.","description":"Learn to use the essential elements of trust, credibility, and confident behavior to communicate effectively and confidently.","date":"2014-09-14 07:40:54","iconURL":"icon173.jpg","imageURL":"image159.jpg","vimeo":"","title":"Confident Communicator Demo Course - copy 1","editDate":"2014-10-02 17:09:07","buildAvailable":"1","published":"0","publicationDate":null}