[{"id":"843994","courseId":"303","type":"1","summary":"The Power of What You Say","index":"0","json":"{\"type\":1,\"intro\":{\"title\":\"The Power of What You Say\",\"description\":\"Nearly everything worth accomplishing in life comes down to communication. Your ability to sway others, win support, gain resources, succeed in your work, and correct injustice rests on your power of persuasion. This Blink course based on Dale Carnegie&#39;s &#34;Public Speaking to Win!&#34; will help you to excel at this vital skill.&#10;&#10;&#10;&#10;&#10;&#10;&#10;&#10;Even in our social-media age, the spoken word remains paramount.\",\"image\":\"C7EDD17B-9E00-7B9D-31F7-EC92999AA8B2.png\"},\"dossier\":false}","lite":"1","guid":"1d351aff-cd29-4f94-8144-0d0ae8f4fa32","growth_activity":"0"},{"id":"843995","courseId":"303","type":"3","summary":"Speaking Ability is Vital","index":"1","json":"{\"type\":3,\"intro\":{\"title\":\"Speaking Ability is Vital\",\"description\":\"Candidates are elected because of what they say and how they say it. Court trials hang on spoken testimony. Job interviews are face-to-face encounters. The same holds true for pitches to clients, donors, investors, customers, and financial backers. &#10;&#10;&#10;&#10;&#10;&#10;&#10;&#10;If you are seeking a career as a teacher, military officer, actor, broadcaster, or leader in any almost any field, your speaking ability is vital to your success.\",\"image\":\"34CA6161-0FCC-F447-9583-F5061C78745E.png\",\"sound\":\"\",\"volume\":50},\"unlockscore\":\"100\",\"quicklink\":false,\"quotation\":\"\",\"unlockActivity\":\"039d3325-c04b-4a00-874c-dc67dc35ec1a\"}","lite":"1","guid":"7cb8e7db-23f8-4fa9-a69e-e29fd5615850","growth_activity":"0"},{"id":"843996","courseId":"303","type":"9","summary":"Communicate Effectively","index":"2","json":"{\"type\":9,\"wordfill\":{\"text\":\"It ##3## how to ##4## effectively in virtually every ##1##, on any ##2##, and on behalf of any ##5##.\",\"prompt\":\"[First read &#34;WHAT TO DO&#34; in the yellow box below.]&#10;&#10;This course will help you whether you are speaking at a local club, a national sales conference, or in front of a class. But, as you will discover, this course&#39;s greater value is that:\",\"sound\":\"\",\"words\":[\"sphere of life\",\"occasion\",\"teaches\",\"communicate\",\"aim or purpose\"],\"timer\":60},\"feedback\":[\"Yes, and so, whatever you do in life, this course will help you to achieve greater success.\",\"It teaches how to communicate effectively in virtually every sphere of life, on any occasion, and on behalf of any aim or purpose.  And so, whatever you do in life, this course will help you to achieve greater success.\"],\"score\":\"125\",\"gems\":\"1\"}","lite":"1","guid":"95611692-2402-4fce-a542-5bdb4f6db87b","growth_activity":"0"},{"id":"843997","courseId":"303","type":"10","summary":"Salesman, Writer, Etc.","index":"3","json":"{\"type\":10,\"dragdrop\":{\"timer\":60,\"layout\":0,\"goals\":[{\"isImage\":false,\"text\":\"Effective Communication\",\"image\":\"\"}],\"items\":[{\"goal\":1,\"isImage\":false,\"text\":\"Salesman\",\"image\":\"\",\"feedback\":[\"If you are a salesman, this course will help you to sell more.\",\"\"]},{\"goal\":1,\"isImage\":false,\"text\":\"Writer or Editor \",\"image\":\"\",\"feedback\":[\"If you are a writer or editor, this course will help you to better connect with your readers.\",\"\"]},{\"goal\":1,\"isImage\":false,\"text\":\"Activist\",\"image\":\"\",\"feedback\":[\"If you are an activist, this course will help you to find new ways to rally people to your cause.\",\"\"]}],\"prompt\":\"You&#39;re telling me whatever I do, I can be more successful? &#10;&#10;Yes, drag each profession to the box below and learn more!\",\"sound\":\"\"},\"feedback\":[\"Whatever you do, you&#39;ll discover that you can do it more effectively by improving your communication skills. &#10;&#10;Now let&#39;s take a moment to learn about Blink Training.\",\"Whatever you do, you&#39;ll discover that you can do it more effectively by improving your communication skills. &#10;&#10;Now let&#39;s take a moment to learn about Blink Training.\"],\"score\":\"75\",\"gems\":\"1\"}","lite":"1","guid":"223a0bca-ad0c-4075-acd1-e81f767ac92e","growth_activity":"0"},{"id":"843998","courseId":"303","type":"10","summary":"About Blink Training","index":"4","json":"{\"type\":10,\"dragdrop\":{\"timer\":60,\"layout\":0,\"goals\":[{\"isImage\":false,\"text\":\"Blink Training Courses\",\"image\":\"\"}],\"items\":[{\"goal\":1,\"isImage\":false,\"text\":\"Blinks and Bursts\",\"image\":\"\",\"feedback\":[\"Blinks are the quick activities that we use to teach the content - like this Drag and Drop. And a Burst is a sequence of those Blinks. You&#39;re now at the final Blink in this Burst - and the dark blue circle on top shows this. \",\"Blinks are the quick activities that we use to teach the content - like this Drag and Drop. And a Burst is a sequence of those Blinks. You&#39;re now at the final Blink in this Burst - and the dark blue circle on top shows this. \"]},{\"goal\":1,\"isImage\":false,\"text\":\"Points and Gems\",\"image\":\"\",\"feedback\":[\"You earn Points as you play, and you need a certain number of Points to unlock each next Burst. You earn Gems, too, and they reflect how well you understand the content. Touch the Blink Eye in the lower left to see how many Points and Gems you&#39;ve earned so far. \",\"You earn Points as you play, and you need a certain number of Points to unlock each next Burst. You earn Gems, too, and they reflect how well you understand the content. Touch the Blink Eye in the lower left to see how many Points and Gems you&#39;ve earned so far. \"]},{\"goal\":1,\"isImage\":false,\"text\":\"Exiting a Course\",\"image\":\"\",\"feedback\":[\"When you want to exit a course, touch the blue lines in the upper left and select Exit Course.\",\"When you want to exit a course, touch the blue lines in the upper left and select Exit Course.\"]},{\"goal\":1,\"isImage\":false,\"text\":\"Your Progress Screen\",\"image\":\"\",\"feedback\":[\"When you touch Next, you&#39;ll see your Progress Screen. This shows you how you&#39;re doing in the course. If you&#39;ve unlocked the next Burst, you&#39;ll be able to play it. Otherwise, replay this Burst and try for a higher score. As you complete the course, you&#39;ll move up the mountain of mastery. \",\"When you touch Next, you&#39;ll see your Progress Screen. This shows you how you&#39;re doing in the course. If you&#39;ve unlocked the next Burst, you&#39;ll be able to play it. Otherwise, replay this Burst and try for a higher score. As you complete the course, you&#39;ll move up the mountain of mastery. \"]}],\"prompt\":\"About Blink Training&#10;If you learn a little about Blink Training, it will help you to get more out of this course. Drag each box to &#34;Blink Training Courses&#34; on the bottom.\",\"sound\":\"\"},\"feedback\":[\"Blink Training: a simple, yet powerful way to improve your life.\",\"Blink Training: a simple, yet powerful way to improve your life.\"],\"score\":\"20\",\"gems\":\"1\"}","lite":"1","guid":"c80e517e-6097-4744-b107-4db33cc73c12","growth_activity":"0"},{"id":"843999","courseId":"303","type":"4","summary":"Overview","index":"5","json":"{ \"type\":4}","lite":"1","guid":"5587c1a1-2024-4e55-86cb-a3379c80a494","growth_activity":"0"},{"id":"844000","courseId":"303","type":"3","summary":"The Secret of Carnegie's Formula","index":"6","json":"{\"type\":3,\"intro\":{\"title\":\"The Secret of Carnegie&#39;s Formula\",\"description\":\"The Carnegie formula taught in this course will help you to capture people&#39;s attention and win their confidence. &#10;&#10;&#10;&#10;&#10;&#10;&#10;&#10;&#10;What is the secret of Carnegie&#39;s formula? It comes down to three principles.\",\"image\":\"25F1E8FD-785F-217E-FC4B-3C6FE02E0577.png\",\"sound\":\"\",\"volume\":50},\"unlockscore\":\"200\",\"quicklink\":false,\"quotation\":\"\",\"unlockActivity\":\"none\"}","lite":"1","guid":"1e0f28b0-2731-4e97-b44c-090230487d04","growth_activity":"0"},{"id":"844001","courseId":"303","type":"8","summary":"Carnegie\u2019s Secret Formula 1","index":"7","json":"{\"type\":8,\"statement\":{\"prompt\":\"Let&#39;s learn about those three principles.&#10;&#10;Find and click on the first principle. (Hint, it starts with &#34;Have an airtight...&#34;)&#10;\",\"wrong\":\"Carnegie&#39;s Formula!\",\"statements\":[\"Have an airtight|knowledge of|your subject and|know more than|you need to know.\"],\"ordered\":true,\"timer\":60,\"sound\":\"\"},\"feedback\":[\"Yes, the first principle of Carnegie&#39;s formula is to have an airtight knowledge of your subject and know more than you need to know. (By the way, the blue and gray circles on top show how many Blinks are in this Burst. You&#39;re doing the first Blink now.)\",\"The first principle of Carnegie&#39;s formula is: Have an airtight knowledge of your subject and know more than you need to know. (By the way, the blue and gray circles on top show how many Blinks are in this Burst. You&#39;re doing the first Blink now.)\"],\"score\":\"125\",\"gems\":\"1\"}","lite":"1","guid":"d0ebd808-d5d1-4e14-9433-9be5d3bd9997","growth_activity":"0"},{"id":"844002","courseId":"303","type":"8","summary":"Carnegie\u2019s Secret Formula 2","index":"8","json":"{\"type\":8,\"statement\":{\"prompt\":\"Have an airtight knowledge of your subject is the first principle.&#10;&#10;Find and click on the second principle.\",\"wrong\":\"Carnegie&#39;s Formula!\",\"statements\":[\"When speaking,|use plain language,|personal examples,|and tell stories|of people.\"],\"ordered\":true,\"timer\":60,\"sound\":\"\"},\"feedback\":[\"Yes, the second principle of Carnegie&#39;s formula is to use plain language, personal examples, and tell stories of people.\",\"The second principle of Carnegie&#39;s formula is: When speaking, use plain language, personal examples, and tell stories of people.\"],\"score\":\"125\",\"gems\":\"1\"}","lite":"1","guid":"69d373e4-605d-4927-8046-c6cb66b776f3","growth_activity":"0"},{"id":"844003","courseId":"303","type":"8","summary":"Carnegie\u2019s Secret Formula 3","index":"9","json":"{\"type\":8,\"statement\":{\"prompt\":\"Have an airtight knowledge and use plain language, examples and stories.&#10;&#10;Now, find and click on the third principle.&#10;\",\"wrong\":\"Carnegie&#39;s Formula\",\"statements\":[\"Appeal|to your|listeners&#39;|sense of|self-interest.\"],\"ordered\":true,\"timer\":60,\"sound\":\"\"},\"feedback\":[\"Yes, appeal to your listeners&#39; sense of self-interest. We all crave safety, success, health, and prosperity. We also have a yearning for justice and fairness. Speak on these points, and you will likely bring people to your side.\",\"The third principle is: Appeal to your listeners&#39; sense of self-interest. We all crave safety, success, health, and prosperity, and have a yearning for justice and fairness. Speak on these points. You&#39;ll likely bring people to your side.\"],\"score\":\"125\",\"gems\":\"1\"}","lite":"1","guid":"8fb1c853-995a-4016-8d47-3c92714f506a","growth_activity":"0"},{"id":"844004","courseId":"303","type":"6","summary":"Implementing these Guidelines","index":"10","json":"{\"type\":6,\"image\":\"\",\"presentation\":[{\"text\":\"Implementing These Guidelines\",\"in\":1,\"time\":1,\"sound\":\"\",\"size\":2,\"color\":\"#256ED7\"},{\"text\":\"Unless you are one of a very few naturally gifted speakers, implementing these simple guidelines requires persistence, inspiration, and strategy. \",\"in\":1,\"time\":2,\"sound\":\"\"},{\"text\":\"You will find all of that - and more - in this course.\",\"in\":1,\"time\":2,\"sound\":\"\"},{\"text\":\"Once you learn these important skills, you&#39;ll have a new power that you can choose to use towards any ends.\",\"in\":1,\"time\":2,\"sound\":\"\"},{\"text\":\"How you use this new power is up to you.\",\"in\":1,\"time\":2,\"sound\":\"\"}]}","lite":"1","guid":"f6279472-6923-4a26-96bc-277fc9a5c65e","growth_activity":"0"},{"id":"844005","courseId":"303","type":"11","summary":"Use it for Good","index":"11","json":"{\"type\":11,\"simon\":{\"prompt\":\"Now, relax, listen and then repeat:\",\"sounds\":[\"B27D31CA-0772-0DD7-48A3-DC09B7F905B2.mp3\",\"C3161E1E-B573-726C-C9D2-FED3B6DAEC4A.mp3\",\"E02B90B8-93F3-88D6-BBF1-89EF8B1B0DBA.mp3\",\"25989363-5BAC-7273-1522-CC6BD7EFF5CC.mp3\",\"4D0E8831-41C1-A99D-DE0B-A587B1285068.mp3\",\"261D83E5-2EEC-ABB9-6257-B9A09AE17382.mp3\"],\"phrase\":\"Communication|Power|For Good Ends\",\"wrong\":\"Persistence|Inspiration|Strategy\",\"time\":0,\"score\":0,\"gems\":0,\"sound\":\"\"},\"feedback\":[\"Yes, effective communication will bring you increased power. Use it for good ends.\",\"Effective communication will bring you increased power. Use it for good ends.\"],\"score\":\"75\",\"gems\":\"1\"}","lite":"1","guid":"456a20d9-e53b-4527-92b2-ab290cecf773","growth_activity":"0"},{"id":"844006","courseId":"303","type":"4","summary":"Carnegie's Secret Formula","index":"12","json":"{ \"type\":4}","lite":"1","guid":"c0635fcc-5570-4703-b9eb-9fb87c870633","growth_activity":"0"},{"id":"844007","courseId":"303","type":"2","summary":"The Power of What You Say","index":"13","json":"{ \"type\":2}","lite":"1","guid":"a7d9aa45-d82a-4e03-9920-f3e28e8ad238","growth_activity":"0"},{"id":"844009","courseId":"303","type":"3","summary":"Desire: The First Essential","index":"15","json":"{\"type\":3,\"intro\":{\"title\":\"Desire: The First Essential\",\"description\":\"Thousands of businessmen took Carnegie&#39;s public-speaking courses. Most told him the same thing: &#34;When called upon to stand up and speak, I become so self-conscious, so frightened, that I can&#39;t think clearly, can&#39;t concentrate, and can&#39;t remember what I wanted to say.&#10;&#10;&#10;&#10;&#10;&#10;&#10;&#10;&#10;I want to gain self-confidence, poise, and the ability to think on my feet.&#34;\",\"image\":\"39C9A7E2-D34A-D6A7-4080-DA2FEFBBE404.png\",\"sound\":\"\",\"volume\":50},\"unlockscore\":\"50\",\"quicklink\":false,\"quotation\":\"\"}","lite":"1","guid":"bc8a390a-636c-414c-9712-386a7bb52e6d","growth_activity":"0"},{"id":"844010","courseId":"303","type":"14","summary":"Speak Better in Front of a Group","index":"16","json":"{\"type\":14,\"question\":{\"timer\":30,\"multiplechoice\":true,\"answers\":[{\"correct\":false,\"text\":\"You&#39;ll think and speak better in front of a group. \",\"feedback\":\"No, all of these ought to come true if you practice and persevere. You will think and speak better. The audience will lift, stir, simulate and inspire you so that your brain functions more clearly, more keenly, and thoughts, facts, and ideas you didn&#39;t know you possessed will come to you. \"},{\"correct\":false,\"text\":\"The audience will lift and stir you. \",\"feedback\":\"No, all of these ought to come true if you practice and persevere. You will think and speak better. The audience will lift, stir, simulate and inspire you so that your brain functions more clearly, more keenly, and thoughts, facts, and ideas you didn&#39;t know you possessed will come to you. \"},{\"correct\":false,\"text\":\"The audience will stimulate and inspire you. \",\"feedback\":\"No, all of these ought to come true if you practice and persevere. You will think and speak better. The audience will lift, stir, simulate and inspire you so that your brain functions more clearly, more keenly, and thoughts, facts, and ideas you didn&#39;t know you possessed will come to you. \"},{\"correct\":true,\"text\":\"All of the above.\",\"feedback\":\"Yes, if you practice and persevere, you will think and speak better in front of a group. The audience will lift, stir, simulate and inspire you so that your brain functions more clearly, more keenly, and thoughts, facts, and ideas you didn&#39;t know you possessed will come to you. \"}],\"sound\":\"\",\"text\":\"Gaining self confidence to speak well is not a gift bestowed by Providence. It is like the ability to play golf. Anyone can develop his own latent capacity, if he has sufficient desire to do so. Rather than being frightened to speak publicly, which of these do you think Carnegie says will be true if you practice and persevere?\"},\"feedback\":[\"\",\"\"],\"score\":\"25\",\"gems\":\"1\"}","lite":"1","guid":"cc781a9d-552c-44e5-90a2-73e1981aef28","growth_activity":"0"},{"id":"844011","courseId":"303","type":"12","summary":"Persistent Desire","index":"17","json":"{\"type\":12,\"orderitems\":{\"slots\":[\"Start with a\",\"persistent\",\"desire.\"],\"items\":[{\"text\":\"Start with a\",\"slot\":1},{\"text\":\"persistent\",\"slot\":2},{\"text\":\"desire.\",\"slot\":3}],\"ordered\":true,\"timer\":60,\"sound\":\"\",\"prompt\":\"To get the most from this course, and to get it quickly, four things are essential. The first of these is:&#10;&#10;(Drag the words below to the same words above then touch Done.)\"},\"feedback\":[\"Yes, this is of far greater importance than you may realize. Carnegie said that if he could look into your heart and mind right now, and ascertain the depth of your desires, he could foretell with near-certainty the swiftness of your progress. \",\"Start with a persistent desire. This is of far greater importance than you may realize.  Carnegie said that if he could look into your heart and mind right now, and ascertain the depth of your desires, he could foretell  the swiftness of your progress. \"],\"score\":\"75\",\"gems\":\"1\"}","lite":"1","guid":"96ebdd73-9d62-474b-a639-4447c42a6b89","growth_activity":"0"},{"id":"844012","courseId":"303","type":"6","summary":"The Depth of Your Desire","index":"18","json":"{\"type\":6,\"image\":\"\",\"presentation\":[{\"text\":\"The Depth of Your Desire\",\"in\":1,\"time\":1,\"sound\":\"\",\"size\":2,\"color\":\"#256ED7\"},{\"text\":\"If your desire is pale and flabby, your achievements will be the same. But if you go after this subject with persistence, nothing will defeat you. \",\"in\":1,\"time\":2,\"sound\":\"\"},{\"text\":\"Therefore, arouse your enthusiasm for this study. \",\"in\":1,\"time\":2,\"sound\":\"\"},{\"text\":\"Think of what additional self-confidence and speaking ability will mean to you. Think of what it may mean in profits. Think of what it may mean socially - of the friends it will bring, of the increase of your personal influence, of the leadership it will give you.\",\"in\":1,\"time\":2,\"sound\":\"\"}]}","lite":"1","guid":"e64c5a6b-de1b-4a38-b7e7-ec73ab26572e","growth_activity":"0"},{"id":"844013","courseId":"303","type":"7","summary":"Your Desire","index":"19","json":"{\"type\":7,\"input\":{\"type\":7,\"prompt\":\"How strong do you feel your desire is to be a better public speaker? Move the slider and then write about why or why not being a better public speaker is important to you.\",\"locked\":false,\"text\":\"\",\"isNumber\":false,\"useImages\":false,\"left\":\"Less strong\",\"right\":\"More strong\",\"ideal\":50},\"feedback\":[\"You can review and edit any text you write by touching the three blue bars in the upper left, then choosing Dossiers from the menu. You can also exit any course from that menu by choosing Exit Course.\",\"You can review and edit any text you write by touching the three blue bars in the upper left, then choosing Dossiers from the menu. You can also exit any course from that menu by choosing Exit Course.\"],\"score\":0,\"gems\":0}","lite":"1","guid":"a2d675de-c102-4243-bf9d-86091de7905b","growth_activity":"0"},{"id":"844014","courseId":"303","type":"4","summary":"Developing Courage and Self-Confidence","index":"20","json":"{ \"type\":4}","lite":"1","guid":"772041bf-cf4a-48af-846b-74a955c33d1a","growth_activity":"0"}]