{"id":"296","authorId":"0","groupId":"0","credits":"2","dollars":"9.99","summary":"A new version of George S. Clason's classic","description":"...In a Blink courses cut through the clutter and present the essence of the material. In this easy-to-follow version of The Richest Man in Babylon, you will quickly learn the timeless fundamentals of financial success. (Includes the full text of the book.)","date":"2016-01-08 15:24:01","iconURL":"icon295.jpg","imageURL":"image295.jpg","vimeo":"","title":"The Richest Man in Babylon...in a Blink! - Backup to Unit 3","editDate":"2016-01-08 15:24:20","buildAvailable":"0","published":"0","publicationDate":null}