[{"id":"474771","courseId":"268","type":"6","summary":"Contact Info","index":"11","json":"{\"type\":6,\"image\":\"\",\"presentation\":[{\"text\":\"Contact Info\",\"in\":1,\"time\":0,\"sound\":\"\",\"color\":\"#256ED7\",\"font\":1,\"size\":0},{\"text\":\"If you have suggestions, observations, or want to get in touch for any other reason, please send email to jeff.siegel@jeffmedia.com.\",\"in\":1,\"time\":0,\"sound\":\"\"}]}","lite":"1","guid":"f6e33bdd-b54b-4207-900d-b2fb7c5d355d","growth_activity":"0"},{"id":"474772","courseId":"268","type":"4","summary":"Credits, Copyright, Contact Info","index":"12","json":"{ \"type\":4}","lite":"1","guid":"46bafdc5-6a8d-4c22-8042-7cba5b5279e0","growth_activity":"0"},{"id":"474773","courseId":"268","type":"2","summary":"Unit 1","index":"13","json":"{ \"type\":2}","lite":"1","guid":"1ca633f3-cb22-48db-8cda-1718d207640d","growth_activity":"0"},{"id":"474774","courseId":"268","type":"1","summary":"The Right to be Rich","index":"14","json":"{\"type\":1,\"intro\":{\"title\":\"The Right to Be Rich\",\"description\":\"Wattles believed that you could render to God and humanity no greater service than to make the most of yourself. To do this you need to use things, and things cost money. Therefore, he said, there is no nobler study than the science of getting rich. &#10;&#10;&#10;&#10;&#10;&#10;&#10;&#10;&#10;It is, in fact, your right to be rich.\",\"image\":\"829FF71C-E2D3-DC11-9685-50493EB15954.png\"},\"dossier\":false}","lite":"1","guid":"cdcce64e-c3f8-4b90-8a61-f74afb0a1e12","growth_activity":"0"},{"id":"474775","courseId":"268","type":"3","summary":"You Need Money for a Complete Life","index":"15","json":"{\"type\":3,\"intro\":{\"title\":\"You Need Money for a Complete Life\",\"description\":\"It isn&#39;t possible to live a successful life unless you are rich. To be successful is to rise to your greatest possible height in body, mind and soul development. To do this, you must use many things, and you can&#39;t have things unless you have the money to buy them. &#10;&#10;&#10;&#10;&#10;&#10;&#10;&#10;To be rich is to have all you want for all the life you are capable of living.\",\"image\":\"E6B84E0D-4CF6-8531-B883-CE8E1B06C1CE.png\",\"sound\":\"\",\"volume\":50},\"unlockscore\":\"175\",\"quicklink\":false,\"quotation\":\"\",\"unlockActivity\":\"none\"}","lite":"1","guid":"b6b4d633-6de7-40cd-aa70-cc057a89e5fa","growth_activity":"0"},{"id":"474776","courseId":"268","type":"9","summary":"The Science of Getting Rich","index":"16","json":"{\"type\":9,\"wordfill\":{\"text\":\"Therefore, the ##2## point of your life advancement must be the ##1## of ##3##.\",\"prompt\":\"You must use things to develop your mind, body, and soul. And society is organized such that you must have money in order to become the possessor of these things.\",\"sound\":\"\",\"words\":[\"science\",\"starting\",\"getting rich\"],\"timer\":60},\"feedback\":[\"You must use things to develop and so the science of getting rich must be the starting point for self advancement. \",\"You must use things to develop and so the science of getting rich must be the starting point for self advancement. \"],\"score\":\"75\",\"gems\":\"1\"}","lite":"1","guid":"ab74274a-2755-4a63-b136-74233551dd25","growth_activity":"0"},{"id":"474777","courseId":"268","type":"13","summary":"The Right to be Rich","index":"17","json":"{\"type\":13,\"thisthat\":{\"questions\":[{\"text\":\"The Right to be Rich&#10;&#10;The object of all life is:\",\"correct\":\"Development\",\"wrong\":\"Decay\",\"value\":true,\"feedback\":[\"\",\"\"]},{\"text\":\"The Right to be Rich&#10;&#10;Everything that lives has the inalienable right to develop as much as:\",\"correct\":\"Others will allow it\",\"wrong\":\"It is capable of developing\",\"value\":false,\"feedback\":[\"\",\"\"]},{\"text\":\"The Right to be Rich&#10;&#10;You have the right to use everything that may be necessary for your fullest mental, spiritual and physical unfoldment. In other words, you have the:\",\"correct\":\"Right to be rich\",\"wrong\":\"Moral obligation to suffer\",\"value\":true,\"feedback\":[\"\",\"\"]}],\"timer\":45,\"noscore\":false},\"feedback\":[\"\",\"\"],\"score\":\"75\",\"gems\":\"1\"}","lite":"1","guid":"546b5ac2-2578-44e3-b7ca-5399604dbf49","growth_activity":"0"},{"id":"474778","courseId":"268","type":"12","summary":"To Truly Be Rich","index":"18","json":"{\"type\":12,\"orderitems\":{\"slots\":[\"Beginning of statement\",\"\",\"\",\"\",\"\",\"\"],\"items\":[{\"text\":\"To truly be rich, you\",\"slot\":1},{\"text\":\"should not be satisfied\",\"slot\":2},{\"text\":\"until you have all you are\",\"slot\":3},{\"text\":\"capable of using and \",\"slot\":4},{\"text\":\"enjoying. To be content\",\"slot\":5},{\"text\":\"with less is sinful.\",\"slot\":6}],\"ordered\":true,\"timer\":60,\"sound\":\"\",\"prompt\":\"The purpose of Nature is the advancement and development of life and so you should have all that can contribute to the power, elegance, beauty, and richness of your life.\"},\"feedback\":[\"And life has advanced so far and become so complex that even the most ordinary man or woman requires a great amount of wealth in order to live in a manner that even approaches completeness. Everyone needs a good deal of money.\",\"To truly be rich, you should not be satisfied until you have all you are capable of using and enjoying. To be content with less is sinful. \"],\"score\":\"150\",\"gems\":\"1\"}","lite":"1","guid":"128321f5-964e-4ada-bde5-a998e773a444","growth_activity":"0"},{"id":"474779","courseId":"268","type":"4","summary":"You Need Money for a Complete Life","index":"19","json":"{ \"type\":4}","lite":"1","guid":"1c7eb215-a5ea-4b9d-b0b4-91cd696e9638","growth_activity":"0"},{"id":"474780","courseId":"268","type":"3","summary":"The Desire for a Fuller Life","index":"20","json":"{\"type\":3,\"intro\":{\"title\":\"The Desire for a Fuller Life\",\"description\":\"Every person naturally wants to become all that they are capable of becoming. This desire to realize innate possibilities is inherent in human nature. We cannot help wanting to be all that we can be. &#10;&#10;&#10;&#10;&#10;&#10;&#10;&#10;&#10;Success in life is just that: becoming all that you can be.\",\"image\":\"357546B6-0C58-CA25-1265-C88C0506E1E7.png\",\"sound\":\"\",\"volume\":50},\"unlockscore\":\"200\",\"quicklink\":false,\"quotation\":\"\"}","lite":"1","guid":"5a96ec31-fff0-469d-ba7b-5c14788ba158","growth_activity":"0"},{"id":"474781","courseId":"268","type":"11","summary":"Becoming what you want to be","index":"21","json":"{\"type\":11,\"simon\":{\"prompt\":\"Relax, listen, repeat\",\"sounds\":[\"ACDAFE32-FC7F-F9F6-E60E-16F2B9DF68E3.mp3\",\"B85644F0-74A6-9B38-51BA-A85A40CB5754.mp3\",\"6A52097A-8E63-A8DB-267D-1ACBD4FA1D35.mp3\",\"97EF60AA-4EC4-8EF9-DAC7-16378C806966.mp3\",\"BC019B7D-990D-E9A0-A133-1C9F9FE171FC.mp3\",\"0E7A7110-55A4-2355-EC31-0210A96EC940.mp3\",\"45F90893-E7CE-D4CD-23A0-3AAA7D92B2B7.mp3\",\"E293B2BA-AC09-E493-CFF3-BBCA4CD74337.mp3\",\"D5D9F743-7F2E-0D6B-A5F6-EF28245C0DC5.mp3\"],\"phrase\":\"Success|in life|is becoming|what you want|to be.\",\"wrong\":\"growth|no limits|advancement|faith\",\"time\":0,\"score\":0,\"gems\":0,\"sound\":\"\"},\"feedback\":[\"\",\"\"],\"score\":\"125\",\"gems\":\"1\"}","lite":"1","guid":"4fce8caf-cee4-4739-ae22-5a74a834dad0","growth_activity":"0"},{"id":"474782","courseId":"268","type":"14","summary":"Making use of things","index":"22","json":"{\"type\":14,\"question\":{\"timer\":60,\"multiplechoice\":true,\"answers\":[{\"correct\":false,\"text\":\"Something possibly worth pursuing\",\"feedback\":\"No, it is definitely worth pursuing for it is the most essential of all knowledge.\"},{\"correct\":true,\"text\":\"The most essential of all knowledge.\",\"feedback\":\"Yes, it is the most essential of all knowledge.\"},{\"correct\":false,\"text\":\"Not worth your time.\",\"feedback\":\"No, it is definitely worth your time for it is the most essential of all knowledge.\"}],\"sound\":\"\",\"text\":\"You can become what you want to be only by making use of things, and you can have the free use of things only as you become rich enough to buy them. Therefore, to fully understand the science of getting rich is:\"},\"feedback\":[\"\",\"\"],\"score\":\"25\",\"gems\":\"1\"}","lite":"1","guid":"eab0832c-cc3d-4d3e-8f28-c39b6831faec","growth_activity":"0"},{"id":"474783","courseId":"268","type":"13","summary":"Desire for a Fuller Life","index":"23","json":"{\"type\":13,\"thisthat\":{\"questions\":[{\"text\":\"The Desire for a Fuller Life&#10;&#10;There is something wrong in wanting to get rich.\",\"correct\":\"True\",\"wrong\":\"False\",\"value\":false,\"feedback\":[\"\",\"\"]},{\"text\":\"The Desire for a Fuller Life&#10;&#10;The desire for riches is a desire for a fuller, more abundant life.\",\"correct\":\"True\",\"wrong\":\"False\",\"value\":true,\"feedback\":[\"\",\"\"]},{\"text\":\"The Desire for a Fuller Life&#10;&#10;It is right and good to desire to live a fuller, more abundant life.\",\"correct\":\"True\",\"wrong\":\"False\",\"value\":true,\"feedback\":[\"\",\"\"]},{\"text\":\"The Desire for a Fuller Life&#10;&#10;It is right and good to desire the money you need to lead a fuller, more abundant life.\",\"correct\":\"True\",\"wrong\":\"False\",\"value\":true,\"feedback\":[\"\",\"\"]},{\"text\":\"The Desire for a Fuller Life&#10;&#10;The desire for riches is praiseworthy.\",\"correct\":\"True\",\"wrong\":\"False\",\"value\":true,\"feedback\":[\"\",\"\"]}],\"timer\":75,\"noscore\":false},\"feedback\":[\"The desire to realize your innate possibilities is inherent in human nature.\",\"It is good and right to desire a fuller, more abundant life. The desire to realize your innate possibilities is inherent in human nature.\"],\"score\":\"125\",\"gems\":\"1\"}","lite":"1","guid":"f897ecf3-69cb-4bd8-b40c-8d2f602d1881","growth_activity":"0"},{"id":"474784","courseId":"268","type":"4","summary":"The Most Essential of all Knowledge","index":"24","json":"{ \"type\":4}","lite":"1","guid":"8116a85e-1721-4112-8814-1b5360046c7d","growth_activity":"0"},{"id":"474785","courseId":"268","type":"3","summary":"Body, Mind and Soul","index":"25","json":"{\"type\":3,\"intro\":{\"title\":\"Body, Mind and Soul\",\"description\":\"You live for the body, mind and soul. No one of these is better or holier than the other. All are alike desirable, and no one of the three can live fully if either of the others is cut short of full life and expression.&#10;&#10;&#10;&#10;&#10;&#10;&#10;&#10;&#10;Full life means the complete expression of all that you can give forth through body, mind, and soul.\",\"image\":\"B2AB5EB3-CF14-2598-FB5C-DD8A41E987D5.png\",\"sound\":\"\",\"volume\":50},\"unlockscore\":\"500\",\"quicklink\":false,\"quotation\":\"\",\"unlockActivity\":\"none\"}","lite":"1","guid":"ee8a0efa-d71c-4e8d-9b01-c8a91d8d47c1","growth_activity":"0"},{"id":"474786","courseId":"268","type":"12","summary":"Living Fully in Every Function","index":"26","json":"{\"type\":12,\"orderitems\":{\"slots\":[\"Beginning of statement\",\"\",\"\",\"\",\"\",\"\"],\"items\":[{\"text\":\"If you truly desire to play\",\"slot\":1},{\"text\":\"the piano and you are not,\",\"slot\":2},{\"text\":\"then you will experience\",\"slot\":3},{\"text\":\"unsatisfied desire. You\",\"slot\":4},{\"text\":\"cannot be happy\",\"slot\":5},{\"text\":\"with unsatisfied desire.\",\"slot\":6}],\"ordered\":true,\"timer\":60,\"sound\":\"\",\"prompt\":\"You cannot be truly happy or satisfied unless your body, mind and soul are living fully in every function. Wherever there is function not performed or unexpressed possibility, there is unsatisfied desire. &#10;&#10;For example...\"},\"feedback\":[\"Unsatisfied desire means you are not being all that you are capable of being.\",\"If you truly desire to play the piano, and you are not, then you will experience unsatisfied desire. Unsatisfied desire means you are not all that you are capable of being.\"],\"score\":\"150\",\"gems\":\"1\"}","lite":"1","guid":"bc35c831-68cb-414f-bbd1-fb7d998e6765","growth_activity":"0"},{"id":"474787","courseId":"268","type":"9","summary":"To Live Fully in Body","index":"27","json":"{\"type\":9,\"wordfill\":{\"text\":\"##3##, comfortable ##1##, and ##4##; as well as rest, ##2## and freedom from ##5## toil. \",\"prompt\":\"To live fully in the body you must have:\",\"sound\":\"\",\"words\":[\"clothing\",\"recreation\",\"Good food\",\"warm shelter\",\"excessive\"],\"timer\":60},\"feedback\":[\"\",\"To live fully in the body you must have good food, comfortable clothing, and warm shelter; as well as rest, recreation and freedom from excessive toil.\"],\"score\":\"125\",\"gems\":\"1\"}","lite":"1","guid":"90d7fb07-31e4-49c8-8a22-bd179c6805b4","growth_activity":"0"},{"id":"474788","courseId":"268","type":"9","summary":"To Live Fully in Mind","index":"28","json":"{\"type\":9,\"wordfill\":{\"text\":\"##5## and time to ##3## them, opportunity ##2## and observation, and you must surround yourself with all the objects of ##1## you are capable of using and ##4##.\",\"prompt\":\"To live fully in mind, you must have:\",\"sound\":\"\",\"words\":[\"art and beauty\",\"for travel\",\"study\",\"appreciating\",\"Books and media\"],\"timer\":60},\"feedback\":[\"\",\"To live fully in mind you must have books and media and time to study them, opportunity for travel and observation, and you must surround yourself with all the objects of art and beauty you are capable of using and appreciating.\"],\"score\":\"125\",\"gems\":\"1\"}","lite":"1","guid":"bc615f20-f998-43ba-bbf7-db658d804deb","growth_activity":"0"},{"id":"474789","courseId":"268","type":"9","summary":"To Live Fully in Soul","index":"29","json":"{\"type\":9,\"wordfill\":{\"text\":\"##3## denied expression ##2##. Your highest ##4## found in the ##1## of benefits on ##5##.\",\"prompt\":\"To live fully in soul, you must have love and:\",\"sound\":\"\",\"words\":[\"bestowal\",\"by poverty\",\"Love is\",\"happiness is\",\"those you love\"],\"timer\":60},\"feedback\":[\"\",\"To live fully in soul, you must have love; and love is denied expression by poverty. Your highest happiness is found in the bestowal of benefits on those you love.\"],\"score\":\"125\",\"gems\":\"1\"}","lite":"1","guid":"cea299d7-f425-42bf-804f-9c9f243970a1","growth_activity":"0"},{"id":"474790","courseId":"268","type":"8","summary":"Love is Giving","index":"30","json":"{\"type\":8,\"statement\":{\"prompt\":\"Love finds its most natural and spontaneous expression in giving, and:\",\"wrong\":\"Body|Mind|Soul\",\"statements\":[\"If you have|nothing to give,|you cannot fill|your place as a|spouse, lover|or citizen.\"],\"ordered\":true,\"timer\":60,\"sound\":\"\"},\"feedback\":[\"If you have nothing to give, you cannot fill your place as a spouse, lover or citizen.\",\"If you have nothing to give, you cannot fill your place as a spouse, lover or citizen.\"],\"score\":\"150\",\"gems\":\"1\"}","lite":"1","guid":"f862458a-d904-4d11-b65b-cb686c358824","growth_activity":"0"}]