{"id":"268","authorId":"0","groupId":"0","credits":"50","dollars":"9.99","summary":"A new version of Wallace Wattles timeless classic.","description":"This ...in a Blink course can help you to quickly learn and forever retain Wattles' message from his classic, The Science of Getting Rich. (Includes the full text of the book.)","date":"2015-04-06 18:43:56","iconURL":"icon268.jpg","imageURL":"image268.jpg","vimeo":"","title":"The Science of Getting Rich...in a Blink!","editDate":"2016-01-22 05:55:11","buildAvailable":"1","published":"0","publicationDate":null}