[{"id":"4709","courseId":"65","type":"9","summary":"Optional prompt","index":"0","json":"{\\\"type\\\":9,\\\"feedback\\\":[\\\"pass text\\\",\\\"fail txt\\\"],\\\"score\\\":0,\\\"gems\\\":0,\\\"wordfill\\\":{\\\"prompt\\\":\\\"This is the optional prompt. Drag to where they belong.\\\",\\\"words\\\":[\\\"test\\\",\\\"is\\\"],\\\"text\\\":\\\"This ##2## a ##1##.\\\",\\\"timer\\\":60}}","lite":"0","guid":"f7f1bf3d-8891-4428-90e0-af1df54b9a2e","growth_activity":"0"},{"id":"4710","courseId":"65","type":"14","summary":"What are fish","index":"1","json":"{\\\"type\\\":14,\\\"question\\\":{\\\"timer\\\":5,\\\"multiplechoice\\\":true,\\\"answers\\\":[{\\\"correct\\\":true,\\\"text\\\":\\\"When it is a whale\\\"},{\\\"correct\\\":false,\\\"text\\\":\\\"When it is a porpoise\\\"},{\\\"correct\\\":false,\\\"text\\\":\\\"When it is a shark\\\"},{\\\"correct\\\":false,\\\"text\\\":\\\"When it is a blowfish\\\"}],\\\"text\\\":\\\"When is a fish not a fish?\\\"},\\\"feedback\\\":[\\\"Pass\\\",\\\"Fail\\\"],\\\"score\\\":\\\"25\\\",\\\"gems\\\":0}","lite":"1","guid":"34bf2751-8c47-4c69-b6c8-5aebbeda16f0","growth_activity":"0"},{"id":"4711","courseId":"65","type":"8","summary":"Build it!","index":"2","json":"{\\\"type\\\":8,\\\"statement\\\":{\\\"prompt\\\":\\\"\\\",\\\"statements\\\":[],\\\"locked\\\":false,\\\"timer\\\":0},\\\"feedback\\\":[\\\"\\\",\\\"\\\"],\\\"score\\\":0,\\\"gems\\\":0}","lite":"0","guid":"54b13170-742b-4cda-82d7-8c36cde86071","growth_activity":"0"},{"id":"4712","courseId":"65","type":"7","summary":"True False","index":"3","json":"{\\\"type\\\":7,\\\"input\\\":{\\\"type\\\":5,\\\"prompt\\\":\\\"Are you crazy?\\\",\\\"locked\\\":false,\\\"text\\\":\\\"\\\",\\\"booleans\\\":[]}}","lite":"0","guid":"50786b05-76b8-4d26-8f0b-2c4f1d90e32c","growth_activity":"0"}]