[{"id":"842484","courseId":"268","type":"1","summary":"Introduction","index":"0","json":"{\"type\":1,\"intro\":{\"title\":\"Introduction\",\"description\":\"You have the right to be rich. This is the fundamental principle in Wallace Wattles&#39; &#34;The Science of Getting Rich,&#34; and in it he describes the exact process for achieving that prosperity - what we now call The Law of Attraction. This Blink Training course takes you through this process, assuring it will become part of your daily life.\",\"image\":\"21F4B410-0B22-4A94-9247-862DB1292A0F.png\"},\"dossier\":false}","lite":"1","guid":"6ee52b94-0d63-4e1a-9ef2-a384af022054","growth_activity":"0"},{"id":"842485","courseId":"268","type":"3","summary":"Wattles' Preface (unlocks eBook)","index":"1","json":"{\"type\":3,\"intro\":{\"title\":\"Wattles&#39; Preface\",\"description\":\"The &#34;Science of Getting Rich&#34; is a practical manual. It is for men and women whose pressing need is for money; who wish to get rich first and philosophize afterwards. It is for men and women who want results and are willing to take Wattles&#39; program as a basis for action.\",\"image\":\"DB8969B6-236E-1E07-415F-D56A211BCE4B.png\",\"sound\":\"\",\"volume\":50},\"unlockscore\":\"125\",\"quicklink\":false,\"quotation\":\"\",\"unlockActivity\":\"a6052bc2-e507-4101-9ff0-c0a11d72c912\",\"dossier\":false}","lite":"1","guid":"12be4181-e741-49c7-b8a8-65b9ea81211f","growth_activity":"0"},{"id":"842486","courseId":"268","type":"12","summary":"Failure Is Impossible","index":"2","json":"{\"type\":12,\"orderitems\":{\"slots\":[\"\",\"\",\"end of quote\"],\"items\":[{\"text\":\"certainly get rich because\",\"slot\":1},{\"text\":\"this is an exact science\",\"slot\":2},{\"text\":\"and failure is impossible.&#34;\",\"slot\":3}],\"ordered\":true,\"timer\":60,\"sound\":\"\",\"prompt\":\"As you play through this course, it is essential that you take the fundamental statements upon faith and act on them without fear or hesitation. As Wattles said: &#34;Every man or woman who does this will...&#10;&#10;(Build the rest of the statement and then touch Done.)\"},\"feedback\":[\"Wattles was adamant about this - his program is a science and if you follow the guidelines he provides, failure is impossible.\",\"Wattles said every man or woman who takes his fundamental statements upon faith and acts on them without fear or hesitation will certainly get rich. For this is an exact science and failure is impossible.\"],\"score\":\"75\",\"gems\":\"1\"}","lite":"1","guid":"d6ad9d82-e0c3-440c-927d-3bdafd16a31d","growth_activity":"0"},{"id":"842487","courseId":"268","type":"9","summary":"The Monistic Theory","index":"3","json":"{\"type\":9,\"wordfill\":{\"text\":\"One is ##1##, and All is ##2##; that ##3## manifests itself as the seeming many elements of ##4## world.\",\"prompt\":\"Though Wattles&#39; message is practical in nature, he says that the basis of his thoughts is the Monistic Theory of the Universe.&#10;&#10;This theory says that:\",\"sound\":\"\",\"words\":[\"All\",\"One\",\"one Substance\",\"the material\"],\"timer\":60},\"feedback\":[\"This is the philosophy behind his science, but if you wish to reap the fruits of this philosophy, play through this Blink Training course and do exactly what it tells you to do.\",\"One is All, and All is One; that one Substance manifests itself as the seeming many elements of the material world. This is the philosophy behind his science, but if you wish to reap the fruits of this philosophy, play through this course and do exactly what it tells you to do.\"],\"score\":\"100\",\"gems\":\"1\"}","lite":"1","guid":"841fad6b-bcd5-4ff2-a2a2-979f9d57d137","growth_activity":"0"},{"id":"842488","courseId":"268","type":"14","summary":"The Plan of Action","index":"4","json":"{\"type\":14,\"question\":{\"timer\":30,\"multiplechoice\":true,\"answers\":[{\"correct\":true,\"text\":\"Failure is impossible.\",\"feedback\":\"Yes! &#10;&#10;Now let&#39;s take a moment to learn about Blink Training.\"},{\"correct\":false,\"text\":\"Failure is a possibility.\",\"feedback\":\"No. If you believe that failure is a possibility, then failure will be a possibility, but if you take the fundamental statements in this course upon faith and act on them without fear or hesitation, then failure is impossible. Now let&#39;s take a moment to learn about Blink Training.\"}],\"sound\":\"\",\"text\":\"Wattles tells us that his plan of action has been thoroughly tested and it works. So, let us repeat so it&#39;s clear. &#10;&#10;If you take the fundamental statements in this course upon faith and act on them without fear or hesitation, then:\"},\"feedback\":[\"\",\"\"],\"score\":\"25\",\"gems\":\"1\"}","lite":"1","guid":"b011cdc2-7abf-4eea-ac19-91852b40d547","growth_activity":"0"},{"id":"842489","courseId":"268","type":"10","summary":"About Blink Training","index":"5","json":"{\"type\":10,\"dragdrop\":{\"timer\":0,\"layout\":0,\"goals\":[{\"isImage\":false,\"text\":\"Blink Training Courses\",\"image\":\"\"}],\"items\":[{\"goal\":1,\"isImage\":false,\"text\":\"Blinks and Bursts\",\"image\":\"\",\"feedback\":[\"Blinks are the quick activities that we use to teach the content - like this Drag and Drop. And a Burst is a sequence of those Blinks. You&#39;re now at the final Blink in this Burst - and the dark blue circle on top shows this.\",\"\"]},{\"goal\":1,\"isImage\":false,\"text\":\"Points and Gems\",\"image\":\"\",\"feedback\":[\"You earn Points as you play, and you need a certain number of Points to unlock each  next Burst. You earn Gems, too, and they reflect how well you understand the content. Touch the Blink Eye in the lower left to see how many Points and Gems you&#39;ve earned so far.\",\"\"]},{\"goal\":1,\"isImage\":false,\"text\":\"Ebook and Exiting a Course\",\"image\":\"\",\"feedback\":[\"To access a digital copy of Wattles&#39; book, finish this Burst, then touch the three blue lines in the upper left and choose Activities. And when you want to exit a course, touch the blue lines and select Exit Course.\",\"\"]},{\"goal\":1,\"isImage\":false,\"text\":\"Your Progress Screen\",\"image\":\"\",\"feedback\":[\"When you touch Next, you&#39;ll see your Progress Screen. This shows you how you&#39;re doing in the course. If you&#39;ve unlocked the next Burst, you&#39;ll be able to play it. Otherwise, replay this Burst and try for a higher score. As you complete the course, you&#39;ll move up the mountain of mastery.\",\"\"]}],\"prompt\":\"If you learn a little about Blink Training, it will help you to get more out of this course. Drag each box to &#34;Blink Training Courses&#34; on the bottom.\",\"sound\":\"\"},\"feedback\":[\"Blink Training: a simple, yet powerful way to improve your life.\",\"Blink Training: a simple, yet powerful way to improve your life.\"],\"score\":\"20\",\"gems\":\"1\"}","lite":"1","guid":"87f0f52b-d308-44c5-a355-9014425cec27","growth_activity":"0"},{"id":"842490","courseId":"268","type":"4","summary":"The Right To Be Rich","index":"6","json":"{ \"type\":4}","lite":"1","guid":"a719da16-b318-4332-9a4c-4fae15e51d4d","growth_activity":"0"},{"id":"842491","courseId":"268","type":"2","summary":"Unit 1","index":"7","json":"{ \"type\":2}","lite":"1","guid":"1ca633f3-cb22-48db-8cda-1718d207640d","growth_activity":"0"},{"id":"842493","courseId":"268","type":"3","summary":"You Need Money for a Complete Life","index":"9","json":"{\"type\":3,\"intro\":{\"title\":\"You Need Money for a Complete Life\",\"description\":\"It isn&#39;t possible to live a successful life unless you are rich. To be successful is to rise to your greatest possible height in body, mind and soul development. To do this, you must use many things, and you can&#39;t have things unless you have the money to buy them. &#10;&#10;&#10;&#10;&#10;&#10;&#10;&#10;To be rich is to have all you want for all the life you are capable of living.\",\"image\":\"E6B84E0D-4CF6-8531-B883-CE8E1B06C1CE.png\",\"sound\":\"\",\"volume\":50},\"unlockscore\":\"175\",\"quicklink\":false,\"quotation\":\"\",\"unlockActivity\":\"2b8af72f-6d77-4379-9e79-5846157f074a\"}","lite":"1","guid":"b6b4d633-6de7-40cd-aa70-cc057a89e5fa","growth_activity":"0"},{"id":"842494","courseId":"268","type":"9","summary":"The Science of Getting Rich","index":"10","json":"{\"type\":9,\"wordfill\":{\"text\":\"Therefore, the ##2## point of your life advancement must be the ##1## of ##3##.\",\"prompt\":\"You must use things to develop your mind, body, and soul. And society is organized such that you must have money in order to become the possessor of these things.\",\"sound\":\"\",\"words\":[\"science\",\"starting\",\"getting rich\"],\"timer\":60},\"feedback\":[\"You must use things to develop and so the science of getting rich must be the starting point for self advancement. \",\"You must use things to develop and so the science of getting rich must be the starting point for self advancement. \"],\"score\":\"75\",\"gems\":\"1\"}","lite":"1","guid":"ab74274a-2755-4a63-b136-74233551dd25","growth_activity":"0"},{"id":"842495","courseId":"268","type":"14","summary":"The Object of Life","index":"11","json":"{\"type\":14,\"question\":{\"timer\":60,\"multiplechoice\":true,\"answers\":[{\"correct\":true,\"text\":\"Development\",\"feedback\":\"Yes, the object of all life is development. Otherwise, what would be the point: if we don&#39;t move forward, we move backwards or decay.\"},{\"correct\":false,\"text\":\"Decay\",\"feedback\":\"No, the object of all life is development. Otherwise, what would be the point: if we don&#39;t move forward, we move backwards or decay.\"}],\"sound\":\"\",\"text\":\"Let&#39;s get clear on a few basic ideas up front.&#10;&#10;First, the object of all life is:\"},\"feedback\":[\"\",\"\"],\"score\":\"25\",\"gems\":\"1\"}","lite":"1","guid":"2f9b5fed-1fe4-487a-b675-a25f35229fd9","growth_activity":"0"},{"id":"842496","courseId":"268","type":"14","summary":"Right to Develop","index":"12","json":"{\"type\":14,\"question\":{\"timer\":60,\"multiplechoice\":true,\"answers\":[{\"correct\":false,\"text\":\"Others will allow it\",\"feedback\":\"No, we cannot let others decide how much we can develop. We are each free to develop as much as we are capable of developing.\"},{\"correct\":true,\"text\":\"It is capable of developing\",\"feedback\":\"Yes, we cannot let others decide how much we can develop. We are each free to develop as much as we are capable of developing.\"}],\"sound\":\"\",\"text\":\"Secondly, everything that lives has the inalienable right to develop as much as:\"},\"feedback\":[\"\",\"\"],\"score\":\"25\",\"gems\":\"1\"}","lite":"1","guid":"697bdf3f-38aa-4c7e-84dd-85d09fbd00f9","growth_activity":"0"},{"id":"842498","courseId":"268","type":"12","summary":"To Truly Be Rich","index":"14","json":"{\"type\":12,\"orderitems\":{\"slots\":[\"Beginning of statement\",\"\",\"\",\"\",\"\",\"\"],\"items\":[{\"text\":\"You should not be\",\"slot\":1},{\"text\":\"satisfied until you\",\"slot\":2},{\"text\":\"have all you are\",\"slot\":3},{\"text\":\"capable of using and \",\"slot\":4},{\"text\":\"enjoying. To be content\",\"slot\":5},{\"text\":\"with less is sinful.\",\"slot\":6}],\"ordered\":true,\"timer\":60,\"sound\":\"\",\"prompt\":\"The purpose of Nature is the advancement and development of life and so you should have all that can contribute to the power, elegance, beauty, and richness of your life. To be truly rich:\"},\"feedback\":[\"And life has advanced so far and become so complex that even the most ordinary man or woman requires a great amount of wealth in order to live in a manner that even approaches completeness. Everyone needs a good deal of money.\",\"To truly be rich, you should not be satisfied until you have all you are capable of using and enjoying. To be content with less is sinful. \"],\"score\":\"150\",\"gems\":\"1\"}","lite":"1","guid":"128321f5-964e-4ada-bde5-a998e773a444","growth_activity":"0"},{"id":"842499","courseId":"268","type":"4","summary":"You Need Money for a Complete Life","index":"15","json":"{ \"type\":4}","lite":"1","guid":"1c7eb215-a5ea-4b9d-b0b4-91cd696e9638","growth_activity":"0"},{"id":"842500","courseId":"268","type":"3","summary":"The Desire for a Fuller Life","index":"16","json":"{\"type\":3,\"intro\":{\"title\":\"The Desire for a Fuller Life\",\"description\":\"Every person naturally wants to become all that they are capable of becoming. This desire to realize innate possibilities is inherent in human nature. We cannot help wanting to be all that we can be. &#10;&#10;&#10;&#10;&#10;&#10;&#10;&#10;&#10;Success in life is just that: becoming all that you can be.\",\"image\":\"357546B6-0C58-CA25-1265-C88C0506E1E7.png\",\"sound\":\"\",\"volume\":50},\"unlockscore\":\"125\",\"quicklink\":false,\"quotation\":\"\",\"unlockActivity\":\"none\"}","lite":"1","guid":"5a96ec31-fff0-469d-ba7b-5c14788ba158","growth_activity":"0"},{"id":"842501","courseId":"268","type":"11","summary":"Becoming what you want to be","index":"17","json":"{\"type\":11,\"simon\":{\"prompt\":\"Relax, listen, repeat\",\"sounds\":[\"EF7B0245-6E5C-2BB1-4EA4-C0D4791B8748.mp3\",\"21E3FC1F-0AB1-53CF-FF8A-50E5301BF639.mp3\",\"5E585C65-ADBB-4226-EBB4-6326181CCBCA.mp3\",\"1068A846-3C32-AB25-DDE6-B4CC610FE7A0.mp3\",\"7D8FF135-C82B-AD06-EC55-D26BAF7FCA1E.mp3\",\"A5999E97-38A4-1AF5-BF0E-F8C439CF00B9.mp3\"],\"phrase\":\"Success in life|is becoming|what you want to be.\",\"wrong\":\"growth|no limits|advancement\",\"time\":0,\"score\":0,\"gems\":0,\"sound\":\"\"},\"feedback\":[\"Yes, success in life is becoming whatever you want to be.\",\"Success in life is becoming whatever you want to be.\"],\"score\":\"125\",\"gems\":\"1\"}","lite":"1","guid":"4fce8caf-cee4-4739-ae22-5a74a834dad0","growth_activity":"0"},{"id":"842502","courseId":"268","type":"14","summary":"Making use of things","index":"18","json":"{\"type\":14,\"question\":{\"timer\":60,\"multiplechoice\":true,\"answers\":[{\"correct\":false,\"text\":\"Something possibly worth pursuing\",\"feedback\":\"No, it is definitely worth pursuing for it is the most essential of all knowledge.\"},{\"correct\":true,\"text\":\"The most essential of all knowledge.\",\"feedback\":\"Yes, it is the most essential of all knowledge.\"},{\"correct\":false,\"text\":\"Not worth your time.\",\"feedback\":\"No, it is definitely worth your time for it is the most essential of all knowledge.\"}],\"sound\":\"\",\"text\":\"You can become what you want to be only by making use of things, and you can have the free use of things only as you become rich enough to buy them. Therefore, to fully understand the science of getting rich is:\"},\"feedback\":[\"\",\"\"],\"score\":\"25\",\"gems\":\"1\"}","lite":"1","guid":"eab0832c-cc3d-4d3e-8f28-c39b6831faec","growth_activity":"0"},{"id":"842503","courseId":"268","type":"13","summary":"Desire for a Fuller Life","index":"19","json":"{\"type\":13,\"thisthat\":{\"questions\":[{\"text\":\"The Desire for a Fuller Life&#10;&#10;There is something wrong in wanting to get rich.\",\"correct\":\"True\",\"wrong\":\"False\",\"value\":false,\"feedback\":[\"Yes, there is nothing wrong with wanting to get rich so you can develop to your fullest extent.\",\"Incorrect. If there is something wrong with wanting to get rich, then there is something wrong with wanting to develop to your fullest extent. And that is the goal of all life.\"]},{\"text\":\"The Desire for a Fuller Life&#10;&#10;The desire for riches is a desire for a fuller, more abundant life.\",\"correct\":\"True\",\"wrong\":\"False\",\"value\":true,\"feedback\":[\"Yes, the goal of getting rich is to have the means to develop yourself to the fullest extent possible.\",\"Incorrect. The goal of getting rich is to have the means to develop yourself to the fullest extent possible.\"]},{\"text\":\"The Desire for a Fuller Life&#10;&#10;It is right and good to desire to live a fuller, more abundant life.\",\"correct\":\"True\",\"wrong\":\"False\",\"value\":true,\"feedback\":[\"Yes. A fuller, more abundant life is the reason we are here.\",\"Incorrect. A fuller, more abundant life is the reason we are here.\"]},{\"text\":\"The Desire for a Fuller Life&#10;&#10;It is right and good to desire the money you need to lead a fuller, more abundant life.\",\"correct\":\"True\",\"wrong\":\"False\",\"value\":true,\"feedback\":[\"Yes, we are here to develop fully and that is why we must learn the science of getting rich.\",\"Incorrect. We are here to develop fully and that is why we must learn the science of getting rich.\"]},{\"text\":\"The Desire for a Fuller Life&#10;&#10;The desire for riches is praiseworthy.\",\"correct\":\"True\",\"wrong\":\"False\",\"value\":true,\"feedback\":[\"Yes, it is praiseworthy to desire riches so that we can develop fully.\",\"Incorrect. It is praiseworthy to desire riches so that we can develop fully.\"]}],\"timer\":75,\"noscore\":false},\"feedback\":[\"The desire to realize your innate possibilities is inherent in human nature.\",\"It is good and right to desire a fuller, more abundant life. The desire to realize your innate possibilities is inherent in human nature.\"],\"score\":\"125\",\"gems\":\"1\"}","lite":"1","guid":"f897ecf3-69cb-4bd8-b40c-8d2f602d1881","growth_activity":"0"},{"id":"842504","courseId":"268","type":"4","summary":"The Most Essential of all Knowledge","index":"20","json":"{ \"type\":4}","lite":"1","guid":"8116a85e-1721-4112-8814-1b5360046c7d","growth_activity":"0"}]