{"id":"268","authorId":"4","groupId":"0","credits":"300","dollars":"9.99","summary":"Learn the secrets and science of building wealth!","description":"Play with Wallace Wattles' powerful and practical concepts and bring the SECRETS OF BUILDING WEALTH into your life. \"Become all you can be\" more quickly and enjoyably. (Includes the full text of the book.)","date":"2015-04-06 23:43:56","iconURL":"icon268.jpg","imageURL":"image268.jpg","vimeo":"","title":"Science of Getting Rich: The Blink Training Course","editDate":"2017-03-13 16:53:58","buildAvailable":"1","published":"1","publicationDate":null,"listOrder":"2"}