[{"id":"844981","courseId":"313","type":"3","summary":"Your Blink Takeaways","index":"0","json":"{\"type\":3,\"intro\":{\"title\":\"Your Blink Takeaways\",\"description\":\"Now that you have completed this course, you have unlocked &#34;Your Blink Takeaways,&#34; ten vital concepts from the course with space for your continuing input. Return to these Takeaways for inspiration and to update your progress on the ones that resonate with you.&#10;&#10;And now, Your Blink Takeaways.\",\"image\":\"\",\"sound\":\"\",\"volume\":50},\"unlockscore\":0,\"quicklink\":false,\"quotation\":\"\"}","lite":"0","guid":"dee47291-d005-4ff4-98b8-9cd89d52918d","growth_activity":"1"},{"id":"844982","courseId":"313","type":"6","summary":"Blink Takeaway 1","index":"1","json":"{\"type\":6,\"image\":\"\",\"presentation\":[{\"text\":\"Blink Takeaway 1\",\"in\":1,\"time\":1,\"sound\":\"\",\"size\":2,\"color\":\"#256ED7\"},{\"text\":\"What You Think\",\"in\":1,\"time\":2,\"sound\":\"\",\"size\":2},{\"text\":\"Every religious, psychological, and ethical philosophy agrees: What you think dramatically affects your quality of life.\",\"in\":1,\"time\":3,\"sound\":\"062FC78C-4E21-5F6F-F7DD-D60E354C39C3.mp3\"}]}","lite":"0","guid":"6a70e4af-6c7c-474d-adb8-8f089b42f972","growth_activity":"1"},{"id":"844983","courseId":"313","type":"7","summary":"Takeaway 1: Your Thoughts","index":"2","json":"{\"type\":7,\"input\":{\"type\":1,\"prompt\":\"Write about how your thoughts are affecting the quality of your life. \",\"locked\":false},\"feedback\":[\"Return to write about this on a regular basis. As you track how your thoughts affect the quality of your life, you&#39;ll become more attune to the connection.\",\"Return to write about this on a regular basis. As you track how your thoughts affect the quality of your life, you&#39;ll become more attune to the connection.\"],\"score\":0,\"gems\":0}","lite":"0","guid":"18f45e15-9f84-42e0-8828-ba83ba82572a","growth_activity":"1"},{"id":"844984","courseId":"313","type":"6","summary":"Blink Takeaway 2","index":"3","json":"{\"type\":6,\"image\":\"\",\"presentation\":[{\"text\":\"Your Blink Takeaway 2\",\"in\":1,\"time\":1,\"sound\":\"\",\"size\":2,\"color\":\"#256ED7\"},{\"text\":\"An Incredible Power\",\"in\":1,\"time\":2,\"sound\":\"\",\"size\":2},{\"text\":\"Your subconscious mind harbors an incredibly insightful and creative power - if properly harnessed, this suggestive power can solve problems and shape circumstances in ways that you never thought possible.\",\"in\":1,\"time\":3,\"sound\":\"750DE106-9D23-0892-6B2A-521AAE24F730.mp3\"}]}","lite":"0","guid":"799e37d9-285f-4eb9-8ba7-bca704a11eb4","growth_activity":"1"},{"id":"844985","courseId":"313","type":"7","summary":"Takeaway 2: Your Thoughts","index":"4","json":"{\"type\":7,\"input\":{\"type\":1,\"prompt\":\"Write about how your subconscious mind has helped you to solve problems and shape circumstances.\",\"locked\":false},\"feedback\":[\"Return to write about this regularly. As you become more attune to this, you will find yourself able to harness the power more consistently.\",\"Return to write about this regularly. As you become more attune to this, you will find yourself able to harness the power more consistently.\"],\"score\":0,\"gems\":0}","lite":"0","guid":"23b47cec-5ede-489c-817f-a912d6c5002b","growth_activity":"1"},{"id":"844986","courseId":"313","type":"6","summary":"Blink Takeaway 3","index":"5","json":"{\"type\":6,\"image\":\"\",\"presentation\":[{\"text\":\"Blink Takeaway 3\",\"in\":1,\"time\":1,\"sound\":\"\",\"color\":\"#256ED7\",\"size\":2},{\"text\":\"For Good or Ill\",\"in\":1,\"time\":2,\"sound\":\"\",\"size\":2},{\"text\":\"The power of your mind is indifferent: Your subconscious picks up on and carries out what you consciously dwell upon, for good or ill.  \",\"in\":1,\"time\":3,\"sound\":\"870178FA-3C69-1A12-FD23-886192EAD540.mp3\"}]}","lite":"0","guid":"4d494874-c0ca-4f62-a36e-109f15b9aa32","growth_activity":"1"},{"id":"844987","courseId":"313","type":"7","summary":"Takeaway 3: Your Thoughts","index":"6","json":"{\"type\":7,\"input\":{\"type\":1,\"prompt\":\"Have you seen your negative thoughts affect your life? Write about it.\",\"locked\":false},\"feedback\":[\"Return to write about this regularly. Observing your negative thoughts affecting your life can help you to learn to control those thoughts.\",\"Return to write about this regularly. Observing your negative thoughts affecting your life can help you to learn to control those thoughts.\"],\"score\":0,\"gems\":0}","lite":"0","guid":"4d7d8acd-4b1a-41d1-b023-94192f1d6c3b","growth_activity":"1"},{"id":"844988","courseId":"313","type":"6","summary":"Blink Takeaway 4","index":"7","json":"{\"type\":6,\"image\":\"\",\"presentation\":[{\"text\":\"Blink Takeaway 4\",\"in\":1,\"time\":1,\"sound\":\"\",\"size\":2,\"color\":\"#256ED7\"},{\"text\":\"Tap the Power\",\"in\":1,\"time\":2,\"sound\":\"\",\"size\":2},{\"text\":\"You can tap the power of your subconscious by setting aside time just before going to sleep at night to reflect on a cherished aim, or the solution to a problem. Go to sleep in the assurance that your subconscious is working on it.\",\"in\":1,\"time\":3,\"sound\":\"8AC4B4F9-1142-F28F-5DFF-35BDDB2EE004.mp3\"}]}","lite":"0","guid":"ffc22aa7-bcb6-4b0d-b0dd-d25203b5bbb9","growth_activity":"1"},{"id":"844989","courseId":"313","type":"7","summary":"Takeaway 4: Your Thoughts","index":"8","json":"{\"type\":7,\"input\":{\"type\":1,\"prompt\":\"Have you tried to focus on a goal or problem right before sleep? What has been the outcome?\",\"locked\":false},\"feedback\":[\"As you observe this phenomena, you will learn to control it more.\",\"As you observe this phenomena, you will learn to control it more.\"],\"score\":0,\"gems\":0}","lite":"0","guid":"9d14ba0f-237f-4329-ad3f-f49a044f8d47","growth_activity":"1"},{"id":"844990","courseId":"313","type":"6","summary":"Blink Takeaway 5","index":"9","json":"{\"type\":6,\"image\":\"\",\"presentation\":[{\"text\":\"Blink Takeaway 5\",\"in\":1,\"time\":1,\"sound\":\"\",\"size\":2,\"color\":\"#256ED7\"},{\"text\":\"Constistency\",\"in\":0,\"time\":2,\"sound\":\"\",\"size\":2},{\"text\":\"Form vivid, believable, emotionally charged mental pictures - and stick with them. Consistency is the key to training your subconscious.\",\"in\":1,\"time\":3,\"sound\":\"6AFA0531-B1A9-08BD-6D2E-75A3C4B6DDAC.mp3\"}]}","lite":"0","guid":"e62361e9-e3e9-437d-bab5-192dcf1b4ce9","growth_activity":"1"},{"id":"844991","courseId":"313","type":"7","summary":"Takeaway 5: Your Thoughts","index":"10","json":"{\"type\":7,\"input\":{\"type\":1,\"prompt\":\"Put your vivid, believable, emotionally charged mental pictures into words. \",\"locked\":false},\"feedback\":[\"Writing about these pictures will help you to make them even more vivid.\",\"Writing about these pictures will help you to make them even more vivid.\"],\"score\":0,\"gems\":0}","lite":"0","guid":"5917a74d-1dc4-41c2-96f1-18aea3a748f5","growth_activity":"1"},{"id":"844992","courseId":"313","type":"6","summary":"Blink Takeaway 6","index":"11","json":"{\"type\":6,\"image\":\"\",\"presentation\":[{\"text\":\"Blink Takeaway 6\",\"in\":1,\"time\":1,\"sound\":\"\",\"size\":2,\"color\":\"#256ED7\"},{\"text\":\"Relaxed, Calm, Confident\",\"in\":1,\"time\":2,\"sound\":\"\",\"size\":2},{\"text\":\"Never force a mental image. Forced effort brings failure. Be relaxed, calm, and confident when impressing the subconscious. If you find this difficult, take a break and return to it when you&#39;re in a calm and confident mood.  \",\"in\":1,\"time\":3,\"sound\":\"21B54CA2-42AD-4D5C-D0E5-1A3C848B2E68.mp3\"}]}","lite":"0","guid":"afa6734f-265d-4c1b-b636-3a68a1ced2fa","growth_activity":"1"},{"id":"844993","courseId":"313","type":"7","summary":"Takeaway 6: Your Thoughts","index":"12","json":"{\"type\":7,\"input\":{\"type\":1,\"prompt\":\"Are you relaxed, calm and confidant or forceful in trying to impress your subconscious. Is this typical of your behavior? Write about it.\",\"locked\":false},\"feedback\":[\"As you observe this behavior and write about it, you will become better able to control it and allow your subconscious to help you to succeed in life.\",\"As you observe this behavior and write about it, you will become better able to control it and allow your subconscious to help you to succeed in life.\"],\"score\":0,\"gems\":0}","lite":"0","guid":"ce498a20-f180-416c-820d-f6f9917128f0","growth_activity":"1"},{"id":"844994","courseId":"313","type":"6","summary":"Blink Takeaway 7","index":"13","json":"{\"type\":6,\"image\":\"\",\"presentation\":[{\"text\":\"Blink Takeaway 7\",\"in\":1,\"time\":1,\"sound\":\"\",\"size\":2,\"color\":\"#256ED7\"},{\"text\":\"Do Not Dwell on the Ways and Means\",\"in\":1,\"time\":2,\"sound\":\"\",\"size\":2},{\"text\":\"Once you have acted to impress your subconscious do not dwell on the ways and means of your accomplishment - these will reach your conscious mind in the form of hunches, happy accidents, and breakthrough ideas.  \",\"in\":1,\"time\":3,\"sound\":\"E1F89FF2-BF21-13E7-F26D-CA0C083FB889.mp3\"}]}","lite":"0","guid":"467d689d-d335-44cc-9b5c-3bffbd403242","growth_activity":"1"},{"id":"844995","courseId":"313","type":"7","summary":"Takeaway 7: Your Thoughts","index":"14","json":"{\"type\":7,\"input\":{\"type\":1,\"prompt\":\"Are you able to let go of the ways and means? Are you able to let the happy accidents happen? Write about it.\",\"locked\":false},\"feedback\":[\"Observing your behavior in this area is very important. You need to be able to allow your subconscious to help you. Return here often and write about it.\",\"Observing your behavior in this area is very important. You need to be able to allow your subconscious to help you. Return here often and write about it.\"],\"score\":0,\"gems\":0}","lite":"0","guid":"50f1a8c4-7fc7-4177-b887-f0b7bd1bc88a","growth_activity":"1"},{"id":"844996","courseId":"313","type":"6","summary":"Blink Takeaway 8","index":"15","json":"{\"type\":6,\"image\":\"\",\"presentation\":[{\"text\":\"Blink Takeaway 8\",\"in\":1,\"time\":1,\"sound\":\"\",\"size\":2,\"color\":\"#256ED7\"},{\"text\":\"Money is a Natural Part of Life\",\"in\":1,\"time\":2,\"sound\":\"\",\"size\":2},{\"text\":\"Neither distain nor worship money. Understand money as a natural, healthful part of life. Your subconscious will act gainfully on that belief.  \",\"in\":1,\"time\":3,\"sound\":\"91698005-4F31-2DB2-638F-CC304ABC44E9.mp3\"}]}","lite":"0","guid":"9711cf77-4b7d-4d6e-9c06-9b56d4002dd9","growth_activity":"1"},{"id":"844997","courseId":"313","type":"7","summary":"Takeaway 8: Your Thoughts","index":"16","json":"{\"type\":7,\"input\":{\"type\":1,\"prompt\":\"Do you disdain or worship money? Write about it.\",\"locked\":false},\"feedback\":[\"The way you feel about money is important. As you come to terms with your feelings about money and try to see money as a natural part of life, write about the changes you&#39;re experiencing.\",\"The way you feel about money is important. As you come to terms with your feelings about money and try to see money as a natural part of life, write about the changes you&#39;re experiencing.\"],\"score\":0,\"gems\":0}","lite":"0","guid":"b570da88-d93d-49e5-919c-5ec83bd6d21b","growth_activity":"1"},{"id":"844998","courseId":"313","type":"6","summary":"Blink Takeaway 9","index":"17","json":"{\"type\":6,\"image\":\"\",\"presentation\":[{\"text\":\"Blink Takeaway 9\",\"in\":1,\"time\":1,\"sound\":\"\",\"size\":2,\"color\":\"#256ED7\"},{\"text\":\"Passion and Focus\",\"in\":1,\"time\":2,\"sound\":\"\",\"size\":2},{\"text\":\"Specialize in a field of work that you love, and strive to know more about it than anyone else. Passion and focus act powerfully upon your subconscious.  \",\"in\":1,\"time\":3,\"sound\":\"9A478FDD-731B-2ED6-8537-1E679024FA3B.mp3\"}]}","lite":"0","guid":"47b84a55-6ae3-4329-bf9f-cf1091a21c36","growth_activity":"1"},{"id":"844999","courseId":"313","type":"7","summary":"Takeaway 9: Your Thoughts","index":"18","json":"{\"type\":7,\"input\":{\"type\":1,\"prompt\":\"Are you passionate and focused about your work? Write about it.\",\"locked\":false},\"feedback\":[\"Return and write about your work and how your feelings about it change over time.\",\"Return and write about your work and how your feelings about it change over time.\"],\"score\":0,\"gems\":0}","lite":"0","guid":"01da0a0a-5d22-4ace-b327-0b037eb61ccd","growth_activity":"1"},{"id":"845000","courseId":"313","type":"6","summary":"Blink Takeaway 10","index":"19","json":"{\"type\":6,\"image\":\"\",\"presentation\":[{\"text\":\"Blink Takeaway 10\",\"in\":1,\"time\":1,\"sound\":\"\",\"size\":2,\"color\":\"#256ED7\"},{\"text\":\"For the Benefit Of All\",\"in\":1,\"time\":2,\"sound\":\"\",\"size\":2},{\"text\":\"Your subconscious is not be trifled with. Scrutinize your desires regularly to ensure that they are ethical and for the benefit of all concerned. \",\"in\":1,\"time\":3,\"sound\":\"62FEF792-9C26-BAFA-DC4B-B0E9FED6F1AD.mp3\"}]}","lite":"0","guid":"84080ceb-95f7-4e60-95fc-294fedf6f9cc","growth_activity":"1"},{"id":"845001","courseId":"313","type":"7","summary":"Takeaway 10: Your Thoughts","index":"20","json":"{\"type\":7,\"input\":{\"type\":1,\"prompt\":\"Are your desires ethical and for the benefit of all concerned? Write about it.\",\"locked\":false},\"feedback\":[\"As your desires and goals change or become more real, return and write about them. Are they ethical? Do they benefit all concerned?\",\"As your desires and goals change or become more real, return and write about them. Are they ethical? Do they benefit all concerned?\"],\"score\":0,\"gems\":0}","lite":"0","guid":"92c30191-9e2e-4005-8081-e37bc5ec8636","growth_activity":"1"},{"id":"845002","courseId":"313","type":"6","summary":"Bonus Takeaway","index":"21","json":"{\"type\":6,\"image\":\"\",\"presentation\":[{\"text\":\"Bonus Takeaway\",\"in\":1,\"time\":1,\"sound\":\"\",\"size\":2,\"color\":\"#256ED7\"},{\"text\":\"You Are As Your Mind Is\",\"in\":1,\"time\":2,\"sound\":\"\",\"size\":2},{\"text\":\"If you want to make one definite and gainful investment in your future, cultivate a positive, meditative, and confident state of mind. Your sense of self-respect and capability will impress itself on your subconscious and bring you unexpected opportunities, relationships, and ideas.  You are as your mind is.\",\"in\":1,\"time\":3,\"sound\":\"A493F836-6629-4219-99DB-E6F7DBC9555C.mp3\"}]}","lite":"0","guid":"966caf90-1f15-4632-ae73-583ca8a91b05","growth_activity":"1"},{"id":"845003","courseId":"313","type":"7","summary":"Bonus Takeaway: Your Thoughts","index":"22","json":"{\"type\":7,\"input\":{\"type\":1,\"prompt\":\"You are as your mind is. So, how are you? How do you want to be? Write about it.\",\"locked\":false},\"feedback\":[\"As your thoughts on this topic develop, change and grow, come back and write about it.\",\"As your thoughts on this topic develop, change and grow, come back and write about it.\"],\"score\":0,\"gems\":0}","lite":"0","guid":"cd6d245f-7946-4244-a367-c04fa5a568d3","growth_activity":"1"},{"id":"845004","courseId":"313","type":"6","summary":"The Power of Your Subconscious Mind","index":"23","json":"{\"type\":6,\"image\":\"\",\"presentation\":[{\"text\":\"The Power of Your Subconscious Mind\",\"in\":1,\"time\":1,\"sound\":\"\",\"size\":2,\"color\":\"#256ED7\"},{\"text\":\"The goal of this course is to help you to learn to control your thoughts and emotions so that you can create the life that you want.\",\"in\":1,\"time\":2,\"sound\":\"\"},{\"text\":\"Use these takeaways to help you to move towards that goal.\",\"in\":1,\"time\":2,\"sound\":\"\"},{\"text\":\"Enjoy your journey - let it be for the benefit of humanity!\",\"in\":1,\"time\":2,\"sound\":\"\"}]}","lite":"0","guid":"e4cbd000-ce4f-4e12-acd4-712d30dccfee","growth_activity":"1"},{"id":"845005","courseId":"313","type":"4","summary":"Your Blink Takeaways","index":"24","json":"{ \"type\":4}","lite":"0","guid":"36b07989-2409-4b5f-aa7b-5d63220a44f0","growth_activity":"1"},{"id":"845006","courseId":"313","type":"3","summary":"Credits, Copyright and Contact Info","index":"25","json":"{\"type\":3,\"intro\":{\"title\":\"Credits, Copyright and Contact Info\",\"description\":\"Here is a list of the great people who have helped to make Blink Training and this course a reality. We have one wish: that you use Blink Training to make a positive change in your life and in the world.\",\"image\":\"\",\"sound\":\"\",\"volume\":50},\"unlockscore\":0,\"quicklink\":false,\"quotation\":\"\"}","lite":"0","guid":"96125229-052f-4fee-9cca-c6ba6d72f6d6","growth_activity":"1"},{"id":"845007","courseId":"313","type":"5","summary":"Credits, Copyright and Contact Info","index":"26","json":"{\"type\":5,\"ebook\":\"35FFC747-B6BE-DB38-8951-AB210B6F8A77.pdf\"}","lite":"0","guid":"cef959f1-9c10-4e19-802a-6637cbf9bf5a","growth_activity":"1"},{"id":"845008","courseId":"313","type":"4","summary":"Credits, Copyright and Contact Info","index":"27","json":"{ \"type\":4}","lite":"0","guid":"1d5ef515-6980-4c58-9de6-fbefa96b0a8e","growth_activity":"1"}]