{"id":"228","credits":"2","dollars":"9.99","summary":"Forest's Commercial Compliance Guidelines","description":"This Blink demo course demonstrates how compliance policies and procedures can be brought to life and made more engaging for Forest employees, thus enabling more informed employees leading to potentially greater compliance.","date":"2014-11-23 18:15:43","iconURL":"icon228.jpg","imageURL":"image228.jpg","vimeo":"","title":"Forest Commercial Compliance","editDate":"2014-11-24 04:08:44","buildAvailable":"1","published":"0","publicationDate":null}