[{"id":"94816","courseId":"227","type":"1","summary":"Using Blink for Compliance Guidelines Education","index":"0","json":"{\"type\":1,\"intro\":{\"title\":\"Commercial COMPASS Compliance Course\",\"description\":\"Blink Training is a new platform for professional and consumer education as well as employee training. This Blink demo course shows how the platform can be used as an effective way for Forest Labs to ensure all relevant employees engage with the compliance rules and regulations - more so than just assuming those employees will read the manual.\",\"image\":\"7F881A3C-6CA8-6D67-915E-E4A5362D5A34.png\"},\"dossier\":false}","lite":"0","guid":"81143fbe-ce36-4dba-9c64-ad33537b6bd0","growth_activity":"0"},{"id":"94817","courseId":"227","type":"3","summary":"Burst 1","index":"1","json":"{\"type\":3,\"intro\":{\"title\":\"Blink and Compliance Training\",\"description\":\"Blink courses serve up content in small chunks (called Blinks) and arrange those Blinks into short sequences (called Bursts). In this first Burst, we&#39;ll see how Blink can help pharma employees learn about their company&#39;s FDA compliance procedures. In this Burst, you can earn two gems. Gems reflect how well you understand the material.&#10;&#10;&#10;&#10;&#10;&#10;&#10;&#10;&#10;To unlock the next Burst, you must accumulate at least 20 points.&#10;\",\"image\":\"6C650ACC-0165-F47D-E093-9A7EECB9ED34.png\",\"sound\":\"\",\"volume\":50},\"unlockscore\":\"20\",\"quicklink\":false,\"quotation\":\"\",\"dossier\":false}","lite":"0","guid":"8389dd33-6393-4f1b-8ef2-b5e6ddff03b3","growth_activity":"0"},{"id":"94818","courseId":"227","type":"6","summary":"Forest Materials","index":"2","json":"{\"type\":6,\"image\":\"39B2883A-3FC9-9A7F-E0C5-28141E2A660E.png\",\"presentation\":[{\"text\":\"Detailing Materials are Important Tools\",\"in\":0,\"time\":2,\"sound\":\"\",\"alignment\":0,\"size\":2,\"color\":\"#256ED7\"},{\"text\":\"Detailing materials are important tools in educating physicians and other HCPs about Forest products.  However, these materials are heavily regulated and subject to FDA scrutiny, and therefore must be handled carefully.\",\"in\":0,\"time\":3,\"sound\":\"\"}]}","lite":"0","guid":"6ced5056-b1cb-41c0-a1c1-48ceb0f4c57b","growth_activity":"0"},{"id":"94819","courseId":"227","type":"10","summary":"FDA Promo Material Compliance","index":"3","json":"{\"type\":10,\"dragdrop\":{\"timer\":60,\"layout\":0,\"goals\":[{\"isImage\":true,\"text\":\"\",\"image\":\"6CB86436-C20F-98B8-32D9-C99955298434.png\"}],\"items\":[{\"goal\":1,\"isImage\":false,\"text\":\"...balanced as to the benefits and risks.\",\"image\":\"F19E923D-3E4A-B446-ABE2-BE216C5B5B4A.png\",\"feedback\":[\"Yes, if benefits and risks are mentioned, they must be presented with a fair balance of the two.\",\"\"]},{\"goal\":1,\"isImage\":false,\"text\":\"...truthful.\",\"image\":\"22777385-C70A-5BA1-7D88-8C470FE52EAF.png\",\"feedback\":[\"Yes, all information must be truthful - AND NOT MISLEADING. Only via our multidisciplinary &#34;Red Folder&#34; process can a determination be made as to whether any statements are misleading.\",\"\"]},{\"goal\":1,\"isImage\":false,\"text\":\"...inclusive of prescription information.\",\"image\":\"A829A5FD-1525-E66F-BB36-981F75691589.png\",\"feedback\":[\"Yes. Where allowed this may be a brief summary of labeling - exceptions are made for reminder ads.\",\"\"]},{\"goal\":0,\"isImage\":false,\"text\":\"...precise in detailing off-label uses.\",\"image\":\"9410BF28-96EC-939A-28F0-A456D0EF1496.png\",\"feedback\":[\"\",\"That&#39;s incorrect. Promotional materials must not discuss &#34;off-label&#34; uses, including any information about indications, dosage forms, dose regimens, populations or other use parameters not mentioned in the approved labeling.  \"]},{\"goal\":0,\"isImage\":false,\"text\":\"...clearly highlighted and underlined.\",\"image\":\"795495D2-37FB-21B5-B8A4-75674579D6A0.png\",\"feedback\":[\"\",\"That&#39;s incorrect. Forest policy strictly prohibits the use of homemade materials of any kind - including any visual aid pages that have been altered with highlighting, laminating, cutting, obscuring, etc.\"]},{\"goal\":1,\"isImage\":false,\"text\":\"...approved via our Red-Folder review process.\",\"image\":\"1C772E23-32FB-472A-F121-B21890423EC7.png\",\"feedback\":[\"Yes. Only corporately approved materials may be used in promoting Forest products, as these materials have undergone multidisciplinary scrutiny based on FDA-approved product labeling in our &#34;Red Folder&#34; review process. \",\"\"]}],\"prompt\":\"According to Forest&#39;s compliance manual, all of the company&#39;s promotional materials are required to be:&#10;\",\"sound\":\"\"},\"feedback\":[\"\",\"\"],\"score\":\"80\",\"gems\":\"1\"}","lite":"0","guid":"85cb6457-8545-4660-88dc-10096a528da3","growth_activity":"0"},{"id":"94820","courseId":"227","type":"13","summary":"Allowed or Prohibited","index":"4","json":"{\"type\":13,\"thisthat\":{\"questions\":[{\"text\":\"ALLOWED OR PROHIBITED?&#10;&#10;Forest maintains strict guidelines as to what types of materials can be used for promotional purposes.&#10;&#10;Thank you notes with a product message are...\",\"correct\":\"Allowed\",\"wrong\":\"Prohibited\",\"value\":false,\"feedback\":[\"Yes, these are &#39;homemade&#39; materials that are prohibited.\",\"That&#39;s incorrect. These are &#39;homemade&#39; materials that are prohibited.\"]},{\"text\":\"ALLOWED OR PROHIBITED?&#10;&#10;Forest maintains strict guidelines as to what types of materials can be used for promotional purposes.&#10;&#10;Flip charts with product information or claims on them are...\",\"correct\":\"Allowed\",\"wrong\":\"Prohibited\",\"value\":false,\"feedback\":[\"Yes, these are considered to be homemade materials and are prohibited: even if they are written EXACTLY as it appears on other Forest-approved materials.\",\"That&#39;s incorrect. These are considered to be homemade materials and are prohibited: even if they are written EXACTLY as it appears on other Forest-approved materials.\"]},{\"text\":\"ALLOWED OR PROHIBITED?&#10;&#10;Forest maintains strict guidelines as to what types of materials can be used for promotional purposes.&#10;&#10;Reprints that have been approved via the Red Folder process are...\",\"correct\":\"Allowed\",\"wrong\":\"Prohibited\",\"value\":true,\"feedback\":[\"Yes, these are allowed, BUT not if they have any markings added: including the addition of a handwritten note describing study results, highlighting, underlining, etc.\",\"That&#39;s incorrect. These are allowed, BUT not if they have any markings added: including the addition of a handwritten note describing study results, highlighting, underlining, etc.\"]},{\"text\":\"ALLOWED OR PROHIBITED?&#10;&#10;Forest maintains strict guidelines as to what types of materials can be used for promotional purposes.&#10;&#10;Direct mail that has been approved via the Red Folder process are...\",\"correct\":\"Allowed\",\"wrong\":\"Prohibited\",\"value\":true,\"feedback\":[\"Yes, such direct mail is allowed - BUT it may only be sent to an approved panel of physicians and all physicians must have the opportunity to opt out of receiving direct mail from Forest, which must be honored. \",\"That is incorrect. Such direct mail is allowed - BUT it may only be sent to an approved panel of physicians and all physicians must have the opportunity to opt out of receiving direct mail from Forest, which must be honored. \"]}],\"timer\":60,\"noscore\":false},\"feedback\":[\"Good job. Product promotion helps physicians recognize and treat medical conditions, informs them about new therapies, and encourages appropriate treatment. But these materials MUST comply with legal and regulatory requirements and the highest industry ethical standards.  \",\"You missed some. Product promotion helps doctors recognize and treat medical conditions, informs them about new therapies, and encourages appropriate treatment. But these materials MUST comply with legal\/regulatory requirements and the highest industry ethical standards.\"],\"score\":\"80\",\"gems\":\"1\"}","lite":"0","guid":"d4b72e07-20e9-4c9a-a36e-cf1b9fcae0f8","growth_activity":"0"},{"id":"94821","courseId":"227","type":"4","summary":"Burst 1","index":"5","json":"{ \"type\":4}","lite":"0","guid":"30a704e3-a372-468e-a5be-2f502f9357f1","growth_activity":"0"},{"id":"94822","courseId":"227","type":"3","summary":"Healthcare Laws and Regulations","index":"6","json":"{\"type\":3,\"intro\":{\"title\":\"Healthcare Laws and Regulations\",\"description\":\"All Forest employees, particularly those who interact and communicate with members of the healthcare community are expected to have a basic understanding of the laws and regulations that apply to our business.\",\"image\":\"C64E6378-8153-208C-A684-1C878181E97F.png\",\"sound\":\"\",\"volume\":50},\"unlockscore\":0,\"quicklink\":false,\"quotation\":\"\"}","lite":"0","guid":"7f282a2d-d28f-4c33-a4e9-cddb7e71b578","growth_activity":"0"},{"id":"94823","courseId":"227","type":"9","summary":"List of Regulations","index":"7","json":"{\"type\":9,\"wordfill\":{\"text\":\"- Federal Anti-##3## law&#10;- FDA Laws and ##5##&#10;- False ##4## Act&#10;- Best Price and ##1## Requirements&#10;- ##2## Laws&#10;- Foreign ##6## Practices Act and U.K. ##8##&#10;- ##7## Laws and Regulations\",\"prompt\":\"The laws and regulations include:\",\"sound\":\"\",\"words\":[\"AWP\",\"Privacy\",\"Kickback\",\"Claims\",\"Regulations\",\"Corrupt\",\"State\",\"Bribery\"],\"timer\":60},\"feedback\":[\"Very good. Forestu2019s Commercial Compliance Guidelines are designed to ensure that all employees comply with these laws and regulations.  Full compliance with Forestu2019s Commercial Compliance Guidelines is therefore mandatory and protects both you and the Company.\",\"Okay. Forestu2019s Commercial Compliance Guidelines are designed to ensure that all employees comply with these laws and regulations.  Full compliance with Forestu2019s Commercial Compliance Guidelines is therefore mandatory and protects both you and the Company.\"],\"score\":\"160\",\"gems\":\"2\"}","lite":"0","guid":"959711cf-664d-4464-8c1c-84514745bb4f","growth_activity":"0"},{"id":"94824","courseId":"227","type":"8","summary":"Anti-Kickback Law","index":"8","json":"{\"type\":8,\"statement\":{\"prompt\":\"Under Forestu2019s Commercial Compliance Guidelines, \",\"wrong\":\"mandatory policy is|to potential liability\",\"statements\":[\"no employee may offer|an HCP or any customer|an improper inducement|for the purpose of|influencing prescribing|behavior or|formulary decisions.\"],\"ordered\":true,\"timer\":0,\"sound\":\"\"},\"feedback\":[\"Yes, you got it. Now, note: Failure to comply with this mandatory policy exposes both you and the Company to potential liability. \",\"You didn&#39;t get it. Remember: no employee may offer an HCP or any customer an improper inducement for the purpose of influencing prescribing behavior or formulary decisions. Failure to comply with this mandatory policy exposes both you and the Company to potential liability. \"],\"score\":\"140\",\"gems\":\"1\"}","lite":"0","guid":"6d51264b-51fd-4795-9b8b-472693506eb5","growth_activity":"0"},{"id":"94825","courseId":"227","type":"4","summary":"Blink and Drug Educatiion","index":"9","json":"{ \"type\":4}","lite":"0","guid":"f8aa9770-3523-4c74-bdd3-2164eff80961","growth_activity":"0"},{"id":"94826","courseId":"227","type":"3","summary":"Product Education","index":"10","json":"{\"type\":3,\"intro\":{\"title\":\"Product Education\",\"description\":\"A good sales force knows the details about the products they are presenting to customers. Blink can be used to teach about product.\",\"image\":\"0E49862A-9B07-75DE-E525-FB2333782C5F.png\",\"sound\":\"\",\"volume\":50},\"unlockscore\":\"20\",\"quicklink\":false,\"quotation\":\"\"}","lite":"0","guid":"bbce8887-bf6b-4593-8d50-6bb13aa54580","growth_activity":"0"},{"id":"94827","courseId":"227","type":"20","summary":"Xarelto is","index":"11","json":"{\"type\":20,\"multiple\":{\"timer\":60,\"answers\":[{\"correct\":true,\"text\":\"Is an orally active direct factor Xa inhibitor\",\"feedback\":\"Yes, Blah blah blah\"},{\"correct\":false,\"text\":\"Must be taken with food\",\"feedback\":\"No, blah blah blah\"},{\"correct\":true,\"text\":\"Is well absorbed from the gut\",\"feedback\":\"Yes, Blah blah blah\"},{\"correct\":true,\"text\":\"Affects maximum inhibition of factor Xa 4 hours after dose\",\"feedback\":\"Yes, Blah blah blah\"},{\"correct\":false,\"text\":\"Once daily dosing is not possible\",\"feedback\":\"No, blah blah bla\"}],\"sound\":\"\",\"text\":\"Touch all the correct statements that are referring to Xarelto.\"},\"feedback\":[\"All were correct.\",\"Some were incorrect.\"],\"score\":\"60\",\"gems\":\"1\"}","lite":"0","guid":"c04925f1-f0fe-4a15-b6ce-43e57392e4a1","growth_activity":"0"},{"id":"94828","courseId":"227","type":"10","summary":"Xarelto and Invokana","index":"12","json":"{\"type\":10,\"dragdrop\":{\"timer\":60,\"layout\":0,\"goals\":[{\"isImage\":true,\"text\":\"\",\"image\":\"BBE5D615-3C20-C527-5009-B9BB51C38C17.png\"},{\"isImage\":true,\"text\":\"\",\"image\":\"972BBD6E-6A70-857F-7E9E-470C0DFF4222.png\"}],\"items\":[{\"goal\":2,\"isImage\":false,\"text\":\"to prevent strokes in certain patients\",\"image\":\"\",\"feedback\":[\"Yes, Xarelto blah blah blah\",\"No, this is not a feature of Invokana\"]},{\"goal\":1,\"isImage\":false,\"text\":\"to lower blood sugar in certain adults\",\"image\":\"\",\"feedback\":[\"Yes, Invoakan BLAH BLAH BLAH\",\"No, this is not a feature of Xarelto\"]},{\"goal\":2,\"isImage\":false,\"text\":\"to prevent blood clots in veins of certain adults\",\"image\":\"\",\"feedback\":[\"Yes, Xarelto blah blah blah\",\"No, this is not a feature of Invokana\"]},{\"goal\":1,\"isImage\":false,\"text\":\"with adults with Type 2 Diabetes\",\"image\":\"\",\"feedback\":[\"Yes, Invokana blah blah blah\",\"No, this is not a feature of Xarelto\"]}],\"prompt\":\"Drag each fact to the right bottle to complete this sentence:&#10;&#10;This medication can be used...\",\"sound\":\"\"},\"feedback\":[\"You got it\",\"You didn&#39;t get it\"],\"score\":\"80\",\"gems\":\"1\"}","lite":"0","guid":"e2a37fc9-65d1-4745-8db3-a6f7d76f8fd2","growth_activity":"0"},{"id":"94829","courseId":"227","type":"12","summary":"Ivokana is used along...","index":"13","json":"{\"type\":12,\"orderitems\":{\"slots\":[\"Ivokana is used along\",\"\",\"\",\"\",\"\"],\"items\":[{\"text\":\"with diet and exercise\",\"slot\":2},{\"text\":\"to lower blood sugar (AC1)\",\"slot\":3},{\"text\":\"in adults with type\",\"slot\":4},{\"text\":\"2 diabetes\",\"slot\":5}],\"ordered\":true,\"timer\":0,\"sound\":\"\",\"prompt\":\"Drag from bottom to correct spot on top\"},\"feedback\":[\"\",\"\"],\"score\":0,\"gems\":0}","lite":"0","guid":"36ee4dbd-ba89-4157-984a-e85ce2b3598e","growth_activity":"0"},{"id":"94830","courseId":"227","type":"4","summary":"Product Education","index":"14","json":"{ \"type\":4}","lite":"0","guid":"170976f4-1ec5-4724-888c-836a62889e3a","growth_activity":"0"},{"id":"94831","courseId":"227","type":"2","summary":"Sample Relevant Bursts","index":"15","json":"{ \"type\":2}","lite":"0","guid":"81a5a7cd-c794-420c-8cae-398dfbd2b481","growth_activity":"0"}]