{"id":"305","authorId":"0","groupId":"0","credits":"2","dollars":"9.99","summary":"Interact and learn to win as a Public Speaker","description":"This 'In a Blink' course will help you to quickly learn and retain Dale Carnegie's winning formula for effective pubic speaking. Develop self-confidence, get tips for opening and closing, and learn how to truly influence your audience.","date":"2016-02-08 15:08:12","iconURL":"icon303.jpg","imageURL":"image303.jpg","vimeo":"","title":"Public Speaking to Win...In a Blink! - DEMO VERSION","editDate":"2016-02-08 15:08:31","buildAvailable":"0","published":"0","publicationDate":null}