{"id":"323","authorId":"4","groupId":"0","credits":"100","dollars":"9.99","summary":"Your Best Friend's Advice about Succeeding as a College Freshman","description":"You're leaving me? I don't want you to go. But if you must go, play this course first so I can teach you to do college right! How to make friends (without sniffing butt), where to find treats, how to train your roommate, you know. Can you rub my belly one last time?","date":"2016-04-03 11:54:08","iconURL":"icon323.jpg","imageURL":"image323.jpg","vimeo":"","title":"The Doggone Truth About College","editDate":"2017-03-13 17:00:07","buildAvailable":"1","published":"1","publicationDate":null,"listOrder":"6"}