[{"id":"844273","courseId":"323","type":"3","summary":"Review of Reviews","index":"0","json":"{\"type\":3,\"intro\":{\"title\":\"Review of Reviews\",\"description\":\"We&#39;ve taken all the review screens and put them into this Activity so you can go back to them any time. We hope they help you to make an awesome impact on the world!\",\"image\":\"\",\"sound\":\"\",\"volume\":50},\"unlockscore\":0,\"quicklink\":false,\"quotation\":\"\"}","lite":"0","guid":"bed223ee-b6ac-40e8-8d48-cd499eba48dc","growth_activity":"1"},{"id":"844274","courseId":"323","type":"6","summary":"Dealing with Humans","index":"1","json":"{\"type\":6,\"image\":\"\",\"presentation\":[{\"text\":\"Dealing with Humans\",\"in\":1,\"time\":1,\"sound\":\"\",\"size\":2,\"color\":\"#256ED7\"},{\"text\":\"- Everyone you meet is feeling the same as you.&#10;- Learn to listen more than you talk.&#10;- No whining, yelling, pre-judging or demanding.&#10;- Don&#39;t try to impress everyone you meet.&#10;- Practice being friendly.&#10;- Don&#39;t forget about &#39;me&#39; time.&#10;- Prepare to be at least a little overwhelmed as a freshman.\",\"in\":1,\"time\":2,\"sound\":\"\"}]}","lite":"0","guid":"85e2e939-4974-4b94-8ad2-33c356dbd0e7","growth_activity":"1"},{"id":"844275","courseId":"323","type":"6","summary":"Training Your Roommate","index":"2","json":"{\"type\":6,\"image\":\"\",\"presentation\":[{\"text\":\"Training Your Roommate\",\"in\":1,\"time\":1,\"sound\":\"\",\"size\":2,\"color\":\"#256ED7\"},{\"text\":\"- Communication is Rule Number 1, 2, and 3.&#10;- When POOP happens, SCOOP it up in a rational, calm, open way.&#10;- Build a schedule that works for both of you.&#10;- Respect each other&#39;s tastes and opinions, even if you don&#39;t agree with them.\",\"in\":1,\"time\":2,\"sound\":\"\"}]}","lite":"0","guid":"3dc84c1e-27b1-44f7-80a0-799af6e22970","growth_activity":"1"},{"id":"844276","courseId":"323","type":"6","summary":"Making Friends, Fitting In","index":"3","json":"{\"type\":6,\"image\":\"\",\"presentation\":[{\"text\":\"Making Friends, Fitting In\",\"in\":1,\"time\":1,\"sound\":\"\",\"size\":2,\"color\":\"#256ED7\"},{\"text\":\"- Take a genuine interest in the other person.&#10;- To fit in with the pack, go with the flow and be positive. Don&#39;t lose yourself. Bring your best self.&#10;- Be open, not reckless. The rules of life have not been suspended.&#10;- If partying interferes with your studies, activities or building real relationships, then it&#39;s time to re-balance your life.\",\"in\":1,\"time\":2,\"sound\":\"\"}]}","lite":"0","guid":"dd5db4b7-dd73-4abf-8604-e269df7df78c","growth_activity":"1"},{"id":"844277","courseId":"323","type":"6","summary":"Feelings","index":"4","json":"{\"type\":6,\"image\":\"\",\"presentation\":[{\"text\":\"Feelings\",\"in\":1,\"time\":1,\"sound\":\"\",\"size\":2,\"color\":\"#256ED7\"},{\"text\":\"- It&#39;s okay to feel lonely. Consider these feelings growing pains.&#10;- If you feel homesick, try getting involved in campus activities. &#10;- If these feelings get a little RUFFer, talk to your RA.&#10;- Learn to practice kindness by being helpful and positive to others.\",\"in\":1,\"time\":2,\"sound\":\"\"}]}","lite":"0","guid":"a8ff8da1-562e-49a4-b6a2-8cb96066ab93","growth_activity":"1"},{"id":"844278","courseId":"323","type":"6","summary":"Classes","index":"5","json":"{\"type\":6,\"image\":\"\",\"presentation\":[{\"text\":\"Classes\",\"in\":1,\"time\":1,\"sound\":\"\",\"size\":2,\"color\":\"#256ED7\"},{\"text\":\"- Go to your classes prepared and ready to focus.&#10;- Take notes and review them while the material is still fresh in your mind.&#10;- When reading books for class, mark them up in a way that really helps you to understand the material.&#10;- Go see your professors the first week of classes and express a genuine interest in their class.&#10;- Take responsibility for your education.&#10;\",\"in\":1,\"time\":2,\"sound\":\"\"}]}","lite":"0","guid":"4f39388d-c20e-41cd-bfe2-8fecd290e532","growth_activity":"1"},{"id":"844279","courseId":"323","type":"6","summary":"Exams and Papers","index":"6","json":"{\"type\":6,\"image\":\"\",\"presentation\":[{\"text\":\"Exams and Papers\",\"in\":1,\"time\":1,\"sound\":\"\",\"size\":2,\"color\":\"#256ED7\"},{\"text\":\"- Don&#39;t study in your dorm room. Find a place on campus that is right for you and the way you study.&#10;- Create a study schedule and stay committed to it.&#10;- Give yourself enough time to study for tests.&#10;- Get a good night&#39;s rest before the test, and do something relaxing before you take the test.  &#10;- Use all the time you have for a test and review your work.&#10;- Tests are important, but the goal is to really learn the material.&#10;- Writing is an iterative process. Keep making your papers better.\",\"in\":1,\"time\":2,\"sound\":\"\"}]}","lite":"0","guid":"344135b7-4c1c-486a-a61a-c224fe5ee113","growth_activity":"1"},{"id":"844280","courseId":"323","type":"6","summary":"Getting Your POOP Together","index":"7","json":"{\"type\":6,\"image\":\"\",\"presentation\":[{\"text\":\"Getting Your POOP Together\",\"in\":1,\"time\":1,\"sound\":\"\",\"size\":2,\"color\":\"#256ED7\"},{\"text\":\"- Schedule your time so you know you&#39;ll get your work done.&#10;- Keep track of when assignments and tests are scheduled.&#10;- Organization leads to less stress and more fun.&#10;- Schedule morning classes and busier days early in the week. &#10;- Get to know one or two classmates in each class.\",\"in\":1,\"time\":2,\"sound\":\"\"}]}","lite":"0","guid":"717fc589-b6d5-4a32-91fa-706460b2c6ae","growth_activity":"1"},{"id":"844281","courseId":"323","type":"6","summary":"Money and Budgeting","index":"8","json":"{\"type\":6,\"image\":\"\",\"presentation\":[{\"text\":\"Money and Budgeting\",\"in\":1,\"time\":1,\"sound\":\"\",\"size\":2,\"color\":\"#256ED7\"},{\"text\":\"- Make a budget that covers everything from necessities to fun.&#10;- Avoid splurging, but allow yourself some fun funds.&#10;- Pay your bills when you receive them.&#10;- Start building credit in college so that you have a BICHON credit &#10;  score when you graduate.\",\"in\":1,\"time\":2,\"sound\":\"\"}]}","lite":"0","guid":"a131347a-f304-4880-9bb9-4cb7a7a679f7","growth_activity":"1"},{"id":"844282","courseId":"323","type":"6","summary":"Staying Healthy","index":"9","json":"{\"type\":6,\"image\":\"\",\"presentation\":[{\"text\":\"Staying Healthy\",\"in\":1,\"time\":1,\"sound\":\"\",\"size\":2,\"color\":\"#256ED7\"},{\"text\":\"- Eat more plant-based foods than animal-based&#10;- Schedule your dinners&#10;- Keep healthy snacks available&#10;- Exercise three times a week&#10;- Create and follow a sleep schedule.\",\"in\":1,\"time\":2,\"sound\":\"\"}]}","lite":"0","guid":"45a7773e-9b88-4b18-974a-b95b79c3dd17","growth_activity":"1"},{"id":"844283","courseId":"323","type":"6","summary":"Laundry, Textbooks, Public Speaking","index":"10","json":"{\"type\":6,\"image\":\"\",\"presentation\":[{\"text\":\"Laundry, Textbooks, Public Speaking\",\"in\":1,\"time\":1,\"sound\":\"\",\"size\":2,\"color\":\"#256ED7\"},{\"text\":\"- When doing laundry, read labels, wash colors separately, chill!&#10;- Take your clothes right out of washers and dryers when done.&#10;- Buy used textbooks online. Just make sure they are the exact ones you need.&#10;- Take a public speaking course. It will help you in many ways.\",\"in\":1,\"time\":2,\"sound\":\"\"}]}","lite":"0","guid":"aeeeef30-73b2-4742-b6bd-60ea19d0551a","growth_activity":"1"},{"id":"844284","courseId":"323","type":"6","summary":"Goals","index":"11","json":"{\"type\":6,\"image\":\"\",\"presentation\":[{\"text\":\"Goals\",\"in\":1,\"time\":1,\"sound\":\"\",\"size\":2,\"color\":\"#256ED7\"},{\"text\":\"- Set some freshman year goals.&#10;- Set weekly goals with deadlines, then review and learn from your patterns of behavior.&#10;- In the evening, prioritize your tasks for the next day.&#10;- Don&#39;t procrastinate: the first thing you should do every day is the task you are trying to avoid.&#10;- To relieve stress: breathe, be in the moment, let your thoughts go. Then prioritize.\",\"in\":1,\"time\":2,\"sound\":\"\"}]}","lite":"0","guid":"d1577132-58c2-4895-af98-3fc41d5f4393","growth_activity":"1"},{"id":"844285","courseId":"323","type":"6","summary":"Self-Control","index":"12","json":"{\"type\":6,\"image\":\"\",\"presentation\":[{\"text\":\"Self-Control\",\"in\":1,\"time\":1,\"sound\":\"\",\"size\":2,\"color\":\"#256ED7\"},{\"text\":\"- Self-control means controlling your emotions and behaviors in the face of impulses and temptations.&#10;- Self-control is like a muscle: the more you use it, the stronger it gets.&#10;- If you have self-control, you can start building good habits.&#10;- To develop a new habit you have to keep at it even when the payoff seems to have gone away.&#10;- You must take responsibility for your life. Admit mistakes, learn from them and move forward.\",\"in\":1,\"time\":2,\"sound\":\"\"}]}","lite":"0","guid":"b3f1c2eb-bdbc-4ea0-89fb-1d7037b03e93","growth_activity":"1"},{"id":"844286","courseId":"323","type":"6","summary":"Expand Your Comfort Zone","index":"13","json":"{\"type\":6,\"image\":\"\",\"presentation\":[{\"text\":\"Expand Your Comfort Zone\",\"in\":1,\"time\":1,\"sound\":\"\",\"size\":2,\"color\":\"#256ED7\"},{\"text\":\"- Trust yourself and seize the moment. Get involved. &#10;- Failing can set you free to try new things.&#10;- All lives have their POOP and their TREATS. Don&#39;t compare.&#10;- Be honest about where you are so you can figure out how to get to where you want to be.&#10;- As your horizons expand, your path may change. &#10;- It&#39;s okay if the &#39;you&#39; you discover, isn&#39;t the person you expected.&#10;- Be grateful for all the opportunities you&#39;ve been given.&#10;- Make an awesome impact on the world.&#10;&#10;&#10;\",\"in\":1,\"time\":1,\"sound\":\"\"}]}","lite":"0","guid":"70d684b3-c3c3-4d41-aa2c-2c3fde24cb0c","growth_activity":"1"},{"id":"844287","courseId":"323","type":"4","summary":"Ten Dorm Tips","index":"14","json":"{ \"type\":4}","lite":"0","guid":"dd2382cb-b6d5-4ca7-be35-87f9fe53246b","growth_activity":"1"},{"id":"844288","courseId":"323","type":"3","summary":"Credits, Copyright and Contact Info","index":"15","json":"{\"type\":3,\"intro\":{\"title\":\"Credits, Copyright and Contact Info\",\"description\":\"Here is a list of the great people who have helped to make Blink Training and this course a reality. We have one wish: that you use Blink Training to create positive change in your life and in the world.\",\"image\":\"\",\"sound\":\"\",\"volume\":50},\"unlockscore\":0,\"quicklink\":false,\"quotation\":\"\"}","lite":"0","guid":"025d25a2-0c4e-46ee-8025-d3e7709f7aec","growth_activity":"1"},{"id":"844289","courseId":"323","type":"5","summary":"Credits, Copyright, and Contact Info","index":"16","json":"{\"type\":5,\"ebook\":\"50A091AE-FD16-C7EB-B092-099CC23E9030.pdf\"}","lite":"0","guid":"4a08012d-b2fe-40c3-8df1-d2e670da76c9","growth_activity":"1"},{"id":"844290","courseId":"323","type":"4","summary":"Credits, Copyright and Contact Info","index":"17","json":"{ \"type\":4}","lite":"0","guid":"8cdb545a-7622-4cde-89d7-9d8efe837250","growth_activity":"1"}]