{"id":"166","credits":"2","dollars":"9.99","summary":"Learn to communicate with confidence in your business and personal life.","description":"Learn to use the essential elements of trust, credibility, and confident behavior to communicate effectively and confidently.","date":"2014-08-22 02:29:18","iconURL":"icon159.jpg","imageURL":"image159.jpg","vimeo":"","title":"The Confident Communicator - Fri Morning Backup","editDate":"2014-08-22 02:29:44","buildAvailable":"0","published":"0","publicationDate":null}