[{"id":"598255","courseId":"312","type":"3","summary":"Blink and Self Improvement","index":"1","json":"{\"type\":3,\"intro\":{\"title\":\"Blink and Self Improvement\",\"description\":\"Our initial courses are based on self-improvement classics, such as &#34;Think and Grow Rich&#34; and &#34;The Power of Your Subconscious Mind.&#34; &#10;&#10;We handcraft our courses so they capture the nuggets of knowledge as well as the color of the author&#39;s point of view. &#10;&#10;Let&#39;s show you what we mean.\",\"image\":\"\",\"sound\":\"\",\"volume\":9},\"unlockscore\":\"175\",\"quicklink\":false,\"quotation\":\"\",\"unlockActivity\":\"none\",\"dossier\":false}","lite":"1","guid":"b6b4d633-6de7-40cd-aa70-cc057a89e5fa","growth_activity":"0"},{"id":"598257","courseId":"312","type":"13","summary":"The Science of Getting Rich","index":"3","json":"{\"type\":13,\"thisthat\":{\"questions\":[{\"text\":\"The Science of Getting Rich&#10;&#10;According to Wallace Wattles, the object of all life is:\",\"correct\":\"Development\",\"wrong\":\"Decay\",\"value\":true,\"feedback\":[\"Correct, and even if you weren&#39;t sure, now you learned something. Teaching by asking questions has its roots in ancient Greece and it can be very powerful. We do it a lot in Blink, and in Blink, you can earn points and gems!\",\"The answer is &#39;development.&#39; But even by answering incorrectly you can learn something. Teaching by asking questions has its roots in ancient Greece and it can be very powerful. We do it a lot in Blink, and in Blink, you can earn points and gems!\"]},{\"text\":\"Everything that lives has the inalienable right to develop as much as:\",\"correct\":\"Others will allow it\",\"wrong\":\"It is capable of developing\",\"value\":false,\"feedback\":[\"Yes, everything that lives has the inalienable right to develop as much as it is capable of developing. \",\"Nope, as Wattles writes, everything that lives has the inalienable right to develop as much as it is capable of developing. It is not Nature&#39;s way to allow others to limit your growth.\"]},{\"text\":\"You have the right to use everything that may be necessary for your fullest mental, spiritual and physical unfoldment. &#10;&#10;In other words, you have the:\",\"correct\":\"Right to be rich\",\"wrong\":\"Moral obligation to suffer\",\"value\":true,\"feedback\":[\"Yes, doesn&#39;t that sound good? You have the RIGHT to be rich. (And you can use Blink to help you to get there.)\",\"No, you do NOT have the moral obligation to suffer, at least not according to Wallace Wattles. You have the RIGHT to be rich. So, make use of that right. (And you can use Blink to help you to get there.)\"]}],\"timer\":120,\"noscore\":false},\"feedback\":[\"This is one type of activity we use. How&#39;d you do? Touch the Blink Eye on the left to open and close the score menu. Reminder: to exit a course, touch those 3 blue lines above on the left, then My Courses. (But stay awhile. There&#39;s more to learn.)\",\"This is one type of activity we use. How&#39;d you do? Touch the Blink Eye on the left to open and close the score menu. Reminder: to exit a course, touch those 3 blue lines above on the left, then My Courses.  (But stay awhile. There&#39;s more to learn.)\"],\"score\":\"150\",\"gems\":\"1\"}","lite":"1","guid":"546b5ac2-2578-44e3-b7ca-5399604dbf49","growth_activity":"0"},{"id":"598258","courseId":"312","type":"12","summary":"To Truly Be Rich","index":"4","json":"{\"type\":12,\"orderitems\":{\"slots\":[\"Start of statement\",\"\",\"End of statement\"],\"items\":[{\"text\":\"To be content\",\"slot\":1},{\"text\":\"with less\",\"slot\":2},{\"text\":\"is sinful.\",\"slot\":3}],\"ordered\":true,\"timer\":120,\"sound\":\"\",\"prompt\":\"Wattles writes: &#34;You should have all that can contribute to the power, elegance, beauty, and richness of your life.&#34; Drag each yellow rectangle to the correct orange space to finish his thought. Then touch Done.\"},\"feedback\":[\"Very good. &#34;To be content with less is sinful.&#34; Pretty strong stuff. He didn&#39;t pull any punches.\",\"He said: &#34;To be content with less is sinful.&#34; Pretty strong stuff. He didn&#39;t pull any punches.\"],\"score\":\"150\",\"gems\":\"1\"}","lite":"1","guid":"128321f5-964e-4ada-bde5-a998e773a444","growth_activity":"0"},{"id":"598264","courseId":"312","type":"4","summary":"You Need Money for a Complete Life","index":"10","json":"{ \"type\":4}","lite":"1","guid":"1c7eb215-a5ea-4b9d-b0b4-91cd696e9638","growth_activity":"0"}]