[{"id":"84728","courseId":"104","type":"1","summary":"Unit 1","index":"0","json":"{ \"type\":1}","lite":"0","guid":"","growth_activity":"0"},{"id":"84729","courseId":"104","type":"3","summary":"Burst Two","index":"1","json":"{ \"type\":3}","lite":"0","guid":"","growth_activity":"0"},{"id":"84730","courseId":"104","type":"7","summary":"New Type","index":"2","json":"{ \"type\":7}","lite":"0","guid":"","growth_activity":"0"},{"id":"84731","courseId":"104","type":"8","summary":"What goes together?","index":"3","json":"{ \"type\":8}","lite":"0","guid":"","growth_activity":"0"},{"id":"84732","courseId":"104","type":"7","summary":"Slider with text","index":"4","json":"{ \"type\":7}","lite":"0","guid":"","growth_activity":"0"},{"id":"84733","courseId":"104","type":"13","summary":"Does this work?","index":"5","json":"{ \"type\":13}","lite":"0","guid":"","growth_activity":"0"},{"id":"84734","courseId":"104","type":"16","summary":"Make this better","index":"6","json":"{ \"type\":16}","lite":"0","guid":"","growth_activity":"0"},{"id":"84735","courseId":"104","type":"15","summary":"Working yet?","index":"7","json":"{ \"type\":15}","lite":"0","guid":"","growth_activity":"0"},{"id":"84736","courseId":"104","type":"4","summary":"Burst Two","index":"8","json":"{ \"type\":4}","lite":"0","guid":"","growth_activity":"0"},{"id":"84737","courseId":"104","type":"2","summary":"Unit 1","index":"9","json":"{ \"type\":2}","lite":"0","guid":"","growth_activity":"0"},{"id":"84738","courseId":"104","type":"1","summary":"Unit 2","index":"10","json":"{ \"type\":1}","lite":"0","guid":"","growth_activity":"0"},{"id":"84739","courseId":"104","type":"3","summary":"Burst one","index":"11","json":"{ \"type\":3}","lite":"0","guid":"","growth_activity":"0"},{"id":"84740","courseId":"104","type":"6","summary":"The Night Was Cold","index":"12","json":"{ \"type\":6}","lite":"0","guid":"","growth_activity":"0"},{"id":"84741","courseId":"104","type":"6","summary":"First","index":"13","json":"{ \"type\":6}","lite":"0","guid":"","growth_activity":"0"},{"id":"84742","courseId":"104","type":"6","summary":"First","index":"14","json":"{ \"type\":6}","lite":"0","guid":"","growth_activity":"0"},{"id":"84743","courseId":"104","type":"6","summary":"Second","index":"15","json":"{ \"type\":6}","lite":"0","guid":"","growth_activity":"0"},{"id":"84744","courseId":"104","type":"6","summary":"Second","index":"16","json":"{ \"type\":6}","lite":"0","guid":"","growth_activity":"0"},{"id":"84745","courseId":"104","type":"6","summary":"Third","index":"17","json":"{ \"type\":6}","lite":"0","guid":"","growth_activity":"0"},{"id":"84746","courseId":"104","type":"9","summary":"I will not deny it","index":"18","json":"{ \"type\":9}","lite":"0","guid":"","growth_activity":"0"},{"id":"84747","courseId":"104","type":"6","summary":"A black limosine","index":"19","json":"{ \"type\":6}","lite":"0","guid":"","growth_activity":"0"},{"id":"84748","courseId":"104","type":"8","summary":"I will not deny it.","index":"20","json":"{ \"type\":8}","lite":"0","guid":"","growth_activity":"0"},{"id":"84749","courseId":"104","type":"7","summary":"Who was Jack Meltarch?","index":"21","json":"{ \"type\":7}","lite":"0","guid":"","growth_activity":"0"},{"id":"84750","courseId":"104","type":"4","summary":"Burst one","index":"22","json":"{ \"type\":4}","lite":"0","guid":"","growth_activity":"0"},{"id":"84751","courseId":"104","type":"2","summary":"Unit 2","index":"23","json":"{ \"type\":2}","lite":"0","guid":"","growth_activity":"0"}]