[{"id":"90338","courseId":"220","type":"1","summary":"Printers","index":"0","json":"{\"type\":1,\"intro\":{\"title\":\"The Right Printer for Every Customer\",\"description\":\"Staples sells many different types of printers. It&#39;s important for you to become familiar with the unique combination of features for each printer so that you can find the printer that most closely matches the customer&#39;s needs.&#10;&#10;&#10;&#10;&#10;&#10;&#10;&#10;&#10;&#10;You should be able to find the right printer for each customer.\",\"image\":\"A2D9405E-878A-1CF2-E5B5-08E580525ABC.png\"},\"dossier\":false}","lite":"0","guid":"30d0c6ef-236b-46ba-aa96-ee81d0ec5458","growth_activity":"0"},{"id":"90339","courseId":"220","type":"3","summary":"Epson WF-2540","index":"1","json":"{\"type\":3,\"intro\":{\"title\":\"The Epson WF-2540\",\"description\":\"Ideal for the space-constrained home office, the WorkForce WF-2540 is a fast, high-performance all-in-one that offers affordable, individual ink cartridges and a space saving, compact design.&#10;&#10;&#10;&#10;&#10;&#10;&#10;&#10;&#10;&#10;&#10;The WF-2540 is the smallest in its class.\",\"image\":\"C4003EA5-4375-463F-7F77-29E1803B552F.png\",\"sound\":\"\",\"volume\":11},\"unlockscore\":\"80\",\"quicklink\":false,\"quotation\":\"\"}","lite":"0","guid":"b9463959-41ce-454f-81c4-bacfd618b92f","growth_activity":"0"},{"id":"90340","courseId":"220","type":"9","summary":"Specs 1","index":"2","json":"{\"type\":9,\"wordfill\":{\"text\":\"Easy navigation: the WF-2540 has a 2.5&#34; ##3##.&#10;Time saving: prints 9 ##1## (black) and 4.7 ISO ppm (color).&#10;Convenience: 30-page Automatic Document ##2##. &#10;Easy Setup & Sharing: both wired and ##4## connectivity. &#10;EPSON Connect: Print and scan from ##6##.&#10;Scan Resolution (maximum): 1200 X 2400 ##5##.\",\"prompt\":\"Try to figure out which words go where.\",\"sound\":\"\",\"words\":[\"ISO ppm\",\"Feeder\",\"LCD\",\"wireless\",\"dpi\",\"anywhere\"],\"timer\":60},\"feedback\":[\"You got it! The WF-2540 has a solid set of features that can help any small business to operate efficiently. \",\"You didn&#39;t get it, but remember that the WF-2540 has a solid set of features that can help any small business to operate efficiently. \"],\"score\":\"160\",\"gems\":\"1\"}","lite":"0","guid":"fd23b901-b26b-4307-8bf3-8291d0eeca71","growth_activity":"0"},{"id":"90341","courseId":"220","type":"12","summary":"Overview Mix up","index":"3","json":"{\"type\":12,\"orderitems\":{\"slots\":[\"Start of description\",\"\",\"\",\"\",\"\",\"end of description.\"],\"items\":[{\"text\":\"The WF-2540 is ideal for the space\",\"slot\":1},{\"text\":\"constrained home office and it\",\"slot\":2},{\"text\":\"is a fast, high-performance\",\"slot\":3},{\"text\":\"all-in-one that offers affordable, individual\",\"slot\":4},{\"text\":\"ink cartridges and a space\",\"slot\":5},{\"text\":\"saving, compact design.\",\"slot\":6}],\"ordered\":true,\"timer\":60,\"sound\":\"\",\"prompt\":\"Can you piece together this printer&#39;s overview?&#10;&#10;\"},\"feedback\":[\"Yes, the WorkForce WF-2540 is a great printer for a small, home-based business. Before we continue, review the following spec sheet.\",\"Some were not correct. But, be aware that the WorkForce WF-2540 is a great printer for small, home-based businesses. Before we continue, review the following spec sheet.\"],\"score\":\"120\",\"gems\":\"1\"}","lite":"0","guid":"9b656745-0e37-4697-ba2b-f0cf76e7c65f","growth_activity":"0"},{"id":"90342","courseId":"220","type":"5","summary":"Specs","index":"4","json":"{\"type\":5,\"ebook\":\"3C6D3F23-BAD8-34EB-044E-BD337E9F3707.pdf\"}","lite":"0","guid":"40505ac8-efc3-4644-9577-c18ce721d6db","growth_activity":"0"},{"id":"90343","courseId":"220","type":"13","summary":"Can you answer?","index":"5","json":"{\"type\":13,\"thisthat\":{\"questions\":[{\"text\":\"The WorkForce WF-2540 is a fast home office printer. &#10;&#10;How many black and white pages can it print per minute?\",\"correct\":\"3\",\"wrong\":\"9\",\"value\":false,\"feedback\":[\"Yes, this printer is fast and can also print 4.7 color pages per minute. This is ideal for a home office.\",\"No, 3 pages per minute is slow. The WF-2540 is fast and prints 9 ISO ppm (black) and 4.7 ISO (color).\"]},{\"text\":\"The WF-2540 is an all-in-one printer.&#10;&#10;This means it can do which four functions?\",\"correct\":\"Connect, share, navigate, produce\",\"wrong\":\"Print, copy, scan, fax\",\"value\":false,\"feedback\":[\"Yes, the WF-2540 prints, copies, scans and faxes - that&#39;s what all-in-one refers to for all printers we sell. Be aware though, that this printer connects wirelessly, shares on a network, has easy navigation and sure does produce!\",\"No, that&#39;s not what all-in-one refers to. Print, copy, scan and fax is the correct answer. Be aware though, that this printer connects wirelessly, shares on a network, has easy navigation and sure can produce!\"]},{\"text\":\"The WF-2540 comes with both wired and built-in wireless connectivity for easy setup and sharing on home office networks. &#10;&#10;The speed 10\/100 Mbps refers to which type of connectivity?\",\"correct\":\"Wired Ethernet\",\"wrong\":\"Wireless\",\"value\":true,\"feedback\":[\"Yes, that is the speed for a wired connection. Oh, also, you should know that this printer comes with a USF interface, too, in case someone wants to connect it directly to a single computer.\",\"No, that is the speed for a wired connection. Oh, also, you should know that this printer comes with a USB interface, too, in case someone wants to connect it directly to a single computer.\"]},{\"text\":\"The WF-2540 uses which of the following print technologies?\",\"correct\":\"Laser\",\"wrong\":\"Inkjet\",\"value\":false,\"feedback\":[\"Yes, it is an inkjet printer.\",\"That is incorrect. The WF-2540 is an inkjet printer.\"]},{\"text\":\"The WF-2540 supports plain paper, EPSON bright paper, brochure and flyer paper matte double-sided, Presentation Paper Matte and other media types.&#10;&#10;To help make use of these multiple media types, the printer comes with how many paper trays?\",\"correct\":\"2\",\"wrong\":\"3\",\"value\":true,\"feedback\":[\"Yes, 2 paper trays allow the user to have two types of paper loaded for ease of use.\",\"That is incorrect. The WF-2540 has 2 trays. If a customer desired more trays, they are probably a heavier printer user and you should suggest a heavier-duty printer.\"]}],\"timer\":90,\"noscore\":false},\"feedback\":[\"The WF-2540 will be suitable for most home office needs. It&#39;s a great printer at a great price. \",\"The WF-2540 will be suitable for most home office needs. It&#39;s a great printer at a great price.\"],\"score\":\"100\",\"gems\":\"1\"}","lite":"0","guid":"d3a21fd9-dda0-433c-87a8-4d1b37e89974","growth_activity":"0"},{"id":"90344","courseId":"220","type":"12","summary":"Spec Place","index":"6","json":"{\"type\":12,\"orderitems\":{\"slots\":[\"Max Scan Resolution\",\"Max Paper Size\",\"Printer Type\",\"Print Technology\",\"Shop by use\",\"Type of printer connectivity\"],\"items\":[{\"text\":\"All in one\",\"slot\":3},{\"text\":\"Inkjet\",\"slot\":4},{\"text\":\"1200 X 2400 dpi\",\"slot\":1},{\"text\":\"Home Office\/Small Business\",\"slot\":5},{\"text\":\"USB, wireless, network-ready\",\"slot\":6},{\"text\":\"8.5&#34; by 11&#34;\",\"slot\":2}],\"ordered\":true,\"timer\":60,\"sound\":\"\",\"prompt\":\"Drag the spec from below to the correct spec type above.\"},\"feedback\":[\"All were correct. You&#39;re getting to know the WF-2540 printer. That&#39;s great because it&#39;s a great value for the right customer.\",\"Some were not correct. You should get to know the WF-2540 printer because it&#39;s a great value for the right customer.\"],\"score\":\"120\",\"gems\":\"1\"}","lite":"0","guid":"2f946bb2-5464-4b65-8e38-a99dfc47697c","growth_activity":"0"},{"id":"90345","courseId":"220","type":"20","summary":"Which customers?","index":"7","json":"{\"type\":20,\"multiple\":{\"timer\":60,\"answers\":[{\"correct\":false,\"text\":\"Busy contractor who prints a few hundred pages a day\",\"feedback\":\"No, this customer would need a heavier duty printer.\"},{\"correct\":true,\"text\":\"Small businessperson who is interested in speed and quality\",\"feedback\":\"Yes, this customer would be a good fit for this printer.\"},{\"correct\":false,\"text\":\"Medium size office with 5 to 10 users\",\"feedback\":\"No, you should probably steer this customer towards one of our Laser printers.\"},{\"correct\":true,\"text\":\"College student who wants speed and network connectivity\",\"feedback\":\"This customer would be a good fit for this printer.\"}],\"sound\":\"\",\"text\":\"Which customer(s) are a good fit for the WF-2540?\"},\"feedback\":[\"Yes, they are all correct. Now you can close this window and touch any answer for more info. Then touch Next when you&#39;re ready to move on.\",\"Some are incorrect. Now you can close this window and touch any answer for more info. Then touch Next when you&#39;re ready to move on.\"],\"score\":\"80\",\"gems\":\"1\"}","lite":"0","guid":"bf9452d8-2d9e-4f7a-95ff-4a32ab8d7eb8","growth_activity":"0"},{"id":"90346","courseId":"220","type":"10","summary":"Review","index":"8","json":"{\"type\":10,\"dragdrop\":{\"timer\":60,\"layout\":0,\"goals\":[{\"isImage\":true,\"text\":\"\",\"image\":\"C46A1AEA-CE3A-DF5C-CF21-552673910B3B.png\"}],\"items\":[{\"goal\":1,\"isImage\":false,\"text\":\"EPSON Connect\",\"image\":\"\",\"feedback\":[\"Yes! Print and scan from anywhere - convenient mobile printing from smartphones, tablets and more; also supports Apple AirPrint and Google Cloud Print.\",\"\"]},{\"goal\":1,\"isImage\":false,\"text\":\"Network ready\",\"image\":\"\",\"feedback\":[\"Yes! Included is a wired Ethernet adapter that can be used to connect with a wired router or hub and a wireless 802.11 b\/g\/n adapter that can connect with a wireless router. After connection, any computer also present on the network can use the device. \",\"\"]},{\"goal\":0,\"isImage\":false,\"text\":\"Two-sided printing\",\"image\":\"\",\"feedback\":[\"\",\"You must be thinking of another printer. The WF-2540 will fill most home office needs, but to get more advanced features, you&#39;d need to point the customer to a different model.\"]},{\"goal\":1,\"isImage\":false,\"text\":\"Good value\",\"image\":\"\",\"feedback\":[\"Yes! It&#39;s hard to beat all these features for the price. For a home or a small home office, the WF-2540 is a great choice.\",\"\"]},{\"goal\":0,\"isImage\":false,\"text\":\"2400 X 3600 dpi max scan res\",\"image\":\"\",\"feedback\":[\"\",\"No, this printer&#39;s max scan resolution is 1200 x 2400 dpi. If the customer wants a higher resolution, show them higher end models.\"]},{\"goal\":1,\"isImage\":false,\"text\":\"Small footprint\",\"image\":\"\",\"feedback\":[\"Yes! The WF-2540 is perfect for the space-constrained home office with a space saving, compact design - the smallest in its class.\",\"\"]}],\"prompt\":\"Drag each correct feature to the printer.\",\"sound\":\"\"},\"feedback\":[\"Yes!  When you close this window, you&#39;ll be sent to your progress screen. If you hit the target score, you can move on to the next Burst. Otherwise, re-do this one to try to earn more points.\",\"Some were incorrect.  When you close this window, you&#39;ll be sent to your progress screen. If you hit the target score, you can move on to the next Burst. Otherwise, re-do this one to try to earn more points.\"],\"score\":\"120\",\"gems\":\"1\"}","lite":"0","guid":"d96b1117-9c81-4c95-897e-412a51264a3b","growth_activity":"0"},{"id":"90347","courseId":"220","type":"4","summary":"Epson WF-2540 Intro","index":"9","json":"{ \"type\":4}","lite":"0","guid":"ee4877c3-2d1f-4110-8e5f-dc0f0eac60fa","growth_activity":"0"},{"id":"90348","courseId":"220","type":"3","summary":"HP LaserJet Pro M401","index":"10","json":"{\"type\":3,\"intro\":{\"title\":\"HP LaserJet Pro M401\",\"description\":\"Set up anywhere in the office and share printing resources across a network with the HP Pro M401 LaserJet Printer. Maximize your daily productivity - even on the go!\",\"image\":\"BFA33630-6599-594B-FE7C-B569A11485D3.png\",\"sound\":\"\",\"volume\":50},\"unlockscore\":\"80\",\"quicklink\":false,\"quotation\":\"\"}","lite":"0","guid":"dcb570ca-894f-445e-8f53-e325687bdca3","growth_activity":"0"},{"id":"90349","courseId":"220","type":"9","summary":"Specs 1","index":"11","json":"{\"type\":9,\"wordfill\":{\"text\":\"Easy Setup: comes with ##3##.&#10;Time saving: prints up to ##1##.&#10;Convenience: automatic duplexing (##2## printing). &#10;Versatile: prints up to ##4##. &#10;Easy-access USB port: print from, save scans to a ##6##.&#10;Print Resolution (maximum): up to ##5## dpi.\",\"prompt\":\"Try to figure out which words go where.\",\"sound\":\"\",\"words\":[\"35 ppm\",\"two-sided\",\"HP Smart Install\",\"8.5 inches by 14 inches\",\"1200 X 1200\",\"flash drive\"],\"timer\":60},\"feedback\":[\"You got it! The HP LaserJet Pro M401 has a solid set of features that can help any medium size office operate more efficiently. \",\"Some were wrong, but remember that the HP LaserJet Pro M401 has a solid set of features that can help any medium size office operate more efficiently. \"],\"score\":\"160\",\"gems\":\"1\"}","lite":"0","guid":"3fe64177-a5ee-4cf7-b6f5-2fac6fa9ea51","growth_activity":"0"},{"id":"90350","courseId":"220","type":"12","summary":"Overview Mix up","index":"12","json":"{\"type\":12,\"orderitems\":{\"slots\":[\"Start of description\",\"\",\"\",\"\",\"\",\"end of description.\"],\"items\":[{\"text\":\"Set up anywhere in the office\",\"slot\":1},{\"text\":\"and share printing resources\",\"slot\":2},{\"text\":\"across a network with the\",\"slot\":3},{\"text\":\"HP Pro M401 LaserJet Printer\",\"slot\":4},{\"text\":\"and maximize your daily \",\"slot\":5},{\"text\":\"productivity - even on the go!\",\"slot\":6}],\"ordered\":true,\"timer\":60,\"sound\":\"\",\"prompt\":\"Can you piece together this printer&#39;s overview?&#10;&#10;\"},\"feedback\":[\"Yes, the HP LaserJet Pro M401 is a great printer for a medium sized office. Before we continue, review the following spec sheet.\",\"Some were not correct. But, be aware that the HP LaserJet Pro M401 is a great printer for a medium sized office. Before we continue, review the following spec sheet.\"],\"score\":\"120\",\"gems\":\"1\"}","lite":"0","guid":"fb16a1a6-21bb-4c96-b4e3-9138d6625a8b","growth_activity":"0"},{"id":"90351","courseId":"220","type":"5","summary":"Specs","index":"13","json":"{\"type\":5,\"ebook\":\"0A0C425A-2D16-B4B9-2D2A-5C74E7F8F0BD.pdf\"}","lite":"0","guid":"4aec23e5-23ac-40bd-963c-63498deae82c","growth_activity":"0"},{"id":"90352","courseId":"220","type":"13","summary":"Can you answer?","index":"14","json":"{\"type\":13,\"thisthat\":{\"questions\":[{\"text\":\"The HP Pro M401 LaserJet Printer is fast. &#10;&#10;How many pages can it print per minute?\",\"correct\":\"9\",\"wrong\":\"35\",\"value\":false,\"feedback\":[\"Yes, this printer is fast and prints the first page in as little as 8 seconds.\",\"No, for a home office printer, 9 pages would be fast, but for a medium size office printer, 9 ppm would be slow. That&#39;s why you must find the product that fills each customer&#39;s needs - one size does not fit all!\"]},{\"text\":\"The HP Pro M401 LaserJet Printer features automatic duplexing.&#10;&#10;This means it can do which of these functions?\",\"correct\":\"Two-sided printing\",\"wrong\":\"Fax and print at the same time\",\"value\":true,\"feedback\":[\"Yes, the HP Pro M401 LaserJet Printer can do two-sided printing. For an office, this can save on the cost of paper and can save time.\",\"No, the HP Pro M401 LaserJet Printer does not fax. It is meant to be a solid single feature printer that has the features most medium sized offices would desire.\"]},{\"text\":\"The HP Pro M401 LaserJet Printer can print color pages as quickly as it can print black and white pages?&#10;&#10;True or False?\",\"correct\":\"True\",\"wrong\":\"False\",\"value\":false,\"feedback\":[\"Yes, this is false. The HP Pro M401 LaserJet Printer only prints in black and white. By not including this feature, the HP Pro M401 LaserJet Printer is more affordable - a better value for what most medium size offices really need.\",\"No, this was a trick question. In fact, the HP Pro M401 LaserJet Printer only prints in black and white. By not including this feature, the HP Pro M401 LaserJet Printer is more affordable - a better value for what most medium size offices really need.\"]},{\"text\":\"The HP Pro M401 LaserJet Printer is both network and wireless ready.&#10;&#10;Is this a true statement?\",\"correct\":\"Of course it is\",\"wrong\":\"No way\",\"value\":false,\"feedback\":[\"That&#39;s right. The HP Pro M401 is network ready, but not wireless ready. This is another feature that is not included so that the printer is a better value for what most medium size offices need. If your customer needs wireless, steer them to another printer that will fill their needs.\",\"But that&#39;s incorrect. The HP Pro M401 is network ready, but not wireless ready. This is another feature that is not included so that the printer is a better value for what most medium size offices need. If your customer needs wireless, steer them to another printer that will fill their needs.\"]},{\"text\":\"The HP Pro M401 LaserJet Printer has a print resolution of:\",\"correct\":\"1200 X 1200 dpi\",\"wrong\":\"5760 X 1440\",\"value\":true,\"feedback\":[\"Yes, that is the correct print resolution of this model.\",\"No, the correct print resolution is 1200 X 1200 dpi.\"]}],\"timer\":90,\"noscore\":false},\"feedback\":[\"The HP Pro M401 LaserJet Printer will be suitable for most medium sized office needs. It lacks certain features of higher end models, but for a customer who does not need those additional features it&#39;s a great value.\",\"The HP Pro M401 LaserJet Printer will be suitable for most medium sized office needs. It lacks certain features of higher end models, but for a customer who does not need those additional features it&#39;s a great value.\"],\"score\":\"100\",\"gems\":\"1\"}","lite":"0","guid":"6b277cd9-ee81-409a-a9d6-cd2cc5ab2534","growth_activity":"0"},{"id":"90353","courseId":"220","type":"12","summary":"Spec Place","index":"15","json":"{\"type\":12,\"orderitems\":{\"slots\":[\"Black and white\",\"Max Paper Size\",\"Printer Type\",\"Laser\",\"Shop by use\",\"Type of printer connectivity\"],\"items\":[{\"text\":\"Single function\",\"slot\":3},{\"text\":\"Print Technology\",\"slot\":4},{\"text\":\"Output type\",\"slot\":1},{\"text\":\"Medium sized office\",\"slot\":5},{\"text\":\"USB and network ready\",\"slot\":6},{\"text\":\"8.5&#34; by 14&#34;\",\"slot\":2}],\"ordered\":true,\"timer\":60,\"sound\":\"\",\"prompt\":\"Drag the spec from below to the correct spec type above.\"},\"feedback\":[\"All were correct. You&#39;re getting to know the HP LaserJet M401 printer. That&#39;s good because it&#39;s a great value for the right customer.\",\"Some were not correct. Get to the know the HP LaserJet M401 printer - it&#39;s a great value for the right customer.\"],\"score\":\"120\",\"gems\":\"1\"}","lite":"0","guid":"e95220d1-fd24-4e54-ad21-dc961a09e856","growth_activity":"0"},{"id":"90354","courseId":"220","type":"20","summary":"Which customers?","index":"16","json":"{\"type\":20,\"multiple\":{\"timer\":60,\"answers\":[{\"correct\":true,\"text\":\"Busy contractor who prints a few hundred pages a day\",\"feedback\":\"Yes, this customer would be a good fit (unless they wanted color printing and wireless connection - then you should steer them a more advanced model.)\"},{\"correct\":false,\"text\":\"Small businessperson who is interested in speed and quality\",\"feedback\":\"No, this customer would probably be better off with a slower, but more fully featured printer.\"},{\"correct\":true,\"text\":\"Medium size office with 5 to 10 users\",\"feedback\":\"Yes, this printer would probably be ideal for this customer (unless they wanted color printing and wireless connection - then you should steer them a more advanced model.)\"},{\"correct\":false,\"text\":\"College student who wants speed and network connectivity\",\"feedback\":\"No, this customer would probably be better off with a slower, but more fully featured printer.\"}],\"sound\":\"\",\"text\":\"Which customer(s) are a good fit for the HP LaserJet M401?\"},\"feedback\":[\"Yes, they are all correct. Now you can close this window and touch any answer for more info. Then touch Next when you&#39;re ready to move on.\",\"Some are incorrect. Now you can close this window and touch any answer for more info. Then touch Next when you&#39;re ready to move on.\"],\"score\":\"80\",\"gems\":\"1\"}","lite":"0","guid":"659febea-54b0-4940-804e-dfda19cb685c","growth_activity":"0"},{"id":"90355","courseId":"220","type":"10","summary":"Review","index":"17","json":"{\"type\":10,\"dragdrop\":{\"timer\":60,\"layout\":0,\"goals\":[{\"isImage\":true,\"text\":\"\",\"image\":\"38C912E9-142C-CFB1-8BBE-43CB9D387AE8.png\"}],\"items\":[{\"goal\":1,\"isImage\":false,\"text\":\"HP Smart Install\",\"image\":\"E6B3C67C-4CE3-0462-7133-D75D03F72213.png\",\"feedback\":[\"Yes! This makes setup easy and no CD is required.\",\"\"]},{\"goal\":1,\"isImage\":false,\"text\":\"Network ready\",\"image\":\"\",\"feedback\":[\"Yes! The HP LaserJet M401 is network ready - but it is not wireless ready. That&#39;s an important detail about this printer. Many medium size offices will be fine with this. If they want that feature, steer them to a more advanced unit.\",\"\"]},{\"goal\":1,\"isImage\":false,\"text\":\"Two-sided printing\",\"image\":\"\",\"feedback\":[\"Yes! The HP LaserJet M401 has automatic duplexing - a fancy way of saying it can do two-sided printing. This is an important feature for many customers because it can save them time and money.\",\"\"]},{\"goal\":1,\"isImage\":false,\"text\":\"Saves money by saving energy\",\"image\":\"\",\"feedback\":[\"Yes! HP Auto-On\/Auto-Off Technology powers the printer up and down automatically.\",\"\"]},{\"goal\":0,\"isImage\":false,\"text\":\"Prints beautiful colors\",\"image\":\"\",\"feedback\":[\"\",\"No, the HP LaserJet M401 only prints in black and white.\"]},{\"goal\":0,\"isImage\":false,\"text\":\"Max Print is 8.5&#34; by 11&#34;\",\"image\":\"\",\"feedback\":[\"\",\"No, the HP LaserJet M401 can print up the 8.5&#34; by 14&#34;.\"]}],\"prompt\":\"Drag each correct feature to the printer.\",\"sound\":\"\"},\"feedback\":[\"Yes!  When you close this window, you&#39;ll be sent to your progress screen. If you hit the target score, you can move on to the next Burst. Otherwise, re-do this one to try to earn more points.\",\"Some were incorrect.  When you close this window, you&#39;ll be sent to your progress screen. If you hit the target score, you can move on to the next Burst. Otherwise, re-do this one to try to earn more points.\"],\"score\":\"120\",\"gems\":\"1\"}","lite":"0","guid":"37e8e856-783d-423e-bd6f-7ea241f1a900","growth_activity":"0"},{"id":"90356","courseId":"220","type":"4","summary":"HP LaserJet Pro M401","index":"18","json":"{ \"type\":4}","lite":"0","guid":"51878a8b-6ffe-4194-82a5-13623a2702e5","growth_activity":"0"},{"id":"90357","courseId":"220","type":"3","summary":"WF-2540 vs HP Pro M401","index":"19","json":"{\"type\":3,\"intro\":{\"title\":\"It&#39;s printer comp time!\",\"description\":\"The WF-2540 is a perfect small home-office printer and the HP LaserJet Pro M401 is a great addition to any medium size office with around 5 to 10 users. &#10;&#10;Let&#39;s see if you know one from the other.\",\"image\":\"46B10CB0-0D5D-6B38-93FD-374A043D091A.png\",\"sound\":\"\",\"volume\":50},\"unlockscore\":0,\"quicklink\":false,\"quotation\":\"\"}","lite":"0","guid":"601bf8c6-375e-4c58-a411-273372fec810","growth_activity":"0"},{"id":"90358","courseId":"220","type":"10","summary":"WF vs HP","index":"20","json":"{\"type\":10,\"dragdrop\":{\"timer\":60,\"layout\":0,\"goals\":[{\"isImage\":true,\"text\":\"\",\"image\":\"813F59F8-6BC6-7F30-1065-382FC8AEC77E.png\"},{\"isImage\":true,\"text\":\"\",\"image\":\"7F177EED-0551-B6AF-2A82-A9A508E77623.png\"}],\"items\":[{\"goal\":2,\"isImage\":false,\"text\":\"Two-sided printing\",\"image\":\"\",\"feedback\":[\"\",\"\"]},{\"goal\":1,\"isImage\":false,\"text\":\"Wireless ready\",\"image\":\"\",\"feedback\":[\"\",\"\"]},{\"goal\":2,\"isImage\":false,\"text\":\"35 PPM\",\"image\":\"\",\"feedback\":[\"\",\"\"]},{\"goal\":1,\"isImage\":false,\"text\":\"5760 x 1440 optimized print res\",\"image\":\"\",\"feedback\":[\"\",\"\"]},{\"goal\":1,\"isImage\":false,\"text\":\"Prints in color\",\"image\":\"\",\"feedback\":[\"\",\"\"]},{\"goal\":2,\"isImage\":false,\"text\":\"Good for medium office\",\"image\":\"\",\"feedback\":[\"\",\"\"]},{\"goal\":1,\"isImage\":false,\"text\":\"Good for home office\",\"image\":\"\",\"feedback\":[\"\",\"\"]},{\"goal\":2,\"isImage\":false,\"text\":\"Prints first page in 8 seconds\",\"image\":\"\",\"feedback\":[\"\",\"\"]},{\"goal\":1,\"isImage\":false,\"text\":\"All-in-one\",\"image\":\"\",\"feedback\":[\"\",\"\"]}],\"prompt\":\"Which feature goes with which printer?\",\"sound\":\"\"},\"feedback\":[\"You got it!\",\"You didn&#39;t get it!\"],\"score\":\"180\",\"gems\":\"1\"}","lite":"0","guid":"cb41a97e-bdc2-44df-bbd2-a21c2301d477","growth_activity":"0"},{"id":"90359","courseId":"220","type":"13","summary":"WF or HP?","index":"21","json":"{\"type\":13,\"thisthat\":{\"questions\":[{\"text\":\"Which printer does this describe?&#10;&#10;Conserve energy with Auto-On\/Auto-Off technology.\",\"correct\":\"WF-2540\",\"wrong\":\"HP Pro M401\",\"value\":false,\"feedback\":[\"\",\"\"]},{\"text\":\"Which printer does this describe?&#10;&#10;It&#39;s an All-In-One: print, copy, scan, fax.\",\"correct\":\"WF-2540\",\"wrong\":\"HP Pro M401\",\"value\":true,\"feedback\":[\"\",\"\"]},{\"text\":\"Which printer does this describe?&#10;&#10;Network Ready: Wired Ethernet, Hi-Speed USB and Wireless connectivity.&#10;&#10;\",\"correct\":\"WF-2540\",\"wrong\":\"HP Pro M401\",\"value\":true,\"feedback\":[\"\",\"\"]},{\"text\":\"Which printer does this describe?&#10;&#10;Automatic two-sided printing help you stay productive and save paper.\",\"correct\":\"WF-2540\",\"wrong\":\"HP Pro M401\",\"value\":false,\"feedback\":[\"\",\"\"]},{\"text\":\"Which printer does this describe?&#10;&#10;Accommodate 3 to 10 users in an office setting.\",\"correct\":\"WF-2540\",\"wrong\":\"HP Pro M401\",\"value\":false,\"feedback\":[\"\",\"\"]},{\"text\":\"Which printer does this describe?&#10;&#10;Prints up to 8.5&#34; X 14&#34; pages.&#10;&#10;\",\"correct\":\"WF-2540\",\"wrong\":\"HP Pro M401\",\"value\":false,\"feedback\":[\"\",\"\"]}],\"timer\":60,\"noscore\":false},\"feedback\":[\"Great! Each printer is a good value for the right customer. The WF-2540 suits a small home office. The HP Pro M401 is great for a medium size office.\",\"You might want to learn more about each printer. Customers want to know that the salesperson is knowledgeable. It helps build trust and it makes the shopping experience that much more comfortable.\"],\"score\":\"120\",\"gems\":\"1\"}","lite":"0","guid":"82811151-569b-4bb0-b01e-83aec1ff970a","growth_activity":"0"},{"id":"90360","courseId":"220","type":"20","summary":"Which customers will be satisfied?","index":"22","json":"{\"type\":20,\"multiple\":{\"timer\":60,\"answers\":[{\"correct\":true,\"text\":\"Consultant working out of his house buys the WF-2540\",\"feedback\":\"\"},{\"correct\":false,\"text\":\"Office of 50 people buys the HP Pro M401.\",\"feedback\":\"\"},{\"correct\":true,\"text\":\"Dentist office with 8 employees buys the HP Pro M401.\",\"feedback\":\"\"},{\"correct\":false,\"text\":\"Marketing consultant who loves color buys the HP Pro M401.\",\"feedback\":\"\"},{\"correct\":true,\"text\":\"Home-based interior decorator purchases the WF-2540.\",\"feedback\":\"\"},{\"correct\":false,\"text\":\"PR person who prints two sided brochures buys the WF-2540.\",\"feedback\":\"\"}],\"sound\":\"\",\"text\":\"Which of the customers below are most likely to be satisfied with their purchase?\"},\"feedback\":[\"Great work!\",\"Maybe a little brush up is a good idea.\"],\"score\":\"120\",\"gems\":\"1\"}","lite":"0","guid":"defec792-e741-49dc-a3ef-36c70785a161","growth_activity":"0"},{"id":"90361","courseId":"220","type":"6","summary":"Final Word","index":"23","json":"{\"type\":6,\"image\":\"\",\"presentation\":[{\"text\":\"A Final Word on this Blink Course\",\"in\":2,\"time\":0,\"sound\":\"\",\"alignment\":1,\"size\":2,\"color\":\"#256ED7\"},{\"text\":\"This is the end of this Staples salesperson training demo. These Bursts could be part of a larger course, as you now see, or they could be delivered as an &#39;endless&#39; series of Bursts one a day on an ever evolving series of topics.&#10;&#10;Blink is flexible and can effectively handle many of your training needs.\",\"in\":2,\"time\":2,\"sound\":\"\"}]}","lite":"0","guid":"bd834566-efce-4124-a9a6-d72cbb55c067","growth_activity":"0"},{"id":"90362","courseId":"220","type":"4","summary":"WF-2540 vs Pro M401","index":"24","json":"{ \"type\":4}","lite":"0","guid":"bfd2a8af-5b97-4049-9e7a-6a80a1f614e1","growth_activity":"0"},{"id":"90363","courseId":"220","type":"2","summary":"Printers","index":"25","json":"{ \"type\":2}","lite":"0","guid":"fed4c804-a623-4381-a61d-f9c36d804de7","growth_activity":"0"}]