[{"id":"687167","courseId":"70","type":"1","summary":"Civil War","index":"0","json":"{\"type\":1,\"intro\":{\"title\":\"The Battle Begins - \",\"description\":\"Play through B1 and B2 to try to figure out pattern of score menu not working right.\",\"image\":\"\"},\"dossier\":false}","lite":"0","guid":"71f00ff2-2fe4-4f9c-96c3-7a64ddbae12a","growth_activity":"0"},{"id":"687168","courseId":"70","type":"3","summary":"Testing Drag and Drop","index":"1","json":"{\"type\":3,\"intro\":{\"title\":\"Testing Drag and Drop\",\"description\":\"Testing Drag and Drop\",\"image\":\"\",\"sound\":\"\",\"volume\":50},\"unlockscore\":\"200\",\"quicklink\":false,\"quotation\":\"\"}","lite":"0","guid":"50e0d714-dbcc-44a2-9c02-dc2bd986b36e","growth_activity":"0"},{"id":"687169","courseId":"70","type":"13","summary":"Percentage test","index":"2","json":"{\"type\":13,\"thisthat\":{\"questions\":[{\"text\":\"Question 1\",\"correct\":\"True\",\"wrong\":\"%\",\"value\":true,\"feedback\":[\"\",\"\"]}],\"timer\":0,\"noscore\":false},\"feedback\":[\"\",\"\"],\"score\":0,\"gems\":0}","lite":"0","guid":"4ee64064-08f6-4c8e-a7d1-f76674500b00","growth_activity":"0"},{"id":"687170","courseId":"70","type":"12","summary":"Pass Fail Test","index":"3","json":"{\"type\":12,\"orderitems\":{\"slots\":[\"\",\"\",\"\",\"\",\"\",\"\"],\"items\":[{\"text\":\"First\",\"slot\":1},{\"text\":\"Second\",\"slot\":2},{\"text\":\"Third\",\"slot\":3},{\"text\":\"Fourth\",\"slot\":4},{\"text\":\"Fifth\",\"slot\":5},{\"text\":\"Sixth\",\"slot\":6}],\"ordered\":true,\"timer\":0,\"sound\":\"\",\"prompt\":\"Do you get pass if you get less than 100% correct? Shouldn&#39;t.\"},\"feedback\":[\"Pass\",\"Fal\"],\"score\":\"150\",\"gems\":\"1\"}","lite":"0","guid":"c7b0e7d3-3247-402d-ad9e-97b23688e8b1","growth_activity":"0"},{"id":"687171","courseId":"70","type":"13","summary":"No Scoring sound right?","index":"4","json":"{\"type\":13,\"thisthat\":{\"questions\":[{\"text\":\"Question 1\",\"correct\":\"True\",\"wrong\":\"False\",\"value\":true,\"feedback\":[\"\",\"\"]},{\"text\":\"Question 2\",\"correct\":\"True\",\"wrong\":\"False\",\"value\":true,\"feedback\":[\"\",\"\"]}],\"timer\":0,\"noscore\":true},\"feedback\":[\"Pass Text\",\"Fail Text\"],\"score\":0,\"gems\":0}","lite":"0","guid":"b99f9d6c-e568-43a6-a666-6e26b59460c8","growth_activity":"0"},{"id":"687172","courseId":"70","type":"6","summary":"Apostrophe test","index":"5","json":"{\"type\":6,\"image\":\"\",\"presentation\":[{\"text\":\"How about a percentage sign %\",\"in\":0,\"time\":0,\"sound\":\"\"}]}","lite":"0","guid":"c7e69c81-a0a3-4972-8490-0349fc7012a2","growth_activity":"0"},{"id":"687173","courseId":"70","type":"10","summary":"One and one","index":"6","json":"{\"type\":10,\"dragdrop\":{\"timer\":15,\"layout\":0,\"goals\":[{\"isImage\":false,\"text\":\"Apostrophe u2018 and a dash u2013 quot u201c elipseu2026 \",\"image\":\"\"}],\"items\":[{\"goal\":1,\"isImage\":false,\"text\":\"Apostrophe u2018 and a dash u2013 and a semi colon ; and a colon : and a quotation mark u201c and an elipseu2026 \",\"image\":\"\",\"feedback\":[\"Apostrophe u2018 and a dash u2013 and a semi colon ; and a colon : and a quotation mark u201c and an elipseu2026 \",\"\"]}],\"prompt\":\"Apostrophe u2018 and a dash u2013 and a semi colon ; and a colon : and a quotation mark u201c and an elipseu2026 \",\"sound\":\"\"},\"feedback\":[\"Apostrophe u2018 and a dash u2013 and a semi colon ; and a colon : and a quotation mark u201c and an elipseu2026 \",\"Apostrophe u2018 and a dash u2013 and a semi colon ; and a colon : and a quotation mark u201c and an elipseu2026 \"],\"score\":\"25\",\"gems\":\"1\"}","lite":"0","guid":"5a3b579d-fad3-4e11-9d28-7cb0f25d3aa1","growth_activity":"0"},{"id":"687174","courseId":"70","type":"14","summary":"Apost test","index":"7","json":"{\"type\":14,\"question\":{\"timer\":60,\"multiplechoice\":true,\"answers\":[{\"correct\":false,\"text\":\"Apostrophe u2018 dash u2013 quot u201c elipseu2026 \",\"feedback\":\"\"}],\"sound\":\"\",\"text\":\"Apostrophe u2018 and a dash u2013 and a semi colon ; and a colon : and a quotation mark u201c and an elipseu2026 \"},\"feedback\":[\"\",\"\"],\"score\":0,\"gems\":0}","lite":"0","guid":"73c901ed-8d2d-4bda-a9e3-b04cffd4756d","growth_activity":"0"},{"id":"687175","courseId":"70","type":"9","summary":"Apost test","index":"8","json":"{\"type\":9,\"wordfill\":{\"text\":\"Apostrophe u2018 and a dash u2013 and a semi colon ; and a colon : and a quotation mark u201c and an elipseu2026 \",\"prompt\":\"Apostrophe u2018 and a dash u2013 and a semi colon ; and a colon : and a quotation mark u201c and an elipseu2026 \",\"sound\":\"\",\"words\":[]},\"feedback\":[\"Apostrophe u2018 and a dash u2013 and a semi colon ; and a colon : and a quotation mark u201c and an elipseu2026 \",\"\"],\"score\":0,\"gems\":0}","lite":"0","guid":"01f41c25-88d2-4adf-82ce-53c9009c4abf","growth_activity":"0"},{"id":"687176","courseId":"70","type":"13","summary":"Apos test","index":"9","json":"{\"type\":13,\"thisthat\":{\"questions\":[{\"text\":\"Apostrophe u2018 and a dash u2013 and a semi colon ; and a colon : and a quotation mark u201c and an elipseu2026 \",\"correct\":\"A u2018 d u2013 q u201c elipseu2026 \",\"wrong\":\"A u2018 d u2013 q u201c elipseu2026 \",\"value\":true,\"feedback\":[\"Apostrophe u2018 and a dash u2013 and a semi colon ; and a colon : and a quotation mark u201c and an elipseu2026 \",\"Apostrophe u2018 and a dash u2013 and a semi colon ; and a colon : and a quotation mark u201c and an elipseu2026 \"]}],\"timer\":0,\"noscore\":false},\"feedback\":[\"Apostrophe u2018 and a dash u2013 and a semi colon ; and a colon : and a quotation mark u201c and an elipseu2026 \",\"Apostrophe u2018 and a dash u2013 and a semi colon ; and a colon : and a quotation mark u201c and an elipseu2026 \"],\"score\":0,\"gems\":0}","lite":"0","guid":"ee9cad80-8be5-4987-bff8-ca1451c7c233","growth_activity":"0"},{"id":"687177","courseId":"70","type":"10","summary":"Two and one","index":"10","json":"{\"type\":10,\"dragdrop\":{\"timer\":15,\"layout\":0,\"goals\":[{\"isImage\":false,\"text\":\"Goal\",\"image\":\"\"}],\"items\":[{\"goal\":1,\"isImage\":false,\"text\":\"Item 1\",\"image\":\"\",\"feedback\":[\"\",\"\"]},{\"goal\":1,\"isImage\":false,\"text\":\"Item 2\",\"image\":\"\",\"feedback\":[\"\",\"\"]}],\"prompt\":\"Two items, one goal\",\"sound\":\"\"},\"feedback\":[\"\",\"\"],\"score\":\"50\",\"gems\":\"1\"}","lite":"0","guid":"56f26607-3ca5-40b9-812d-476730e9b64f","growth_activity":"0"},{"id":"687178","courseId":"70","type":"10","summary":"Three and one","index":"11","json":"{\"type\":10,\"dragdrop\":{\"timer\":15,\"layout\":0,\"goals\":[{\"isImage\":false,\"text\":\"Goal\",\"image\":\"\"}],\"items\":[{\"goal\":1,\"isImage\":false,\"text\":\"Item 1\",\"image\":\"\",\"feedback\":[\"\",\"\"]},{\"goal\":1,\"isImage\":false,\"text\":\"Item 2\",\"image\":\"\",\"feedback\":[\"\",\"\"]},{\"goal\":1,\"isImage\":false,\"text\":\"Item 3\",\"image\":\"\",\"feedback\":[\"\",\"\"]}],\"prompt\":\"Three items, one goal\",\"sound\":\"\"},\"feedback\":[\"\",\"\"],\"score\":\"75\",\"gems\":\"1\"}","lite":"0","guid":"fb538839-4433-4d9b-a4fd-7ccb826cf14a","growth_activity":"0"},{"id":"687179","courseId":"70","type":"10","summary":"Four and one","index":"12","json":"{\"type\":10,\"dragdrop\":{\"timer\":60,\"layout\":0,\"goals\":[{\"isImage\":false,\"text\":\"Goal\",\"image\":\"\"}],\"items\":[{\"goal\":1,\"isImage\":false,\"text\":\"Item 1\",\"image\":\"\",\"feedback\":[\"\",\"\"]},{\"goal\":1,\"isImage\":false,\"text\":\"Item 2\",\"image\":\"\",\"feedback\":[\"\",\"\"]},{\"goal\":1,\"isImage\":false,\"text\":\"Item 3\",\"image\":\"\",\"feedback\":[\"\",\"\"]},{\"goal\":1,\"isImage\":false,\"text\":\"Item 4\",\"image\":\"\",\"feedback\":[\"\",\"\"]}],\"prompt\":\"Four items, one goal\",\"sound\":\"\"},\"feedback\":[\"\",\"\"],\"score\":\"100\",\"gems\":\"1\"}","lite":"0","guid":"7897a780-563e-49a1-bd42-651b7d721c1f","growth_activity":"0"},{"id":"687180","courseId":"70","type":"10","summary":"Five and one","index":"13","json":"{\"type\":10,\"dragdrop\":{\"timer\":10,\"layout\":0,\"goals\":[{\"isImage\":false,\"text\":\"Goal\",\"image\":\"\"}],\"items\":[{\"goal\":1,\"isImage\":false,\"text\":\"Item 1\",\"image\":\"\",\"feedback\":[\"\",\"\"]},{\"goal\":1,\"isImage\":false,\"text\":\"Item 2\",\"image\":\"\",\"feedback\":[\"\",\"\"]},{\"goal\":1,\"isImage\":false,\"text\":\"Item 3\",\"image\":\"\",\"feedback\":[\"\",\"\"]},{\"goal\":1,\"isImage\":false,\"text\":\"Item 4\",\"image\":\"\",\"feedback\":[\"\",\"\"]},{\"goal\":1,\"isImage\":false,\"text\":\"Item 5\",\"image\":\"\",\"feedback\":[\"\",\"\"]}],\"prompt\":\"Five items, one goal\",\"sound\":\"\"},\"feedback\":[\"\",\"\"],\"score\":\"125\",\"gems\":\"1\"}","lite":"0","guid":"361d8930-99ac-48f8-bc07-0825ee530a6e","growth_activity":"0"},{"id":"687181","courseId":"70","type":"10","summary":"Six and one","index":"14","json":"{\"type\":10,\"dragdrop\":{\"timer\":10,\"layout\":0,\"goals\":[{\"isImage\":false,\"text\":\"Goal\",\"image\":\"\"}],\"items\":[{\"goal\":1,\"isImage\":false,\"text\":\"Item 1\",\"image\":\"\",\"feedback\":[\"\",\"\"]},{\"goal\":1,\"isImage\":false,\"text\":\"Item 2\",\"image\":\"\",\"feedback\":[\"\",\"\"]},{\"goal\":1,\"isImage\":false,\"text\":\"Item 3\",\"image\":\"\",\"feedback\":[\"\",\"\"]},{\"goal\":1,\"isImage\":false,\"text\":\"Item 4\",\"image\":\"\",\"feedback\":[\"\",\"\"]},{\"goal\":1,\"isImage\":false,\"text\":\"Item 5\",\"image\":\"\",\"feedback\":[\"\",\"\"]},{\"goal\":1,\"isImage\":false,\"text\":\"Item 6\",\"image\":\"\",\"feedback\":[\"\",\"\"]}],\"prompt\":\"Six items, one goal\",\"sound\":\"\"},\"feedback\":[\"\",\"\"],\"score\":\"150\",\"gems\":\"1\"}","lite":"0","guid":"f10cbb05-90bf-40e6-8fcf-5faf51168dfa","growth_activity":"0"},{"id":"687182","courseId":"70","type":"10","summary":"Three and two","index":"15","json":"{\"type\":10,\"dragdrop\":{\"timer\":10,\"layout\":0,\"goals\":[{\"isImage\":false,\"text\":\"Goal 1\",\"image\":\"\"},{\"isImage\":false,\"text\":\"Goal 2\",\"image\":\"\"}],\"items\":[{\"goal\":1,\"isImage\":false,\"text\":\"Item 1\",\"image\":\"\",\"feedback\":[\"\",\"\"]},{\"goal\":1,\"isImage\":false,\"text\":\"Item 2\",\"image\":\"\",\"feedback\":[\"\",\"\"]},{\"goal\":1,\"isImage\":false,\"text\":\"Item 3\",\"image\":\"\",\"feedback\":[\"\",\"\"]}],\"prompt\":\"Three items, two goals\",\"sound\":\"\"},\"feedback\":[\"\",\"\"],\"score\":\"75\",\"gems\":\"1\"}","lite":"0","guid":"7f245f90-a5f8-4400-9900-e433b0a7843a","growth_activity":"0"},{"id":"687183","courseId":"70","type":"4","summary":"Testing Drag and Drop","index":"16","json":"{ \"type\":4}","lite":"0","guid":"a380d560-06fa-4cc7-8ee5-421c8e93d7a9","growth_activity":"0"},{"id":"687184","courseId":"70","type":"3","summary":"Try a few things","index":"17","json":"{\"type\":3,\"intro\":{\"title\":\"Try a few things NEW\",\"description\":\"yes!\",\"image\":\"\",\"sound\":\"\",\"volume\":50},\"unlockscore\":0,\"quicklink\":false,\"quotation\":\"\"}","lite":"0","guid":"0cdd4db9-b73c-4370-8595-04c99507c0d3","growth_activity":"0"},{"id":"687185","courseId":"70","type":"12","summary":"Non-ordered Order?","index":"18","json":"{\"type\":12,\"orderitems\":{\"slots\":[\"\",\"\",\"\"],\"items\":[{\"text\":\"Gold\",\"slot\":1},{\"text\":\"Silver\",\"slot\":2},{\"text\":\"Bronze\",\"slot\":3}],\"ordered\":false,\"timer\":60,\"sound\":\"\",\"prompt\":\"Place the wishes in the order you&#39;d like to see them.\"},\"feedback\":[\"Pass\",\"Fail\"],\"score\":\"75\",\"gems\":\"1\"}","lite":"0","guid":"70365b39-aff4-4f09-ad4a-edb04784d0a1","growth_activity":"0"},{"id":"687186","courseId":"70","type":"12","summary":"Order as placement","index":"19","json":"{\"type\":12,\"orderitems\":{\"slots\":[\"Number 1 Element\",\"Number 2 Element\",\"Number 3 Element\"],\"items\":[{\"text\":\"Oxygen\",\"slot\":1},{\"text\":\"Silicon\",\"slot\":2},{\"text\":\"Aluminum\",\"slot\":3}],\"ordered\":true,\"timer\":60,\"sound\":\"\",\"prompt\":\"Put these three elements in order of the top three list.\"},\"feedback\":[\"Pass\",\"Fail\"],\"score\":\"75\",\"gems\":\"1\"}","lite":"0","guid":"f62a57a2-fc7b-4e5b-b0da-9e4b18934d97","growth_activity":"0"},{"id":"687187","courseId":"70","type":"4","summary":"Try a few things","index":"20","json":"{ \"type\":4}","lite":"0","guid":"3651a178-34f0-4eee-9bb6-14ef90394c78","growth_activity":"0"},{"id":"687188","courseId":"70","type":"3","summary":"Burst 1","index":"21","json":"{\"type\":3,\"intro\":{\"title\":\"\",\"description\":\"\",\"image\":\"\",\"sound\":\"\",\"volume\":50},\"unlockscore\":\"250\",\"quicklink\":false,\"quotation\":\"\"}","lite":"0","guid":"f7973bbc-fae8-4f40-880f-763be7ca5370","growth_activity":"0"},{"id":"687189","courseId":"70","type":"14","summary":"Question","index":"22","json":"{\"type\":14,\"question\":{\"timer\":20,\"multiplechoice\":true,\"answers\":[{\"correct\":true,\"text\":\"Correct\",\"feedback\":\"Yay!\"},{\"correct\":false,\"text\":\"Incorrect\",\"feedback\":\"no!\"}],\"sound\":\"\",\"text\":\"This is a question\"},\"feedback\":[\"\",\"\"],\"score\":\"25\",\"gems\":\"1\"}","lite":"0","guid":"4ed169a0-71b8-444b-a19c-473dcc51bcf3","growth_activity":"0"},{"id":"687190","courseId":"70","type":"9","summary":"Word Fill","index":"23","json":"{\"type\":9,\"wordfill\":{\"text\":\"Now ##1## time for ##2## men to ##3## aid of their country.\",\"prompt\":\"This is a word fil\",\"sound\":\"\",\"words\":[\"is the\",\"all good\",\"come to the\"],\"timer\":20},\"feedback\":[\"Pass!\",\"Fail!\"],\"score\":\"75\",\"gems\":\"1\"}","lite":"0","guid":"1986e0f7-ba94-4de2-8c0c-1b2f0be678fc","growth_activity":"0"},{"id":"687191","courseId":"70","type":"10","summary":"Drag and Drop","index":"24","json":"{\"type\":10,\"dragdrop\":{\"timer\":60,\"layout\":0,\"goals\":[{\"isImage\":false,\"text\":\"Goal\",\"image\":\"\"}],\"items\":[{\"goal\":1,\"isImage\":false,\"text\":\"Goes in goal\",\"image\":\"\",\"feedback\":[\"\",\"\"]},{\"goal\":1,\"isImage\":false,\"text\":\"Goes in goal\",\"image\":\"\",\"feedback\":[\"\",\"\"]}],\"prompt\":\"Just regular now\",\"sound\":\"\"},\"feedback\":[\"Pass!\",\"Fail\"],\"score\":\"40\",\"gems\":\"1\"}","lite":"0","guid":"5d466ab9-48f5-48bb-93da-8cd904b74a7c","growth_activity":"0"},{"id":"687192","courseId":"70","type":"10","summary":"Did this work?","index":"25","json":"{\"type\":10,\"dragdrop\":{\"timer\":20,\"layout\":0,\"goals\":[{\"isImage\":false,\"text\":\"Goal\",\"image\":\"\"}],\"items\":[{\"goal\":1,\"isImage\":false,\"text\":\"Item 1\",\"image\":\"\",\"feedback\":[\"\",\"\"]},{\"goal\":1,\"isImage\":false,\"text\":\"Items 2\",\"image\":\"\",\"feedback\":[\"\",\"\"]}],\"prompt\":\"Drag each item to the correct learning goal\",\"sound\":\"\"},\"feedback\":[\"pass\",\"fail\"],\"score\":\"50\",\"gems\":\"1\"}","lite":"0","guid":"b9bf3f37-6c20-45c4-817c-93fd9368252d","growth_activity":"0"},{"id":"687193","courseId":"70","type":"13","summary":"This and That","index":"26","json":"{\"type\":13,\"thisthat\":{\"questions\":[{\"text\":\"Question 1\",\"correct\":\"True\",\"wrong\":\"False\",\"value\":true,\"feedback\":[\"Correct\",\"Fail\"]},{\"text\":\"Question 2\",\"correct\":\"True\",\"wrong\":\"False\",\"value\":true,\"feedback\":[\"Correct \",\"Fail\"]},{\"text\":\"Question 3\",\"correct\":\"True\",\"wrong\":\"False\",\"value\":true,\"feedback\":[\"Correct\",\"Fail\"]}],\"timer\":60,\"noscore\":false},\"feedback\":[\"You did it!\",\"You failed!\"],\"score\":\"75\",\"gems\":\"1\"}","lite":"0","guid":"455cb214-6ae4-4684-8a84-3c731b940c0f","growth_activity":"0"},{"id":"687194","courseId":"70","type":"12","summary":"Order Items","index":"27","json":"{\"type\":12,\"orderitems\":{\"slots\":[\"\",\"\",\"\",\"\",\"\",\"\"],\"items\":[{\"text\":\"This is the first\",\"slot\":1},{\"text\":\"This is the second\",\"slot\":2},{\"text\":\"This is the third\",\"slot\":3},{\"text\":\" 4\",\"slot\":4},{\"text\":\"5\",\"slot\":5},{\"text\":\"6\",\"slot\":6}],\"ordered\":true,\"timer\":60,\"sound\":\"\",\"prompt\":\"Just a regular one now\"},\"feedback\":[\"You got it!\",\"You failed!\"],\"score\":\"75\",\"gems\":\"1\"}","lite":"0","guid":"275c6f5a-f2ec-401c-8942-2207a6d45578","growth_activity":"0"},{"id":"687195","courseId":"70","type":"4","summary":"Burst 1","index":"28","json":"{ \"type\":4}","lite":"0","guid":"c3fb439e-af92-4878-8041-181b71907bfe","growth_activity":"0"},{"id":"687196","courseId":"70","type":"3","summary":"Testing Order Blinks","index":"29","json":"{ \"type\":3}","lite":"0","guid":"dedda48c-9301-47cb-9105-976607696566","growth_activity":"0"},{"id":"687197","courseId":"70","type":"12","summary":"Three of the same","index":"30","json":"{\"type\":12,\"orderitems\":{\"slots\":[\"\",\"\",\"\"],\"items\":[{\"text\":\"Practice\",\"slot\":0},{\"text\":\"Practice\",\"slot\":0},{\"text\":\"Practice\",\"slot\":0}],\"ordered\":true,\"timer\":0,\"sound\":\"\",\"prompt\":\"Put any in any\"},\"feedback\":[\"Pass Text\",\"Fail Text\"],\"score\":\"75\",\"gems\":\"1\"}","lite":"0","guid":"2134662f-ecbb-4f32-9716-571aec363124","growth_activity":"0"},{"id":"687198","courseId":"70","type":"4","summary":"Testing Order Blinks","index":"31","json":"{ \"type\":4}","lite":"0","guid":"1c40d8cf-306e-4a1e-a652-afe95cb6706f","growth_activity":"0"},{"id":"687199","courseId":"70","type":"3","summary":"Testing This and That","index":"32","json":"{ \"type\":3}","lite":"0","guid":"250adb10-5e89-4823-9cb8-8c2cab72863d","growth_activity":"0"},{"id":"687200","courseId":"70","type":"13","summary":"Testing final question timer","index":"33","json":"{\"type\":13,\"thisthat\":{\"questions\":[{\"text\":\"First question\",\"correct\":\"True\",\"wrong\":\"False\",\"value\":true,\"feedback\":[\"Correct!\",\"Fail!\"]},{\"text\":\"Second question\",\"correct\":\"True\",\"wrong\":\"False\",\"value\":true,\"feedback\":[\"Correct!\",\"Fail!\"]},{\"text\":\"Third question\",\"correct\":\"True\",\"wrong\":\"False\",\"value\":true,\"feedback\":[\"Correct\",\"Fail\"]}],\"timer\":20,\"noscore\":false},\"feedback\":[\"Pass Feedback\",\"Fail Feedback\"],\"score\":\"75\",\"gems\":\"1\"}","lite":"0","guid":"fc9e4fed-10f8-435b-b03a-df416d2465b5","growth_activity":"0"},{"id":"687201","courseId":"70","type":"13","summary":"Testing without question feedback","index":"34","json":"{\"type\":13,\"thisthat\":{\"questions\":[{\"text\":\"First Question\",\"correct\":\"True\",\"wrong\":\"False\",\"value\":true,\"feedback\":[\"\",\"\"]},{\"text\":\"Second Question\",\"correct\":\"True\",\"wrong\":\"False\",\"value\":true,\"feedback\":[\"\",\"\"]},{\"text\":\"Third Question\",\"correct\":\"True\",\"wrong\":\"False\",\"value\":true,\"feedback\":[\"\",\"\"]}],\"timer\":20,\"noscore\":false},\"feedback\":[\"Pass Feedback\",\"Fail Feedback\"],\"score\":\"75\",\"gems\":\"1\"}","lite":"0","guid":"fc560086-e55f-4268-8d2a-07b0011f6be8","growth_activity":"0"},{"id":"687202","courseId":"70","type":"4","summary":"Testing This and That","index":"35","json":"{ \"type\":4}","lite":"0","guid":"34354e70-ea33-4c90-8b2e-4dfb8b0965fc","growth_activity":"0"},{"id":"687203","courseId":"70","type":"3","summary":"Testing the Gem Bar","index":"36","json":"{ \"type\":3}","lite":"0","guid":"c27962c4-fbf3-46c8-ab42-66316268fcaa","growth_activity":"0"},{"id":"687204","courseId":"70","type":"14","summary":"Test Question 1","index":"37","json":"{\"type\":14,\"question\":{\"timer\":60,\"multiplechoice\":true,\"answers\":[{\"correct\":true,\"text\":\"Right\",\"feedback\":\"Pass\"},{\"correct\":false,\"text\":\"Wrong\",\"feedback\":\"Fail\"}],\"sound\":\"\",\"text\":\"Yes?\"},\"feedback\":[\"\",\"\"],\"score\":\"25\",\"gems\":\"1\"}","lite":"0","guid":"171e9ca2-7fd8-44d3-9342-710053e56021","growth_activity":"0"},{"id":"687205","courseId":"70","type":"14","summary":"Test Question 1","index":"38","json":"{\"type\":14,\"question\":{\"timer\":60,\"multiplechoice\":true,\"answers\":[{\"correct\":true,\"text\":\"Right\",\"feedback\":\"Pass\"},{\"correct\":false,\"text\":\"Wrong\",\"feedback\":\"Fail\"}],\"sound\":\"\",\"text\":\"Yes?\"},\"feedback\":[\"\",\"\"],\"score\":\"25\",\"gems\":\"1\"}","lite":"0","guid":"6e61e603-d40e-4dcc-8050-06a85e29a684","growth_activity":"0"},{"id":"687206","courseId":"70","type":"14","summary":"Test Question 1","index":"39","json":"{\"type\":14,\"question\":{\"timer\":60,\"multiplechoice\":true,\"answers\":[{\"correct\":true,\"text\":\"Right\",\"feedback\":\"Pass\"},{\"correct\":false,\"text\":\"Wrong\",\"feedback\":\"Fail\"}],\"sound\":\"\",\"text\":\"Yes?\"},\"feedback\":[\"\",\"\"],\"score\":\"25\",\"gems\":\"1\"}","lite":"0","guid":"4aba7ff9-f298-4e11-88be-2f77a4c6385a","growth_activity":"0"},{"id":"687207","courseId":"70","type":"4","summary":"Testing the Gem Bar","index":"40","json":"{ \"type\":4}","lite":"0","guid":"1fccfc9f-3ab5-42b6-a004-9654bf5644c2","growth_activity":"0"},{"id":"687208","courseId":"70","type":"4","summary":"","index":"41","json":"{ \"type\":4}","lite":"0","guid":"97620445-fa48-4f59-a1f6-68fe289604b5","growth_activity":"0"},{"id":"687209","courseId":"70","type":"4","summary":"","index":"42","json":"{ \"type\":4}","lite":"0","guid":"aa436105-4494-42c8-aa90-1b10777841e5","growth_activity":"0"},{"id":"687210","courseId":"70","type":"4","summary":"","index":"43","json":"{ \"type\":4}","lite":"0","guid":"a7a8cb39-2212-4358-bed9-cae7da1562e8","growth_activity":"0"},{"id":"687211","courseId":"70","type":"4","summary":"","index":"44","json":"{ \"type\":4}","lite":"0","guid":"2df635d7-fea8-440f-b3d4-e5df7b3c7ed7","growth_activity":"0"},{"id":"687212","courseId":"70","type":"4","summary":"","index":"45","json":"{ \"type\":4}","lite":"0","guid":"cf1ccab1-bc99-4bc6-93d9-90200d6f2942","growth_activity":"0"},{"id":"687213","courseId":"70","type":"4","summary":"","index":"46","json":"{ \"type\":4}","lite":"0","guid":"b9ff77b7-0f9b-4262-a9a3-8b822e6bd4c4","growth_activity":"0"},{"id":"687214","courseId":"70","type":"4","summary":"","index":"47","json":"{ \"type\":4}","lite":"0","guid":"e0a15b5b-b923-4f79-b386-e803bafc9e26","growth_activity":"0"},{"id":"687215","courseId":"70","type":"4","summary":"","index":"48","json":"{ \"type\":4}","lite":"0","guid":"f6ee38a8-4cb8-4b9d-bf8b-111a3b174334","growth_activity":"0"},{"id":"687216","courseId":"70","type":"4","summary":"","index":"49","json":"{ \"type\":4}","lite":"0","guid":"487e69db-9e40-405a-861c-a51b9672ea21","growth_activity":"0"},{"id":"687217","courseId":"70","type":"4","summary":"","index":"50","json":"{ \"type\":4}","lite":"0","guid":"7b96b4b0-36d9-455e-8023-ec17ff0e70fc","growth_activity":"0"},{"id":"687218","courseId":"70","type":"4","summary":"","index":"51","json":"{ \"type\":4}","lite":"0","guid":"96aba6ed-7fbe-4110-8e06-5022ae6b6bb9","growth_activity":"0"},{"id":"687219","courseId":"70","type":"4","summary":"","index":"52","json":"{ \"type\":4}","lite":"0","guid":"4562f055-6cad-43d8-bf91-b43e047be18b","growth_activity":"0"},{"id":"687220","courseId":"70","type":"4","summary":"","index":"53","json":"{ \"type\":4}","lite":"0","guid":"f83f06df-9176-4d3d-95f6-af04c4142d5d","growth_activity":"0"},{"id":"687221","courseId":"70","type":"4","summary":"","index":"54","json":"{ \"type\":4}","lite":"0","guid":"56fe53cc-b3d2-455f-a2d4-78fb5e1bf901","growth_activity":"0"},{"id":"687222","courseId":"70","type":"4","summary":"","index":"55","json":"{ \"type\":4}","lite":"0","guid":"c02845a6-53ac-4f98-bfb3-fc7bc0ad03eb","growth_activity":"0"},{"id":"687223","courseId":"70","type":"4","summary":"","index":"56","json":"{ \"type\":4}","lite":"0","guid":"8339c0e7-e856-44e4-8b50-c01b66f90b9d","growth_activity":"0"},{"id":"687224","courseId":"70","type":"4","summary":"","index":"57","json":"{ \"type\":4}","lite":"0","guid":"0819f705-45e6-4861-a2a5-8f21875df5e9","growth_activity":"0"},{"id":"687225","courseId":"70","type":"4","summary":"","index":"58","json":"{ \"type\":4}","lite":"0","guid":"3070d672-2905-4215-a545-e67105989d4d","growth_activity":"0"},{"id":"687226","courseId":"70","type":"4","summary":"","index":"59","json":"{ \"type\":4}","lite":"0","guid":"3302538b-4432-4b64-9835-40d1010f70c3","growth_activity":"0"},{"id":"687227","courseId":"70","type":"4","summary":"","index":"60","json":"{ \"type\":4}","lite":"0","guid":"d41abf86-ceec-4781-bc5c-4e62d216d0f6","growth_activity":"0"},{"id":"687228","courseId":"70","type":"4","summary":"","index":"61","json":"{ \"type\":4}","lite":"0","guid":"f8a27823-dee4-46f1-862c-94f7150602ab","growth_activity":"0"},{"id":"687229","courseId":"70","type":"4","summary":"","index":"62","json":"{ \"type\":4}","lite":"0","guid":"70b1b467-c18d-460b-9986-9cfc4656088e","growth_activity":"0"},{"id":"687230","courseId":"70","type":"4","summary":"","index":"63","json":"{ \"type\":4}","lite":"0","guid":"69055f4c-9801-4f01-9fa3-68240aef0d36","growth_activity":"0"},{"id":"687231","courseId":"70","type":"4","summary":"","index":"64","json":"{ \"type\":4}","lite":"0","guid":"d1706861-9db4-4e21-9aae-b8e8eb1020d0","growth_activity":"0"},{"id":"687232","courseId":"70","type":"4","summary":"","index":"65","json":"{ \"type\":4}","lite":"0","guid":"95970dea-188e-40cd-a876-09cb5595693a","growth_activity":"0"},{"id":"687233","courseId":"70","type":"4","summary":"","index":"66","json":"{ \"type\":4}","lite":"0","guid":"08b38807-5829-4485-ae71-0d63dc98991e","growth_activity":"0"},{"id":"687234","courseId":"70","type":"4","summary":"","index":"67","json":"{ \"type\":4}","lite":"0","guid":"e1770cc2-bb0c-4451-affc-dfed9e149503","growth_activity":"0"},{"id":"687235","courseId":"70","type":"4","summary":"","index":"68","json":"{ \"type\":4}","lite":"0","guid":"5ce025e3-bd99-47ea-8a92-12b75ce02896","growth_activity":"0"},{"id":"687236","courseId":"70","type":"4","summary":"","index":"69","json":"{ \"type\":4}","lite":"0","guid":"03799de7-10da-4089-863a-57a1fa589e1f","growth_activity":"0"},{"id":"687237","courseId":"70","type":"4","summary":"","index":"70","json":"{ \"type\":4}","lite":"0","guid":"42e6ff22-3177-4786-991f-f36ee53e3240","growth_activity":"0"},{"id":"687238","courseId":"70","type":"4","summary":"","index":"71","json":"{ \"type\":4}","lite":"0","guid":"39ce721d-5c8f-4e6a-9729-9c57d2717fc3","growth_activity":"0"},{"id":"687239","courseId":"70","type":"4","summary":"","index":"72","json":"{ \"type\":4}","lite":"0","guid":"14f24e80-e51a-46e3-83eb-8511f98851f7","growth_activity":"0"},{"id":"687240","courseId":"70","type":"4","summary":"","index":"73","json":"{ \"type\":4}","lite":"0","guid":"099ac68f-72d1-4c60-bd02-33c21ad5a997","growth_activity":"0"},{"id":"687241","courseId":"70","type":"4","summary":"","index":"74","json":"{ \"type\":4}","lite":"0","guid":"aaa8b88b-db8c-4e07-b3e0-87367c0512b6","growth_activity":"0"},{"id":"687242","courseId":"70","type":"4","summary":"","index":"75","json":"{ \"type\":4}","lite":"0","guid":"456213c7-3f2b-4c73-b137-b3e0ad58f746","growth_activity":"0"},{"id":"687243","courseId":"70","type":"4","summary":"","index":"76","json":"{ \"type\":4}","lite":"0","guid":"dfc212f7-b809-4e6c-8f4c-d70fa1606d63","growth_activity":"0"},{"id":"687244","courseId":"70","type":"4","summary":"","index":"77","json":"{ \"type\":4}","lite":"0","guid":"19bd0fbb-e0ba-4255-9e61-e62ca8cc8dd9","growth_activity":"0"},{"id":"687245","courseId":"70","type":"4","summary":"","index":"78","json":"{ \"type\":4}","lite":"0","guid":"567d8f25-8bc4-4dde-a2c2-8407935ecfe0","growth_activity":"0"},{"id":"687246","courseId":"70","type":"4","summary":"","index":"79","json":"{ \"type\":4}","lite":"0","guid":"a7c05504-dc06-4dcf-8449-41a55411f81f","growth_activity":"0"},{"id":"687247","courseId":"70","type":"4","summary":"","index":"80","json":"{ \"type\":4}","lite":"0","guid":"1a774788-e687-469c-9008-f58b823092f2","growth_activity":"0"},{"id":"687248","courseId":"70","type":"4","summary":"","index":"81","json":"{ \"type\":4}","lite":"0","guid":"f463375a-d4ac-4628-88dc-3891c44c5d1c","growth_activity":"0"},{"id":"687249","courseId":"70","type":"4","summary":"","index":"82","json":"{ \"type\":4}","lite":"0","guid":"43f0eedc-ab2e-44dd-acd6-baaaf21c77e0","growth_activity":"0"},{"id":"687250","courseId":"70","type":"4","summary":"","index":"83","json":"{ \"type\":4}","lite":"0","guid":"deafe6a5-9825-458b-b01a-e6df69f32b1e","growth_activity":"0"},{"id":"687251","courseId":"70","type":"4","summary":"","index":"84","json":"{ \"type\":4}","lite":"0","guid":"45dc05ba-8396-4d34-b66e-a5f7fd6998b9","growth_activity":"0"},{"id":"687252","courseId":"70","type":"4","summary":"","index":"85","json":"{ \"type\":4}","lite":"0","guid":"8f61e740-52d3-4671-987b-a3d2400982ed","growth_activity":"0"},{"id":"687253","courseId":"70","type":"4","summary":"","index":"86","json":"{ \"type\":4}","lite":"0","guid":"cd56acb8-fa52-41fb-acbd-4f1bf8eb0c72","growth_activity":"0"},{"id":"687254","courseId":"70","type":"4","summary":"","index":"87","json":"{ \"type\":4}","lite":"0","guid":"efd6ea1e-0e99-4d4f-9a95-5d2ecfb50c0f","growth_activity":"0"},{"id":"687255","courseId":"70","type":"4","summary":"","index":"88","json":"{ \"type\":4}","lite":"0","guid":"","growth_activity":"0"},{"id":"687256","courseId":"70","type":"4","summary":"","index":"89","json":"","lite":"0","guid":"","growth_activity":"0"}]