[{"id":"598254","courseId":"312","type":"1","summary":"The New Way to Learn","index":"0","json":"{\"type\":1,\"intro\":{\"title\":\"The New Way to Learn\",\"description\":\"Blink courses can help you to reach your goals, improve your life, succeed - efficiently and enjoyably. Blink courses use small activities to teach big concepts. With Blink, you can fully experience important books and other content in a powerful new way.&#10;&#10;&#10;&#10;&#10;&#10;&#10;&#10;&#10;(To exit this course, touch the three blue lines in the upper left and touch My Courses. But stay a while - there&#39;s good stuff to learn.)\",\"image\":\"00A43D3F-8B60-D2CD-A2B2-3DA0E7204730.png\"},\"dossier\":true}","lite":"0","guid":"1846c15e-5f5b-42c9-8fcc-45aa7d6b92bf","growth_activity":"0"},{"id":"598255","courseId":"312","type":"3","summary":"Blink and Self Improvement","index":"1","json":"{\"type\":3,\"intro\":{\"title\":\"Blink and Self Improvement\",\"description\":\"Our initial courses are based on self-improvement classics, such as &#34;Think and Grow Rich&#34; and &#34;The Power of Your Subconscious Mind.&#34; &#10;&#10;We handcraft our courses so they capture the nuggets of knowledge as well as the color of the author&#39;s point of view. &#10;&#10;Let&#39;s show you what we mean.\",\"image\":\"\",\"sound\":\"\",\"volume\":9},\"unlockscore\":\"175\",\"quicklink\":false,\"quotation\":\"\",\"unlockActivity\":\"none\",\"dossier\":false}","lite":"1","guid":"b6b4d633-6de7-40cd-aa70-cc057a89e5fa","growth_activity":"0"},{"id":"598256","courseId":"312","type":"6","summary":"Blink Can Help You Grow and Prosper","index":"2","json":"{\"type\":6,\"image\":\"\",\"presentation\":[{\"text\":\"Blink Can Help You Grow and Prosper\",\"in\":1,\"time\":1,\"sound\":\"\",\"size\":2,\"color\":\"#256ED7\"},{\"text\":\"For example, take this inspirational, yet dense, text from Wallace Wattles&#39; positive-thinking classic, &#34;The Science of Getting Rich.&#34;\",\"in\":1,\"time\":2,\"sound\":\"\",\"size\":0,\"color\":\"#000000\"},{\"text\":\"The object of all life is development; and everything that lives has an inalienable right to all the development it is capable of attaining. Man&#39;s right to life means his right to have the free and unrestricted use of all the things which may be necessary to his fullest mental, spiritual, and physical unfoldment; or, in other words, his right to be rich. In this book, I shall not speak of riches in a figurative way; to be really rich does not mean to be satisfied or contented with a little. No man ought to be satisfied with a little if he is capable of using and enjoying more. The purpose of Nature is the advancement and unfoldment of life; and every man should have all that can contribute to the power; elegance, beauty, and richness of life; to be content with less is sinful.\",\"in\":1,\"time\":2,\"sound\":\"\",\"color\":\"#FF9500\",\"size\":1},{\"text\":\"Touch Next to experience the Blink version of this text.\",\"in\":1,\"time\":3,\"sound\":\"\"}]}","lite":"0","guid":"f8edac6f-a90f-4374-8953-f3d0f408515d","growth_activity":"0"},{"id":"598257","courseId":"312","type":"13","summary":"The Science of Getting Rich","index":"3","json":"{\"type\":13,\"thisthat\":{\"questions\":[{\"text\":\"The Science of Getting Rich&#10;&#10;According to Wallace Wattles, the object of all life is:\",\"correct\":\"Development\",\"wrong\":\"Decay\",\"value\":true,\"feedback\":[\"Correct, and even if you weren&#39;t sure, now you learned something. Teaching by asking questions has its roots in ancient Greece and it can be very powerful. We do it a lot in Blink, and in Blink, you can earn points and gems!\",\"The answer is &#39;development.&#39; But even by answering incorrectly you can learn something. Teaching by asking questions has its roots in ancient Greece and it can be very powerful. We do it a lot in Blink, and in Blink, you can earn points and gems!\"]},{\"text\":\"Everything that lives has the inalienable right to develop as much as:\",\"correct\":\"Others will allow it\",\"wrong\":\"It is capable of developing\",\"value\":false,\"feedback\":[\"Yes, everything that lives has the inalienable right to develop as much as it is capable of developing. \",\"Nope, as Wattles writes, everything that lives has the inalienable right to develop as much as it is capable of developing. It is not Nature&#39;s way to allow others to limit your growth.\"]},{\"text\":\"You have the right to use everything that may be necessary for your fullest mental, spiritual and physical unfoldment. &#10;&#10;In other words, you have the:\",\"correct\":\"Right to be rich\",\"wrong\":\"Moral obligation to suffer\",\"value\":true,\"feedback\":[\"Yes, doesn&#39;t that sound good? You have the RIGHT to be rich. (And you can use Blink to help you to get there.)\",\"No, you do NOT have the moral obligation to suffer, at least not according to Wallace Wattles. You have the RIGHT to be rich. So, make use of that right. (And you can use Blink to help you to get there.)\"]}],\"timer\":120,\"noscore\":false},\"feedback\":[\"This is one type of activity we use. How&#39;d you do? Touch the Blink Eye on the left to open and close the score menu. Reminder: to exit a course, touch those 3 blue lines above on the left, then My Courses. (But stay awhile. There&#39;s more to learn.)\",\"This is one type of activity we use. How&#39;d you do? Touch the Blink Eye on the left to open and close the score menu. Reminder: to exit a course, touch those 3 blue lines above on the left, then My Courses.  (But stay awhile. There&#39;s more to learn.)\"],\"score\":\"150\",\"gems\":\"1\"}","lite":"1","guid":"546b5ac2-2578-44e3-b7ca-5399604dbf49","growth_activity":"0"},{"id":"598258","courseId":"312","type":"12","summary":"To Truly Be Rich","index":"4","json":"{\"type\":12,\"orderitems\":{\"slots\":[\"Start of statement\",\"\",\"End of statement\"],\"items\":[{\"text\":\"To be content\",\"slot\":1},{\"text\":\"with less\",\"slot\":2},{\"text\":\"is sinful.\",\"slot\":3}],\"ordered\":true,\"timer\":120,\"sound\":\"\",\"prompt\":\"Wattles writes: &#34;You should have all that can contribute to the power, elegance, beauty, and richness of your life.&#34; Drag each yellow rectangle to the correct orange space to finish his thought. Then touch Done.\"},\"feedback\":[\"Very good. &#34;To be content with less is sinful.&#34; Pretty strong stuff. He didn&#39;t pull any punches.\",\"He said: &#34;To be content with less is sinful.&#34; Pretty strong stuff. He didn&#39;t pull any punches.\"],\"score\":\"150\",\"gems\":\"1\"}","lite":"1","guid":"128321f5-964e-4ada-bde5-a998e773a444","growth_activity":"0"},{"id":"598259","courseId":"312","type":"8","summary":"All that Apply","index":"5","json":"{\"type\":8,\"statement\":{\"prompt\":\"Here&#39;s another activity. Touch the three concepts that apply to Wattles&#39; philosophy.\",\"wrong\":\"Octopus|Frog|Reindeer\",\"statements\":[\"Develop Fully|Right to Be Rich|Prosperity\"],\"ordered\":false,\"timer\":60,\"sound\":\"\"},\"feedback\":[\"Very good. You&#39;re getting it!\",\"So, you&#39;re the type of person who needs to explore the other options, a mind adventurer so to speak. Well, you failed at this small activity, but with that kind of curiosity you will surely get a lot out of Blink courses!\"],\"score\":\"300\",\"gems\":\"1\"}","lite":"0","guid":"96bcdf6f-8541-45e9-a45e-147d52668294","growth_activity":"0"},{"id":"598260","courseId":"312","type":"11","summary":"The Right To Be Rich","index":"6","json":"{\"type\":11,\"simon\":{\"prompt\":\"Let&#39;s review once more. Wattles&#39; basic premise is:&#10;(Touch the words when it says &#39;Repeat.&#39;)\",\"sounds\":[\"E5C6D026-2F75-0F40-68D1-7422140481EC.mp3\",\"B8C91EF2-5EAA-7E90-19B0-6F284CAC9685.mp3\",\"589167A7-9931-6F08-7FAE-F4C6574A4B56.mp3\",\"6363277F-8E8B-2B78-C901-30F0DE997089.mp3\",\"7752814F-7D4D-4416-C838-54A51F69422B.mp3\",\"DAABB063-3112-C246-2A07-401C100A4C94.mp3\"],\"phrase\":\"You|have the right|to be rich.\",\"wrong\":\"Think|Learning|Blink.\",\"time\":0,\"score\":0,\"gems\":0,\"sound\":\"\"},\"feedback\":[\"Very good. This is another small activity we use to reinforce big ideas.\",\"Well, you&#39;ll do better next time.\"],\"score\":\"100\",\"gems\":\"0\"}","lite":"0","guid":"f3e0efdb-8120-4f88-98e7-7131e1954ffe","growth_activity":"0"},{"id":"598261","courseId":"312","type":"7","summary":"Content with Less?","index":"7","json":"{\"type\":7,\"input\":{\"type\":7,\"prompt\":\"Wattles believed that we are all meant to develop to our fullest. Are you developing to your fullest, or accepting less? (Move the slider to answer. Then enter text in the box below if you like.)\",\"locked\":false,\"text\":\"\",\"isNumber\":false,\"useImages\":false,\"left\":\"Accepting Less\",\"right\":\"Developing Fully\",\"ideal\":50,\"sound\":\"\",\"min\":0,\"max\":0,\"integer\":true},\"feedback\":[\"Blink can help you to improve your life. For example, text you input in a course is saved to your &#39;Dossier.&#39; You can review and edit that text so you can start a Blink journal in each course as you grow, learn and engage with the world in new ways.\",\"Blink can help you to improve your life. For example, text you input in a course is saved to your &#39;Dossier.&#39; You can review and edit that text so you can start a Blink journal in each course as you grow, learn and engage with the world in new ways.\"],\"score\":0,\"gems\":0}","lite":"0","guid":"ec43397d-050d-4bab-a0db-6c4abfdb0340","growth_activity":"0"},{"id":"598262","courseId":"312","type":"9","summary":"Learning!","index":"8","json":"{\"type\":9,\"wordfill\":{\"text\":\"Something very powerful is happening, and it is ##1##\",\"prompt\":\"We call these quick activities &#39;Blinks.&#39; And we string them together into &#39;Bursts.&#39; Blinks get you involved with the content so you&#39;re more likely to retain what you learn.\",\"sound\":\"\",\"words\":[\"LEARNING!\"],\"timer\":60},\"feedback\":[\"Yes, you&#39;re learning efficiently and it&#39;s engaging and enjoyable. And you&#39;re earning points and gems! That&#39;s the Blink Way: the new way to learn.\",\"That something powerful that you feel is LEARNING! You&#39;re learning efficiently and it&#39;s engaging and enjoyable. And you&#39;re earning points and gems! That&#39;s the Blink Way: the new way to learn.\"],\"score\":\"100\",\"gems\":\"1\"}","lite":"0","guid":"8ec2007b-7e17-4337-860d-a9bb02fd3911","growth_activity":"0"},{"id":"598263","courseId":"312","type":"6","summary":"Your Progress","index":"9","json":"{\"type\":6,\"image\":\"C58AF4DA-D742-6249-4260-2A74CB0030E2.png\",\"presentation\":[{\"text\":\"Your Progress Screen\",\"in\":1,\"time\":1,\"sound\":\"\",\"size\":2,\"color\":\"#256ED7\"},{\"text\":\"This is the end of this course&#39;s first Burst, so when you touch Next, you&#39;ll see your Progress Screen (scroll down to see sample above). On your Progress Screen, you&#39;ll find stats on how you&#39;re doing and see where you are on your journey up the mountain of mastery. And the better the weather, the better you seem to be grasping the material.\",\"in\":1,\"time\":2,\"sound\":\"\"},{\"text\":\"If there&#39;s a check mark next to &#34;Target Score&#34; on your Progress Screen, then you&#39;ve unlocked the next Burst. If not, replay this Burst and try for a higher score. If there&#39;s a check mark next to &#34;Max Gems,&#34; you&#39;ve earned all available gems. You don&#39;t need all the gems to move on, but you can replay the Burst to try to earn them all if you like.\",\"in\":1,\"time\":2,\"sound\":\"\"},{\"text\":\"In the next Burst, we&#39;ll talk about our current courses.\",\"in\":1,\"time\":3,\"sound\":\"\"}]}","lite":"0","guid":"e35f51bd-7f96-44bd-b306-3b55ffa16f20","growth_activity":"0"},{"id":"598264","courseId":"312","type":"4","summary":"You Need Money for a Complete Life","index":"10","json":"{ \"type\":4}","lite":"1","guid":"1c7eb215-a5ea-4b9d-b0b4-91cd696e9638","growth_activity":"0"},{"id":"598265","courseId":"312","type":"3","summary":"Current Blink Courses","index":"11","json":"{\"type\":3,\"intro\":{\"title\":\"Current Blink Courses\",\"description\":\"Each of our current courses is based on a classic self improvement book. These books have helped millions of people to make their lives better and now as Blink courses, they can help more people. &#10;&#10;If you want to absorb and retain the content from these books, but just don&#39;t have the inclination to read them, Blink courses are for you. If you&#39;ve read the books and want to better retain and internalize the content - and implement real change in your life - Blink courses are for you, too.&#10;&#10;Each course has a free sample so you can try it first. To get the full course, purchase Blink credits and use those credits to get courses. Here&#39;s some information about our courses.\",\"image\":\"\",\"sound\":\"\",\"volume\":50},\"unlockscore\":\"50\",\"quicklink\":false,\"quotation\":\"\"}","lite":"0","guid":"44d703a8-9a89-4101-8e39-93f9cac5820f","growth_activity":"0"},{"id":"598266","courseId":"312","type":"6","summary":"The Blinked Series","index":"12","json":"{\"type\":6,\"image\":\"\",\"presentation\":[{\"text\":\"OVERVIEW OF OUR COURSES: The Blinked Series\",\"in\":1,\"time\":1,\"sound\":\"\",\"color\":\"#256ED7\"},{\"text\":\"The Blinked courses offer deep and rich experiences that enlighten all of the author&#39;s themes.\",\"in\":1,\"time\":2,\"sound\":\"\",\"color\":\"#000000\"},{\"text\":\"Think and Grow Rich: Blinked&#10;Napoleon Hill&#39;s brilliant positive thinking classic has enlightened millions. With the Blink course you can truly grasp his words and implement his program.&#10;&#10;The Science of Getting Rich: Blinked&#10;In this course, Wallace Wattles&#39; powerful prose and life-changing ideas are made accessible so it is easier to bring his concepts to your life.&#10;&#10;The Richest Man in Babylon: Blinked&#10;George S. Clason&#39;s timeless lessons wrapped around tales of the ancient city are brought to life, making them easy to take on your journey.&#10;&#10;--\",\"in\":1,\"time\":2,\"sound\":\"\"}]}","lite":"0","guid":"9243540a-6065-4983-a7bd-de0941530cfc","growth_activity":"0"},{"id":"598267","courseId":"312","type":"6","summary":"The ...In a Blink!  Series","index":"13","json":"{\"type\":6,\"image\":\"\",\"presentation\":[{\"text\":\"OVERVIEW OF OUR COURSES: The ...In a Blink! Series\",\"in\":1,\"time\":1,\"sound\":\"\",\"color\":\"#256ED7\"},{\"text\":\"...In a Blink! courses are adapted from the Condensed Classics Library from Gildan Media. These courses cut to the core of the words and offer a quick way to internalize and implement the author&#39;s ideas.\",\"in\":1,\"time\":2,\"sound\":\"\",\"color\":\"#000000\"},{\"text\":\"The Law of Success...in a Blink!&#10;This quick, easy-to-follow version of Napoleon Hill&#39;s seminal work will help you to learn and implement the principles upon which greatness is built.&#10;&#10;Public Speaking to Win...in a Blink!&#10;This course will help you to learn and retain Dale Carnegie&#39;s winning formula for developing self confidence, opening and closing your talks and truly influencing your audience.&#10;&#10;The Power of Your Subconscious Mind...in a Blink!&#10;This course is something of a interactive instruction manual for seeking a greater scale of life based on George Murphy&#39;s message: new thought means new life.&#10;&#10;--\",\"in\":1,\"time\":2,\"sound\":\"\"}]}","lite":"0","guid":"96303dd8-1e5d-48fe-8f80-1319dae819df","growth_activity":"0"},{"id":"598268","courseId":"312","type":"20","summary":"Your Interests?","index":"14","json":"{\"type\":20,\"multiple\":{\"timer\":60,\"answers\":[{\"correct\":true,\"text\":\"Think and Grow Rich: Blinked\",\"feedback\":\"Learn to define and reach your goals!\"},{\"correct\":true,\"text\":\"The Science of Getting Rich: Blinked\",\"feedback\":\"Learn to focus on and achieve wealth!\"},{\"correct\":true,\"text\":\"The Richest Man in Babylon: Blinked\",\"feedback\":\"Learn the rules for accumulating and building your wealth!\"},{\"correct\":true,\"text\":\"The Law of Success...in a Blink!\",\"feedback\":\"Learn 15 key principles for achieving success!\"},{\"correct\":true,\"text\":\"The Power of Your Subconscious Mind...in a Blink!\",\"feedback\":\"Learn to change your life with your mind!\"},{\"correct\":true,\"text\":\"Public Speaking to Win...in a Blink!!\",\"feedback\":\"Learn the most valuable art of public speaking!\"}],\"sound\":\"\",\"text\":\"Which of these courses could help change your life for the better?\"},\"feedback\":[\"Yes, all of these courses can help you to change your life! Now, touch Close and then touch any course to see what it can teach you.\",\"Well, actually, all of these courses can help you to change your life. Now, touch Close and then touch any course to see what it can teach you.\"],\"score\":\"300\",\"gems\":\"1\"}","lite":"0","guid":"a1d6be73-6fb4-452d-9de3-a344a652996e","growth_activity":"0"},{"id":"598269","courseId":"312","type":"10","summary":"Getting Courses","index":"15","json":"{\"type\":10,\"dragdrop\":{\"timer\":60,\"layout\":0,\"goals\":[{\"isImage\":false,\"text\":\"Use the credits to get courses\",\"image\":\"\"}],\"items\":[{\"goal\":1,\"isImage\":false,\"text\":\"Purchase Blink credits and...\",\"image\":\"\",\"feedback\":[\"\",\"\"]}],\"prompt\":\"GETTING BLINK COURSES&#10;&#10;One more time - how do you go about getting Blink courses?\",\"sound\":\"\"},\"feedback\":[\"You got it! And remember - all courses offer free samples so you can try it before you buy it.\",\"Purchase Blink credits and use them to get courses. And remember - all courses offer free samples so you can try it before you buy it.\"],\"score\":\"100\",\"gems\":\"1\"}","lite":"0","guid":"98f65d6d-b63e-4ed2-b7c8-0646df0e5ab0","growth_activity":"0"},{"id":"598270","courseId":"312","type":"7","summary":"What courses would you want?","index":"16","json":"{\"type\":7,\"input\":{\"type\":1,\"prompt\":\"We are creating more courses, but do you have some thoughts on what Blink courses you would like to see? Write about it below and when you have some ideas together email them to us at EMAIL ADDRESS.\",\"locked\":false},\"feedback\":[\"You can edit any text you write by clicking on the three blue lines on the upper left and then choosing Dossiers. And now you&#39;ve reached the end of Unit 1. The next Unit is about getting around in courses.\",\"You can edit any text you write by clicking on the three blue lines on the upper left and then choosing Dossiers. And now you&#39;ve reached the end of Unit 1. The next Unit is about getting around in courses.\"],\"score\":0,\"gems\":0}","lite":"0","guid":"06129052-13ae-46df-bc67-9e4814077a5e","growth_activity":"0"},{"id":"598271","courseId":"312","type":"4","summary":"The Courses","index":"17","json":"{ \"type\":4}","lite":"0","guid":"f07c8f3a-8c85-492a-882f-b183dde9c737","growth_activity":"0"},{"id":"598272","courseId":"312","type":"2","summary":"What is Blink Training?","index":"18","json":"{ \"type\":2}","lite":"0","guid":"283f598a-4a04-4f77-8ec4-b6a41a7e147e","growth_activity":"0"},{"id":"598273","courseId":"312","type":"1","summary":"The Simplicity of the System","index":"19","json":"{\"type\":1,\"intro\":{\"title\":\"The Simplicity of the System\",\"description\":\"We designed Blink for simplicity: the less stuff that&#39;s in your face, the more brain space you have left for learning. (It&#39;s called the Cognitive Load Theory.) &#10;&#10;So, each course is handcrafted for learning optimization and all courses have the same components and interface. This way you don&#39;t have to spend time getting comfortable with the system - you can just get in and start changing your life for the better!\",\"image\":\"\"},\"dossier\":false}","lite":"0","guid":"7dcdb965-8eca-4efa-82ab-27823e3c00cc","growth_activity":"0"},{"id":"598274","courseId":"312","type":"3","summary":"Course Components","index":"20","json":"{\"type\":3,\"intro\":{\"title\":\"Course Components\",\"description\":\"All Blink courses have the same components, so it makes it easy to get comfortable with this new way to learn. &#10;&#10;Touch Next to find out about those components.\",\"image\":\"\",\"sound\":\"\",\"volume\":50},\"unlockscore\":\"150\",\"quicklink\":false,\"quotation\":\"\",\"dossier\":false}","lite":"0","guid":"3499599a-07f2-4fce-8b3a-07c4c4e6321e","growth_activity":"0"},{"id":"598275","courseId":"312","type":"9","summary":"Units","index":"21","json":"{\"type\":9,\"wordfill\":{\"text\":\"Courses are divided into ##1##.\",\"prompt\":\"BLINK COURSE COMPONENTS\",\"sound\":\"\",\"words\":[\"UNITS\"],\"timer\":0},\"feedback\":[\"Yes! Courses are divided into Units, and you unlock each Unit as you play through the course.\",\"Courses are divided into Units, and you unlock each Unit as you play through the course.\"],\"score\":\"50\",\"gems\":\"1\"}","lite":"0","guid":"e2232afe-570e-4f60-be05-80c44ae5d231","growth_activity":"0"},{"id":"598276","courseId":"312","type":"9","summary":"Bursts","index":"22","json":"{\"type\":9,\"wordfill\":{\"text\":\"Units are made up of ##1##.\",\"prompt\":\"BLINK COURSE COMPONENTS&#10;&#10;The biggest component is the Unit.\",\"sound\":\"\",\"words\":[\"BURSTS\"],\"timer\":0},\"feedback\":[\"Yes! Units are made up of Bursts. You&#39;re in a Burst right now. To unlock the next Burst, you need to accumulate at least 150 points: the Target Score that you&#39;ll see on the left of the screen.\",\"Units are made up of Bursts. You&#39;re in a Burst right now. To unlock the next Burst, you need to accumulate at least 150 points. Touch the Eye on the left to open the Score menu. You&#39;ll see the Target Score is 50.\"],\"score\":\"50\",\"gems\":\"1\"}","lite":"0","guid":"499f4912-8ec8-4a51-a2f2-fbab6d608f99","growth_activity":"0"},{"id":"598277","courseId":"312","type":"9","summary":"Blinks","index":"23","json":"{\"type\":9,\"wordfill\":{\"text\":\"Bursts are a series of ##1##.\",\"prompt\":\"BLINK COURSE COMPONENTS&#10;&#10;The biggest component is the Unit. Units are composed of Bursts.\",\"sound\":\"\",\"words\":[\"BLINKS\"],\"timer\":0},\"feedback\":[\"Yes! Bursts are a series of Blinks, like this word fill activity. You earn points and gems by successfully completing Blinks. The circles at the top of the screen show how many Blinks are in this Burst. The dark blue circle is the Blink you&#39;re in now.\",\"Bursts are a series of Blinks, like this word fill activity. You earn points and gems by successfully completing Blinks. The circles at the top of the screen show how many Blinks are in this Burst. The dark blue circle is the Blink you&#39;re in now.\"],\"score\":\"50\",\"gems\":\"1\"}","lite":"0","guid":"1700209e-15e4-4e5d-9193-b414ffb3bd6d","growth_activity":"0"},{"id":"598278","courseId":"312","type":"9","summary":"Dossiers","index":"24","json":"{\"type\":9,\"wordfill\":{\"text\":\"When you enter text in a course, it gets saved to your ##1##.\",\"prompt\":\"BLINK COURSE COMPONENTS &#10;&#10;You&#39;ve learned about Units, Bursts and Blinks. Now comes something slightly different.\",\"sound\":\"\",\"words\":[\"DOSSIER\"],\"timer\":0},\"feedback\":[\"Yes. Some courses ask you to write about your thoughts and feelings as they pertain to the course topic. This helps you to internalize what you&#39;re learning. And it can become your journal on the topic that you can review and edit at any time.\",\"Some courses ask you to write about your thoughts and feelings as they pertain to the course topic. This helps you to internalize what you&#39;re learning. And it can become your journal on the topic that you can review and edit at any time.\"],\"score\":\"50\",\"gems\":\"1\"}","lite":"0","guid":"60a884f6-ea0e-40ff-ac79-45ab69685722","growth_activity":"0"},{"id":"598279","courseId":"312","type":"8","summary":"Quick Review","index":"25","json":"{\"type\":8,\"statement\":{\"prompt\":\"Let&#39;s just do a quick review so that when you start playing through courses, you are comfortable with the terminology. &#10;&#10;Touch all the terms that relate to Blink courses.\",\"wrong\":\"Saraswati|Minerva|Nidaba\",\"statements\":[\"Units|Bursts|Blinks\"],\"ordered\":false,\"timer\":0,\"sound\":\"\"},\"feedback\":[\"Yes! You got them all! And of course Dossier was missing. But I&#39;m sure you noticed that.\",\"So you couldn&#39;t help touching Saraswati, Minerva, or Nidaba. Yes, these are gods of learning and knowledge from various civilizations. You got this activity wrong, but you have a very inquisitive mind. You will learn a lot from Blink courses!\"],\"score\":\"150\",\"gems\":\"1\"}","lite":"0","guid":"9f036a1e-4d0d-4ff5-a98f-645a90366f25","growth_activity":"0"},{"id":"598280","courseId":"312","type":"6","summary":"The Navigation Menu","index":"26","json":"{\"type\":6,\"image\":\"\",\"presentation\":[{\"text\":\"The Navigation Menu\",\"in\":1,\"time\":1,\"sound\":\"\",\"size\":2,\"color\":\"#256ED7\"},{\"text\":\"One more thing: To move to other Units, go to your Dossier, or get back to the My Courses screen, touch the three blue lines on the upper left of the screen to open the Navigation Menu. \",\"in\":1,\"time\":2,\"sound\":\"\"},{\"text\":\"Go ahead, do it now. You&#39;ll see the Navigation menu open. Don&#39;t go anywhere right now, just touch the X to close the menu.\",\"in\":1,\"time\":2,\"sound\":\"\"},{\"text\":\"Wherever you go, usually you can open the menu again and touch &#34;Return to course&#34; to get back to where you were.\",\"in\":1,\"time\":2,\"sound\":\"\"}]}","lite":"0","guid":"2309db4c-a90b-46ef-90df-624ad1f66a79","growth_activity":"0"},{"id":"598281","courseId":"312","type":"6","summary":"Summary","index":"27","json":"{\"type\":6,\"image\":\"\",\"presentation\":[{\"text\":\"Improve Your Life\",\"in\":1,\"time\":1,\"sound\":\"\",\"size\":2,\"color\":\"#256ED7\"},{\"text\":\"This is the end of this Burst. The next Burst contains credits for the people who built this new learning system.\",\"in\":1,\"time\":2,\"sound\":\"\"},{\"text\":\"We hope you use Blink to enlarge your sphere of knowledge and improve your life. \",\"in\":1,\"time\":2,\"sound\":\"\"}]}","lite":"0","guid":"b3a1a633-204e-41f0-b016-3a4ff1d30ef2","growth_activity":"0"},{"id":"598282","courseId":"312","type":"4","summary":"Course Components","index":"28","json":"{ \"type\":4}","lite":"0","guid":"20f55857-202a-465f-926d-802301e99d4f","growth_activity":"0"},{"id":"598283","courseId":"312","type":"3","summary":"Credits, Copyright, Contact Info","index":"29","json":"{\"type\":3,\"intro\":{\"title\":\"Credits, Copyright, and Contact Info\",\"description\":\"We hope Blink helps you to change your life for the better. In this Burst, we take a moment to list the wonderful folks who helped to make Blink Training a reality. &#10;&#10;&#10;&#10;&#10;&#10;&#10;&#10;We never give up and we hope you never give up either.\",\"image\":\"4BAA371E-E3CE-E0B9-BD86-79D39B3DD1FE.png\",\"sound\":\"\",\"volume\":50},\"unlockscore\":0,\"quicklink\":false,\"quotation\":\"\"}","lite":"0","guid":"e79d79ec-a1c5-464e-85e0-f42e878beb3c","growth_activity":"0"},{"id":"598284","courseId":"312","type":"6","summary":"Credits","index":"30","json":"{\"type\":6,\"image\":\"\",\"presentation\":[{\"text\":\"Credits\",\"in\":1,\"time\":1,\"sound\":\"\",\"color\":\"#256ED7\",\"size\":2},{\"text\":\"App and Blinks interactive design  Jeff Siegel and Nik Lever&#10;App GUI additional graphic design  Aidan Siegel&#10;Sound Effects  Ed Lima&#10;&#10;Catalyst Pictures LTD&#10;   Nik Lever - chief software engineer&#10;   Ky Thanh - software engineer&#10;   Pam Lever - design&#10;&#10;Blink Training Systems, LLC - Jeff Siegel, President&#10;&#10;--\",\"in\":1,\"time\":1,\"sound\":\"\"}]}","lite":"0","guid":"6b64fe9e-ec39-40a9-acb5-99a1bdb27ab1","growth_activity":"0"},{"id":"598285","courseId":"312","type":"6","summary":"Copyright","index":"31","json":"{\"type\":6,\"image\":\"\",\"presentation\":[{\"text\":\"Copyright\",\"in\":1,\"time\":1,\"sound\":\"\",\"color\":\"#256ED7\",\"size\":2},{\"text\":\"What is Blink Training? course is Copyright (c) 2016 by Blink Training Systems, LLC. All Rights Reserved.&#10;&#10;Portions of this course are from the original 1910 version of The Science of Getting Rich by Wallace D. Wattles, published by the Elizabeth Town Company and now in the public domain. &#10;&#10;Blink eye logo, interactive course design, and course look and feel copyright (c) 2016 by Blink Training Systems, LLC. All Rights Reserved.&#10;\",\"in\":1,\"time\":1,\"sound\":\"\"},{\"text\":\"No part of this course may be reproduced or transmitted in any form, by any means, (electronic, photocopying, recording, or otherwise) without the prior written permission of the author. No liability is assumed with respect to the use of the information contained within. Although every precaution has been taken, the author assumes no liability for errors or omissions. Neither is any liability assumed for damages resulting from the use of the information contained herein.\",\"in\":1,\"time\":1,\"sound\":\"\"}]}","lite":"0","guid":"8112c895-6f9f-4916-bd0a-fbb5c50c3e62","growth_activity":"0"},{"id":"598286","courseId":"312","type":"6","summary":"Contact Info","index":"32","json":"{\"type\":6,\"image\":\"\",\"presentation\":[{\"text\":\"Contact Info\",\"in\":1,\"time\":1,\"sound\":\"\",\"color\":\"#256ED7\",\"size\":2},{\"text\":\"If you have suggestions, observations, or want to get in touch for any other reason, please send email to jeff.siegel@jeffmedia.com.\",\"in\":1,\"time\":1,\"sound\":\"\"}]}","lite":"0","guid":"ccda5aeb-4921-4c25-9cae-64c75b916c57","growth_activity":"0"},{"id":"598287","courseId":"312","type":"6","summary":"Engaging, Efficient, Enjoyable","index":"33","json":"{\"type\":6,\"image\":\"\",\"presentation\":[{\"text\":\"Engaging, Efficient, Enjoyable\",\"in\":1,\"time\":1,\"sound\":\"\",\"size\":2,\"color\":\"#256ED7\"},{\"text\":\"This is the end of this course. &#10;&#10;You&#39;ve now experienced the power of Blink Training: it&#39;s engaging, efficient, and enjoyable. Use this power to help define and reach your goals in life.&#10;&#10;Go ahead and try some other courses. We will be adding new courses every few weeks, so you can keep taking advantage of this new way to learn!&#10;&#10;--\",\"in\":1,\"time\":1,\"sound\":\"\"}]}","lite":"0","guid":"326e7849-c652-485d-b21b-96857477535b","growth_activity":"0"},{"id":"598288","courseId":"312","type":"4","summary":"Credits, Copyright, Info","index":"34","json":"{ \"type\":4}","lite":"0","guid":"0dee349f-acc8-4cda-9705-616e9109b113","growth_activity":"0"},{"id":"598289","courseId":"312","type":"2","summary":"The Concept, Basics","index":"35","json":"{ \"type\":2}","lite":"0","guid":"ac6e5a44-4688-4fb7-ac7c-6f718cd0818c","growth_activity":"0"}]