{"id":"312","authorId":"0","groupId":"0","credits":"2","dollars":"9.99","summary":"Discover all you need to know about this exciting new way to learn.","description":"Would you like a quicker, more efficient and enjoyable way to learn? The Blink Training System is the way. Download and play through this free course to learn how you can start to improve your life three minutes at a time.","date":"2016-03-05 04:46:32","iconURL":"icon214.jpg","imageURL":"image214.jpg","vimeo":"","title":"What is Blink Training? - Complete Backup March 5 morning","editDate":"2016-03-05 04:46:54","buildAvailable":"0","published":"0","publicationDate":null}