[{"id":"126375","courseId":"256","type":"1","summary":"Unit 1","index":"0","json":"{\"type\":1,\"intro\":{\"title\":\"Coaching People Through Change\",\"description\":\"Dr. Albert Vicere is a world-renowned expert on organizational leadership, strategy and development. He has helped many major corporations adjust to the demands of a rapidly changing business environment. In this Blink course, he will help you to become better at coaching people through change.&#10;&#10;&#10;&#10;&#10;&#10;&#10;&#10;&#10;Touch Next to start on your way. \",\"image\":\"E21DC3C6-9784-DDFC-898D-BE6B93CE9129.png\"},\"dossier\":false}","lite":"0","guid":"a9dd5c3d-7abb-4edb-a986-3f169f5babc4","growth_activity":"0"},{"id":"126376","courseId":"256","type":"3","summary":"Resistance to Change?","index":"1","json":"{\"type\":3,\"intro\":{\"title\":\"Resistance to Change?\",\"description\":\"Blink courses serve up content in short Bursts. In this first Burst, we&#39;ll discuss Albert&#39;s thoughts on people&#39;s resistance to change. We often hear that human beings will do anything to resist change. But is that the whole story? &#10;&#10;&#10;&#10;&#10;&#10;&#10;&#10;In this Burst, you can earn two gems. Gems reflect how well you understand the material. To unlock the next Burst, you need at least 50 points (note the &#39;Target&#39; to the left.) Touch Start to begin.\",\"image\":\"7D5521FC-1716-9572-2F8B-BFE4B535E1E7.png\",\"sound\":\"\",\"volume\":50},\"unlockscore\":\"50\",\"quicklink\":false,\"quotation\":\"\"}","lite":"0","guid":"3255091c-bde4-4602-9489-2fc69963ff2d","growth_activity":"0"},{"id":"126377","courseId":"256","type":"14","summary":"Leader as Coach","index":"2","json":"{\"type\":14,\"question\":{\"timer\":30,\"multiplechoice\":true,\"answers\":[{\"correct\":false,\"text\":\"To help employees stand up to change and fight it.\",\"feedback\":\"This is incorrect. It might have been the answer in decades past, but the last twenty years have taught us that we must embrace change and adapt to it. And that is where the leader as coach comes in.\"},{\"correct\":true,\"text\":\"To help employees to adjust and adapt to change. \",\"feedback\":\"Yes, a successful leader will help employees to adapt to change so they can prosper in their new environment. And this is where the leader as coach comes in.\"}],\"sound\":\"\",\"text\":\"We count on leaders to manage people towards success. Great leaders know how to motivate and focus people so that they can give more and do their jobs well. But what about during times of change? What is a leader&#39;s role then?\"},\"feedback\":[\"\",\"\"],\"score\":\"50\",\"gems\":\"1\",\"image\":\"2FFEAC41-5A11-2B02-6116-B0F9537E882B.png\"}","lite":"0","guid":"84e6b051-03e1-43f0-99b4-c68730e9efc3","growth_activity":"0"},{"id":"126378","courseId":"256","type":"6","summary":"What you will see","index":"3","json":"{\"type\":6,\"image\":\"735CA905-E467-8060-857E-D9B61E64630D.png\",\"presentation\":[{\"text\":\"Resistance to Change?\",\"in\":0,\"time\":0,\"sound\":\"\",\"alignment\":0,\"size\":2,\"color\":\"#256ED7\"},{\"text\":\"Next, we will watch the first part of a video in which Albert discusses coaching people through change. In this segment, he talks about how it is commonly thought that people resist change. Listen carefully because he makes a very important distinction between the kind of change people do tend to resist and the kind of change people are motivated to seek out.\",\"in\":0,\"time\":0,\"sound\":\"\"}]}","lite":"0","guid":"6aa73be9-6a50-43cc-ae99-16d9ebb87858","growth_activity":"0"},{"id":"126379","courseId":"256","type":"17","summary":"Video: Part 1","index":"4","json":"{\"type\":17,\"video\":{\"prompt\":\"Touch the Play button to start the video. Touch Next when it is complete.\",\"vimeo\":\"116889712 \"}}","lite":"0","guid":"475eff43-4aca-4587-9108-4836393ef624","growth_activity":"0"},{"id":"126380","courseId":"256","type":"20","summary":"Followup on the Video","index":"5","json":"{\"type\":20,\"multiple\":{\"timer\":60,\"answers\":[{\"correct\":false,\"text\":\"Deciding to choose a new drink at a coffee house.\",\"feedback\":\"Albert says that this is the kind of change people are drawn to - change that they choose: what new restaurant to try, what new destination to travel to on their next vacation, etc.\"},{\"correct\":true,\"text\":\"Being told that their new work hours are 8:00 to 5:00.\",\"feedback\":\"Albert says that people resent change that appears to be forced on them. For example, being told that their job responsibilities are going to change... starting tomorrow.\"},{\"correct\":true,\"text\":\"Being told they must always vacation in the Bahamas\",\"feedback\":\"It sounds odd, but most people would take offense at being told they must visit a specific holiday destination, even if that destination were a great getaway. Even if they didn&#39;t mind it the first time, when they want to change, the resistance would grow.\"},{\"correct\":false,\"text\":\"Deciding to ski at a new resort this winter.\",\"feedback\":\"This is an example of change that comes from within - the person chooses to make the change. This type of change is embraced, not resisted.\"}],\"sound\":\"\",\"text\":\"Albert makes an important distinction between change that people tend to resist and change that people are drawn to. According to Albert, which of the following changes would you expect someone to want to avoid and resist?\"},\"feedback\":[\"Great work! Touch Close then touch any answer to get more info.\",\"Some are incorrect. Touch Close then touch any answer to get more info.\"],\"score\":\"50\",\"gems\":\"1\"}","lite":"0","guid":"1ecfdc7b-ce5b-4c4c-a626-a860a206c00b","growth_activity":"0"},{"id":"126381","courseId":"256","type":"4","summary":"On Video 1","index":"6","json":"{ \"type\":4}","lite":"0","guid":"ed237b45-6a1f-4b7f-ba3f-da6052114acb","growth_activity":"0"},{"id":"126382","courseId":"256","type":"3","summary":"Comfortable or Uncomfortable?","index":"7","json":"{\"type\":3,\"intro\":{\"title\":\"Comfortable or Uncomfortable?\",\"description\":\"In this next Burst, we&#39;ll discuss the coach&#39;s role in supporting people so they can make the right choice when there is the conflict between feeling comfortable or uncomfortable in a change situation.&#10;&#10;&#10;&#10;&#10;&#10;&#10;Albert uses the examples of golf, tennis and playing the guitar to make this important point.\",\"image\":\"80F44BCA-E4E8-EC9D-8676-29DD114BAA96.png\",\"sound\":\"\",\"volume\":50},\"unlockscore\":\"50\",\"quicklink\":false,\"quotation\":\"\"}","lite":"0","guid":"3255091c-bde4-4602-9489-2fc69963ff2d","growth_activity":"0"},{"id":"126383","courseId":"256","type":"6","summary":"What you will see","index":"8","json":"{\"type\":6,\"image\":\"74692ED8-852E-4A5A-347B-938E0209D702.png\",\"presentation\":[{\"text\":\"Not so good and...\",\"in\":0,\"time\":0,\"sound\":\"\",\"alignment\":0,\"size\":2,\"color\":\"#256ED7\"},{\"text\":\"Next, we will watch the second part of the video in which Albert talks about what he calls the real human dilemma of change: do I want to be not so good at something and comfortable, or not so good at something and uncomfortable. And he makes the important point that it is precisely at that moment that the coach&#39;s support is needed so that the person makes the optimal choice.\",\"in\":0,\"time\":0,\"sound\":\"\"}]}","lite":"0","guid":"6aa73be9-6a50-43cc-ae99-16d9ebb87858","growth_activity":"0"},{"id":"126384","courseId":"256","type":"17","summary":"Video: Part 2","index":"9","json":"{\"type\":17,\"video\":{\"prompt\":\"Touch the Play button to start the video. Touch Next when it is complete.\",\"vimeo\":\"116889712 \"}}","lite":"0","guid":"475eff43-4aca-4587-9108-4836393ef624","growth_activity":"0"},{"id":"126385","courseId":"256","type":"20","summary":"Followup on the Video","index":"10","json":"{\"type\":20,\"multiple\":{\"timer\":60,\"answers\":[{\"correct\":false,\"text\":\"Deciding to choose a new drink at a coffee house.\",\"feedback\":\"Albert says that this is the kind of change people are drawn to - change that they choose: what new restaurant to try, what new destination to travel to on their next vacation, etc.\"},{\"correct\":true,\"text\":\"Being told that their new work hours are 8:00 to 5:00.\",\"feedback\":\"Albert says that people resent change that appears to be forced on them. For example, being told that their job responsibilities are going to change... starting tomorrow.\"},{\"correct\":true,\"text\":\"Being told they must always vacation in the Bahamas\",\"feedback\":\"It sounds odd, but most people would take offense at being told they must visit a specific holiday destination, even if that destination were a great getaway. Even if they didn&#39;t mind it the first time, when they want to change, the resistance would grow.\"},{\"correct\":false,\"text\":\"Deciding to ski at a new resort this winter.\",\"feedback\":\"This is an example of change that comes from within - the person chooses to make the change. This type of change is embraced, not resisted.\"}],\"sound\":\"\",\"text\":\"Albert makes an important distinction between change that people tend to resist and change that people are drawn to. According to Albert, which of the following changes would you expect someone to want to avoid and resist?\"},\"feedback\":[\"Great work! Touch Close then touch any answer to get more info.\",\"Some are incorrect. Touch Close then touch any answer to get more info.\"],\"score\":\"50\",\"gems\":\"1\"}","lite":"0","guid":"1ecfdc7b-ce5b-4c4c-a626-a860a206c00b","growth_activity":"0"},{"id":"126386","courseId":"256","type":"4","summary":"On Video 1","index":"11","json":"{ \"type\":4}","lite":"0","guid":"ed237b45-6a1f-4b7f-ba3f-da6052114acb","growth_activity":"0"},{"id":"126387","courseId":"256","type":"2","summary":"Unit 1","index":"12","json":"{ \"type\":2}","lite":"0","guid":"070d9108-6f93-4bfc-afb8-5236d0d198dc","growth_activity":"0"}]