{"id":"256","authorId":"0","groupId":"0","credits":"2","dollars":"9.99","summary":"Albert Vicere on Coaching People Through Change","description":"World-renowned organizational leadership expert, Dr. Albert Vicere, on the leader's role in helping people adjust to change.","date":"2015-02-12 09:07:30","iconURL":"icon241.jpg","imageURL":"image241.jpg","vimeo":"","title":"Coaching People Through Change - Backup","editDate":"2015-02-12 09:07:43","buildAvailable":"0","published":"0","publicationDate":null}