[{"id":"845784","courseId":"347","type":"1","summary":"Chapter 1","index":"0","json":"{\"type\":3,\"intro\":{\"title\":\"This is the first Learning unit \",\"description\":\"It contains mainly input fields to test.\",\"image\":\"090751CB-B7EE-4B63-A4B2-FC73331DF5B7.png\"},\"feedback\":[\"\",\"\"],\"unlockscore\":0,\"dossier\":true}","lite":"1","guid":"5c674b7b-600f-403b-b582-a859c3c8f132","growth_activity":"0"},{"id":"845808","courseId":"347","type":"3","summary":"Burst no 2","index":"24","json":"{\"type\":6,\"intro\":{\"title\":\"This is the title\",\"description\":\"This is the description\",\"image\":\"DCBE3E44-5010-DE7A-0247-ED6E62DDCE7B.png\",\"sound\":\"FC8C6E1F-A708-124C-20E3-2F5286638717.mp3\",\"volume\":35},\"unlockscore\":0,\"quicklink\":false,\"quotation\":\"\"}","lite":"1","guid":"8723107b-80b4-48e1-b3b5-bce3451f333c","growth_activity":"0"},{"id":"845818","courseId":"347","type":"7","summary":"This is a text input","index":"34","json":"{\"type\":7,\"input\":{\"type\":1,\"prompt\":\"This is a text input\",\"locked\":false}}","lite":"1","guid":"0da4b94f-ac60-4fc8-bb81-f60fe1cf785f","growth_activity":"0"},{"id":"845819","courseId":"347","type":"7","summary":"This is a words input","index":"35","json":"{\"type\":7,\"input\":{\"type\":2,\"prompt\":\"This is a words input with 7 words\",\"locked\":false,\"time\":3,\"in\":2,\"out\":3,\"count\":7,\"characters\":8}}","lite":"1","guid":"cd1829f5-4b66-41f5-ac52-918e5b8453d2","growth_activity":"0"},{"id":"845820","courseId":"347","type":"7","summary":"This is a number","index":"36","json":"{\"type\":7,\"input\":{\"type\":3,\"prompt\":\"Enter a number between 10 and 100\",\"locked\":false,\"text\":\"$##1##\",\"numbers\":[{\"value\":75,\"min\":10,\"max\":100}]}}","lite":"1","guid":"f7e19e83-181d-40ef-8678-14090787425d","growth_activity":"0"},{"id":"845821","courseId":"347","type":"7","summary":"True and false","index":"37","json":"{\"type\":7,\"input\":{\"type\":5,\"prompt\":\"This is a true false\",\"locked\":false,\"text\":\"Is this correct ##1##\",\"booleans\":[{\"value\":true,\"correct\":\"Yes\",\"wrong\":\"No\"}]}}","lite":"1","guid":"83c1f652-b3d6-4596-a66a-226659e60d52","growth_activity":"0"},{"id":"845824","courseId":"347","type":"4","summary":"b","index":"40","json":"{ \"type\":4}","lite":"1","guid":"27f2d7d8-8438-45ad-9a9a-dd1fccc3cd56","growth_activity":"0"},{"id":"845825","courseId":"347","type":"2","summary":"chapter 1","index":"41","json":"{\"type\":2}","lite":"1","guid":"bed9efcf-a10b-44e4-921f-d8a5319066ff","growth_activity":"0"},{"id":"845826","courseId":"347","type":"1","summary":"Chapter 2","index":"42","json":"{\"type\":1,\"intro\":{\"title\":\"Chapter 2 title\",\"description\":\"You are doing really well to get to this stage. \",\"image\":\"\"}}","lite":"1","guid":"13773a97-e83f-4045-9b9e-bb6ed7fbf246","growth_activity":"0"},{"id":"845828","courseId":"347","type":"14","summary":"Question","index":"44","json":"{\"type\":14,\"question\":{\"timer\":49,\"multiplechoice\":true,\"answers\":[{\"correct\":false,\"text\":\"Answer 1\"},{\"correct\":true,\"text\":\"Answer 2\"},{\"correct\":false,\"text\":\"Answer 3\"},{\"correct\":false,\"text\":\"Answer 4\"}],\"text\":\"This is a question. Answer 2 is correct. \"},\"feedback\":[\"Great\",\"Rubbish\"],\"score\":\"100\",\"gems\":0}","lite":"1","guid":"6e3d3c27-2ccd-4b93-a708-bbe5fecd3b32","growth_activity":"0"},{"id":"845829","courseId":"347","type":"9","summary":"This is a wordfill","index":"45","json":"{\"type\":9,\"wordfill\":{\"words\":[\"succeed\",\"fear\",\"willpower\",\"stare\",\"definite\"],\"text\":\"To ##1## at what you want, you must choose a ##5## goal, and place all your energy, ##3## and effort behind that goal.&#10;Next line.\",\"timer\":26,\"prompt\":\"This is a prompt\"},\"feedback\":[\"This is the panel that will be displayed if the user passes the Blink\",\"Whoops\"],\"score\":\"120\",\"gems\":\"2\"}","lite":"1","guid":"850947f8-8087-4b99-a853-7f5b5a7e3e92","growth_activity":"0"},{"id":"845832","courseId":"347","type":"2","summary":"end","index":"48","json":"{\"type\":6}","lite":"1","guid":"0bf0e2d0-343a-4958-9a1a-a27bd751237f","growth_activity":"0"}]