{"id":"307","authorId":"0","groupId":"0","credits":"2","dollars":"9.99","summary":"The original formula for success\u2026quick and to the point","description":"In a Blink courses cut through the clutter and present the essence of the material. In this quick, easy-to-follow version of Napoleon Hill's seminal work, The Law of Success, you will learn the principles upon which greatness is built.","date":"2016-02-17 17:34:31","iconURL":"icon306.jpg","imageURL":"image306.jpg","vimeo":"","title":"The Law of Success...in a Blink! - All Content In","editDate":"2016-02-19 06:27:59","buildAvailable":"1","published":"0","publicationDate":null}