[{"id":"53184","courseId":"172","type":"6","summary":"test bold orange","index":"0","json":"{\\\"type\\\":6,\\\"image\\\":\\\"\\\",\\\"presentation\\\":[{\\\"text\\\":\\\"Lorem Ipsum is simply dummy text of the printing and typesetting industry. Lorem Ipsum has been the industry&#39;s standard dummy text ever since the 1500s. Bold - Left - Large - Orange\\\",\\\"in\\\":0,\\\"time\\\":0,\\\"sound\\\":\\\"76CF60A1-674D-BF7E-1F3F-30E3D93D5984.mp3\\\",\\\"font\\\":1,\\\"color\\\":\\\"#000000\\\",\\\"size\\\":2},{\\\"text\\\":\\\"Lorem Ipsum is simply dummy text of the printing and typesetting industry. Lorem Ipsum has been the industry&#39;s standard dummy text ever since the 1500s. Fancy - Justified - Regular - Blue\\\",\\\"in\\\":0,\\\"time\\\":0,\\\"sound\\\":\\\"\\\",\\\"font\\\":2,\\\"color\\\":\\\"#256ED7\\\",\\\"alignment\\\":2},{\\\"text\\\":\\\"Lorem Ipsum is simply dummy text of the printing and typesetting industry. Lorem Ipsum has been the industry&#39;s standard dummy text ever since the 1500s. Regular - Center - Small - Black\\\",\\\"in\\\":0,\\\"time\\\":0,\\\"sound\\\":\\\"\\\",\\\"alignment\\\":1,\\\"size\\\":1,\\\"color\\\":\\\"#FF9500\\\"}]}","lite":"0","guid":"decfd25a-086f-4001-8bee-af119415a954","growth_activity":"0"},{"id":"53185","courseId":"172","type":"6","summary":"test italic orange","index":"1","json":"{\\\"type\\\":6,\\\"image\\\":\\\"\\\",\\\"presentation\\\":[{\\\"text\\\":\\\"Lorem Ipsum is simply dummy text of the printing and typesetting industry. Lorem Ipsum has been the industry&#39;s standard dummy text ever since the 1500s, when an unknown printer took a galley of type and scrambled it to make a type specimen book. It has survived not only five \\\",\\\"in\\\":0,\\\"time\\\":0,\\\"sound\\\":\\\"\\\",\\\"color\\\":1,\\\"font\\\":2}]}","lite":"0","guid":"45a7eb1b-33fc-490c-b947-216dedc6aef4","growth_activity":"0"},{"id":"53186","courseId":"172","type":"6","summary":"test orange normal","index":"2","json":"{\\\"type\\\":6,\\\"image\\\":\\\"\\\",\\\"presentation\\\":[{\\\"text\\\":\\\"Lorem Ipsum is simply dummy text of the printing and typesetting industry. Lorem Ipsum has been the industry&#39;s standard dummy text ever since the 1500s, when an unknown printer took a galley of type and scrambled it to make a type specimen book. It has survived not only five \\\",\\\"in\\\":0,\\\"time\\\":0,\\\"sound\\\":\\\"\\\",\\\"color\\\":2}]}","lite":"0","guid":"242291af-ee76-4b8c-8892-46499cb17137","growth_activity":"0"},{"id":"53187","courseId":"172","type":"6","summary":"test red italic","index":"3","json":"{\\\"type\\\":6,\\\"image\\\":\\\"\\\",\\\"presentation\\\":[{\\\"text\\\":\\\"Lorem Ipsum is simply dummy text of the printing and typesetting industry. Lorem Ipsum has been the industry&#39;s standard dummy text ever since the 1500s, when an unknown printer took a galley of type and scrambled it to make a type specimen book. It has survived not only five \\\",\\\"in\\\":0,\\\"time\\\":0,\\\"sound\\\":\\\"\\\",\\\"color\\\":1,\\\"font\\\":2}]}","lite":"0","guid":"9c9faaba-2bb6-4002-9ad2-428b55b1e03f","growth_activity":"0"},{"id":"53188","courseId":"172","type":"6","summary":"test red bold","index":"4","json":"{\\\"type\\\":6,\\\"image\\\":\\\"\\\",\\\"presentation\\\":[{\\\"text\\\":\\\"Lorem Ipsum is simply dummy text of the printing and typesetting industry. Lorem Ipsum has been the industry&#39;s standard dummy text ever since the 1500s, when an unknown printer took a galley of type and scrambled it to make a type specimen book. It has survived not only five \\\",\\\"in\\\":0,\\\"time\\\":0,\\\"sound\\\":\\\"\\\",\\\"color\\\":1,\\\"font\\\":1}]}","lite":"0","guid":"f0ccad1c-e34e-45d1-9e29-ee762a352361","growth_activity":"0"},{"id":"53189","courseId":"172","type":"6","summary":"test red normal","index":"5","json":"{\\\"type\\\":6,\\\"image\\\":\\\"\\\",\\\"presentation\\\":[{\\\"text\\\":\\\"Lorem Ipsum is simply dummy text of the printing and typesetting industry. Lorem Ipsum has been the industry&#39;s standard dummy text ever since the 1500s, when an unknown printer took a galley of type and scrambled it to make a type specimen book. It has survived not only five \\\",\\\"in\\\":0,\\\"time\\\":0,\\\"sound\\\":\\\"\\\",\\\"color\\\":1}]}","lite":"0","guid":"0f748a4d-c8d8-45cc-8ed3-72077b3cbebc","growth_activity":"0"},{"id":"53190","courseId":"172","type":"6","summary":"test black italic","index":"6","json":"{\\\"type\\\":6,\\\"image\\\":\\\"\\\",\\\"presentation\\\":[{\\\"text\\\":\\\"Lorem Ipsum is simply dummy text of the printing and typesetting industry. Lorem Ipsum has been the industry&#39;s standard dummy text ever since the 1500s, when an unknown printer took a galley of type and scrambled it to make a type specimen book. It has survived not only five \\\",\\\"in\\\":0,\\\"time\\\":0,\\\"sound\\\":\\\"\\\",\\\"color\\\":0,\\\"font\\\":2}]}","lite":"0","guid":"855cd0d8-21ca-4899-9cb3-60c86c29e3fd","growth_activity":"0"},{"id":"53191","courseId":"172","type":"6","summary":"test black bold","index":"7","json":"{\\\"type\\\":6,\\\"image\\\":\\\"\\\",\\\"presentation\\\":[{\\\"text\\\":\\\"Lorem Ipsum is simply dummy text of the printing and typesetting industry. Lorem Ipsum has been the industry&#39;s standard dummy text ever since the 1500s, when an unknown printer took a galley of type and scrambled it to make a type specimen book. It has survived not only five \\\",\\\"in\\\":0,\\\"time\\\":0,\\\"sound\\\":\\\"\\\",\\\"font\\\":1}]}","lite":"0","guid":"c4b0e1e9-88b8-463a-ba53-196d8bbc3835","growth_activity":"0"},{"id":"53192","courseId":"172","type":"1","summary":"Color testing","index":"8","json":"{\\\"type\\\":1,\\\"intro\\\":{\\\"title\\\":\\\"Lorem Ipsum is simply dummy text of the printing and typesetting industry. Lorem Ipsum has been the industry&#39;s standard dummy text ever since the 1500s, when an unknown printer took a galley of type and scrambled it to make a type specimen book. It has survived not only five \\\",\\\"description\\\":\\\"Lorem Ipsum is simply dummy text of the printing and typesetting industry. Lorem Ipsum has been the industry&#39;s standard dummy text ever since the 1500s, when an unknown printer took a galley of type and scrambled it to make a type specimen book. It has survived not only five \\\",\\\"image\\\":\\\"\\\"},\\\"dossier\\\":false}","lite":"0","guid":"c8e57561-ac02-4b02-b61c-91b732e0891a","growth_activity":"0"},{"id":"53193","courseId":"172","type":"2","summary":"Color testing","index":"9","json":"{ \\\"type\\\":2}","lite":"0","guid":"90ddea55-df6e-4933-a857-e9cb73e60322","growth_activity":"0"},{"id":"53194","courseId":"172","type":"6","summary":"test black normal ","index":"10","json":"{\\\"type\\\":6,\\\"image\\\":\\\"\\\",\\\"presentation\\\":[{\\\"text\\\":\\\"centuries, but also the leap into electronic typesetting, remaining essentially unchanged. It was popularised in the 1960s with the release of Letraset sheets containing Lorem Ipsum passages, and more recently with desktop publishing software like Aldus PageMaker including versions of Lorem Ipsum.\\\",\\\"in\\\":0,\\\"time\\\":0,\\\"sound\\\":\\\"\\\"}]}","lite":"0","guid":"ba78c910-103c-4890-a94d-a9c6388b8695","growth_activity":"0"}]