{"id":"148","credits":"2","dollars":"9.99","summary":"Introduction","description":"TRULY, \"thoughts are things,\" and powerful things at that, when they are mixed with definiteness of purpose, persistence, and a BURNING DESIRE for their translation into riches, or other material objects.","date":"2014-07-20 07:04:00","iconURL":"icon146.jpg","imageURL":"image146.jpg","vimeo":"","title":"T&GR Chapter 1 - copy 2","editDate":"0000-00-00 00:00:00","buildAvailable":"0","published":"0","publicationDate":null}