[{"id":"5595","courseId":"76","type":"6","summary":"Timing test","index":"0","json":"{\\\"type\\\":6,\\\"presentation\\\":[{\\\"text\\\":\\\"This is the first text block\\\",\\\"in\\\":0,\\\"out\\\":0,\\\"time\\\":3},{\\\"text\\\":\\\"This is the second text block\\\",\\\"in\\\":0,\\\"out\\\":0,\\\"time\\\":2},{\\\"text\\\":\\\"This is the third text block\\\",\\\"in\\\":0,\\\"out\\\":0,\\\"time\\\":1}]}","lite":"0","guid":"d593ac45-891c-427e-a662-9dc143fb5c1f","growth_activity":"0"},{"id":"5596","courseId":"76","type":"16","summary":"Prompt two lines?","index":"1","json":"{ \\\"type\\\":16}","lite":"0","guid":"10b00b8c-31c2-4436-9e36-d81618224fb9","growth_activity":"0"}]