[{"id":"380516","courseId":"292","type":"1","summary":"Introduction","index":"0","json":"{\"type\":1,\"intro\":{\"title\":\"Introduction\",\"description\":\"This Blink Course is a new way to experience Wallace Wattles&#39; classic, The Science of Getting Rich. Written in 1910, it was one of the first books on the psychology of getting rich and on what has come to be known as The Law of Attraction.&#10;&#10;&#10;&#10;&#10;&#10;&#10;&#10;&#10;This book has changed countless lives and through this course, it can change your life.\",\"image\":\"21F4B410-0B22-4A94-9247-862DB1292A0F.png\"},\"dossier\":false}","lite":"1","guid":"6ee52b94-0d63-4e1a-9ef2-a384af022054","growth_activity":"0"},{"id":"380517","courseId":"292","type":"3","summary":"Wattles' Preface","index":"1","json":"{\"type\":3,\"intro\":{\"title\":\"Wattles&#39; Preface\",\"description\":\"Blink courses serve up content in small chunks (called Blinks) and arrange those Blinks into short sequences (called Bursts). This first Burst is about Wattles&#39; preface to the book, and you can earn four gems. Gems reflect how well you understand the material.&#10;&#10;&#10;&#10;&#10;&#10;&#10;&#10;&#10;To unlock the next Burst, you must accumulate at least 100 points (see Target score to the left).\",\"image\":\"4C8AC9BA-8D46-EB5F-76C2-646A51F25A67.png\",\"sound\":\"\",\"volume\":50},\"unlockscore\":\"100\",\"quicklink\":false,\"quotation\":\"\",\"unlockActivity\":\"a6052bc2-e507-4101-9ff0-c0a11d72c912\"}","lite":"1","guid":"12be4181-e741-49c7-b8a8-65b9ea81211f","growth_activity":"0"},{"id":"380518","courseId":"292","type":"9","summary":"Practical, not Philosophical","index":"2","json":"{\"type\":9,\"wordfill\":{\"text\":\"is for ##1##; who wish to get ##2## first, and ##3## afterwards.&#34;\",\"prompt\":\"The Science of Getting Rich is a practical manual. &#10;&#10;Wattles says &#34;It is for men and women whose pressing need...\",\"sound\":\"\",\"words\":[\"money\",\"rich\",\"philosophize\"],\"timer\":60},\"feedback\":[\"It is for men and women who want results and are willing to take Wattles&#39; program as a basis for action.\",\"It is for men and women whose pressing need is for money; who wish to get rich first and philosophize afterwards. It is for men and women who want results and are willing to take Wattles&#39; program as a basis for action.\"],\"score\":\"75\",\"gems\":\"1\"}","lite":"1","guid":"185c0b9c-f064-4db4-9b7a-67b749446dfd","growth_activity":"0"},{"id":"380519","courseId":"292","type":"12","summary":"Failure Is Impossible","index":"3","json":"{\"type\":12,\"orderitems\":{\"slots\":[\"\",\"\",\"end of quote\"],\"items\":[{\"text\":\"certainly get rich. \",\"slot\":1},{\"text\":\"This is an exact science\",\"slot\":2},{\"text\":\"and failure is impossible.&#34;\",\"slot\":3}],\"ordered\":true,\"timer\":60,\"sound\":\"\",\"prompt\":\"It is essential that you take the fundamental statements in this course upon faith and act on them without fear or hesitation. &#10;&#10;As Wattles said: &#34;Every man or woman who does this will...\"},\"feedback\":[\"Wattles was adamant about this - his program is a science and if you follow the guidelines he provides, failure is impossible.\",\"Wattles said every man or woman who takes his fundamental statements upon faith and acts on them without fear or hesitation will certainly get rich. For this is an exact science and failure is impossible.\"],\"score\":\"75\",\"gems\":\"1\"}","lite":"1","guid":"d6ad9d82-e0c3-440c-927d-3bdafd16a31d","growth_activity":"0"},{"id":"380520","courseId":"292","type":"10","summary":"Monistic Theory of the Universe","index":"4","json":"{\"type\":10,\"dragdrop\":{\"timer\":0,\"layout\":0,\"goals\":[{\"isImage\":false,\"text\":\"Monistic Theory of the Universe\",\"image\":\"93344A92-BED5-5ECD-679A-9C9F3D81B25A.png\"}],\"items\":[{\"goal\":1,\"isImage\":false,\"text\":\"One substance\",\"image\":\"4C6F1934-65C9-D8DB-BCE1-4B14E146A629.png\",\"feedback\":[\"Monism says that one substance manifests itself as the many elements of the material world. That all is one and one is all. This idea is key to the Science of Getting Rich.\",\"\"]},{\"goal\":1,\"isImage\":false,\"text\":\"Hindu Origins\",\"image\":\"B6C30942-D9A7-BF0D-5B94-FBBD53379940.png\",\"feedback\":[\"Monism has its origins in ancient Hindu and other eastern philosophies.\",\"\"]},{\"goal\":1,\"isImage\":false,\"text\":\"Descartes, Hegel, Emerson\",\"image\":\"75CC4D61-EC72-5725-B196-4812FB89C0CE.png\",\"feedback\":[\"Wattles cites Descartes, Hegel and Emerson as among his major influences. He advises the curious reader to explore these writers for themselves.\",\"\"]},{\"goal\":1,\"isImage\":false,\"text\":\"New Thought Movement\",\"image\":\"EAD05EE6-9D3F-3675-B863-1C59C5BA83EC.png\",\"feedback\":[\"Wattles was a major contributor to the New Thought Movement, which had been slowly introducing the ancient monistic ideas to the west for a few hundred years when Wattles wrote his book.\",\"\"]}],\"prompt\":\"Wattles&#39; program is based on the monistic theory of the universe. &#10;&#10;Drag each phrase to this theory to learn more.\",\"sound\":\"\"},\"feedback\":[\"The more you accept and believe in these ideas, the more you will reap from this course.\",\"The more you accept and believe in these ideas, the more you will reap from this course. \"],\"score\":\"100\",\"gems\":\"1\"}","lite":"1","guid":"2285a7e4-e91d-4e79-adf1-df1f8ddf18ee","growth_activity":"0"},{"id":"380522","courseId":"292","type":"14","summary":"A Digital Copy of the Book","index":"6","json":"{\"type\":14,\"question\":{\"timer\":30,\"multiplechoice\":true,\"answers\":[{\"correct\":true,\"text\":\"Failure is impossible.\",\"feedback\":\"Yes! And, as a bonus, a DIGITAL COPY OF THE ORIGINAL BOOK is included in this course. To access it, finish this Burst, then touch the three line icon in the upper left and choose Activities from the menu.\"},{\"correct\":false,\"text\":\"Failure is a possibility.\",\"feedback\":\"No, failure is impossible! And, as a bonus, a DIGITAL COPY OF THE ORIGINAL BOOK is included in this course. To access it, finish this Burst, then touch the three line icon in the upper left and choose Activities from the menu.\"}],\"sound\":\"\",\"text\":\"The plan of action in this course works. If you wish to reap the benefits go through the course and do exactly what it tells you to do. &#10;&#10;Let us repeat so it&#39;s clear:\"},\"feedback\":[\"\",\"\"],\"score\":\"25\",\"gems\":\"1\"}","lite":"1","guid":"b011cdc2-7abf-4eea-ac19-91852b40d547","growth_activity":"0"},{"id":"380523","courseId":"292","type":"6","summary":"Your Progress","index":"7","json":"{\"type\":6,\"image\":\"953B0CC3-9488-2423-2866-FA8CBF5434A6.png\",\"presentation\":[{\"text\":\"Your Progress\",\"in\":1,\"time\":1,\"sound\":\"\",\"color\":\"#256ED7\"},{\"text\":\"This is the final Blink in this first Burst. At the end of each Burst you&#39;ll see your Progress Screen (see sample above) where you&#39;ll find stats on how you&#39;re doing and see where you are on your way up the mountain of mastery. And the better the weather, the better you appear to be grasping the material.&#10;&#10;If there&#39;s a check mark next to &#34;Target Score,&#34; you&#39;ve unlocked the next Burst. If not, replay this Burst and try for a higher score. If there&#39;s a check mark next to &#34;Max Gems,&#34; you&#39;ve earned all available gems. You don&#39;t need all the gems to move on, but if you want, come back and try to earn them all.&#10;&#10;Enjoy your journey!\",\"in\":1,\"time\":2,\"sound\":\"\"}]}","lite":"1","guid":"cb0ae2b3-30ca-4658-aded-f5bd498a23a3","growth_activity":"0"},{"id":"380524","courseId":"292","type":"4","summary":"The Right To Be Rich","index":"8","json":"{ \"type\":4}","lite":"1","guid":"a719da16-b318-4332-9a4c-4fae15e51d4d","growth_activity":"0"},{"id":"380525","courseId":"292","type":"3","summary":"Credits, Copyright, and Contact Info","index":"9","json":"{\"type\":3,\"intro\":{\"title\":\"Credits, Copyright, and Contact Info\",\"description\":\"We hope this course helps you to change your life for the better. In this Burst, we take a moment to list the wonderful folks who helped to make this course and Blink Training a reality. &#10;&#10;&#10;&#10;&#10;&#10;&#10;&#10;&#10;We never give up and we hope you never give up either. \",\"image\":\"EECF8505-DF65-184A-D3DB-5E487579E850.png\",\"sound\":\"\",\"volume\":50},\"unlockscore\":0,\"quicklink\":false,\"quotation\":\"\",\"unlockActivity\":\"none\",\"dossier\":false}","lite":"1","guid":"980dcfe0-58ce-49be-b7f0-998509358409","growth_activity":"0"},{"id":"380526","courseId":"292","type":"6","summary":"Credits","index":"10","json":"{\"type\":6,\"image\":\"\",\"presentation\":[{\"text\":\"Credits\",\"in\":1,\"time\":0,\"sound\":\"\",\"font\":1,\"color\":\"#256ED7\",\"size\":0},{\"text\":\"App and Blinks interactive design  Jeff Siegel and Nik Lever&#10;App GUI additional graphic design  Aidan Siegel&#10;Sound Effects  Ed Lima&#10;&#10;Catalyst Pictures LTD&#10;   Nik Lever - chief software engineer&#10;   Ky Thanh - software engineer&#10;   Pam Lever - design&#10;&#10;Blink Training Systems, LLC&#10;   Jeff Siegel, President&#10;&#10;&#10;&#10;\",\"in\":1,\"time\":0,\"sound\":\"\"}]}","lite":"1","guid":"bd279616-2a59-43e2-835c-b1ea86c722f9","growth_activity":"0"},{"id":"380527","courseId":"292","type":"6","summary":"Copyright Info","index":"11","json":"{\"type\":6,\"image\":\"\",\"presentation\":[{\"text\":\"Copyright Information\",\"in\":1,\"time\":0,\"sound\":\"\",\"color\":\"#256ED7\",\"font\":1,\"size\":0},{\"text\":\"The Science of Getting Rich in a Blink course is Copyright (c) 2016 by Blink Training Systems, LLC. All Rights Reserved.\",\"in\":1,\"time\":0,\"sound\":\"\",\"size\":1},{\"text\":\"Portions of this course are from the original 1910 version of The Science of Getting Rich by Wallace D. Wattles, published by the Elizabeth Town Company and now in the public domain. This course is not sponsored or endorsed by, or otherwise affiliated with, Wallace Wattles or his family and heirs or any other person or entity.\",\"in\":0,\"time\":0,\"sound\":\"\",\"size\":1},{\"text\":\"Blink eye logo, interactive course design, and course look and feel copyright (c) 2016 by Blink Training Systems, LLC. All Rights Reserved.\",\"in\":0,\"time\":0,\"sound\":\"\",\"size\":1},{\"text\":\"No part of this course may be reproduced or transmitted in any form, by any means, (electronic, photocopying, recording, or otherwise) without the prior written permission of the author. No liability is assumed with respect to the use of the information contained within. Although every precaution has been taken, the author assumes no liability for errors or omissions. Neither is any liability assumed for damages resulting from the use of the information contained herein.\",\"in\":0,\"time\":0,\"sound\":\"\",\"size\":1}]}","lite":"1","guid":"65f4e394-c25a-40a9-944a-6650a5b8efbb","growth_activity":"0"},{"id":"380528","courseId":"292","type":"6","summary":"Contact Info","index":"12","json":"{\"type\":6,\"image\":\"\",\"presentation\":[{\"text\":\"Contact Info\",\"in\":1,\"time\":0,\"sound\":\"\",\"color\":\"#256ED7\",\"font\":1,\"size\":0},{\"text\":\"If you have suggestions, observations, or want to get in touch for any other reason, please send email to jeff.siegel@jeffmedia.com.\",\"in\":1,\"time\":0,\"sound\":\"\"}]}","lite":"1","guid":"f6e33bdd-b54b-4207-900d-b2fb7c5d355d","growth_activity":"0"},{"id":"380529","courseId":"292","type":"4","summary":"Credits, Copyright, Contact Info","index":"13","json":"{ \"type\":4}","lite":"1","guid":"46bafdc5-6a8d-4c22-8042-7cba5b5279e0","growth_activity":"0"},{"id":"380530","courseId":"292","type":"2","summary":"Unit 1","index":"14","json":"{ \"type\":2}","lite":"1","guid":"1ca633f3-cb22-48db-8cda-1718d207640d","growth_activity":"0"},{"id":"380531","courseId":"292","type":"1","summary":"The Right to be Rich","index":"15","json":"{\"type\":1,\"intro\":{\"title\":\"The Right to Be Rich\",\"description\":\"Wattles believed that you could render to God and humanity no greater service than to make the most of yourself. To do this you need to use things, and things cost money. Therefore, he said, there is no nobler study than the science of getting rich. &#10;&#10;&#10;&#10;&#10;&#10;&#10;&#10;&#10;It is, in fact, your right to be rich.\",\"image\":\"829FF71C-E2D3-DC11-9685-50493EB15954.png\"},\"dossier\":false}","lite":"1","guid":"cdcce64e-c3f8-4b90-8a61-f74afb0a1e12","growth_activity":"0"},{"id":"380532","courseId":"292","type":"3","summary":"You Need Money for a Complete Life","index":"16","json":"{\"type\":3,\"intro\":{\"title\":\"You Need Money for a Complete Life\",\"description\":\"It isn&#39;t possible to live a successful life unless you are rich. To be successful is to rise to your greatest possible height in body, mind and soul development. To do this, you must use many things, and you can&#39;t have things unless you have the money to buy them. &#10;&#10;&#10;&#10;&#10;&#10;&#10;&#10;To be rich is to have all you want for all the life you are capable of living.\",\"image\":\"E6B84E0D-4CF6-8531-B883-CE8E1B06C1CE.png\",\"sound\":\"\",\"volume\":50},\"unlockscore\":\"175\",\"quicklink\":false,\"quotation\":\"\",\"unlockActivity\":\"none\"}","lite":"1","guid":"b6b4d633-6de7-40cd-aa70-cc057a89e5fa","growth_activity":"0"},{"id":"380533","courseId":"292","type":"9","summary":"The Science of Getting Rich","index":"17","json":"{\"type\":9,\"wordfill\":{\"text\":\"Therefore, the ##2## point of your life advancement must be the ##1## of ##3##.\",\"prompt\":\"You must use things to develop your mind, body, and soul. And society is organized such that you must have money in order to become the possessor of these things.\",\"sound\":\"\",\"words\":[\"science\",\"starting\",\"getting rich\"],\"timer\":60},\"feedback\":[\"You must use things to develop and so the science of getting rich must be the starting point for self advancement. \",\"You must use things to develop and so the science of getting rich must be the starting point for self advancement. \"],\"score\":\"75\",\"gems\":\"1\"}","lite":"1","guid":"ab74274a-2755-4a63-b136-74233551dd25","growth_activity":"0"},{"id":"380534","courseId":"292","type":"13","summary":"The Right to be Rich","index":"18","json":"{\"type\":13,\"thisthat\":{\"questions\":[{\"text\":\"The Right to be Rich&#10;&#10;The object of all life is:\",\"correct\":\"Development\",\"wrong\":\"Decay\",\"value\":true,\"feedback\":[\"\",\"\"]},{\"text\":\"The Right to be Rich&#10;&#10;Everything that lives has the inalienable right to develop as much as:\",\"correct\":\"Others will allow it\",\"wrong\":\"It is capable of developing\",\"value\":false,\"feedback\":[\"\",\"\"]},{\"text\":\"The Right to be Rich&#10;&#10;You have the right to use everything that may be necessary for your fullest mental, spiritual and physical unfoldment. In other words, you have the:\",\"correct\":\"Right to be rich\",\"wrong\":\"Moral obligation to suffer\",\"value\":true,\"feedback\":[\"\",\"\"]}],\"timer\":45,\"noscore\":false},\"feedback\":[\"\",\"\"],\"score\":\"75\",\"gems\":\"1\"}","lite":"1","guid":"546b5ac2-2578-44e3-b7ca-5399604dbf49","growth_activity":"0"},{"id":"380535","courseId":"292","type":"12","summary":"To Truly Be Rich","index":"19","json":"{\"type\":12,\"orderitems\":{\"slots\":[\"Beginning of statement\",\"\",\"\",\"\",\"\",\"\"],\"items\":[{\"text\":\"To truly be rich, you\",\"slot\":1},{\"text\":\"should not be satisfied\",\"slot\":2},{\"text\":\"until you have all you are\",\"slot\":3},{\"text\":\"capable of using and \",\"slot\":4},{\"text\":\"enjoying. To be content\",\"slot\":5},{\"text\":\"with less is sinful.\",\"slot\":6}],\"ordered\":true,\"timer\":60,\"sound\":\"\",\"prompt\":\"The purpose of Nature is the advancement and development of life and so you should have all that can contribute to the power, elegance, beauty, and richness of your life.\"},\"feedback\":[\"And life has advanced so far and become so complex that even the most ordinary man or woman requires a great amount of wealth in order to live in a manner that even approaches completeness. Everyone needs a good deal of money.\",\"To truly be rich, you should not be satisfied until you have all you are capable of using and enjoying. To be content with less is sinful. \"],\"score\":\"150\",\"gems\":\"1\"}","lite":"1","guid":"128321f5-964e-4ada-bde5-a998e773a444","growth_activity":"0"},{"id":"380536","courseId":"292","type":"4","summary":"You Need Money for a Complete Life","index":"20","json":"{ \"type\":4}","lite":"1","guid":"1c7eb215-a5ea-4b9d-b0b4-91cd696e9638","growth_activity":"0"},{"id":"380537","courseId":"292","type":"3","summary":"The Desire for a Fuller Life","index":"21","json":"{\"type\":3,\"intro\":{\"title\":\"The Desire for a Fuller Life\",\"description\":\"Every person naturally wants to become all that they are capable of becoming. This desire to realize innate possibilities is inherent in human nature. We cannot help wanting to be all that we can be. &#10;&#10;&#10;&#10;&#10;&#10;&#10;&#10;&#10;Success in life is just that: becoming all that you can be.\",\"image\":\"357546B6-0C58-CA25-1265-C88C0506E1E7.png\",\"sound\":\"\",\"volume\":50},\"unlockscore\":\"200\",\"quicklink\":false,\"quotation\":\"\"}","lite":"1","guid":"5a96ec31-fff0-469d-ba7b-5c14788ba158","growth_activity":"0"},{"id":"380538","courseId":"292","type":"11","summary":"Becoming what you want to be","index":"22","json":"{\"type\":11,\"simon\":{\"prompt\":\"Relax, listen, repeat\",\"sounds\":[\"ACDAFE32-FC7F-F9F6-E60E-16F2B9DF68E3.mp3\",\"B85644F0-74A6-9B38-51BA-A85A40CB5754.mp3\",\"6A52097A-8E63-A8DB-267D-1ACBD4FA1D35.mp3\",\"97EF60AA-4EC4-8EF9-DAC7-16378C806966.mp3\",\"BC019B7D-990D-E9A0-A133-1C9F9FE171FC.mp3\",\"0E7A7110-55A4-2355-EC31-0210A96EC940.mp3\",\"45F90893-E7CE-D4CD-23A0-3AAA7D92B2B7.mp3\",\"E293B2BA-AC09-E493-CFF3-BBCA4CD74337.mp3\",\"D5D9F743-7F2E-0D6B-A5F6-EF28245C0DC5.mp3\"],\"phrase\":\"Success|in life|is becoming|what you want|to be.\",\"wrong\":\"growth|no limits|advancement|faith\",\"time\":0,\"score\":0,\"gems\":0,\"sound\":\"\"},\"feedback\":[\"\",\"\"],\"score\":\"125\",\"gems\":\"1\"}","lite":"1","guid":"4fce8caf-cee4-4739-ae22-5a74a834dad0","growth_activity":"0"},{"id":"380539","courseId":"292","type":"14","summary":"Making use of things","index":"23","json":"{\"type\":14,\"question\":{\"timer\":60,\"multiplechoice\":true,\"answers\":[{\"correct\":false,\"text\":\"Something possibly worth pursuing\",\"feedback\":\"No, it is definitely worth pursuing for it is the most essential of all knowledge.\"},{\"correct\":true,\"text\":\"The most essential of all knowledge.\",\"feedback\":\"Yes, it is the most essential of all knowledge.\"},{\"correct\":false,\"text\":\"Not worth your time.\",\"feedback\":\"No, it is definitely worth your time for it is the most essential of all knowledge.\"}],\"sound\":\"\",\"text\":\"You can become what you want to be only by making use of things, and you can have the free use of things only as you become rich enough to buy them. Therefore, to fully understand the science of getting rich is:\"},\"feedback\":[\"\",\"\"],\"score\":\"25\",\"gems\":\"1\"}","lite":"1","guid":"eab0832c-cc3d-4d3e-8f28-c39b6831faec","growth_activity":"0"},{"id":"380540","courseId":"292","type":"13","summary":"Desire for a Fuller Life","index":"24","json":"{\"type\":13,\"thisthat\":{\"questions\":[{\"text\":\"The Desire for a Fuller Life&#10;&#10;There is something wrong in wanting to get rich.\",\"correct\":\"True\",\"wrong\":\"False\",\"value\":false,\"feedback\":[\"\",\"\"]},{\"text\":\"The Desire for a Fuller Life&#10;&#10;The desire for riches is a desire for a fuller, more abundant life.\",\"correct\":\"True\",\"wrong\":\"False\",\"value\":true,\"feedback\":[\"\",\"\"]},{\"text\":\"The Desire for a Fuller Life&#10;&#10;It is right and good to desire to live a fuller, more abundant life.\",\"correct\":\"True\",\"wrong\":\"False\",\"value\":true,\"feedback\":[\"\",\"\"]},{\"text\":\"The Desire for a Fuller Life&#10;&#10;It is right and good to desire the money you need to lead a fuller, more abundant life.\",\"correct\":\"True\",\"wrong\":\"False\",\"value\":true,\"feedback\":[\"\",\"\"]},{\"text\":\"The Desire for a Fuller Life&#10;&#10;The desire for riches is praiseworthy.\",\"correct\":\"True\",\"wrong\":\"False\",\"value\":true,\"feedback\":[\"\",\"\"]}],\"timer\":75,\"noscore\":false},\"feedback\":[\"The desire to realize your innate possibilities is inherent in human nature.\",\"It is good and right to desire a fuller, more abundant life. The desire to realize your innate possibilities is inherent in human nature.\"],\"score\":\"125\",\"gems\":\"1\"}","lite":"1","guid":"f897ecf3-69cb-4bd8-b40c-8d2f602d1881","growth_activity":"0"},{"id":"380541","courseId":"292","type":"4","summary":"The Most Essential of all Knowledge","index":"25","json":"{ \"type\":4}","lite":"1","guid":"8116a85e-1721-4112-8814-1b5360046c7d","growth_activity":"0"},{"id":"380542","courseId":"292","type":"3","summary":"Body, Mind and Soul","index":"26","json":"{\"type\":3,\"intro\":{\"title\":\"Body, Mind and Soul\",\"description\":\"You live for the body, mind and soul. No one of these is better or holier than the other. All are alike desirable, and no one of the three can live fully if either of the others is cut short of full life and expression.&#10;&#10;&#10;&#10;&#10;&#10;&#10;&#10;&#10;Full life means the complete expression of all that you can give forth through body, mind, and soul.\",\"image\":\"B2AB5EB3-CF14-2598-FB5C-DD8A41E987D5.png\",\"sound\":\"\",\"volume\":50},\"unlockscore\":\"500\",\"quicklink\":false,\"quotation\":\"\",\"unlockActivity\":\"none\"}","lite":"1","guid":"ee8a0efa-d71c-4e8d-9b01-c8a91d8d47c1","growth_activity":"0"},{"id":"380543","courseId":"292","type":"12","summary":"Living Fully in Every Function","index":"27","json":"{\"type\":12,\"orderitems\":{\"slots\":[\"Beginning of statement\",\"\",\"\",\"\",\"\",\"\"],\"items\":[{\"text\":\"If you truly desire to play\",\"slot\":1},{\"text\":\"the piano and you are not,\",\"slot\":2},{\"text\":\"then you will experience\",\"slot\":3},{\"text\":\"unsatisfied desire. You\",\"slot\":4},{\"text\":\"cannot be happy\",\"slot\":5},{\"text\":\"with unsatisfied desire.\",\"slot\":6}],\"ordered\":true,\"timer\":60,\"sound\":\"\",\"prompt\":\"You cannot be truly happy or satisfied unless your body, mind and soul are living fully in every function. Wherever there is function not performed or unexpressed possibility, there is unsatisfied desire. \"},\"feedback\":[\"Unsatisfied desire means you are not being all that you are capable of being.\",\"If you truly desire to play the piano, and you are not, then you will experience unsatisfied desire. Unsatisfied desire means you are not all that you are capable of being.\"],\"score\":\"150\",\"gems\":\"1\"}","lite":"1","guid":"bc35c831-68cb-414f-bbd1-fb7d998e6765","growth_activity":"0"},{"id":"380544","courseId":"292","type":"9","summary":"To Live Fully in Body","index":"28","json":"{\"type\":9,\"wordfill\":{\"text\":\"##3##, comfortable ##1##, and ##4##; as well as rest, ##2## and freedom from ##5## toil. \",\"prompt\":\"To live fully in the body you must have:\",\"sound\":\"\",\"words\":[\"clothing\",\"recreation\",\"Good food\",\"warm shelter\",\"excessive\"],\"timer\":60},\"feedback\":[\"\",\"To live fully in the body you must have good food, comfortable clothing, and warm shelter; as well as rest, recreation and freedom from excessive toil.\"],\"score\":\"125\",\"gems\":\"1\"}","lite":"1","guid":"90d7fb07-31e4-49c8-8a22-bd179c6805b4","growth_activity":"0"},{"id":"380545","courseId":"292","type":"9","summary":"To Live Fully in Mind","index":"29","json":"{\"type\":9,\"wordfill\":{\"text\":\"##5## and time to ##3## them, opportunity ##2## and observation, and you must surround yourself with all the objects of ##1## you are capable of using and ##4##.\",\"prompt\":\"To live fully in mind, you must have:\",\"sound\":\"\",\"words\":[\"art and beauty\",\"for travel\",\"study\",\"appreciating\",\"Books and media\"],\"timer\":60},\"feedback\":[\"\",\"To live fully in mind you must have books and media and time to study them, opportunity for travel and observation, and you must surround yourself with all the objects of art and beauty you are capable of using and appreciating.\"],\"score\":\"125\",\"gems\":\"1\"}","lite":"1","guid":"bc615f20-f998-43ba-bbf7-db658d804deb","growth_activity":"0"},{"id":"380546","courseId":"292","type":"9","summary":"To Live Fully in Soul","index":"30","json":"{\"type\":9,\"wordfill\":{\"text\":\"love; and ##3## denied expression ##2##. Your highest ##4## found in the ##1## of benefits on ##5##.\",\"prompt\":\"To live fully in soul, you must have:\",\"sound\":\"\",\"words\":[\"bestowal\",\"by poverty\",\"love is\",\"happiness is\",\"those you love\"],\"timer\":60},\"feedback\":[\"\",\"To live fully in soul, you must have love; and love is denied expression by poverty. Your highest happiness is found in the bestowal of benefits on those you love.\"],\"score\":\"125\",\"gems\":\"1\"}","lite":"1","guid":"cea299d7-f425-42bf-804f-9c9f243970a1","growth_activity":"0"},{"id":"380548","courseId":"292","type":"4","summary":"Mind, Body and Soul","index":"32","json":"{ \"type\":4}","lite":"1","guid":"5f5ef903-8fed-4617-9472-68f897e6b53e","growth_activity":"0"},{"id":"380549","courseId":"292","type":"3","summary":"No Greater Service","index":"33","json":"{\"type\":3,\"intro\":{\"title\":\"No Greater Service\",\"description\":\"The Science of Getting Rich is the noblest and most necessary of all studies. If you neglect this study, you are derelict in your duty to yourself, to God and humanity. &#10;&#10;&#10;&#10;&#10;&#10;&#10;&#10;&#10;For you can render to God and humanity no greater service than to make the most of yourself. \",\"image\":\"A2AF303D-04F5-C88B-3F6B-162F664C08D2.png\",\"sound\":\"\",\"volume\":50},\"unlockscore\":\"50\",\"quicklink\":false,\"quotation\":\"\"}","lite":"1","guid":"f096c9c5-96e9-4527-8b3a-a0060f0932b8","growth_activity":"0"},{"id":"380550","courseId":"292","type":"14","summary":"Purpose of all Life","index":"34","json":"{\"type\":14,\"question\":{\"timer\":60,\"multiplechoice\":true,\"answers\":[{\"correct\":false,\"text\":\"To have fun\",\"feedback\":\"\"},{\"correct\":true,\"text\":\"Development and advancement\",\"feedback\":\"\"}],\"sound\":\"\",\"text\":\"The purpose of all life is:\"},\"feedback\":[\"\",\"\"],\"score\":\"25\",\"gems\":\"1\"}","lite":"1","guid":"f02f6571-7fee-45ab-bdd2-8ea0a13271e8","growth_activity":"0"},{"id":"380551","courseId":"292","type":"14","summary":"To Succeed in Life","index":"35","json":"{\"type\":14,\"question\":{\"timer\":60,\"multiplechoice\":true,\"answers\":[{\"correct\":true,\"text\":\"Make the most of yourself\",\"feedback\":\"\"},{\"correct\":false,\"text\":\"Beat other people to the riches\",\"feedback\":\"\"}],\"sound\":\"\",\"text\":\"To succeed in life, you must:\"},\"feedback\":[\"\",\"\"],\"score\":\"25\",\"gems\":\"1\"}","lite":"1","guid":"943458bd-89bf-41af-a8ff-79d943afc2e8","growth_activity":"0"},{"id":"380552","courseId":"292","type":"14","summary":"You Must Develop","index":"36","json":"{\"type\":14,\"question\":{\"timer\":60,\"multiplechoice\":true,\"answers\":[{\"correct\":false,\"text\":\"Your body\",\"feedback\":\"No, to make the most of yourself, you must develop all three in balance.\"},{\"correct\":false,\"text\":\"Your mind\",\"feedback\":\"No, to make the most of yourself, you must develop all three in balance.\"},{\"correct\":false,\"text\":\"Your soul\",\"feedback\":\"No, to make the most of yourself, you must develop all three in balance.\"},{\"correct\":true,\"text\":\"All three in balance\",\"feedback\":\"Yes, to make the most of yourself, you must develop all three in balance.\"}],\"sound\":\"\",\"text\":\"To make the most of yourself, you must develop:\"},\"feedback\":[\"\",\"\"],\"score\":\"25\",\"gems\":\"1\"}","lite":"1","guid":"c08f186a-7b8a-4f89-ab24-9e5a86e13426","growth_activity":"0"},{"id":"380553","courseId":"292","type":"4","summary":"No Greater Service","index":"37","json":"{ \"type\":4}","lite":"1","guid":"ebf4bead-69f4-4796-9755-798ba16c53b7","growth_activity":"0"},{"id":"380554","courseId":"292","type":"2","summary":"The Right to Be Rich","index":"38","json":"{ \"type\":2}","lite":"1","guid":"b0b8bef4-16e7-4596-82cf-cc812fe87759","growth_activity":"0"}]