{"id":"343","authorId":"0","groupId":"0","credits":"2","dollars":"9.99","summary":"This course contains all the different Blink types so we can test them efficiently.","description":"This course contains all the different Blink types so we can test them efficiently.","date":"2018-01-31 18:00:06","iconURL":"icon341.jpg","imageURL":"image341.jpg","vimeo":"","title":"Blink Types For Testing - copy 2","editDate":"2018-01-31 18:40:30","buildAvailable":"1","published":"0","publicationDate":null,"listOrder":"100"}