[{"id":"2527","courseId":"45","type":"1","summary":"chapter 1 - amended","index":"0","json":"{\\\"type\\\":1}","lite":"1","guid":"5c674b7b-600f-403b-b582-a859c3c8f132","growth_activity":"0"},{"id":"2528","courseId":"45","type":"3","summary":"b","index":"1","json":"{ \\\"type\\\":3}","lite":"1","guid":"8723107b-80b4-48e1-b3b5-bce3451f333c","growth_activity":"0"},{"id":"2529","courseId":"45","type":"5","summary":"Menu 1 amended","index":"2","json":"{\\\"type\\\":5,\\\"menu\\\":[{\\\"name\\\":\\\"chapter 1 - amended\\\",\\\"guid\\\":\\\"5c674b7b-600f-403b-b582-a859c3c8f132\\\",\\\"dynamic\\\":false},{\\\"name\\\":\\\"start\\\",\\\"guid\\\":\\\"13773a97-e83f-4045-9b9e-bb6ed7fbf246\\\",\\\"dynamic\\\":false}]}","lite":"1","guid":"5df513e3-e3b9-483d-8caa-5b402a3aed9b","growth_activity":"0"},{"id":"2530","courseId":"45","type":"6","summary":"This is the summary.","index":"3","json":"{\\\"type\\\":6,\\\"presentation\\\":[{\\\"text\\\":\\\"This is the text \\\\n2nd line\\\",\\\"in\\\":2,\\\"out\\\":2,\\\"time\\\":2},{\\\"text\\\":\\\"This is my text\\\",\\\"in\\\":0,\\\"out\\\":0,\\\"time\\\":0}]}","lite":"1","guid":"37658bee-fef2-4b73-8565-c871b2b2ed25","growth_activity":"0"},{"id":"2531","courseId":"45","type":"7","summary":"This is a text input","index":"4","json":"{\\\"type\\\":7,\\\"input\\\":{\\\"type\\\":1,\\\"prompt\\\":\\\"This is the prompt\\\",\\\"locked\\\":false}}","lite":"1","guid":"0da4b94f-ac60-4fc8-bb81-f60fe1cf785f","growth_activity":"0"},{"id":"2535","courseId":"45","type":"4","summary":"b","index":"8","json":"{ \\\"type\\\":4}","lite":"1","guid":"27f2d7d8-8438-45ad-9a9a-dd1fccc3cd56","growth_activity":"0"},{"id":"2536","courseId":"45","type":"2","summary":"chapter 1","index":"9","json":"{\\\"type\\\":2}","lite":"1","guid":"bed9efcf-a10b-44e4-921f-d8a5319066ff","growth_activity":"0"},{"id":"2537","courseId":"45","type":"17","summary":"simon - amended again","index":"10","json":"{\\\"type\\\":17}","lite":"1","guid":"89c2cc2c-ebcf-404f-a3a0-926168266c19","growth_activity":"0"},{"id":"2538","courseId":"45","type":"9","summary":"word fg","index":"11","json":"{\\\"type\\\":9}","lite":"1","guid":"582d6420-7b94-463a-82ea-1a1e22846ced","growth_activity":"0"},{"id":"2539","courseId":"45","type":"1","summary":"start","index":"12","json":"{\\\"type\\\":1}","lite":"1","guid":"13773a97-e83f-4045-9b9e-bb6ed7fbf246","growth_activity":"0"},{"id":"2540","courseId":"45","type":"3","summary":"Burst start","index":"13","json":"{\\\"type\\\":3}","lite":"1","guid":"7421e6c2-7407-4e5b-82ee-23802c2fe499","growth_activity":"0"},{"id":"2541","courseId":"45","type":"6","summary":"Presentation","index":"14","json":"{\\\"type\\\":6}","lite":"1","guid":"07f19833-a0fb-4801-bfee-e1bcaf08c78d","growth_activity":"0"},{"id":"2542","courseId":"45","type":"4","summary":"Burst end","index":"15","json":"{\\\"type\\\":4}","lite":"1","guid":"a535cefd-88c4-446e-a6b1-800e1969edb3","growth_activity":"0"},{"id":"2543","courseId":"45","type":"2","summary":"end","index":"16","json":"{\\\"type\\\":6}","lite":"1","guid":"0bf0e2d0-343a-4958-9a1a-a27bd751237f","growth_activity":"0"}]