[{"id":"82967","courseId":"173","type":"3","summary":"The Big Ideas","index":"1","json":"{\"type\":20,\"multiple\":{\"timer\":0,\"answers\":[{\"correct\":true,\"text\":\"Having the ability to accept feedback from others.\",\"feedback\":\"\"},{\"correct\":true,\"text\":\"Maintaining good posture and open body language.\",\"feedback\":\"\"},{\"correct\":false,\"text\":\"Being able to command attention from others.\",\"feedback\":\"\"},{\"correct\":true,\"text\":\"Being accurate when describing your capabilities and skills.\",\"feedback\":\"\"},{\"correct\":false,\"text\":\"Hiding mistakes you&#39;ve made from others.\",\"feedback\":\"\"}],\"sound\":\"\",\"text\":\"Which of these behaviors demonstrate essential elements of confident communication?\"},\"feedback\":[\"Correct. Well done.\",\"That&#39;s incorrect. Note the correct answers.\"],\"score\":\"50\",\"gems\":0,\"intro\":{\"title\":\"The Big Ideas\",\"description\":\"In this first Burst, you&#39;ll learn how confidence can help you to:&#10;   - Speak Freely&#10;   - Assert Yourself&#10;   - Reduce Anxiety&#10;   - Listen Better&#10;   - Contribute More&#10;&#10;The two gem-like shapes on the top left indicate that you can earn two gems in this Burst. Gems reflect how well you understand the material.&#10;&#10;You&#39;ll also notice to the left that it says you must earn 20 points to unlock the next Burst.&#10;&#10;Touch Start to begin this Burst.\",\"image\":\"\",\"sound\":\"\",\"volume\":50},\"unlockscore\":\"20\",\"quicklink\":false,\"quotation\":\"\"}","lite":"1","guid":"a615c6de-d77b-4224-a93a-b0b1ee739a14","growth_activity":"0"},{"id":"82968","courseId":"173","type":"11","summary":"The Big Ideas","index":"2","json":"{\"type\":11,\"simon\":{\"prompt\":\"                                 THE BIG IDEAS\",\"sounds\":[\"2EC1C168-98B6-D108-EC26-4EF0C71CD783.mp3\",\"1870BAF9-7978-4632-F404-4236B5BC0FA5.mp3\",\"7D57FF7B-0ADB-F59F-A85C-EB51F14FF7AC.mp3\",\"DD4FD5FE-92F7-7351-A656-DA030396318F.mp3\",\"2C0BFDB8-5876-4925-A3A4-682BAAA0D37F.mp3\",\"E96EE0B0-60EC-1AFE-CC77-9B02A44C643D.mp3\",\"E2BB3266-A28B-1040-8BB5-5AE394447585.mp3\",\"08A809F6-9A75-B7F4-7342-19AA53DB21D5.mp3\",\"ADFC95E1-ABAA-FB3B-537E-8E09E884E3B5.mp3\",\"A1DC992E-1A72-6F83-F8DB-AABC4CBC2E81.mp3\",\"789103BA-F24C-51D5-3F61-F7B183FF684F.mp3\",\"9F548E16-BC2C-577A-5A60-819AE50F1923.mp3\"],\"phrase\":\"Build Confidence|Assert Yourself|Reduce Anxiety|Speak Freely|Listen Better|Contribute More\",\"wrong\":\"Resentment|Suspicion|Mistrust|Arrogance|Rejection|Frustration\",\"time\":0,\"score\":0,\"gems\":0,\"sound\":\"\"},\"feedback\":[\"This is an overview of where we&#39;re heading in this course - from learning to build your confidence to contributing more to your organization. To continue, touch Close to the right.\",\"This is an overview of where we&#39;re heading in this course - from learning to build your confidence to contributing more to your organization. To continue, touch Close to the right.\"],\"score\":\"60\",\"gems\":\"1\"}","lite":"1","guid":"082df8a0-16d2-459f-af6a-da40fb41fb17","growth_activity":"0"},{"id":"82969","courseId":"173","type":"13","summary":"Intro Dialog","index":"3","json":"{\"type\":13,\"thisthat\":{\"questions\":[{\"text\":\"With enough confidence you can go just about anywhere.&#10;&#10;Do you believe this?\",\"correct\":\"I do\",\"wrong\":\"Not really\",\"value\":true,\"feedback\":[\"Good, and here&#39;s a secret: you can build up your own confidence.\",\"You ought to believe this because confidence can empower you to reach for your dreams. And here&#39;s a secret: you can build your own confidence.\"]},{\"text\":\"Learning to communicate well is one way to build your confidence, and gain the confidence of others.&#10;&#10;Do you know what we mean by this?\",\"correct\":\"I do\",\"wrong\":\"Not really\",\"value\":true,\"feedback\":[\"Then you know that when you&#39;re confident, you can speak freely, without fear of what others might think of you. You can be assertive and ask for what you want. This builds your self confidence.\",\"Let me explain: when you&#39;re confident, you can speak freely, without fear of what others might think of you. You can be assertive and ask for what you want. This builds your self confidence.\"]},{\"text\":\"And when you&#39;re confident, you even listen better to other people.&#10;&#10;Do you know why this is?\",\"correct\":\"I do\",\"wrong\":\"Not really\",\"value\":true,\"feedback\":[\"You&#39;ve got insight. You know that when you&#39;re more confident, your perception of what others are saying is not distorted by your fears and anxiety.\",\"When you&#39;re confident, you can listen better to other people because your perception of what others are saying is not distorted by your fears and anxiety.\"]}],\"timer\":0,\"noscore\":true},\"feedback\":[\"To sum up: confidence can help you to reach your dreams. And learning to communicate better is one way to build your confidence. Worth working at it! (To continue, touch Close to the right.)\",\"To sum up: confidence can help you to reach your dreams. And learning to communicate better is one way to build your confidence. Worth working at it! (To continue, touch Close to the right.)\"],\"score\":0,\"gems\":0}","lite":"1","guid":"0c2aa292-24bf-453a-803e-51e741777b1c","growth_activity":"0"},{"id":"82970","courseId":"173","type":"10","summary":"Confident Speaker","index":"4","json":"{\"type\":10,\"dragdrop\":{\"timer\":60,\"layout\":0,\"goals\":[{\"isImage\":true,\"text\":\"\",\"image\":\"9E76791E-5973-191B-7EEA-77C82C709B0E.png\"}],\"items\":[{\"goal\":1,\"isImage\":false,\"text\":\"She speaks freely\",\"image\":\"\",\"feedback\":[\"Yes, as a confident communicator, Mary is now able to speak freely and this adds to the overall happiness in her life.\",\"\"]},{\"goal\":1,\"isImage\":false,\"text\":\"She has less anxiety\",\"image\":\"\",\"feedback\":[\"Yes, as a confident communicator, Mary now has less anxiety when speaking to others and this frees her up to truly share ideas and feelings.\",\"\"]},{\"goal\":1,\"isImage\":false,\"text\":\"She lets herself be heard\",\"image\":\"\",\"feedback\":[\"Yes, as a confident communicator, Mary isn&#39;t standing in the way of herself. Instead, her message is front and center and being heard.\",\"\"]},{\"goal\":1,\"isImage\":false,\"text\":\"She listens better\",\"image\":\"\",\"feedback\":[\"Yes, as a confident communicator, Mary can listen better to other people because she is no longer listening through a veil of distortion and fear.\",\"\"]},{\"goal\":0,\"isImage\":false,\"text\":\"She misses opportunities\",\"image\":\"\",\"feedback\":[\"\",\"No, as a confident communicator, Mary is now more able to create opportunities and to take advantage of opportunities that come her way.\"]},{\"goal\":0,\"isImage\":false,\"text\":\"She is falling behind at work\",\"image\":\"\",\"feedback\":[\"\",\"No, as a confident communicator, Mary is now able to focus on moving forward in her personal and her professional life.\"]}],\"prompt\":\"Mary suffered anxiety and fear when speaking with others, but she took the time to build her confidence. Drag all the words that apply to her.\",\"sound\":\"\"},\"feedback\":[\"This course can help you to become a more confident communicator like Mary. And clearly it&#39;s worth working at because it can improve your life in many ways. (Touch Close.)\",\"This course can help you to become a more confident communicator like Mary. And clearly it&#39;s worth working at because it can improve your life in many ways. (Touch Close.)\"],\"score\":\"40\",\"gems\":\"1\"}","lite":"1","guid":"f0625145-ee80-48fa-9ec5-2d1c5b3c8149","growth_activity":"0"},{"id":"82971","courseId":"173","type":"7","summary":"How are you doing?","index":"5","json":"{\"type\":7,\"input\":{\"type\":7,\"prompt\":\"Think about your own confidence as a communicator. Rate yourself by moving the ball below right (more confident) or left (less confident). Then write about it. \",\"locked\":false,\"text\":\"\",\"isNumber\":false,\"useImages\":true,\"left\":\"AFF2029D-BECF-F899-4DA5-F22F17F97041.png\",\"right\":\"C019DB10-E215-2EDD-7C65-234626BACD30.png\",\"ideal\":50},\"feedback\":[\"This is the end of the first Burst. When you touch Close, you&#39;ll be sent to the Progress Screen. There, you can see how well you&#39;re doing and where you are in the course. If you have unlocked the next Burst, you can play it. Otherwise, replay this Burst and try to earn more points.\",\"This is the end of the first Burst. When you touch Close, you&#39;ll be sent to the Progress Screen. There, you can see how well you&#39;re doing and where you are in the course. If you have unlocked the next Burst, you can play it. Otherwise, replay this Burst and try to earn more points.\"],\"score\":\"0\",\"gems\":\"0\"}","lite":"1","guid":"95b8f4a6-3847-424e-9302-394f32153e2d","growth_activity":"0"},{"id":"82972","courseId":"173","type":"4","summary":"Burst 1","index":"6","json":"{ \"type\":4}","lite":"1","guid":"37b6931d-49f5-490b-9ad7-b8c88589c7e3","growth_activity":"0"},{"id":"82973","courseId":"173","type":"3","summary":"Without Confidence","index":"7","json":"{\"type\":3,\"intro\":{\"title\":\"Communicating without confidence\",\"description\":\"We all need to communicate with other people in both our business and personal lives. And sometimes we don&#39;t feel confident when communicating. That&#39;s when the unpleasant emotions can begin.&#10;&#10;In this Burst, you&#39;ll explore:&#10;   - How it feels to speak without confidence&#10;   - How it feels to listen to someone who doesn&#39;t have confidence&#10;&#10;Note that you can earn two gems in this Burst and it will take 20 points to unlock the next Burst.\",\"image\":\"\",\"sound\":\"\",\"volume\":50},\"unlockscore\":\"20\",\"quicklink\":false,\"quotation\":\"If you lack confidence, you&#39;ll stand in the way of your message. Get out of the way!\",\"dossier\":false}","lite":"1","guid":"199a88fd-fb65-4953-9907-85f16cbcc005","growth_activity":"0"},{"id":"82974","courseId":"173","type":"7","summary":"Speaking without confidence","index":"8","json":"{\"type\":7,\"input\":{\"type\":2,\"prompt\":\"Think back to a time when you had to talk with other people, yet you didn&#39;t feel confident. How did it make you feel?&#10;&#10;Touch the boxes below and enter the three main feelings that come to mind.\",\"locked\":false,\"in\":2,\"out\":0,\"time\":1,\"count\":3,\"characters\":20},\"feedback\":[\"Experts have found that lack of confidence when communicating is one of the most stressful situations for people. Let&#39;s explore this further.\",\"\"],\"score\":\"0\",\"gems\":\"0\"}","lite":"1","guid":"435ced36-4382-4d37-989e-8c485ec6aad7","growth_activity":"0"},{"id":"82975","courseId":"173","type":"15","summary":"Fear, anxiety and anger","index":"9","json":"{\"type\":15,\"rotator\":{\"prompt\":\"WHAT DO YOU THINK?&#10;&#10;Many people who are not confident as speakers experience negative feelings, such as fear, anxiety and anger, when they have to communicate. &#10;&#10;Often this can lead to the speaker ___________________________. (Rotate the options below to your choice, then touch Done.) \",\"statements\":[{\"text\":\"having a distorted perception of what the listener is thinking\",\"correct\":true},{\"text\":\"wanting to freely share his or her thoughts and feelings\",\"correct\":false},{\"text\":\"contributing in a big way to the organization\",\"correct\":false},{\"text\":\"All of the above\",\"correct\":false}],\"timer\":45,\"sound\":\"\"},\"feedback\":[\"Correct. When a speaker is feeling negative emotions, they may feel the listeners are being critical and judgmental. This does NOT create a space for sharing or contributing, which is what communication is all about. \",\"That&#39;s incorrect. When a speaker is feeling negative emotions, it doesn&#39;t usually lead to sharing or contributing. Rather, it often makes the speaker feel that the listeners are being critical and judgmental. \"],\"score\":\"10\",\"gems\":0}","lite":"1","guid":"5592a580-83dc-483b-a7f6-c552ad6e5c94","growth_activity":"0"},{"id":"82976","courseId":"173","type":"15","summary":"Losing temper","index":"10","json":"{\"type\":15,\"rotator\":{\"prompt\":\"THINK ABOUT IT&#10;&#10;Lack of confidence when speaking can result in negative outcomes, including ______________________.\",\"statements\":[{\"text\":\"losing one&#39;s temper and doing inappropriate things\",\"correct\":false},{\"text\":\"hurting other people&#39;s feelings\",\"correct\":false},{\"text\":\"saying things you regret later\",\"correct\":false},{\"text\":\"All of the above\",\"correct\":true}],\"timer\":45,\"sound\":\"\"},\"feedback\":[\"All of these things can result from lack of confidence. And they can all result in very negative consequences.\",\"That&#39;s only partially correct. All of these things can result from lack of confidence. And they can all result in very negative consequences.\"],\"score\":\"10\",\"gems\":0}","lite":"1","guid":"ef35a0aa-4ccc-48f9-8c10-a037c6653580","growth_activity":"0"},{"id":"82977","courseId":"173","type":"15","summary":"More bad feelings","index":"11","json":"{\"type\":15,\"rotator\":{\"prompt\":\"CONSIDER THIS&#10;&#10;When someone is speaking without confidence they might feel rejected, inadequate, frustrated, or resentful. Sometimes they can feel vulnerable, trapped and easily hurt.&#10;&#10;This can lead to a situation in which the speaker is ________________.\",\"statements\":[{\"text\":\"open to an honest critique of his or her ideas\",\"correct\":false},{\"text\":\"unable to tolerate criticism\",\"correct\":true},{\"text\":\"patient and ready for productive dialog\",\"correct\":false},{\"text\":\"All of the above\",\"correct\":false}],\"timer\":30,\"sound\":\"\"},\"feedback\":[\"Correct. Speaking without confidence can close down the speaker&#39;s ability to receive honest criticism - a very important element in productive communication.\",\"That&#39;s not correct. Speaking without confidence can close down the speaker&#39;s ability to receive honest criticism - a very important element in productive communication.\"],\"score\":\"10\",\"gems\":0}","lite":"1","guid":"6c11ee09-468e-48b3-a170-fe06e205eb62","growth_activity":"0"},{"id":"82978","courseId":"173","type":"15","summary":"Listening to a non-confident speaker","index":"12","json":"{\"type\":15,\"rotator\":{\"prompt\":\"THINK ABOUT IT&#10;&#10;We&#39;ve explored what it&#39;s like to talk without confidence. Now, let&#39;s look at it from the listener&#39;s point of view. We&#39;ve all been there, too. &#10;&#10;Listening to someone who lacks confidence can provoke negative feelings, which can lead to the listener __________________.\",\"statements\":[{\"text\":\"finding it hard to focus on the information being communicated\",\"correct\":true},{\"text\":\"wanting to spend more time in the conversation\",\"correct\":false},{\"text\":\"recommending the speaker for key assignments\",\"correct\":false},{\"text\":\"All of the above.\",\"correct\":false}],\"timer\":45,\"sound\":\"\"},\"feedback\":[\"Yes, that is correct. When speakers lack confidence, listeners may find that they are reacting to the person rather than the message being communicating.\",\"That is incorrect. When speakers lack confidence, listeners may find that they are reacting to the person rather than the message being communicating.\"],\"score\":\"10\",\"gems\":0}","lite":"1","guid":"3952c50c-2a88-47ea-b6e1-71960cd8e2c5","growth_activity":"0"},{"id":"82979","courseId":"173","type":"15","summary":"Listening 2","index":"13","json":"{\"type\":15,\"rotator\":{\"prompt\":\"THINK ABOUT IT&#10;&#10;When listening to a speaker who lacks confidence we may ___________________.\",\"statements\":[{\"text\":\"find it easier to focus on the speaker&#39;s message\",\"correct\":false},{\"text\":\"be less inclined to give the speaker what he or she wants\",\"correct\":true},{\"text\":\"immediately form a positive image of the speaker\",\"correct\":false},{\"text\":\"All of the above.\",\"correct\":false}],\"timer\":45,\"sound\":\"\"},\"feedback\":[\"Yes, that is correct. When speakers lack confidence, listeners may find that they are less inclined to give the speaker what he or she wants.\",\"That is incorrect. When speakers lack confidence, listeners may find that they are less inclined to give the speaker what he or she wants.\"],\"score\":\"10\",\"gems\":0}","lite":"1","guid":"96fa797e-6b3c-4801-84ed-2a5e5c7efe6f","growth_activity":"0"},{"id":"82980","courseId":"173","type":"15","summary":"Listening 3","index":"14","json":"{\"type\":15,\"rotator\":{\"prompt\":\"THINK ABOUT IT&#10;&#10;When communicating with someone who lacks confidence, we would ________________.\",\"statements\":[{\"text\":\"tend to consider that person for potential promotions\",\"correct\":false},{\"text\":\"want to put that person in a position of responsibility\",\"correct\":false},{\"text\":\"feel that the person is less likely to help the organization succeed\",\"correct\":true},{\"text\":\"All of the above.\",\"correct\":false}],\"timer\":45,\"sound\":\"\"},\"feedback\":[\"Yes, that is correct. When speakers lack confidence, listeners may feel that the person is less likely to help the organization succeed.\",\"That is incorrect. When speakers lack confidence, listeners may feel that the person is less likely to help the organization succeed.\"],\"score\":\"10\",\"gems\":\"1\"}","lite":"1","guid":"d7d2f614-214e-4bb3-8a22-3d7f048016f7","growth_activity":"0"},{"id":"82981","courseId":"173","type":"7","summary":"How are you doing?","index":"15","json":"{\"type\":7,\"input\":{\"type\":7,\"prompt\":\"Think about how you respond to someone who talks to you lacking confidence. Do you have an open mind and give them the benefit of the doubt? Or do you judge them negatively? Be honest, then write about it below. \",\"locked\":false,\"text\":\"\",\"isNumber\":false,\"useImages\":false,\"left\":\"NEGATIVE JUDGMENT\",\"right\":\"BENEFIT OF THE DOUBT\",\"ideal\":50,\"min\":0,\"max\":0,\"integer\":true},\"feedback\":[\"This is the end of the second Burst. On the Progress screen be sure to see if you are achieving MAX scores and MAX gems. That will help the skies get more sunny.\",\"This is the end of the second Burst. On the Progress screen be sure to see if you are achieving MAX scores and MAX gems. That will help the skies get more sunny.\"],\"score\":\"0\",\"gems\":\"0\"}","lite":"1","guid":"7c7cdc8f-79b0-4450-9def-f17765b63736","growth_activity":"0"},{"id":"82982","courseId":"173","type":"4","summary":"Without Confidence","index":"16","json":"{\"type\":7,\"input\":{\"type\":7,\"prompt\":\"Now that you&#39;re at the end of the third Burst, rate yourself as to how confident a communicator you are and t below.hen write about it\",\"locked\":false,\"text\":\"\",\"isNumber\":false,\"useImages\":true,\"left\":\"E2A5F2E3-FD94-C1AF-DF1F-5FA40DB62E4B.png\",\"right\":\"3BA8534D-FAC7-1AC3-8A01-1BFDE8D9CA02.png\",\"ideal\":50}}","lite":"1","guid":"e90cc3f8-7785-421a-a8b2-e1176fcee30b","growth_activity":"0"}]