{"id":"272","authorId":"0","groupId":"0","credits":"2","dollars":"9.99","summary":"a safer, stronger America safeguards freedom at home and across the globe.","description":"Learn how Ted Cruz has fought tirelessly to defend our nation\u2019s servicemen and women, restore America\u2019s leadership in the world, and secure our border and streamline our legal immigration system.","date":"2015-05-22 12:24:50","iconURL":"icon271.jpg","imageURL":"image271.jpg","vimeo":"","title":"Ted Cruz 2016: Stronger, Safer America","editDate":"2015-05-26 06:49:11","buildAvailable":"1","published":"0","publicationDate":null}