[{"id":"298132","courseId":"276","type":"3","summary":"Dance with the Fear","index":"0","json":"{\"type\":3,\"intro\":{\"title\":\"Dance with the Fear\",\"description\":\"This is a Seth Godin Burst. &#10;&#10;Let&#39;s dance with the fear. Let&#39;s dance into the unknown.\",\"image\":\"0CC3EA50-7FDE-AB68-5E2C-F8300F3532DC.png\",\"sound\":\"3729A055-E1AC-A878-A56C-794F8F388A05.mp3\",\"volume\":38},\"unlockscore\":0,\"quicklink\":false,\"quotation\":\"\"}","lite":"1","guid":"7e3cec10-371a-4870-8dd4-43706d789a20","growth_activity":"0"},{"id":"298133","courseId":"276","type":"11","summary":"Are we so afraid","index":"1","json":"{\"type\":11,\"simon\":{\"prompt\":\"First, we must be able to talk about it.\",\"sounds\":[\"06B3E334-919B-84E9-9EE8-3D55AC70A7D1.mp3\",\"5AD21A42-7ABD-1E4E-2453-01B7023101A2.mp3\",\"5B141A54-B791-1E1E-66D5-0CE6984C71FD.mp3\",\"7956395F-A0AE-E3EA-AA0C-AE8026F31751.mp3\",\"7A1BB49A-3CC0-D69A-7946-05E4DB461C00.mp3\",\"96FCD4AB-88C2-A7E4-C2DE-2ABF8CCFA749.mp3\",\"31A890A3-B9D6-B0D0-3AD7-B5CA4351BDAF.mp3\",\"2986302F-D576-F4B0-95A7-F3953E2B40F3.mp3\",\"8A914A3A-16E7-72BF-874C-AD3BF8F89A23.mp3\"],\"phrase\":\"That we|can&#39;t|even|discuss it?\",\"wrong\":\"JUST|DANCE|WITH|THE|FEAR\",\"time\":0,\"score\":0,\"gems\":0,\"sound\":\"\"},\"feedback\":[\"That we can&#39;t even discuss it?&#10;&#10;Let&#39;s dance with that fear and talk about it.\",\"Are we so afraid, that we can&#39;t even discuss it?&#10;&#10;Let&#39;s dance with that fear and talk about it.\"],\"score\":\"40\",\"gems\":\"\"}","lite":"1","guid":"470170ac-9993-4933-b6b5-ba95ca3ce690","growth_activity":"0"},{"id":"298134","courseId":"276","type":"7","summary":"Fear making a choice?","index":"2","json":"{\"type\":7,\"input\":{\"type\":6,\"prompt\":\"Have you fallen in love with your status quo? Are you afraid to make another choice, a choice that might not work?&#10;&#10;Choose: a lump of coal or your true voice? (Don&#39;t worry, it&#39;s a sliding scale.)\",\"locked\":false,\"isNumber\":false,\"useImages\":true,\"left\":\"99A2B1A7-C5D7-2CA6-08EC-2FAA757293A7.png\",\"right\":\"B0413946-6645-8C46-BE4E-DEB8269916B7.png\",\"ideal\":50},\"feedback\":[\"\",\"\"],\"score\":0,\"gems\":0}","lite":"1","guid":"3497cc89-13e6-4ac3-ae18-b139406810f3","growth_activity":"0"},{"id":"298135","courseId":"276","type":"9","summary":"Better means change","index":"3","json":"{\"type\":9,\"wordfill\":{\"text\":\"Better means ##1##.&#10;Change means ##2##.&#10;Risk means ##3##.\",\"prompt\":\"Your true voice wants you to be better, in all ways. A lump of coal is afraid of better.&#10;&#10;Because better means what?\",\"sound\":\"\",\"words\":[\"change\",\"risk\",\"fear\"],\"timer\":30},\"feedback\":[\"So, what will you do next? Dance with the fear? Or sit in a dark place, under pressure?\",\"Better means change. And change means risk. And risk means fear. So, what will you do next? Dance with the fear? Or sit in a dark place, under pressure?\"],\"score\":\"60\",\"gems\":\"1\"}","lite":"1","guid":"08a1684d-f4d9-4135-a4e6-58059df7ddd9","growth_activity":"0"},{"id":"298136","courseId":"276","type":"6","summary":"The Fear of Freedom","index":"4","json":"{\"type\":6,\"image\":\"8EC26210-52F2-85F0-2218-F1663D7B060D.png\",\"presentation\":[{\"text\":\"What we really fear is freedom.\",\"in\":1,\"time\":1,\"sound\":\"\",\"color\":\"#000000\",\"size\":0},{\"text\":\"It&#39;s easier to watch TV and go shopping. And easier still to buy what everyone else is buying.\",\"in\":1,\"time\":3,\"sound\":\"\",\"size\":0,\"color\":\"#000000\"},{\"text\":\"But we live in an extraordinary moment, with countless degrees of freedom.\",\"in\":1,\"time\":5,\"sound\":\"\",\"color\":\"#000000\"},{\"text\":\"You can sit and stare. But it&#39;s much more rewarding to dance with the fear.\",\"in\":0,\"time\":0,\"sound\":\"\",\"color\":\"#FF9500\"}]}","lite":"1","guid":"16908667-4638-4f45-9dc9-648ddf2063ca","growth_activity":"0"},{"id":"298137","courseId":"276","type":"12","summary":"Paralyzed with Fear","index":"5","json":"{\"type\":12,\"orderitems\":{\"slots\":[\"HOW WE FEEL\",\"HOW MANY ARE FEELING IT\",\"HERE&#39;S THE CATCH\"],\"items\":[{\"text\":\"We&#39;re paralyzed with fear,\",\"slot\":1},{\"text\":\"a fear so widespread\",\"slot\":2},{\"text\":\"you might not even notice it.\",\"slot\":3}],\"ordered\":true,\"timer\":30,\"sound\":\"\",\"prompt\":\"The instant and effortless connection to a billion people changes everything, gives us freedom that humans never dreamed of. And yet, in the midst of this windfall...\"},\"feedback\":[\"We have more choices, more options and more resources than any generation, ever. Now is the moment to learn to dance with the fear. There has never before been a moment like this one.\",\"We&#39;re paralyzed with fear, a fear so widespread you might not even notice it. But, now is the moment to learn to dance with the fear. There has never before been a moment like this one.\"],\"score\":\"60\",\"gems\":\"1\"}","lite":"1","guid":"119a9608-b933-4efe-b2fe-b40d646cb115","growth_activity":"0"},{"id":"298138","courseId":"276","type":"8","summary":"Never let yourself off the hook","index":"6","json":"{\"type\":8,\"statement\":{\"prompt\":\"The only way forward is to forgive yourself for being afraid...\",\"wrong\":\"DANCE|DANCE|DANCE|DANCE|DANCE\",\"statements\":[\"but don&#39;t ever|forgive yourself|for not caring|or not trying.\"],\"ordered\":true,\"timer\":60,\"sound\":\"\"},\"feedback\":[\"The only way to dance with the fear is to care and to try. \",\"Forgive yourself for being afraid, but don&#39;t every forgive yourself for not caring or not trying. The only way to dance with the fear is to care and to try. \"],\"score\":\"180\",\"gems\":\"2\"}","lite":"1","guid":"7e8ebd13-c1b1-4dc1-84ee-c0ebd80a5e45","growth_activity":"0"},{"id":"298139","courseId":"276","type":"7","summary":"Fight the fear with creativity","index":"7","json":"{\"type\":7,\"input\":{\"type\":1,\"prompt\":\"The enemy of fear is creativity. Acting in a creative way persuades the fear to lighten up. So take a minute or two and write a paragraph below about either a lump of coal or your voice.\",\"locked\":false},\"feedback\":[\"\",\"\"],\"score\":0,\"gems\":0}","lite":"1","guid":"f3b747e3-436c-4984-a6dc-9a5f2a8b0c2c","growth_activity":"0"},{"id":"298140","courseId":"276","type":"4","summary":"Dance with the Fear","index":"8","json":"{ \"type\":4}","lite":"1","guid":"06680312-d072-4f6e-859e-db4336d0f557","growth_activity":"0"}]