{"id":"303","authorId":"4","groupId":"0","credits":"300","dollars":"9.99","summary":"Make an impact as a successful communicator!","description":"Play with Dale Carnegie's winning formula for public speaking and learn the SECRETS OF INFLUENCING YOUR AUDIENCE and getting what you want. Make an impact on life!","date":"2016-01-30 21:49:53","iconURL":"icon303.jpg","imageURL":"image303.jpg","vimeo":"","title":"Public Speaking to Win: The Blink Training Course","editDate":"2017-03-13 16:58:45","buildAvailable":"1","published":"1","publicationDate":null,"listOrder":"3"}