[{"id":"5221","courseId":"117","type":"3","summary":"Thoughts are Things","index":"0","json":"{\\\\\\\"type\\\\\\\":3,\\\\\\\"intro\\\\\\\":{\\\\\\\"title\\\\\\\":\\\\\\\"A Definite Purpose\\\\\\\",\\\\\\\"description\\\\\\\":\\\\\\\"Adopt a purpose and stand by it with an obsessive commitment.\\\\\\\",\\\\\\\"image\\\\\\\":\\\\\\\"CFBAB9C5-466C-1099-3EA0-72039CD64E78.png\\\\\\\"},\\\\\\\"unlockscore\\\\\\\":0,\\\\\\\"quicklink\\\\\\\":false,\\\\\\\"quotation\\\\\\\":\\\\\\\"All achievements, all earned riches, have their beginning in an idea. - Napoleon Hill\\\\\\\"}","lite":"0","guid":"095274da-1f10-40bc-b2c8-7c61f87632b6","growth_activity":"0"},{"id":"5222","courseId":"117","type":"6","summary":"Thoughts are Things","index":"1","json":"{\\\\\\\"type\\\\\\\":6,\\\\\\\"presentation\\\\\\\":[{\\\\\\\"text\\\\\\\":\\\\\\\"Thoughts are things...\\\\\\\",\\\\\\\"in\\\\\\\":1,\\\\\\\"out\\\\\\\":0,\\\\\\\"time\\\\\\\":1},{\\\\\\\"text\\\\\\\":\\\\\\\"and POWERFUL THINGS at that when they are mixed with a...\\\\\\\",\\\\\\\"in\\\\\\\":5,\\\\\\\"out\\\\\\\":0,\\\\\\\"time\\\\\\\":2},{\\\\\\\"text\\\\\\\":\\\\\\\"DEFINITE PURPOSE\\\\\\\",\\\\\\\"in\\\\\\\":3,\\\\\\\"out\\\\\\\":0,\\\\\\\"time\\\\\\\":3},{\\\\\\\"text\\\\\\\":\\\\\\\"PERSISTENCE and\\\\\\\",\\\\\\\"in\\\\\\\":5,\\\\\\\"out\\\\\\\":0,\\\\\\\"time\\\\\\\":3},{\\\\\\\"text\\\\\\\":\\\\\\\"BURNING DESIRE.\\\\\\\",\\\\\\\"in\\\\\\\":4,\\\\\\\"out\\\\\\\":0,\\\\\\\"time\\\\\\\":3}]}","lite":"0","guid":"27601d61-a2dc-4ff4-ac21-ad2f7791282b","growth_activity":"0"},{"id":"5223","courseId":"117","type":"8","summary":"Thoughts are Things","index":"2","json":"{\\\\\\\"type\\\\\\\":8,\\\\\\\"statement\\\\\\\":{\\\\\\\"prompt\\\\\\\":\\\\\\\"FIND IT, SAY IT, ONCE AGAIN...\\\\\\\",\\\\\\\"statements\\\\\\\":[\\\\\\\"THOUGHTS|ARE|THINGS.\\\\\\\"],\\\\\\\"locked\\\\\\\":false,\\\\\\\"timer\\\\\\\":30,\\\\\\\"wrong\\\\\\\":\\\\\\\"riches|wealth|all you desire\\\\\\\"},\\\\\\\"wrong\\\\\\\":\\\\\\\"\\\\\\\",\\\\\\\"feedback\\\\\\\":[\\\\\\\"And since thoughts are things, those things can be translated into real riches or whatever it is you desire. And what powerful forces translate them?\\\\\\\",\\\\\\\"Thoughts are things, and those things can be translated into real riches or whatever it is you desire. And what powerful forces translate them?\\\\\\\"],\\\\\\\"score\\\\\\\":\\\\\\\"100\\\\\\\",\\\\\\\"gems\\\\\\\":\\\\\\\"1\\\\\\\"}","lite":"0","guid":"84261194-2cdd-4778-bd63-c8abbb043bde","growth_activity":"0"},{"id":"5224","courseId":"117","type":"14","summary":"The three powerful forces","index":"3","json":"{\\\\\\\"type\\\\\\\":14,\\\\\\\"question\\\\\\\":{\\\\\\\"timer\\\\\\\":30,\\\\\\\"multiplechoice\\\\\\\":true,\\\\\\\"answers\\\\\\\":[{\\\\\\\"correct\\\\\\\":false,\\\\\\\"text\\\\\\\":\\\\\\\"Hard work, rich relatives, fear of poverty\\\\\\\"},{\\\\\\\"correct\\\\\\\":true,\\\\\\\"text\\\\\\\":\\\\\\\"Definite purpose, persistence, burning desire\\\\\\\"},{\\\\\\\"correct\\\\\\\":false,\\\\\\\"text\\\\\\\":\\\\\\\"Day dreams,  luck and wishes\\\\\\\"}],\\\\\\\"text\\\\\\\":\\\\\\\"What three powerful forces can translate thoughts into riches or other material objects?\\\\\\\"},\\\\\\\"feedback\\\\\\\":[\\\\\\\"It isn&#39;t hard work or day dreams that turn your desires into riches. It is your persistent commitment to a definite purpose and a burning desire. It is all about your thoughts.\\\\\\\",\\\\\\\"It isn&#39;t hard work or day dreams that turn your desires into riches. It is your persistent commitment to a definite purpose and a burning desire. It is all about your thoughts.\\\\\\\"],\\\\\\\"score\\\\\\\":\\\\\\\"100\\\\\\\",\\\\\\\"gems\\\\\\\":0}","lite":"0","guid":"dde21053-0e36-4425-8fe9-73419b28d1e3","growth_activity":"0"},{"id":"5225","courseId":"117","type":"7","summary":"Something you strived for","index":"4","json":"{\\\\\\\"type\\\\\\\":7,\\\\\\\"input\\\\\\\":{\\\\\\\"type\\\\\\\":1,\\\\\\\"prompt\\\\\\\":\\\\\\\"Have you ever strived for something with an obsessive commitment? What did it feel like? If you haven&#39;t, then imagine what it would feel like and write about it.\\\\\\\",\\\\\\\"locked\\\\\\\":false}}","lite":"0","guid":"e2687c06-6296-4fbc-85d7-dc73b273de0e","growth_activity":"0"},{"id":"5226","courseId":"117","type":"9","summary":"Review","index":"5","json":"{ \\\\\\\"type\\\\\\\":9}","lite":"0","guid":"aebcc53e-31f3-4f75-8286-00c51cfb5235","growth_activity":"0"},{"id":"5227","courseId":"117","type":"4","summary":"Thoughts are Things","index":"6","json":"{ \\\\\\\"type\\\\\\\":4}","lite":"0","guid":"386d3422-c8ab-4bbf-9b64-57d8daf90130","growth_activity":"0"}]