[{"id":"49573","courseId":"169","type":"1","summary":"The Basics of Confident Communication","index":"0","json":"{\\\"type\\\":14,\\\"question\\\":{\\\"timer\\\":60,\\\"multiplechoice\\\":true,\\\"answers\\\":[{\\\"correct\\\":false,\\\"text\\\":\\\"Patience\\\",\\\"feedback\\\":\\\"\\\"},{\\\"correct\\\":true,\\\"text\\\":\\\"Trust\\\",\\\"feedback\\\":\\\"\\\"},{\\\"correct\\\":false,\\\"text\\\":\\\"Good looks\\\",\\\"feedback\\\":\\\"\\\"}],\\\"sound\\\":\\\"\\\",\\\"text\\\":\\\"What is the cornerstone of confident communication?\\\"},\\\"feedback\\\":[\\\"\\\",\\\"\\\"],\\\"score\\\":\\\"10\\\",\\\"gems\\\":0,\\\"intro\\\":{\\\"title\\\":\\\"The Basics of Confident Communication\\\",\\\"description\\\":\\\"In this Blink Training course, you&#39;ll learn how confident communication can improve your life in many ways.&#10;&#10;Blink Training courses serve up content in small units (called Blinks), add just enough gaming to keep it fun and arrange those Blinks into short sequences (called Bursts). Each Burst takes just a few minutes to complete so you can do them while waiting on line for a cappuccino, waiting for a phone call at work, or whenever you have some free time. Blink Training can turn your downtime into learning time.&#10;&#10;Touch Next to start the first Burst.\\\",\\\"image\\\":\\\"\\\"},\\\"dossier\\\":true}","lite":"0","guid":"2b576205-31e3-45f3-9125-4f8e5a446cac","growth_activity":"0"},{"id":"49574","courseId":"169","type":"3","summary":"Speaking Confidently: Key Elements","index":"1","json":"{\\\"type\\\":3,\\\"intro\\\":{\\\"title\\\":\\\"Speaking Confidently: Key Elements\\\",\\\"description\\\":\\\"In this Burst, you&#39;ll learn about the three key elements of confident communications:&#10;   - Trust&#10;   - Credibility&#10;   - Confident Behavior when communicating\\\",\\\"image\\\":\\\"\\\",\\\"sound\\\":\\\"\\\",\\\"volume\\\":50},\\\"unlockscore\\\":\\\"20\\\",\\\"quicklink\\\":false,\\\"quotation\\\":\\\"Trust is the cornerstone of confident communication.\\\"}","lite":"0","guid":"c10739d9-c46a-4dc9-a2a6-8b3f60031c78","growth_activity":"0"},{"id":"49575","courseId":"169","type":"6","summary":"Elements that Enable Conf Comm","index":"2","json":"{\\\"type\\\":6,\\\"image\\\":\\\"\\\",\\\"presentation\\\":[{\\\"text\\\":\\\"THREE ELEMENTS THAT ENABLE CONFIDENCE\\\",\\\"in\\\":1,\\\"time\\\":1,\\\"sound\\\":\\\"\\\",\\\"color\\\":2,\\\"font\\\":1,\\\"alignment\\\":1,\\\"size\\\":0},{\\\"text\\\":\\\"So far in this course, we&#39;ve discussed how lack of confidence can impede your progress towards your goals and how confident communications can help you move forward in many areas of your life.\\\",\\\"in\\\":1,\\\"time\\\":2,\\\"sound\\\":\\\"\\\",\\\"font\\\":0,\\\"alignment\\\":0,\\\"color\\\":0},{\\\"text\\\":\\\"So far in this course, we&#39;ve discussed how lack of confidence can impede your progress towards your goals and how confident communications can help you move forward in many areas of your life.\\\",\\\"in\\\":1,\\\"time\\\":2,\\\"sound\\\":\\\"\\\",\\\"font\\\":1,\\\"alignment\\\":1,\\\"size\\\":0,\\\"color\\\":2},{\\\"text\\\":\\\"So far in this course, we&#39;ve discussed how lack of confidence can impede your progress towards your goals and how confident communications can help you move forward in many areas of your life.\\\",\\\"in\\\":1,\\\"time\\\":2,\\\"sound\\\":\\\"\\\",\\\"font\\\":2,\\\"alignment\\\":1,\\\"color\\\":0},{\\\"text\\\":\\\"So far in this course, we&#39;ve discussed how lack of confidence can impede your progress towards your goals and how confident communications can help you move forward in many areas of your life.\\\",\\\"in\\\":0,\\\"time\\\":0,\\\"sound\\\":\\\"\\\",\\\"font\\\":2,\\\"size\\\":1},{\\\"text\\\":\\\"\\\",\\\"in\\\":0,\\\"time\\\":0,\\\"sound\\\":\\\"\\\"}]}","lite":"0","guid":"746a25f2-3c1c-4842-b766-05f488fa0caf","growth_activity":"0"},{"id":"49576","courseId":"169","type":"6","summary":"Trust Detail","index":"3","json":"{\\\"type\\\":6,\\\"image\\\":\\\"\\\",\\\"presentation\\\":[{\\\"text\\\":\\\"TRUST\\\",\\\"in\\\":1,\\\"time\\\":1,\\\"sound\\\":\\\"\\\",\\\"color\\\":1,\\\"size\\\":2},{\\\"text\\\":\\\"TRUST\\\",\\\"in\\\":1,\\\"time\\\":2,\\\"sound\\\":\\\"\\\",\\\"alignment\\\":1,\\\"font\\\":1,\\\"color\\\":2,\\\"size\\\":2},{\\\"text\\\":\\\"Trust\\\",\\\"in\\\":0,\\\"time\\\":0,\\\"sound\\\":\\\"\\\"},{\\\"text\\\":\\\"Trust is the feeling that others have good intentions towards you and that they openly and honestly share information. When there is trust, you and the other person are both open to feedback and able to admit shortcomings. This openness enables others to feel safer because their views are being taken into account. And when you know you&#39;re being trusted by others, your confidence grows.\\\",\\\"in\\\":0,\\\"time\\\":0,\\\"sound\\\":\\\"\\\",\\\"size\\\":2}]}","lite":"0","guid":"48bd4c55-ec06-4dd0-841f-581046c43f69","growth_activity":"0"},{"id":"49577","courseId":"169","type":"7","summary":"Feedback work?","index":"4","json":"{\\\"type\\\":7,\\\"input\\\":{\\\"type\\\":1,\\\"prompt\\\":\\\"What do you think about the feedback?\\\",\\\"locked\\\":false},\\\"feedback\\\":[\\\"Pass text\\\",\\\"Fail text\\\"],\\\"score\\\":\\\"5\\\",\\\"gems\\\":\\\"1\\\"}","lite":"0","guid":"bb1ebab4-6008-4497-a2e5-5c59470dbbf0","growth_activity":"0"},{"id":"49578","courseId":"169","type":"7","summary":"Trust slider text","index":"5","json":"{\\\"type\\\":7,\\\"input\\\":{\\\"type\\\":7,\\\"prompt\\\":\\\"TRUST: In general, when you communicate with others, do you feel others have a weak or a strong sense of trust in you? Adjust the slider and write your thoughts below.\\\",\\\"locked\\\":false,\\\"text\\\":\\\"\\\",\\\"isNumber\\\":false,\\\"useImages\\\":false,\\\"left\\\":\\\"Weak\\\",\\\"right\\\":\\\"Strong\\\",\\\"ideal\\\":50},\\\"feedback\\\":[\\\"This is the pass text\\\",\\\"This is the fail text\\\"],\\\"score\\\":\\\"5\\\",\\\"gems\\\":\\\"1\\\"}","lite":"0","guid":"61fa0395-f03f-44c8-ab2a-f3b2ef9ae772","growth_activity":"0"},{"id":"49579","courseId":"169","type":"6","summary":"Credibility Detail","index":"6","json":"{\\\"type\\\":6,\\\"image\\\":\\\"\\\",\\\"presentation\\\":[{\\\"text\\\":\\\"CREDIBILITY\\\",\\\"in\\\":1,\\\"time\\\":1,\\\"sound\\\":\\\"\\\",\\\"color\\\":1,\\\"font\\\":2,\\\"size\\\":2},{\\\"text\\\":\\\"When you have credibility, you are being convincing and believable to others. Listeners decide whether a speaker is credible based on their assessment of the speaker&#39;s motives, knowledge and truthfulness. \\\",\\\"in\\\":1,\\\"time\\\":2,\\\"sound\\\":\\\"\\\"},{\\\"text\\\":\\\"If you keep your word, then others believe what you say, and you gain confidence. And if you are accurate in what you say, it adds greatly to your credibility. \\\",\\\"in\\\":1,\\\"time\\\":0,\\\"sound\\\":\\\"\\\"}]}","lite":"0","guid":"740cfcc9-5e18-4848-9ca8-284c8994a3c8","growth_activity":"0"},{"id":"49580","courseId":"169","type":"7","summary":"Credibility slider text","index":"7","json":"{\\\"type\\\":7,\\\"input\\\":{\\\"type\\\":7,\\\"prompt\\\":\\\"CREDIBILITY: In general, when you communicate with others, do you feel your project a weak or a strong sense of credibility? Adjust the slider and write your thoughts below.\\\",\\\"locked\\\":false,\\\"text\\\":\\\"\\\",\\\"isNumber\\\":false,\\\"useImages\\\":false,\\\"left\\\":\\\"Weak\\\",\\\"right\\\":\\\"Strong\\\",\\\"ideal\\\":50},\\\"feedback\\\":[\\\"This is the pass text\\\",\\\"This is the fail text\\\"],\\\"score\\\":0,\\\"gems\\\":0}","lite":"0","guid":"31b69851-ca8a-4654-948e-1e28eb36a8a1","growth_activity":"0"},{"id":"49581","courseId":"169","type":"6","summary":"Conf Beh Detail","index":"8","json":"{\\\"type\\\":6,\\\"image\\\":\\\"\\\",\\\"presentation\\\":[{\\\"text\\\":\\\"CONFIDENT BEHAVIOR\\\",\\\"in\\\":1,\\\"time\\\":1,\\\"sound\\\":\\\"\\\",\\\"color\\\":2,\\\"size\\\":2,\\\"font\\\":1},{\\\"text\\\":\\\"Open and relaxed body language, good posture, appropriate eye contact and clear speaking are all examples of confident behavior. Others feel more comfortable around you when you behave confidently.&#10;&#10;And when you behave in this way it actually fosters a genuine feeling of confidence on your part. &#10;&#10;Fake it till you make it! It really works.\\\",\\\"in\\\":1,\\\"time\\\":2,\\\"sound\\\":\\\"\\\",\\\"font\\\":1,\\\"alignment\\\":0,\\\"size\\\":0,\\\"color\\\":2}]}","lite":"0","guid":"022c480c-30c7-4c20-99d4-2808011a3bee","growth_activity":"0"},{"id":"49582","courseId":"169","type":"7","summary":"Confident Behavior slider text","index":"9","json":"{\\\"type\\\":7,\\\"input\\\":{\\\"type\\\":7,\\\"prompt\\\":\\\"CONFIDENT BEHAVIOR: In general, when you communicate with others, do you feel your behavior projects a weak or a strong sense of confidence? Adjust the slider and write your thoughts below.\\\",\\\"locked\\\":false,\\\"text\\\":\\\"\\\",\\\"isNumber\\\":false,\\\"useImages\\\":false,\\\"left\\\":\\\"Weak\\\",\\\"right\\\":\\\"Strong\\\",\\\"ideal\\\":50}}","lite":"0","guid":"eb6dc362-c369-49e1-a1a0-393b287e3ab4","growth_activity":"0"},{"id":"49583","courseId":"169","type":"14","summary":"Trust, Cred, Conf 1","index":"10","json":"{\\\"type\\\":14,\\\"question\\\":{\\\"timer\\\":30,\\\"multiplechoice\\\":true,\\\"answers\\\":[{\\\"correct\\\":true,\\\"text\\\":\\\"Trust\\\",\\\"feedback\\\":\\\"Yes, this is correct. Trust is the feeling that someone else has good intentions and shares information freely. Trust is the cornerstone of confident communications.\\\"},{\\\"correct\\\":false,\\\"text\\\":\\\"Credibility\\\",\\\"feedback\\\":\\\"No, this is incorrect. The correct answer is trust.\\\"},{\\\"correct\\\":false,\\\"text\\\":\\\"Confident Behavior\\\",\\\"feedback\\\":\\\"No, this is incorrect. The correct answer is trust.\\\"}],\\\"sound\\\":\\\"\\\",\\\"text\\\":\\\"This can be defined as the feeling that you have that another person has good intentions and shares information openly and honestly with you.\\\"},\\\"feedback\\\":[\\\"\\\",\\\"\\\"],\\\"score\\\":\\\"10\\\",\\\"gems\\\":\\\"0\\\"}","lite":"0","guid":"0d559a84-a6cd-4b2d-a83b-4fc6c5e72c93","growth_activity":"0"},{"id":"49584","courseId":"169","type":"14","summary":"Trust, Cred, Conf 2","index":"11","json":"{\\\"type\\\":14,\\\"question\\\":{\\\"timer\\\":30,\\\"multiplechoice\\\":true,\\\"answers\\\":[{\\\"correct\\\":false,\\\"text\\\":\\\"Trust\\\",\\\"feedback\\\":\\\"No, this is incorrect. The correct answer is credibility.\\\"},{\\\"correct\\\":true,\\\"text\\\":\\\"Credibility\\\",\\\"feedback\\\":\\\"Yes, this is correct, when you are credible you are convincing and believable to others.\\\"},{\\\"correct\\\":false,\\\"text\\\":\\\"Confident Behavior\\\",\\\"feedback\\\":\\\"No, this is incorrect. The correct answer is credibility.\\\"}],\\\"sound\\\":\\\"\\\",\\\"text\\\":\\\"This can be defined as being convincing or believable to others. \\\"},\\\"feedback\\\":[\\\"\\\",\\\"\\\"],\\\"score\\\":\\\"10\\\",\\\"gems\\\":\\\"0\\\"}","lite":"0","guid":"cfbb87ad-d1f8-4d1c-858d-8b5fc6ad5fbf","growth_activity":"0"},{"id":"49585","courseId":"169","type":"14","summary":"Trust, Cred, Conf 3","index":"12","json":"{\\\"type\\\":14,\\\"question\\\":{\\\"timer\\\":30,\\\"multiplechoice\\\":true,\\\"answers\\\":[{\\\"correct\\\":false,\\\"text\\\":\\\"Trust\\\",\\\"feedback\\\":\\\"No, this is incorrect. The correct answer is confident behavior.\\\"},{\\\"correct\\\":false,\\\"text\\\":\\\"Credibility\\\",\\\"feedback\\\":\\\"No, this is incorrect. The correct answer is confident behavior.\\\"},{\\\"correct\\\":true,\\\"text\\\":\\\"Confident Behavior\\\",\\\"feedback\\\":\\\"Yes, this is correct. We&#39;ll talk more about confident behaviors later, but for now consider this: if you&#39;re confident, you&#39;ll be open, relaxed, and speaking clearly because you believe in yourself and in your message.\\\"}],\\\"sound\\\":\\\"\\\",\\\"text\\\":\\\"This includes open and relaxed body language, good posture, appropriate eye contact and clear speaking.\\\"},\\\"feedback\\\":[\\\"\\\",\\\"\\\"],\\\"score\\\":\\\"10\\\",\\\"gems\\\":\\\"0\\\"}","lite":"0","guid":"7f58a5ab-fc4a-4456-a20c-522344122456","growth_activity":"0"},{"id":"49586","courseId":"169","type":"9","summary":"Trust, Cred, Conf","index":"13","json":"{\\\"type\\\":9,\\\"wordfill\\\":{\\\"text\\\":\\\"Others feel you have good intentions towards them.    ##2##       &#10;You consistently keep your promises and honor your commitments. ##3##                     &#10;Your actions and mannerisms reflect a sense of confidence. ##1##\\\",\\\"prompt\\\":\\\"Drag the element to the correct example.\\\",\\\"sound\\\":\\\"\\\",\\\"words\\\":[\\\"Confident Behavior\\\",\\\"Trust\\\",\\\"Credibility\\\"],\\\"timer\\\":20},\\\"feedback\\\":[\\\"Trust, credibility and confident behavior - the three elements of confident communication.\\\",\\\"Oh, you didn&#39;t get it. Remember: trust, credibility and confident behavior are the three elements of confident communication.\\\"],\\\"score\\\":\\\"30\\\",\\\"gems\\\":\\\"2\\\"}","lite":"0","guid":"33c49210-3a0b-4b5a-aad7-d064b4eaf524","growth_activity":"0"},{"id":"49587","courseId":"169","type":"4","summary":"Trust, Credibility, Confident Behavior","index":"14","json":"{ \\\"type\\\":4}","lite":"0","guid":"5872a972-ab0d-4988-ac0f-8de016239d5e","growth_activity":"0"},{"id":"49588","courseId":"169","type":"2","summary":"Advantages and elements of confident communication","index":"15","json":"{ \\\"type\\\":2}","lite":"0","guid":"ff2a0d3d-1329-4bd3-9ca4-386e979cd75f","growth_activity":"0"}]