{"id":"316","authorId":"0","groupId":"0","credits":"2","dollars":"9.99","summary":"Change Your Life with Your Mind","description":"This course is an interactive instruction manual for seeking a greater scale of life based on George Murphy's message: new thought means new life.","date":"2016-03-16 09:15:50","iconURL":"icon313.jpg","imageURL":"image313.jpg","vimeo":"","title":"The Power of Your Subconscious Mind by Joseph Murphy - before Takeaways","editDate":"2016-03-16 09:16:09","buildAvailable":"0","published":"0","publicationDate":null,"listOrder":"100"}