[{"id":"3360","courseId":"61","type":"1","summary":"Unit 1","index":"0","json":"{\\\"type\\\":1,\\\"intro\\\":{\\\"title\\\":\\\"\\\",\\\"description\\\":\\\"\\\",\\\"image\\\":\\\"\\\"}}","lite":"0","guid":"723c0d54-e985-476d-911e-e5076545422b","growth_activity":"0"},{"id":"3361","courseId":"61","type":"1","summary":"Unit 1","index":"1","json":"{ \\\"type\\\":1}","lite":"0","guid":"159a5e20-fcfb-41b0-b6db-c4b6aac08e81","growth_activity":"0"},{"id":"3362","courseId":"61","type":"1","summary":"Unit 1","index":"2","json":"{ \\\"type\\\":1}","lite":"0","guid":"159a5e20-fcfb-41b0-b6db-c4b6aac08e81","growth_activity":"0"},{"id":"3363","courseId":"61","type":"1","summary":"Unit 1","index":"3","json":"{ \\\"type\\\":1}","lite":"1","guid":"159a5e20-fcfb-41b0-b6db-c4b6aac08e81","growth_activity":"0"},{"id":"3364","courseId":"61","type":"1","summary":"Unit 1","index":"4","json":"{ \\\"type\\\":1}","lite":"0","guid":"159a5e20-fcfb-41b0-b6db-c4b6aac08e81","growth_activity":"0"},{"id":"3365","courseId":"61","type":"6","summary":"Pres 1","index":"5","json":"{\\\"type\\\":6,\\\"presentation\\\":[{\\\"text\\\":\\\"What are fish? They are animals that swim around in the water and breathe through their gills.\\\",\\\"in\\\":1,\\\"out\\\":1,\\\"time\\\":1},{\\\"text\\\":\\\"Yes, pretty exciting stuff, right?\\\",\\\"in\\\":1,\\\"out\\\":1,\\\"time\\\":2}]}","lite":"0","guid":"aa768251-f2a3-4018-80cd-aad1a92c65dd","growth_activity":"0"},{"id":"3366","courseId":"61","type":"9","summary":"Word Fill 1","index":"6","json":"{\\\"type\\\":9,\\\"feedback\\\":[\\\"\\\",\\\"\\\"],\\\"score\\\":0,\\\"gems\\\":0,\\\"wordfill\\\":{\\\"words\\\":[\\\"fish\\\",\\\"water\\\",\\\"giraffe\\\",\\\"air\\\"],\\\"text\\\":\\\"A ##1## swims in the ##2##.\\\"}}","lite":"0","guid":"68a1dc97-eccd-418b-9eef-a2f3652121c6","growth_activity":"0"},{"id":"3367","courseId":"61","type":"10","summary":"Dragging Fish Around","index":"7","json":"{\\\"type\\\":10,\\\"dragdrop\\\":{\\\"timer\\\":20,\\\"layout\\\":0,\\\"goals\\\":[],\\\"items\\\":[]},\\\"feedback\\\":[\\\"Yikes! You are good!\\\",\\\"Oops - study some more!\\\"],\\\"score\\\":\\\"20\\\",\\\"gems\\\":0}","lite":"0","guid":"04518926-b065-499d-adb7-af25bf1250eb","growth_activity":"0"},{"id":"3368","courseId":"61","type":"3","summary":"Burst 2","index":"8","json":"{\\\"type\\\":3,\\\"intro\\\":{\\\"title\\\":\\\"\\\",\\\"description\\\":\\\"\\\",\\\"image\\\":\\\"\\\"},\\\"feedback\\\":[\\\"\\\",\\\"\\\"],\\\"unlockscore\\\":0,\\\"dossier\\\":false}","lite":"0","guid":"ed1f9070-3bfa-4f76-b8eb-1cc7eb7c4d45","growth_activity":"0"},{"id":"3369","courseId":"61","type":"0","summary":"","index":"9","json":"{ \\\"type\\\":0}","lite":"0","guid":"6cd40138-d8dc-4676-9ec1-763e465c7e69","growth_activity":"0"}]