[{"id":"124821","courseId":"237","type":"1","summary":"Get Ready to Change Your Life","index":"0","json":"{\"type\":1,\"intro\":{\"title\":\"Get Ready to Change Your Life\",\"description\":\"This Blink Course is a new way to experience the ideas in Think and Grow Rich, Napoleon Hill&#39;s timeless classic. Written in the 1930s in the midst of the Great Depression, this book was a call out to the future, to growth, to not giving in to fear.&#10;&#10;&#10;&#10;&#10;&#10;&#10;&#10;&#10;&#10;In dark days, Hill&#39;s philosophy urges us to focus on light and hope. \",\"image\":\"2E75F165-B597-8145-DCF7-794FE13AA3C4.png\"},\"dossier\":true}","lite":"1","guid":"412942f6-bd44-428f-97d4-df7c6653d4cc","growth_activity":"0"},{"id":"124822","courseId":"237","type":"3","summary":"Welcome to Your Dreams","index":"1","json":"{\"type\":3,\"intro\":{\"title\":\"Welcome to your dreams\",\"description\":\"Blink courses serve up content in small chunks (called Blinks) and arrange those Blinks into short sequences (called Bursts). In this first Burst, we&#39;ll give an introduction to the course, and you can earn two gems. Gems reflect how well you understand the material.&#10;&#10;&#10;&#10;&#10;&#10;&#10;&#10;&#10;&#10;To unlock the next Burst, you must accumulate at least 30 points. \",\"image\":\"D92463CF-DE4F-7BCF-0827-BEFBF3E0813E.png\",\"sound\":\"\",\"volume\":50},\"unlockscore\":\"30\",\"quicklink\":false,\"quotation\":\"\",\"unlockActivity\":\"6d785dad-3f08-4884-b965-d2b090fa574e\"}","lite":"1","guid":"545fa8f0-d336-4baa-8976-f5e5b0c99834","growth_activity":"0"},{"id":"124823","courseId":"237","type":"11","summary":"There is a Secret","index":"2","json":"{\"type\":11,\"simon\":{\"prompt\":\"                    Take a breath. Calm down. Watch and repeat.\",\"sounds\":[\"33DA43B0-6A51-1EBE-C286-114958FEE8F1.mp3\",\"79BFBD58-A586-A61A-F91E-A7BFA6D8C284.mp3\",\"7B1740DE-1868-86F4-681C-CF3A08542EE6.mp3\",\"32DEBF0F-F736-3842-F06F-D594E9441918.mp3\",\"E1C1C5C4-75A1-BB42-3822-0D872D7C8432.mp3\",\"54C24D07-677A-7733-8F56-15CDB3E0E7FE.mp3\",\"60BA1F44-84C4-55A1-A1C4-5B3DF1E597F4.mp3\",\"CA0BE3DA-B1C3-2ACE-4345-32BB82B3361B.mp3\",\"3E7EBA4A-B71B-03DE-E5F7-F09F00C47E68.mp3\"],\"phrase\":\"There is|a secret|for getting|rich.\",\"wrong\":\"faith|desire|persistence|imagination|planning\",\"time\":0,\"score\":0,\"gems\":0,\"sound\":\"\"},\"feedback\":[\"Napoleon hill wrote about that secret in his classic, Think and Grow Rich. After all these years, his philosophy for achieving success is still powerful and can change your life for the better. This course will help you to put his philosophy into action quickly and effectively.\",\"Napoleon hill wrote about a secret for getting rich in his classic, Think and Grow Rich. After all these years, his philosophy is still powerful and can change your life for the better. This course will help you to put his philosophy into action quickly and effectively.\"],\"score\":\"40\",\"gems\":\"1\"}","lite":"1","guid":"26d09d72-9a35-48e4-a45f-9d6e8a8fcf22","growth_activity":"0"},{"id":"124824","courseId":"237","type":"13","summary":"The secret, the book, this course","index":"3","json":"{\"type\":13,\"thisthat\":{\"questions\":[{\"text\":\"Napoleon Hill wrote about the secret and helped countless people change their lives for the better. &#10;&#10;When he wrote the book, America was in the midst of what event?\",\"correct\":\"The Great Depression\",\"wrong\":\"The Vietnam War\",\"value\":true,\"feedback\":[\"Yes, the book first appeared in 1937, in the midst of the Great Depression. Hill&#39;s message was a rejection of fear and a call for positive action in the new world he saw rising from the ashes of the old. Today, too, a new world is emerging with great opportunity.\",\"No, the book first appeared in 1937, in the midst of the Great Depression. Hill&#39;s message was a rejection of fear and a call for positive action in the new world he saw rising from the ashes of the old. Today, too, a new world is emerging with great opportunity.\"]},{\"text\":\"Hill wrote that the secret was &#39;casually tossed&#39; to him when he was just a boy. &#10;&#10;Who tossed him this gem of practical wisdom?\",\"correct\":\"Abraham Lincoln\",\"wrong\":\"Andrew Carnegie\",\"value\":false,\"feedback\":[\"Yes, the secret is based on Andrew Carnegie&#39;s proven formula for success. Carnegie was then the wealthiest man in the United States and he challenged Hill to investigate the secret. Hill interviewed hundreds of successful people over 25 years and then wrote his book.&#10;\",\"No, Lincoln had died 20 years before Hill&#39;s birth. The secret is based on Andrew Carnegie&#39;s formula for success. Carnegie was the richest man in the US and he challenged Hill to investigate the secret. Hill interviewed hundreds of successful people over 25 years and then wrote his book.\"]},{\"text\":\"A digital copy of Hill&#39;s book is included as an Activity in this course. To access it, finish this Burst, then touch the three line icon in the upper left and choose Activities from the menu. &#10;&#10;What do you think Hill says is hidden on every page of the book? \",\"correct\":\"The secret\",\"wrong\":\"The formula for Coke\",\"value\":true,\"feedback\":[\"Yes, he said that the secret was hidden on every page of the book and that it can hit you at any moment. Similarly, if you focus and play through this whole course, you will likely discover the secret.\",\"No, not the formula for Coke. Hill said that the secret was hidden on every page of the book and that it can hit you at any moment. Similarly, if you focus and play through this whole course, you will likely discover the secret.\"]}],\"timer\":0,\"noscore\":true},\"feedback\":[\"\",\"\"],\"score\":0,\"gems\":0}","lite":"1","guid":"b9321a8e-315f-4513-8129-6f5da9b47588","growth_activity":"0"},{"id":"124825","courseId":"237","type":"10","summary":"Clue Number 1","index":"4","json":"{\"type\":10,\"dragdrop\":{\"timer\":30,\"layout\":0,\"goals\":[{\"isImage\":true,\"text\":\"\",\"image\":\"EEBC4BED-EEB9-632D-C533-95BC73863B2A.png\"}],\"items\":[{\"goal\":1,\"isImage\":true,\"text\":\"\",\"image\":\"FC044F36-B04E-C6A2-31C1-52FF155C7E6F.png\",\"feedback\":[\"\",\"\"]},{\"goal\":1,\"isImage\":true,\"text\":\"\",\"image\":\"D1EAAE1A-C772-89BE-DAA9-B780BE56D613.png\",\"feedback\":[\"\",\"\"]}],\"prompt\":\"A CLUE TO THE SECRET&#10;&#10;Drag and discover this clue to the secret.\",\"sound\":\"\"},\"feedback\":[\"The clue is...&#10;All achievement, all earned riches, have their beginning in an idea.\",\"The clue is...&#10;All achievement, all earned riches, have their beginning in an idea.\"],\"score\":\"20\",\"gems\":\"1\"}","lite":"0","guid":"f6a3f5ad-e18e-4c5d-9fd0-45605f200a83","growth_activity":"0"},{"id":"124826","courseId":"237","type":"6","summary":"Your Progress","index":"5","json":"{\"type\":6,\"image\":\"16736080-23B4-6C4D-28FF-E4223D3E2830.png\",\"presentation\":[{\"text\":\"Your Progress\",\"in\":2,\"time\":2,\"sound\":\"\",\"alignment\":0,\"size\":0,\"color\":\"#256ED7\"},{\"text\":\"This is the final Blink in this first Burst. At the end of each Burst you&#39;ll be sent to your Progress Screen (see above) where you&#39;ll find stats on how you&#39;re doing and see where you are on your way up the mountain of mastery. And the more those dark clouds give way to sun, the better you appear to be grasping the material. &#10;&#10;If there&#39;s a check mark next to &#34;Target Score,&#34; you&#39;ve unlocked the next Burst. If not, come back here and try for a higher score. And, if there&#39;s a check mark next to &#34;Max Gems,&#34; you&#39;ve earned all available gems. You don&#39;t need all the gems to move on, but if you want, you can come back and try to earn them all.&#10;&#10;Enjoy your journey!\",\"in\":2,\"time\":3,\"sound\":\"\",\"alignment\":0,\"color\":\"#000000\",\"size\":0}]}","lite":"1","guid":"888535bc-5eca-4d82-b349-16588106e5ce","growth_activity":"0"},{"id":"124827","courseId":"237","type":"4","summary":"Welcome","index":"6","json":"{ \"type\":4}","lite":"1","guid":"dbd7dd95-57c3-4b17-aee8-b39eca48ba7f","growth_activity":"0"},{"id":"124828","courseId":"237","type":"3","summary":"Why You Are Here","index":"7","json":"{\"type\":3,\"intro\":{\"title\":\"Why You Are Here\",\"description\":\"It is no accident that you have been drawn to this course at this time in your life&#39;s journey. You are asking more from life; and life is calling upon you to step up to the plate and fully be all that you are capable of being.  &#10;&#10;&#10;&#10;&#10;&#10;&#10;&#10;&#10;&#10;This course will help you to do that.\",\"image\":\"79F3FD9C-605F-AD72-F6C4-162FB6B4CF96.png\",\"sound\":\"\",\"volume\":50},\"unlockscore\":\"20\",\"quicklink\":false,\"quotation\":\"\",\"unlockActivity\":\"none\"}","lite":"1","guid":"1eae2df4-aa31-4c45-8168-560c561f5e37","growth_activity":"0"},{"id":"124829","courseId":"237","type":"20","summary":"You are here because","index":"8","json":"{\"type\":20,\"multiple\":{\"timer\":0,\"answers\":[{\"correct\":true,\"text\":\"Life has not worked out the way I&#39;d wanted.\",\"feedback\":\"Here&#39;s the thing: life doesn&#39;t just &#39;work out.&#39; You have to focus on a desire and make a plan to get there. That&#39;s what Hill&#39;s message is about and if you play through this course, you&#39;ll be that much closer to becoming the master of your life.\"},{\"correct\":true,\"text\":\"I want to improve myself.\",\"feedback\":\"Great. This course will help you to focus on your desire and then make a plan to get achieve it.\"},{\"correct\":true,\"text\":\"I want to get rich.\",\"feedback\":\"Play through this course, doing everything it asks you to do, and you will be on your way.\"},{\"correct\":true,\"text\":\"I seem to always make mistakes and feel defeated.\",\"feedback\":\"As Hill wrote: If you are dissipated, having been defeated, and felt the great heart within you crushed till it bled, then take courage - those experiences have tempered the spiritual metal of which you are made - they are assets of value.\"}],\"sound\":\"\",\"text\":\"So, why are you here, now, reading these words, looking for something better inside of you? Choose ALL that apply to you.\"},\"feedback\":[\"We each want our desires fulfilled. Take heart, you are taking the first step. The very fact that you are here now, shows you are on your way. You are reaching for your dreams. Now, touch Close, then touch any answer for more specific feedback.\",\"We each want our desires fulfilled. Take heart, you are taking the first step. The very fact that you are here now, shows you are on your way. You are reaching for your dreams. Now, touch Close, then touch any answer for more specific feedback.\"],\"score\":\"0\",\"gems\":\"0\"}","lite":"1","guid":"a705f6f0-5e88-4325-a80d-3d11a14a10ed","growth_activity":"0"},{"id":"124830","courseId":"237","type":"6","summary":"All who are ready","index":"9","json":"{\"type\":6,\"image\":\"077DCE85-8335-8D6D-7E92-7D010F84F927.png\",\"presentation\":[{\"text\":\"The Secret Will Work for All Who are Ready for it.\",\"in\":0,\"time\":1,\"sound\":\"\",\"size\":0,\"color\":\"#256ED7\",\"alignment\":0},{\"text\":\"To be ready for it, you must know the answer to this question:\",\"in\":2,\"time\":2,\"sound\":\"\",\"alignment\":0},{\"text\":\"What is it you desire most?\",\"in\":2,\"time\":2,\"sound\":\"\",\"alignment\":0}]}","lite":"1","guid":"600a01e0-4424-46b3-b1d0-9bf6e37aa294","growth_activity":"0"},{"id":"124831","courseId":"237","type":"12","summary":"What you truly desire","index":"10","json":"{\"type\":12,\"orderitems\":{\"slots\":[\"1\",\"2\",\"3\",\"4\",\"5\",\"6\"],\"items\":[{\"text\":\"Wealth\",\"slot\":0},{\"text\":\"Love\",\"slot\":0},{\"text\":\"Contentment\",\"slot\":0},{\"text\":\"Power\",\"slot\":0},{\"text\":\"Fame\",\"slot\":0},{\"text\":\"Sex\",\"slot\":0}],\"ordered\":false,\"timer\":0,\"sound\":\"\",\"prompt\":\"Let&#39;s do a quick exercise to get you thinking about what you truly desire. &#10;&#10;Rank these six potential desires - 1 is most important to you, 6 is least important. Touch Done when you are satisfied with the placement of each word.\"},\"feedback\":[\"Consider these six desires and how you have placed them. Really see what you feel is important to you and let this guide you when you settle on your goal that you will pursue above all else.\",\"Consider these six desires and how you have placed them. Really see what you feel is important to you and let this guide you when you settle on your goal that you will pursue above all else.\"],\"score\":\"0\",\"gems\":0}","lite":"0","guid":"566730e9-dc49-4cb9-b8f4-7977b0814e12","growth_activity":"0"},{"id":"124832","courseId":"237","type":"14","summary":"What was that clue again?","index":"11","json":"{\"type\":14,\"question\":{\"timer\":15,\"multiplechoice\":true,\"answers\":[{\"correct\":false,\"text\":\"...in sweat and pain.\",\"feedback\":\"Incorrect.\"},{\"correct\":true,\"text\":\"...in an idea.\",\"feedback\":\"Yes!\"},{\"correct\":false,\"text\":\"...in the minds of the smart and highly educated.\",\"feedback\":\"Incorrect.\"}],\"sound\":\"\",\"text\":\"What was that clue again?&#10;&#10;All achievement, all earned riches, have their beginning...\"},\"feedback\":[\"\",\"\"],\"score\":\"20\",\"gems\":\"1\"}","lite":"0","guid":"c06c93d5-0c14-466e-be1f-7bce60c17f2e","growth_activity":"0"},{"id":"124833","courseId":"237","type":"4","summary":"Your Desire","index":"12","json":"{ \"type\":4}","lite":"1","guid":"ae19127e-95a0-4e1a-b16c-b4f2de6ae2f9","growth_activity":"0"},{"id":"124834","courseId":"237","type":"3","summary":"When it Appears","index":"13","json":"{\"type\":3,\"intro\":{\"title\":\"When it Appears\",\"description\":\"As you play through this course, the secret will jump from the screen and stand boldly before you - if you are ready for it! &#10;&#10;&#10;&#10;&#10;&#10;&#10;&#10;&#10; &#10;When it appears, you will recognize it. That occasion will mark the most important turning point in your life.&#10;\",\"image\":\"04DDBDC6-BDDF-C7F1-4D89-77750BC1067B.png\",\"sound\":\"\",\"volume\":50},\"unlockscore\":\"40\",\"quicklink\":false,\"quotation\":\"\",\"unlockActivity\":\"none\"}","lite":"1","guid":"be0918a8-367d-4674-a2fe-237c93fd91e2","growth_activity":"0"},{"id":"124835","courseId":"237","type":"9","summary":"A Peculiar Thing","index":"14","json":"{\"type\":9,\"wordfill\":{\"text\":\"Those who do acquire and use ##1## will find&#10;themselves literally ##2## to ##3##.\",\"prompt\":\"Here&#39;s a peculiar thing that you should be aware of.\",\"sound\":\"\",\"words\":[\"the secret\",\"swept on\",\"success\"],\"timer\":60},\"feedback\":[\"Yes, you&#39;ll be swept on to success. As Hill says: When riches begin to come, they come so quickly, and in such great abundance, that one wonders where they have been hiding during all those lean years.&#10;\",\"Those who do acquire the secret, and use it, will find themselves literally swept on to success. Hill says: When riches begin to come, they come so quickly, and in such great abundance, that one wonders where they have been hiding during all those lean years.\"],\"score\":\"80\",\"gems\":\"1\"}","lite":"1","guid":"935bdb40-bebb-4868-95ee-e85e6b3dcc40","growth_activity":"0"},{"id":"124836","courseId":"237","type":"14","summary":"For the secret to work","index":"15","json":"{\"type\":14,\"question\":{\"timer\":20,\"multiplechoice\":true,\"answers\":[{\"correct\":true,\"text\":\"know what you want.\",\"feedback\":\"Yes! The first step towards getting what you want is being completely clear on WHAT you want.\"},{\"correct\":false,\"text\":\"work hard and long.\",\"feedback\":\"No. that is not a requirement.\"},{\"correct\":false,\"text\":\"have a college degree.\",\"feedback\":\"No, that is not a requirement.\"}],\"sound\":\"\",\"text\":\"For the secret to work, you must:\"},\"feedback\":[\"\",\"\"],\"score\":\"20\",\"gems\":\"1\"}","lite":"1","guid":"975e2c2c-32a4-4179-afb1-72cbb3362408","growth_activity":"0"},{"id":"124837","courseId":"237","type":"7","summary":"How are you doing?","index":"16","json":"{\"type\":7,\"input\":{\"type\":7,\"prompt\":\"Take a moment and reflect on how you feel about achieving your dreams. &#10;&#10;Slide the ball to the right if you&#39;re feeling positive or to the left if you&#39;re feeling negative. And if you want, enter your thoughts in the space below.\",\"locked\":false,\"text\":\"\",\"isNumber\":false,\"useImages\":true,\"left\":\"26A3F42E-0FCF-7C1C-06E5-99C4B69D48C3.png\",\"right\":\"4D537FD3-1888-F45F-AD0D-BBFCC1B0A44C.png\",\"ideal\":50},\"feedback\":[\"This is the end of the third Burst and also the end of Unit 1. Touch Close and review your progress. Then we&#39;ll start Unit 2 which is about discovering the power in your mind.\",\"This is the end of the third Burst and also the end of Unit 1. Touch Close and review your progress. Then we&#39;ll start Unit 2 which is about discovering the power in your mind.\"],\"score\":\"20\",\"gems\":0}","lite":"0","guid":"8c3ef5fc-7ec5-474b-bc4b-ebf8b25f2413","growth_activity":"0"},{"id":"124838","courseId":"237","type":"4","summary":"When it Appears","index":"17","json":"{ \"type\":4}","lite":"1","guid":"26dfcb74-eadb-4e9f-aa5b-53d9cc8dec51","growth_activity":"0"},{"id":"124839","courseId":"237","type":"2","summary":"Thoughts are Things","index":"18","json":"{ \"type\":2}","lite":"1","guid":"ab0c2ccf-f55a-438c-8557-702845563b13","growth_activity":"0"},{"id":"124840","courseId":"237","type":"1","summary":"Discover the Power of Your Mind","index":"19","json":"{\"type\":1,\"intro\":{\"title\":\"Discover the Power of Your Mind\",\"description\":\"To achieve your dreams, you must first discover the power that lies within your mind and then learn to control that power. This will open up to you the infinite force of the universe, which can transmute your desires into physical reality. &#10;&#10;&#10;&#10;&#10;&#10;&#10;&#10;&#10;&#10;Be bold and brave and never give up.\",\"image\":\"603C326D-EFF6-7A0C-900B-306DBC9A9B11.png\"},\"dossier\":true}","lite":"0","guid":"f93628e5-d578-4f59-a79d-97aff1609906","growth_activity":"0"},{"id":"124841","courseId":"237","type":"3","summary":"Thoughts are Things","index":"20","json":"{\"type\":3,\"intro\":{\"title\":\"Thoughts are Things\",\"description\":\"Hill wrote that thoughts are things and powerful things at that, when they are mixed with definiteness of purpose, persistence, and a burning desire for their translation into riches, or other material objects.&#10;&#10;&#10;&#10;&#10;&#10;&#10;&#10;&#10;&#10;Take this statement to heart. Live it. Breathe it. Succeed.\",\"image\":\"AA72D83C-F7C0-6433-00DC-9F81F533819F.png\",\"sound\":\"\",\"volume\":50},\"unlockscore\":\"100\",\"quicklink\":false,\"quotation\":\"\",\"unlockActivity\":\"none\"}","lite":"0","guid":"f85916c2-77d3-4d8e-969f-dbeb811c3797","growth_activity":"0"},{"id":"124842","courseId":"237","type":"20","summary":"Out of the Mouths of Industrialists","index":"21","json":"{\"type\":20,\"multiple\":{\"timer\":60,\"answers\":[{\"correct\":false,\"text\":\"Hard work. Nothing replaces hard work!\",\"feedback\":\"No, hard work was not cited as a key to how they had achieved their riches. Yes, hard work may have been involved, but let&#39;s face it, in this world, accomplishing anything will take hard work, but hard work will not make it happen.\"},{\"correct\":false,\"text\":\"You need money to make money.\",\"feedback\":\"No, these rich men did not say that they needed the money to seed their dreams. Yes, it takes money to grow a business, but a pile of money will light no spark.\"},{\"correct\":true,\"text\":\"Thoughts are things.\",\"feedback\":\"Yes, all these tough guys who fought hard and won big, shared this truth with Hill: Everything humanity has ever created started with an idea, a thought, and was brought to reality via the desire to make it happen. Tough guys or philosophers? \"},{\"correct\":false,\"text\":\"You&#39;ve got to do what you&#39;re told.\",\"feedback\":\"No, no one ever achieved their dreams by just taking orders. Hill does talk about intelligent followers - those who learn from those who lead and eventually rise to become leaders themselves. And those intelligent followers often make the best leaders.\"}],\"sound\":\"\",\"text\":\"Out of the Mouths of Industrialists&#10;Napoleon Hill interviewed many of the most successful people of his day including Andrew Carnegie, John D. Rockefeller, and Henry Ford. They shared their secrets for success. Which of the statements below did these rich and powerful men most adhere to?\"},\"feedback\":[\"Very good. Touch Close then touch any answer to learn more.\",\"Touch Close then touch any answer to learn more.\"],\"score\":\"20\",\"gems\":0}","lite":"0","guid":"c8fa4d48-e5df-48f0-a22d-9df14c2b2f35","growth_activity":"0"},{"id":"124843","courseId":"237","type":"10","summary":"A Powerful Combination","index":"22","json":"{\"type\":10,\"dragdrop\":{\"timer\":30,\"layout\":0,\"goals\":[{\"isImage\":false,\"text\":\"THOUGHT\",\"image\":\"\"}],\"items\":[{\"goal\":1,\"isImage\":false,\"text\":\"Definite Purpose\",\"image\":\"\",\"feedback\":[\"\",\"\"]},{\"goal\":1,\"isImage\":false,\"text\":\"Persistence\",\"image\":\"\",\"feedback\":[\"\",\"\"]},{\"goal\":1,\"isImage\":false,\"text\":\"Burning Desire\",\"image\":\"\",\"feedback\":[\"\",\"\"]}],\"prompt\":\"Combine a definite purpose, persistence, and a burning desire with thought and what do you think you&#39;ll get? Try it.          \",\"sound\":\"\"},\"feedback\":[\"Boom! You have just combined the four most powerful ingredients there are. Do this in your life and you will find that the energy around you starts to adapt to your thoughts, transmuting them into their physical equivalent.\",\"What are you waiting for?\"],\"score\":\"60\",\"gems\":\"1\"}","lite":"0","guid":"eb57508a-56cd-4b0f-93cd-feff29fbf897","growth_activity":"0"},{"id":"124844","courseId":"237","type":"12","summary":"Your First Step","index":"23","json":"{\"type\":12,\"orderitems\":{\"slots\":[\"Start of statement\",\"\",\"\",\"\",\"\",\"End of statement\"],\"items\":[{\"text\":\"Choose a\",\"slot\":1},{\"text\":\"definite goal and\",\"slot\":2},{\"text\":\"place all of your \",\"slot\":3},{\"text\":\"energy, will power,\",\"slot\":4},{\"text\":\"and effort\",\"slot\":5},{\"text\":\"behind it.\",\"slot\":6}],\"ordered\":true,\"timer\":0,\"sound\":\"\",\"prompt\":\"SO THEN, TAKE THE FIRST STEP&#10;Assemble the statement that clearly lays out your first step towards achieving your dreams. (And then touch Done.)\"},\"feedback\":[\"It sounds obvious, but most people&#39;s dreams remain vague and hazy. They don&#39;t form the dream into a definite goal and put their energy, will power and effort behind it. If you take this first step, you will be ahead of most people and on your way towards making your dreams real. \",\"Focus: You must choose a definite goal and place all of your energy, will power and effort behind it. Do it! \"],\"score\":\"120\",\"gems\":\"1\"}","lite":"0","guid":"69c96aea-0f27-46ea-8d41-6ce99811be65","growth_activity":"0"},{"id":"124845","courseId":"237","type":"9","summary":"A Wish is Not Desire","index":"24","json":"{\"type\":9,\"wordfill\":{\"text\":\"our ##3## must be one of ##1##, not ##6## because ##2## is not a hope, not a wish. It is a keen ##4##. It is ##5##!\",\"prompt\":\"Napoleon Hill told us that we can all attain our dreams.&#10;&#10;But we must have a burning desire and...\",\"sound\":\"\",\"words\":[\"belief\",\"desire\",\"state of mind\",\"pulsing sense\",\"definite\",\"hope or wish\"],\"timer\":60},\"feedback\":[\"To achieve your dream, it must not be vague and hazy. It must be definite and you must believe in it above all else!\",\"Focus: Our state of mind must be one of BELIEF, not hope or wish. Because desire is not a hope, not a wish. It is a keen pulsing sense. It is definite!\"],\"score\":\"120\",\"gems\":\"1\"}","lite":"0","guid":"0753f155-1a2e-4b97-addf-5bc24debbb58","growth_activity":"0"},{"id":"124846","courseId":"237","type":"4","summary":"Adopt a Definite Purpose","index":"25","json":"{ \"type\":4}","lite":"0","guid":"4fbff807-d75d-43fe-8991-bf0d075a9477","growth_activity":"0"},{"id":"124847","courseId":"237","type":"3","summary":"You Must Have Faith","index":"26","json":"{\"type\":3,\"intro\":{\"title\":\"You Must Have Faith\",\"description\":\"Hill wrote that faith translates ordinary vibrations of thought, created by our finite minds, into their spiritual equivalent. Faith is the only way to induce a response from Infinite Intelligence. &#10;&#10;&#10;&#10;&#10;&#10;&#10;&#10;&#10;&#10;Failure cannot survive in a mind that has faith.\",\"image\":\"D873A1B1-309A-EB53-8C81-F8F56F4156D8.png\",\"sound\":\"\",\"volume\":10},\"unlockscore\":\"50\",\"quicklink\":false,\"quotation\":\"\",\"unlockActivity\":\"none\"}","lite":"0","guid":"e5681587-ba01-4d9b-9b5d-60a9bd8db38f","growth_activity":"0"},{"id":"124848","courseId":"237","type":"12","summary":"Starting Point","index":"27","json":"{\"type\":12,\"orderitems\":{\"slots\":[\"Starting \",\"Point...\"],\"items\":[{\"text\":\"Starting \",\"slot\":1},{\"text\":\"Point...\",\"slot\":2}],\"ordered\":true,\"timer\":15,\"sound\":\"\",\"prompt\":\"FAITH IS THE...&#10;&#10;(Cover the orange with the yellow for emphasis. Then touch Done.)\"},\"feedback\":[\"Yes, faith is the starting point for the accumulation of all riches. This is because faith is the only agency through which the cosmic force of infinite intelligence can be harnessed and used by human beings.\",\"Faith is the starting point for the accumulation of all riches. This is because Faith is the only agency through which the cosmic force of infinite intelligence can be harnessed and used by human beings.\"],\"score\":\"40\",\"gems\":\"1\"}","lite":"0","guid":"b91dce8d-c764-4d2f-8c22-957e37d528da","growth_activity":"0"},{"id":"124849","courseId":"237","type":"10","summary":"Eternal Elixer","index":"28","json":"{\"type\":10,\"dragdrop\":{\"timer\":15,\"layout\":0,\"goals\":[{\"isImage\":false,\"text\":\"THE IMPULSE OF THOUGHT\",\"image\":\"\"}],\"items\":[{\"goal\":1,\"isImage\":false,\"text\":\"Life\",\"image\":\"\",\"feedback\":[\"\",\"\"]},{\"goal\":1,\"isImage\":false,\"text\":\"Power\",\"image\":\"\",\"feedback\":[\"\",\"\"]},{\"goal\":1,\"isImage\":false,\"text\":\"Action\",\"image\":\"\",\"feedback\":[\"\",\"\"]}],\"prompt\":\"Faith is the eternal elixer which gives...\",\"sound\":\"\"},\"feedback\":[\"Faith is the eternal elixir which gives life, power and action to the impulse of thought.\",\"Faith is the eternal elixir which gives life, power and action to the impulse of thought.\"],\"score\":\"60\",\"gems\":\"1\"}","lite":"0","guid":"4a4723dd-9355-4621-a8d1-22ed7d45353b","growth_activity":"0"},{"id":"124850","courseId":"237","type":"11","summary":"The Antidote for Failure","index":"29","json":"{\"type\":11,\"simon\":{\"prompt\":\"Failure can be like a poison in the mind, but...&#10;\",\"sounds\":[\"51BA00BA-D1F6-EEF4-E7B7-F80777BCD4BC.mp3\",\"BA42CCC3-39CA-3BFD-6813-D60DFA96BF51.mp3\",\"49C9D976-10DD-BFD0-EE53-8F80CA76DC5E.mp3\",\"6E85A98E-2A26-5127-8E75-A83441BB46F6.mp3\",\"684E910C-D35E-D414-0123-D15C048BFD40.mp3\",\"1E0ADC94-F18E-0EA8-3F25-1C7F0A672519.mp3\",\"62D271B4-042C-6E31-A6E0-79ACD862A2AD.mp3\",\"6C491E8F-9E28-2B11-4698-10A50E232920.mp3\",\"11AC6B1F-E0BC-1BEA-3D66-7AA8967D39E6.mp3\"],\"phrase\":\"faith|is the|antidote|for failure\",\"wrong\":\"YOU LOSE!|WRONG AGAIN!|GIVE UP!|IT&#39;S IMPOSSIBLE!|STAY DOWN!\",\"time\":0,\"score\":0,\"gems\":0,\"sound\":\"\"},\"feedback\":[\"Yes, faith is the antidote for failure. Without faith, you may fall down and not have the strength to stand back up.\",\"Faith is the antidote for failure. Without faith, you may fall down and not have the strength to stand back up.\"],\"score\":\"40\",\"gems\":\"1\"}","lite":"0","guid":"d15e4a5d-48fb-42ea-b564-cb8b6400ffee","growth_activity":"0"},{"id":"124851","courseId":"237","type":"13","summary":"Do you have faith?","index":"30","json":"{\"type\":13,\"thisthat\":{\"questions\":[{\"text\":\"Know Faith, No Failure&#10;&#10;Do you have faith that you can reach your goals?\",\"correct\":\"Yes\",\"wrong\":\"No\",\"value\":true,\"feedback\":[\"You are prepared to achieve your goals. Faith is the elixer and you have it. (But if you&#39;re wondering if you really have faith, later on in this course you&#39;ll learn how you can actually create your own faith.)\",\"You are honest and that is a huge advantage for you. Now, don&#39;t worry that you don&#39;t have faith because later on you&#39;ll learn how you can actually create your own faith.\"]}],\"timer\":15,\"noscore\":true},\"feedback\":[\"\",\"\"],\"score\":0,\"gems\":0}","lite":"0","guid":"5720ff41-986f-44e4-8bcb-eb684627f6e0","growth_activity":"0"},{"id":"124852","courseId":"237","type":"7","summary":"How are you doing?","index":"31","json":"{\"type\":7,\"input\":{\"type\":7,\"prompt\":\"Take a moment and reflect on the faith you have in your dreams - is it strong or is it fragile? &#10;&#10;Slide the ball to the right for strong or to the left for fragile. And if you want, enter your thoughts in the space below.\",\"locked\":false,\"text\":\"\",\"isNumber\":false,\"useImages\":true,\"left\":\"6FEBA398-5EF9-6710-4AEB-4D3B1FB5104A.png\",\"right\":\"A20AF59E-4EA8-4FB6-6217-FBDA6926603D.png\",\"ideal\":50},\"feedback\":[\"You can go back and review how you responded to these questions. They are all collected in Dossiers. To see them, open the blue Navigation Menu on the upper left. Touch Dossiers and choose the appropriate Unit.\",\"You can go back and review how you responded to these questions. They are all collected in Dossiers. To see them, open the blue Navigation Menu on the upper left. Touch Dossiers and choose the appropriate Unit.\"],\"score\":\"20\",\"gems\":0}","lite":"0","guid":"1db6f12d-b1d6-4c38-a53c-1e00501942c9","growth_activity":"0"},{"id":"124853","courseId":"237","type":"4","summary":"Have Faith","index":"32","json":"{ \"type\":4}","lite":"0","guid":"707d4ab3-a1c9-47b0-a8fe-3dfcb86357e9","growth_activity":"0"},{"id":"124854","courseId":"237","type":"3","summary":"Believe to Achieve","index":"33","json":"{\"type\":3,\"intro\":{\"title\":\"Believe to Achieve\",\"description\":\"In your own mind, you must have achieved your dream in every minute of your day.&#10;&#10;&#10;&#10;&#10;&#10;&#10;&#10;&#10;&#10;If you don&#39;t see great riches in your imagination, you will not see them in your bank account.\",\"image\":\"FFE0B862-1EB9-BBDB-CED6-5D4F36144E32.png\",\"sound\":\"\",\"volume\":50},\"unlockscore\":\"40\",\"quicklink\":false,\"quotation\":\"\",\"unlockActivity\":\"none\"}","lite":"0","guid":"7d690314-6d80-44d0-9e40-aed49a183b40","growth_activity":"0"},{"id":"124855","courseId":"237","type":"14","summary":"Are You Ready for it?","index":"34","json":"{\"type\":14,\"question\":{\"timer\":15,\"multiplechoice\":true,\"answers\":[{\"correct\":false,\"text\":\"Almost, I just need to clear up some stuff.\",\"feedback\":\"You&#39;re like many people. You believe that if you do just one more thing, it will simplify your life enough so that there is room to achieve your dreams. But life does not get simpler. And no one is ready for a thing until he believes he can acquire it.\"},{\"correct\":false,\"text\":\"Sometimes I am, but not at other times\",\"feedback\":\"I know; some days are good and some are not so good. And you&#39;re waiting for that day when all the pieces fall into place and you are ready. Silly rabbit, that day is already here. And no one is ready for a thing until they believe they can acquire it.\"},{\"correct\":true,\"text\":\"Yes, I am definitely ready.\",\"feedback\":\"All will come to you because you are READY FOR IT. You believe you can acquire it and so you will receive it. Get ready!\"}],\"sound\":\"\",\"text\":\"Quickly, answer this very simple question - and be completely honest. &#10;&#10;Are you ready to receive what you desire?\"},\"feedback\":[\"\",\"\"],\"score\":\"20\",\"gems\":\"0\"}","lite":"0","guid":"2b136743-6e39-4377-8143-4023993129e7","growth_activity":"0"},{"id":"124856","courseId":"237","type":"14","summary":"How Much Do You Want it?","index":"35","json":"{\"type\":14,\"question\":{\"timer\":15,\"multiplechoice\":true,\"answers\":[{\"correct\":false,\"text\":\"It&#39;s one of the things I want to accomplish in my life.\",\"feedback\":\"Kudos for being honest, but believe me - if you don&#39;t want it more than anything else, it&#39;s just not going to happen. That&#39;s not bad. Clearly there are more important things in your life. Grab those things with gusto and let your dreams drift off.\"},{\"correct\":true,\"text\":\"More important than anything else in my life.\",\"feedback\":\"This is the only answer there is if you truly want to make your dreams a reality. You must want it more than anything else and create a plan to achieve it. Good for you. Let&#39;s keep going.\"},{\"correct\":false,\"text\":\"To be honest, I&#39;m not sure.\",\"feedback\":\"Kudos for being honest, but if you don&#39;t want it more than anything else, it&#39;s just not going to happen. Take some time to figure out what is important to you. Maybe your dreams are not about money, but rather happiness, love, service - those are worthy dreams.\"}],\"sound\":\"\",\"text\":\"Quickly, answer this very simple question - and be completely honest. &#10;&#10;How important is it that you achieve your dream?\"},\"feedback\":[\"\",\"\"],\"score\":\"20\",\"gems\":0}","lite":"0","guid":"34706eb6-1a6c-4903-8fcd-3c9814605dba","growth_activity":"0"},{"id":"124857","courseId":"237","type":"12","summary":"Burn Your Bridges","index":"36","json":"{\"type\":12,\"orderitems\":{\"slots\":[\"Always have\",\"a good number\",\"of alternatives.\"],\"items\":[{\"text\":\"BURN\",\"slot\":1},{\"text\":\"YOUR \",\"slot\":2},{\"text\":\"BRIDGES\",\"slot\":3}],\"ordered\":true,\"timer\":30,\"sound\":\"\",\"prompt\":\"THERE IS ONLY ONE WAY TO MOVE FORWARD&#10;The orange phrase will not get you there. &#10;Cover it with the correct yellow phrase.&#10;(Then touch Done.)\"},\"feedback\":[\"There must be no way back. Victory is the only way forward. No alternative plans, no halfway measures. No keeping your eyes open for other opportunities.  You must burn all bridges and stake your entire future on your ability to get what you want. &#10;\",\"That is not correct. You must burn all bridges and stake your entire future on your ability to get what you want.\"],\"score\":\"60\",\"gems\":\"1\"}","lite":"0","guid":"1d7ad249-38a3-4097-8819-3727a499af36","growth_activity":"0"},{"id":"124858","courseId":"237","type":"16","summary":"What do you desire?","index":"37","json":"{\"type\":16,\"wordheat\":{\"prompt\":\"To help you start thinking about what you truly desire, touch the words below. Keep the important ones closer. Move the less important ones further away. There are no right and wrong answers.&#10;&#10;Touch Done when the words reflect what you are feeling inside.\",\"words\":[{\"word\":\"Wealth\",\"layer\":0},{\"word\":\"Power\",\"layer\":0},{\"word\":\"Contentment\",\"layer\":0},{\"word\":\"Love\",\"layer\":0},{\"word\":\"Fame\",\"layer\":0},{\"word\":\"Sex\",\"layer\":0},{\"word\":\"Challenge\",\"layer\":0},{\"word\":\"Pain\",\"layer\":0},{\"word\":\"Comfort\",\"layer\":0},{\"word\":\"Friends\",\"layer\":0},{\"word\":\"Family\",\"layer\":0},{\"word\":\"Honor\",\"layer\":0}],\"timer\":0,\"sound\":\"\"},\"feedback\":[\"The priority you have given each word reflects what you are feeling inside. Let this guide you when you are looking to adopt a definite purpose. \",\"The priority you have given each word reflects what you are feeling inside. Let this guide you when you are looking to adopt a definite purpose. \"],\"score\":0,\"gems\":0}","lite":"1","guid":"22803e7d-36ad-4e05-8f8e-7e060d7a837a","growth_activity":"0"},{"id":"124859","courseId":"237","type":"6","summary":"Become a Practical Dreamer","index":"38","json":"{\"type\":6,\"image\":\"12BF0566-8FAE-102C-53F6-6377CEB6CB58.png\",\"presentation\":[{\"text\":\"Practical dreamers in high demand.\",\"in\":0,\"time\":1,\"sound\":\"\",\"font\":2,\"alignment\":0,\"size\":0,\"color\":\"#FF9500\"},{\"text\":\"When Hill wrote his book, America was in the midst of the Great Depression, but Hill was very observant and could see the beginning of a new era. It was an era of great promise for those with dreams and the plans to make them come true. That is, practical dreamers.\",\"in\":1,\"time\":2,\"sound\":\"\",\"size\":1},{\"text\":\"It is the same today as it was then. We are living in a world of fundamental change and there is boundless opportunity for practical dreamers to add to this new world.\",\"in\":1,\"time\":2,\"sound\":\"\",\"size\":1},{\"text\":\"Be bold, be brave - dream and make a plan to achieve that dream!\",\"in\":2,\"time\":3,\"sound\":\"\",\"font\":2,\"alignment\":0,\"color\":\"#000000\",\"size\":1}]}","lite":"0","guid":"405aef28-973c-41e2-8c13-a79c2a08ec5c","growth_activity":"0"},{"id":"124860","courseId":"237","type":"4","summary":"Become a Practical Dreamer","index":"39","json":"{ \"type\":4}","lite":"0","guid":"2b787ebb-7122-476e-83ec-7fbc9744fd3d","growth_activity":"0"},{"id":"124861","courseId":"237","type":"3","summary":"Combine Faith with Thought","index":"40","json":"{\"type\":3,\"intro\":{\"title\":\"Combine Faith with Thought\",\"description\":\"Faith blended with thought can open a direct line of communication between our finite, thinking mind and Infinite Intelligence.&#10;&#10;&#10;&#10;&#10;&#10;&#10;&#10;&#10;&#10;Then we can leverage that infinite power to our advantage.\",\"image\":\"F4499BCC-AFE7-F85F-BA3D-819BF5E47936.png\",\"sound\":\"\",\"volume\":50},\"unlockscore\":\"30\",\"quicklink\":false,\"quotation\":\"\",\"unlockActivity\":\"none\"}","lite":"0","guid":"3ab2393e-e0d4-48a3-9275-dacd9ec228f1","growth_activity":"0"},{"id":"124862","courseId":"237","type":"10","summary":"Faith Blended With Thought","index":"41","json":"{\"type\":10,\"dragdrop\":{\"timer\":0,\"layout\":0,\"goals\":[{\"isImage\":false,\"text\":\"Faith\",\"image\":\"\"},{\"isImage\":false,\"text\":\"No Faith\",\"image\":\"\"}],\"items\":[{\"goal\":1,\"isImage\":false,\"text\":\"&#34;I want a new car.&#34;\",\"image\":\"\",\"feedback\":[\"If you truly believe you will get a new car, you will keep at it. You will create a plan. And you will find yourself behind the wheel of a new car.\",\"If you really don&#39;t have faith - if you don&#39;t believe you will get a new car, then you won&#39;t keep at it. You won&#39;t create a plan. And chances are you won&#39;t get a new car.\"]},{\"goal\":1,\"isImage\":false,\"text\":\"&#34;I want a new job.&#34;\",\"image\":\"\",\"feedback\":[\"With faith guiding you, you will create a plan to get a new job. You won&#39;t give in to early failure. And sooner or later, you will get that new job.\",\"If you don&#39;t have faith, it is more likely that you will not stick with your job search. You will give in to early defeat, and you will more likely still be at your current job six months from now.\"]},{\"goal\":1,\"isImage\":false,\"text\":\"&#34;I want to be rich.&#34;\",\"image\":\"\",\"feedback\":[\"We&#39;ll learn later how your desires should be stated as specifically as they can be. But, if you have faith that you will get rich, then you will stick with it, make a plan and execute the plan.\",\"If you don&#39;t have faith, then how can you expect to become rich? If YOU don&#39;t believe it, then how will make it a reality in the world?\"]},{\"goal\":1,\"isImage\":false,\"text\":\"&#34;I want to be happy.&#34;\",\"image\":\"\",\"feedback\":[\"Happiness is right there in front of you. With faith, you will see this. With faith, you will make a plan to take hold of it.\",\"Happiness is right there in front of you, but if you don&#39;t have faith that you will be happy, then you will not see it. And if you see it, then you will reject it every time.\"]}],\"prompt\":\"GO AHEAD&#10;Play a little with these statements.\",\"sound\":\"\"},\"feedback\":[\"Open a direct line with infinite intelligence and think of all you could accomplish in your life! \",\"Open a direct line with infinite intelligence and think of all you could accomplish in your life! \"],\"score\":\"20\",\"gems\":0}","lite":"0","guid":"a02eaad0-1344-4f92-99a3-250df9af9be4","growth_activity":"0"},{"id":"124863","courseId":"237","type":"10","summary":"Now try this","index":"42","json":"{\"type\":10,\"dragdrop\":{\"timer\":0,\"layout\":0,\"goals\":[{\"isImage\":false,\"text\":\"Faith\",\"image\":\"\"},{\"isImage\":false,\"text\":\"No Faith\",\"image\":\"\"}],\"items\":[{\"goal\":2,\"isImage\":false,\"text\":\"&#34;I&#39;m poor and don&#39;t deserve to be wealthy.&#34;\",\"image\":\"\",\"feedback\":[\"If you don&#39;t combine faith with this negative thought, you can stop it in its tracks. Better yet to just stop thinking these thoughts. Replace them with positive thoughts. Control your mind. (We&#39;ll learn how to later.)\",\"If you combine faith with this negative thought, you are asking infinite intelligence to translate this thought into physical reality. Is that what you want?\"]},{\"goal\":1,\"isImage\":false,\"text\":\"&#34;I&#39;m a good person who deserves a good life.&#34;\",\"image\":\"\",\"feedback\":[\"If you combine faith with this thought, you are asking infinite intelligence to translate this thought into physical reality. And that is good!\",\"If you don&#39;t faith with this thought, you are not giving infinite intelligence the opportunity to translate this thought into physical reality. \"]},{\"goal\":2,\"isImage\":false,\"text\":\"&#34;My ideas are not worth pursuing.&#34;\",\"image\":\"\",\"feedback\":[\"If you don&#39;t combine faith with this negative thought, you can stop it in its tracks. Better yet to just stop thinking these thoughts. Replace them with positive thoughts. Control your mind. (We&#39;ll learn how to later.)\",\"If you combine faith with this negative thought, you are asking infinite intelligence to translate this thought into physical reality. Is that what you want?\"]},{\"goal\":2,\"isImage\":false,\"text\":\"&#34;I&#39;m going to be stuck in this dead end job forever.&#34;\",\"image\":\"\",\"feedback\":[\"If you don&#39;t combine faith with this negative thought, you can stop it in its tracks. Better yet to just stop thinking these thoughts. Replace them with positive thoughts. Control your mind. (We&#39;ll learn how to later.)\",\"If you combine faith with this negative thought, you are asking infinite intelligence to translate this thought into physical reality. Is that what you want?\"]}],\"prompt\":\"Faith combined with your thoughts will transmute those thoughts into their physical equivalent.&#10;&#10;So, now, try this. (Drag each statement to one or the other goal.)\",\"sound\":\"\"},\"feedback\":[\"Infinite intelligence just wants to translate your thoughts into reality. It does not distinguish between thoughts that are good for you and thoughts that are bad. That is where you come in.\",\"Infinite intelligence just wants to translate your thoughts into reality. It does not distinguish between thoughts that are good for you and thoughts that are bad. That is where you come in.\"],\"score\":0,\"gems\":0}","lite":"0","guid":"b6c0a50b-fe56-4c05-9140-460606aa02c5","growth_activity":"0"},{"id":"124864","courseId":"237","type":"10","summary":"Now add love","index":"43","json":"{\"type\":10,\"dragdrop\":{\"timer\":30,\"layout\":0,\"goals\":[{\"isImage\":false,\"text\":\"COMBINE HERE\",\"image\":\"\"}],\"items\":[{\"goal\":1,\"isImage\":false,\"text\":\"A thought\",\"image\":\"\",\"feedback\":[\"\",\"\"]},{\"goal\":1,\"isImage\":false,\"text\":\"Faith\",\"image\":\"\",\"feedback\":[\"\",\"\"]},{\"goal\":1,\"isImage\":false,\"text\":\"Love\",\"image\":\"\",\"feedback\":[\"\",\"\"]}],\"prompt\":\"Now add love. &#10;&#10;Love is the most powerful way to induce a response from infinite intelligence.\",\"sound\":\"\"},\"feedback\":[\"Thoughts that are emotionalized (given feeling) and mixed with faith transmute into physical equivalent. And love is the most powerful of the feelings.\",\"Thoughts that are emotionalized (given feeling) and mixed with faith transmute into physical equivalent. And love is the most powerful of the feelings.\"],\"score\":\"60\",\"gems\":\"1\"}","lite":"0","guid":"dcc66d29-9198-4c44-b6a4-84a1645d2ade","growth_activity":"0"},{"id":"124865","courseId":"237","type":"4","summary":"Combine Faith with Thought","index":"44","json":"{ \"type\":4}","lite":"0","guid":"9d46e8fd-3202-465c-9f70-297a4d8c22fe","growth_activity":"0"},{"id":"124866","courseId":"237","type":"3","summary":"Direct Your Dominant Thoughts","index":"45","json":"{\"type\":3,\"intro\":{\"title\":\"Direct Your Dominant Thoughts\",\"description\":\"Hill told us that our brains become &#39;magnetized&#39; from our dominant thoughts and then attract other thoughts and other things that harmonize with those thoughts. &#10;&#10;&#10;&#10;&#10;&#10;&#10;&#10;&#10;&#10;Clearly, then, controlling what we think is instrumental in achieving our dreams.\",\"image\":\"B4CBE80C-B73C-5AF1-2E2F-CDA5A59D2660.png\",\"sound\":\"\",\"volume\":50},\"unlockscore\":\"40\",\"quicklink\":false,\"quotation\":\"\",\"unlockActivity\":\"none\"}","lite":"0","guid":"9f1343bd-f43e-46ac-bc6a-28a8231c9368","growth_activity":"0"},{"id":"124867","courseId":"237","type":"8","summary":"Find the pairs","index":"46","json":"{\"type\":8,\"statement\":{\"prompt\":\"Act like your brain and match each dominant thought with the attracted experience.&#10;&#10;Remember, like attracts like.\",\"wrong\":\"always be|aware of|your thoughts\",\"statements\":[\"I am poor|Low-wage job\",\"I am rich|Money-making ideas\",\"I&#39;ll get the job|Promotion\"],\"ordered\":false,\"timer\":30,\"sound\":\"\"},\"feedback\":[\"You see, our dominant thoughts attract thoughts and experiences that match. It really makes perfect sense. So, the goal is to control what we think because we come to believe whatever we repeat to ourselves, whether it be true or false.\",\"Your dominant thoughts attract thoughts and experiences that match. It really makes perfect sense. So, the goal is to control what we think because we come to believe whatever we repeat to ourselves, whether it be true or false.\"],\"score\":\"60\",\"gems\":\"1\"}","lite":"0","guid":"18d76230-8a43-4345-b945-828e6e1c8678","growth_activity":"0"},{"id":"124868","courseId":"237","type":"9","summary":"What we PERMIT","index":"47","json":"{\"type\":9,\"wordfill\":{\"text\":\"We are what we become because of the dominating thoughts&#10;##1## &#10;##2##&#10;##3## &#10;to occupy our mind.\",\"prompt\":\"Here&#39;s the key: \",\"sound\":\"\",\"words\":[\"WHICH \",\"WE\",\"PERMIT\"],\"timer\":20},\"feedback\":[\"So, thoughts which we deliberately place in our mind and encourage with emotions constitute the motivating forces which direct and control our movements, acts and deeds.\",\"Thoughts WHICH WE PERMIT to occupy our mind and then encourage with emotions constitute the motivating forces which direct and control our movements, acts and deeds.\"],\"score\":\"60\",\"gems\":\"1\"}","lite":"0","guid":"55dec4a1-9383-48b4-ae45-debbaee7f83e","growth_activity":"0"},{"id":"124869","courseId":"237","type":"7","summary":"How are you doing?","index":"48","json":"{\"type\":7,\"input\":{\"type\":7,\"prompt\":\"Take a moment and reflect on how much you tend to control your thoughts - is it a lot or very little? &#10;&#10;Slide the ball to the right for more control or to the left for less control. And if you want, enter your thoughts in the space below.\",\"locked\":false,\"text\":\"\",\"isNumber\":false,\"useImages\":true,\"left\":\"6FEBA398-5EF9-6710-4AEB-4D3B1FB5104A.png\",\"right\":\"A20AF59E-4EA8-4FB6-6217-FBDA6926603D.png\",\"ideal\":50},\"feedback\":[\"\",\"\"],\"score\":\"20\",\"gems\":0}","lite":"0","guid":"7fb604df-e447-45c6-9e61-41ac625fcc3d","growth_activity":"0"},{"id":"124870","courseId":"237","type":"4","summary":"Direct Your Dominant Thoughts","index":"49","json":"{ \"type\":4}","lite":"0","guid":"392e48bc-e75d-483d-b6f2-80534ecfe1a6","growth_activity":"0"},{"id":"124871","courseId":"237","type":"3","summary":"Encourage the Positive (Unlocks Activity)","index":"50","json":"{\"type\":3,\"intro\":{\"title\":\"Encourage the Positive\",\"description\":\"We are very strongly influenced by the vibrations of thought we pick up and register through the stimuli of our daily environment. &#10;&#10;&#10;&#10;&#10;&#10;&#10;&#10;&#10;&#10;Throw off influences of unfortunate environments and build your own life to order. \",\"image\":\"7C906315-F39E-88F9-69BD-772E5827EE22.png\",\"sound\":\"\",\"volume\":50},\"unlockscore\":\"60\",\"quicklink\":false,\"quotation\":\"\",\"unlockActivity\":\"a4f18444-410a-497d-ab69-ff3c58cbd13a\"}","lite":"0","guid":"50f84ad5-9625-4c3e-b73e-b2007f577bf2","growth_activity":"0"},{"id":"124872","courseId":"237","type":"8","summary":"Find the positive","index":"51","json":"{\"type\":8,\"statement\":{\"prompt\":\"Quick. &#10;&#10;Touch only the positive emotions.\",\"wrong\":\"I fear tomorrow|I blame others|I hate my life|I doubt myself|It&#39;s impossible\",\"statements\":[\"I can do better|I am capable|I can succeed|I am smart\"],\"ordered\":false,\"timer\":15,\"sound\":\"\"},\"feedback\":[\"The mind takes in the nature of the influences that dominate it. Encourage positive emotions. Discourage and eliminate negative emotions.\",\"The mind takes in the nature of the influences that dominate it. Encourage positive emotions. Discourage and eliminate negative emotions.\"],\"score\":\"80\",\"gems\":\"1\"}","lite":"0","guid":"c82739dc-9e4e-48c1-b8bc-b94de02b0b8a","growth_activity":"0"},{"id":"124873","courseId":"237","type":"13","summary":"Success or Failure","index":"52","json":"{\"type\":13,\"thisthat\":{\"questions\":[{\"text\":\"Success comes to those who become SUCCESS CONSCIOUS.&#10;Failure comes to those who INDIFFERENTLY allow themselves to become FAILURE CONSCIOUS.&#10;&#10;&#34;I can&#39;t do it.&#34;&#10;&#10;Which does that statement represent?\",\"correct\":\"Success \",\"wrong\":\"Failure\",\"value\":false,\"feedback\":[\"Yes, this is failure consciousness. Eliminate it.\",\"No, this is failure consciousness. Eliminate it.\"]},{\"text\":\"Success comes to those who become SUCCESS CONSCIOUS.&#10;Failure comes to those who INDIFFERENTLY allow themselves to become FAILURE CONSCIOUS.&#10;&#10;&#34;I will make it happen.&#34;&#10;&#10;Which does that statement represent?\",\"correct\":\"Success\",\"wrong\":\"Failure\",\"value\":true,\"feedback\":[\"Yes, this is success consciousness. \",\"No, this is success consciousness.\"]},{\"text\":\"Success comes to those who become SUCCESS CONSCIOUS.&#10;Failure comes to those who INDIFFERENTLY allow themselves to become FAILURE CONSCIOUS.&#10;&#10;&#34;I can figure it out.&#34;&#10;&#10;Which does that statement represent?\",\"correct\":\"Success\",\"wrong\":\"Failure\",\"value\":true,\"feedback\":[\"Yes, this is success consciousness.\",\"No, this is success consciousness.\"]},{\"text\":\"Success comes to those who become SUCCESS CONSCIOUS.&#10;Failure comes to those who INDIFFERENTLY allow themselves to become FAILURE CONSCIOUS.&#10;&#10;&#34;I give up.&#34;&#10;&#10;Which does that statement represent?\",\"correct\":\"Success\",\"wrong\":\"Failure\",\"value\":false,\"feedback\":[\"Yes, this is failure consciousness. Eliminate it.\",\"No, this is failure consciousness. Eliminate it.\"]}],\"timer\":0,\"noscore\":false},\"feedback\":[\"Hill told us that we are not DOOMED to poverty and failure because of some strange force over which we BELIEVE we have no control. We create our misfortune or good fortune through our BELIEFS, which are picked up by the subconscious mind and transmuted into their physical equivalent.\",\"Hill told us that we are not DOOMED to poverty and failure because of some strange force over which we BELIEVE we have no control. We create our misfortune or good fortune through our BELIEFS, which are picked up by the subconscious mind and transmuted into their physical equivalent.\"],\"score\":\"80\",\"gems\":\"1\"}","lite":"0","guid":"91d81477-12c2-416c-80c2-02d2c2ac9dd6","growth_activity":"0"},{"id":"124874","courseId":"237","type":"6","summary":"Activity 1: 24 Hours","index":"53","json":"{\"type\":6,\"image\":\"3A7DEBF1-818D-14A3-8068-3A152D223089.png\",\"presentation\":[{\"text\":\"Encourage Positive, Eliminate Negative\",\"in\":0,\"time\":1,\"sound\":\"\",\"color\":\"#256ED7\"},{\"text\":\"It is essential for you to encourage positive emotions as dominating forces of your mind, and discourage and eliminate negative emotions.  For the next 24 hours, monitor your thoughts and emotions.  Keep track of the positive and negative emotions that you find yourself having throughout the day.\",\"in\":1,\"time\":2,\"sound\":\"\",\"size\":1},{\"text\":\"Use the Activity called 24 Hours. Find it by touching Next and then touching the Navigation menu. Choose Activities and then &#34;24 Hours.&#34;\",\"in\":1,\"time\":3,\"sound\":\"\",\"size\":1}]}","lite":"0","guid":"a7bb670b-2c69-4af1-861c-bd9316a5bd1d","growth_activity":"0"},{"id":"124875","courseId":"237","type":"4","summary":"Encourage the Positive","index":"54","json":"{ \"type\":4}","lite":"0","guid":"dac96f67-22cc-4751-a37f-5a2dfb4e7404","growth_activity":"0"},{"id":"124876","courseId":"237","type":"3","summary":"Control what Reaches Your Subconcious","index":"55","json":"{\"type\":3,\"intro\":{\"title\":\"You Have Control\",\"description\":\"As human beings, we have absolute control over what reaches our subconscious mind. But we DO NOT always exercise control.&#10;&#10;&#10;&#10;&#10;&#10;&#10;&#10;&#10;&#10;This is our big mistake because the subconscious mind is the key, the link, the doorway.\",\"image\":\"03122166-D4D8-91FE-2C60-0A7846655A36.png\",\"sound\":\"\",\"volume\":50},\"unlockscore\":\"100\",\"quicklink\":false,\"quotation\":\"\",\"unlockActivity\":\"none\"}","lite":"0","guid":"f3a349cc-fad4-441c-9509-6f6b14d3bc76","growth_activity":"0"},{"id":"124877","courseId":"237","type":"20","summary":"The Subconscious Mind Is...","index":"56","json":"{\"type\":20,\"multiple\":{\"timer\":60,\"answers\":[{\"correct\":false,\"text\":\"the virtual organ that controls what we think.\",\"feedback\":\"No, YOU control what you think. YOU control what reaches your subconscious. Your subconscious DOES NOT CONTROL YOU.\"},{\"correct\":false,\"text\":\"the filter that catches negative thoughts.\",\"feedback\":\"No, that is YOUR RESPONSIBILITY. To control your life, you must control what reaches your subconscious. \"},{\"correct\":true,\"text\":\"the link between the finite mind and infinite intelligence.\",\"feedback\":\"Yes, the subconscious is the link between our finite mind and the infinite intelligence of the universe. Think of the power we can possess if we control what reaches our subconscious!\"},{\"correct\":true,\"text\":\"the path to leveraging the forces of infinite intelligence.\",\"feedback\":\"Yes, we may reach into the infinite source of power via our subconscious. We are all powerful, if we control our thoughts. \"},{\"correct\":true,\"text\":\"where thoughts are transmuted into their spiritual equivalent.\",\"feedback\":\"Yes, it is where our thoughts - our mental impulses - are transmuted into their spiritual equivalent. And then manifested in the physical world. If we control what goes in, we control our earthbound destiny.\"},{\"correct\":false,\"text\":\"the source of both our good and bad thoughts.\",\"feedback\":\"No, our senses take in the world around us and our conscious mind controls what will reach our subconscious - both the good thoughts and the bad.\"}],\"sound\":\"\",\"text\":\"The subconscious mind is...\"},\"feedback\":[\"If you control what moves into your subconscious, you leverage the forces of infinite intelligence in your favor. You control your destiny. (Touch Close and then touch any answer to learn more.)\",\"If you control what moves into your subconscious, you leverage the forces of infinite intelligence in your favor. You control your destiny. (Touch Close and then touch any answer to learn more.)\"],\"score\":\"120\",\"gems\":0}","lite":"0","guid":"9612fbac-9607-4a72-ad4c-037d90219b11","growth_activity":"0"},{"id":"124878","courseId":"237","type":"16","summary":"The Basic Problem","index":"57","json":"{\"type\":16,\"wordheat\":{\"prompt\":\"For each color in caps in the sentence below, find the word that fits at that spot and make that word that color. (For example, &#34;problem&#34; should be yellow.) Touch Done when you have it. &#10;&#10;The basic YELLOW of RED is that while we have ORANGE over what BLUE subconscious, we almost never GREEN it.\",\"words\":[{\"word\":\"problem\",\"layer\":3},{\"word\":\"human existence\",\"layer\":1},{\"word\":\"absolute control\",\"layer\":2},{\"word\":\"exercise\",\"layer\":4},{\"word\":\"reaches our\",\"layer\":5},{\"word\":\"complete faith\",\"layer\":0},{\"word\":\"assured victory\",\"layer\":0}],\"timer\":0,\"sound\":\"B70AC3BC-70DC-1C42-04C5-EA316B11388E.mp3\"},\"feedback\":[\"Yes, this is what makes life so miserable for so many people: their lives are not what they would want them to be, yet they feel helpless to exercise control over their life. These people would feel better if they didn&#39;t have the control - thus they make excuses.\",\"What makes life so miserable for so many people is this: their lives are not what they would want them to be, yet they feel helpless to exercise control over their life. These people would feel better if they didn&#39;t have the control - thus they make excuses.\"],\"score\":\"100\",\"gems\":\"1\"}","lite":"0","guid":"6d0cdd4a-ef14-4d18-bd16-f6f3fdfad582","growth_activity":"0"},{"id":"124879","courseId":"237","type":"14","summary":"It Gets Worse","index":"58","json":"{\"type\":14,\"question\":{\"timer\":20,\"multiplechoice\":true,\"answers\":[{\"correct\":false,\"text\":\"infinite intelligence will take it upon itself to throw bad stuff our way!\",\"feedback\":\"No, infinite intelligence does not care whether you live in poverty or riches. It simply responds to your thoughts. \"},{\"correct\":true,\"text\":\"the subconscious will not remain idle!\",\"feedback\":\"Yes, if you fail to plant DESIRES in your subconscious mind, it will feed upon the thoughts which reach it as the result of your neglect. And neglect typically fosters the negative. So, if you don&#39;t control your thoughts, your negative emotions will control you.\"},{\"correct\":false,\"text\":\"the less we control, the worse our luck gets.\",\"feedback\":\"Forget luck. Adopt a definite purpose, have faith in it, persist. You will create your future.\"}],\"sound\":\"\",\"text\":\"So, as humans we have control over our thoughts, but most of the time we don&#39;t exercise that control. Because of this we lose the opportunity to feed positive messages into our subconscious where they will then leverage the power of infinite intelligence. &#10;&#10;That&#39;s a missed opportunity, but it gets worse because...\"},\"feedback\":[\"\",\"\"],\"score\":\"60\",\"gems\":0}","lite":"0","guid":"0e948ef9-2b3e-4ccf-9ee2-e3a874511abb","growth_activity":"0"},{"id":"124880","courseId":"237","type":"12","summary":"You are now engaged","index":"59","json":"{\"type\":12,\"orderitems\":{\"slots\":[\"Start of statement\",\"\",\"\",\"\",\"\",\"End of statement\"],\"items\":[{\"text\":\"you will possess the key which\",\"slot\":1},{\"text\":\"unlocks the door to your\",\"slot\":2},{\"text\":\"subconscious mind. You will control\",\"slot\":3},{\"text\":\"that door so completely that\",\"slot\":4},{\"text\":\"no undesirable thought may\",\"slot\":5},{\"text\":\"influence your subconscious mind.\",\"slot\":6}],\"ordered\":true,\"timer\":0,\"sound\":\"\",\"prompt\":\"You are now engaged in trying to help shut off the flow of negative impulses, and to aid in voluntarily influencing your subconscious mind through positive impulses of DESIRE.&#10;&#10;When you achieve this...\"},\"feedback\":[\"Yes. That is your challenge.\",\"When you shut off negative impulses, you will possess the key which unlocks the door to your subconscious mind. Moreover, you will control that door so completely, that no undesirable thought may influence your subconscious mind. That is the challenge.\"],\"score\":\"120\",\"gems\":\"1\"}","lite":"0","guid":"7ea9256f-e666-49b9-8925-6ea8cf3f1e99","growth_activity":"0"},{"id":"124881","courseId":"237","type":"4","summary":"Control what Reaches Your Subconcious","index":"60","json":"{ \"type\":4}","lite":"0","guid":"5f5475b5-fadd-44b2-86c8-c46fb75527d1","growth_activity":"0"},{"id":"124882","courseId":"237","type":"3","summary":"Sow Desirable Crops","index":"61","json":"{\"type\":3,\"intro\":{\"title\":\"Sow Desirable Crops\",\"description\":\"The subconscious is like a fertile garden spot where weeds will grow in abundance if more desirable crops are not sown.&#10;&#10;&#10;&#10;&#10;&#10;&#10;&#10;&#10;&#10;Through autosuggestion you can sow more desirable crops.&#10;\",\"image\":\"85A5062F-88B2-012C-81E4-AF885DF2E2AB.png\",\"sound\":\"\",\"volume\":50},\"unlockscore\":\"40\",\"quicklink\":false,\"quotation\":\"\",\"unlockActivity\":\"none\"}","lite":"0","guid":"f7a56bb5-2cdf-4ec7-9596-c1ded0a94faa","growth_activity":"0"},{"id":"124883","courseId":"237","type":"19","summary":"Autosuggestion","index":"62","json":"{\"type\":19,\"conversation\":[{\"text\":\"You may VOLUNTARILY plant in your subconscious mind any plan, thought, or purpose which you desire to translate into its physical or monetary equivalent.\",\"image\":\"FE8EEE73-7E4E-AA59-B937-D18F238EB25E.png\",\"sound\":\"E1C806DE-ED8F-2ECC-DD9D-11F42D3C5DBD.mp3\"},{\"text\":\"The subconscious acts first on the dominating desires which have been mixed with emotional feeling, such as faith.\",\"image\":\"45F5A8C4-4891-E2D2-A3B2-7EBCD41EEC70.png\",\"sound\":\"7A13F8A8-D0AD-9C4A-D61E-AAD9D78A7DA6.mp3\"},{\"text\":\"The subconscious mind takes any orders given to it in a spirit of absolute FAITH, and acts upon those orders although they have to be given over and over again.\",\"image\":\"217F615F-008A-C51E-ABE8-DBA544711BBD.png\",\"sound\":\"644B3960-52C7-C312-0230-7356D4BFF40C.mp3\"},{\"text\":\"You can create your own faith: it is a state of mind induced by repeated instructions to the subconscious mind. \",\"image\":\"C9C226BE-9337-765A-D6F3-320C176BDB4D.png\",\"sound\":\"CD829F17-BA49-14DE-7F50-015DF2F4772B.mp3\"},{\"text\":\"Repetition of affirmations of orders to the subconscious can develop faith. One can develop faith by suggesting to the subconscious mind that one HAS faith.\",\"image\":\"5B5AA5DD-BD25-C54A-432D-7864D2DC330B.png\",\"sound\":\"B96F7A2E-BD6C-461D-6884-E3B4FFEF2075.mp3\"}],\"feedback\":\"Repeat with the transcript open if you want to learn more.\"}","lite":"0","guid":"32738b41-8f6d-4dff-83ec-eb8fb7591797","growth_activity":"0"},{"id":"124884","courseId":"237","type":"13","summary":"What is autosuggestion","index":"63","json":"{\"type\":13,\"thisthat\":{\"questions\":[{\"text\":\"With autosuggestion, you may voluntarily plant in your subconscious mind any plan, thought, or purpose which you desire to translate into its physical or monetary equivalent. \",\"correct\":\"This is so.\",\"wrong\":\"This is not so.\",\"value\":true,\"feedback\":[\"This is so. Since the conscious mind controls what sense impressions and thoughts reach the subconscious - be they real or imaginary - you can choose what you want to get through. This includes thoughts you voluntarily plant in your subconscious. \",\"No, this is so. Since the conscious mind controls what sense impressions and thoughts reach the subconscious - be they real or imaginary - you can choose what you want to get through. This includes thoughts you voluntarily plant in your subconscious. \"]},{\"text\":\"The subconscious acts first on the dominating desires which have been mixed with emotional feeling, such as faith.\",\"correct\":\"This is so.\",\"wrong\":\"This is not so.\",\"value\":true,\"feedback\":[\"This is so. If you feel strongly about something, the subconscious will pick up those feelings and thoughts more quickly than more mundane, less intense thoughts. If you want to make something happen, get excited about it.\",\"No, this is so. If you feel strongly about something, the subconscious will pick up those feelings and thoughts more quickly than more mundane, less intense thoughts. If you want to make something happen, get excited about it.\"]},{\"text\":\"The subconscious mind takes any orders given to it in a spirit of absolute faith, and acts upon those orders although they have to be given over and over again.\",\"correct\":\"This is so.\",\"wrong\":\"This is not so.\",\"value\":true,\"feedback\":[\"This is so. The subconscious does not judge good and bad and it does not know real or imaginary. Whatever it receives on a regular basis, it takes in full faith and acts accordingly. \",\"No, this is so. The subconscious does not judge good and bad and it does not know real or imaginary. Whatever it receives on a regular basis, it takes in full faith and acts accordingly. \"]},{\"text\":\"You can create your own faith: it is a state of mind induced by repeated instructions to the subconscious mind. \",\"correct\":\"This is so.\",\"wrong\":\"This is not so.\",\"value\":true,\"feedback\":[\"This is so. If you want something, you can send the subconscious specific thoughts about it on a regular basis. If you send them with great feeling, the subconscious will have no choice but to send them on to Infinite Intelligence to be transmuted into physical reality.\",\"No, this is so. If you want something, you can send the subconscious specific thoughts about it on a regular basis. If you send them with great feeling, the subconscious will have no choice but to send them on to Infinite Intelligence to be transmuted into physical reality.\"]},{\"text\":\"Repetition of affirmations of orders to the subconscious can develop faith. One can develop faith by suggesting to the subconscious mind that one HAS faith.\",\"correct\":\"This is so.\",\"wrong\":\"This is not so.\",\"value\":true,\"feedback\":[\"This is so and this is Autosuggestion: repeating to the subconscious that which you want to come true. But it must be specific and with great feeling to be acknowledged. And beware: through neglect, you may send destructive thoughts to this fertile garden spot. Control your thoughts!\",\"No, this is so and this is Autosuggestion: repeating to the subconscious that which you want to come true. But it must be specific and with great feeling to be acknowledged. And beware: through neglect, you may send destructive thoughts to this fertile garden spot. Control your thoughts!\"]}],\"timer\":50,\"noscore\":false},\"feedback\":[\"You will achieve all your desire. You will achieve all you desire. You will achieve all you desire. You will achieve all you desire. You will achieve all you desire. You will achieve all you desire. You will achieve all you desire.\",\"Relax. It is a simple thing. Relax. It is a simple thing. Relax. It is a simple thing. Relax. It is a simple thing. Relax. It is a simple thing. Relax. It is a simple thing. Relax. It is a simple thing. Relax. It is a simple thing. \"],\"score\":\"100\",\"gems\":\"2\"}","lite":"0","guid":"1d9b9c98-7c47-4d14-8fda-9c015d0107cd","growth_activity":"0"},{"id":"124885","courseId":"237","type":"4","summary":"Plant Desirable Crops","index":"64","json":"{ \"type\":4}","lite":"0","guid":"1ff83498-f8bc-4ce9-96e5-b441a19e58d0","growth_activity":"0"},{"id":"124886","courseId":"237","type":"3","summary":"Play a Little Trick on your Subconscious","index":"65","json":"{\"type\":3,\"intro\":{\"title\":\"Play a Little Trick on your Subconscious\",\"description\":\"We have the power to influence our subconscious mind and through it gain the cooperation of Infinite Intelligence. Hill calls this convincing of the subconscious autosuggestion and it is the keystone of his whole system.&#10;&#10;&#10;&#10;&#10;&#10;&#10;&#10;&#10;If you don&#39;t see great riches in your imagination, you will not see them in your bank account.\",\"image\":\"D6C770BC-F16C-F240-8297-461383546290.png\",\"sound\":\"\",\"volume\":50},\"unlockscore\":\"40\",\"quicklink\":false,\"quotation\":\"\",\"unlockActivity\":\"none\"}","lite":"0","guid":"d0608515-d7d9-4bdc-8c13-bf4fe0b0dfdd","growth_activity":"0"},{"id":"124887","courseId":"237","type":"14","summary":"The Trick","index":"66","json":"{\"type\":14,\"question\":{\"timer\":60,\"multiplechoice\":true,\"answers\":[{\"correct\":true,\"text\":\"Making it believe you already have what you desire.\",\"feedback\":\"Yes, using Autosuggestion, you can make your subconscious believe you WILL acquire what you desire, then your subconscious will be required to hand over to you the plans for achieving this. It can work no other way.\"},{\"correct\":false,\"text\":\"Making it believe you are very needy.\",\"feedback\":\"No, remember that the subconscious follows your cues - so if you believe you are needy, the subconscious will make sure you ARE needy. \"},{\"correct\":false,\"text\":\"Making it believe you are an alien sent to earth with a secret mission.\",\"feedback\":\"No, but you should lighten up. \"}],\"sound\":\"\",\"text\":\"Autosuggestion is like playing a trick on your subconscious that will help you to achieve your dreams. &#10;&#10;This trick is...\"},\"feedback\":[\"\",\"\"],\"score\":\"20\",\"gems\":\"1\",\"image\":\"03FAD2C2-544F-A24C-8355-EE1563025D3F.png\"}","lite":"0","guid":"f666af47-c14c-4f00-8f77-77eced0831d1","growth_activity":"0"},{"id":"124888","courseId":"237","type":"20","summary":"About the Plans","index":"67","json":"{\"type\":20,\"multiple\":{\"timer\":60,\"answers\":[{\"correct\":true,\"text\":\"They will probably flash in your mind like an inspiration\",\"feedback\":\"Yes, the plans will probably flash into your mind through the sixth sense as inspiration - a message from the Infinite Intelligence. \"},{\"correct\":true,\"text\":\"Put the plans into action as soon as possible.\",\"feedback\":\"Yes, act ASAP - failure to do so will be fatal to your success.\"},{\"correct\":true,\"text\":\"Treat the plans with respect.\",\"feedback\":\"Yes, the plans are a message from the Infinite Intelligence of the universe. They deserve respect.\"},{\"correct\":true,\"text\":\"Do not trust your reason when considering the plans.\",\"feedback\":\"Yes, reason is faulty and it could be lazy. The plans are from infinite intelligence. Unless something doesn&#39;t seem right, trust these plans and act on them.\"}],\"sound\":\"\",\"text\":\"If you convince your subconscious that you already have what you desire, but are just waiting for it to arrive, then it will have to hand over to you plans for achieving what you want. &#10;&#10;About these plans...which statements are correct?\"},\"feedback\":[\"Yes, these are all true and they are all very important. Touch Close and then touch any answer for more helpful information.\",\"These are all true and they are all very important. Touch Close and then touch any answer for more helpful information.\"],\"score\":\"80\",\"gems\":\"1\"}","lite":"0","guid":"d72b2991-99d8-4f51-bf04-3e5af05253f9","growth_activity":"0"},{"id":"124889","courseId":"237","type":"4","summary":"Respect and Act on the Plan Received","index":"68","json":"{ \"type\":4}","lite":"0","guid":"cd4da77f-5e1e-4fef-9a4e-8a7cf3c6b528","growth_activity":"0"},{"id":"124890","courseId":"237","type":"3","summary":"Write and Read Your Statement (Unlocks Activity)","index":"69","json":"{\"type\":3,\"intro\":{\"title\":\"Write and Read Your Statement\",\"description\":\"The activity introduced in this Burst will help you to focus on your desire and then use the power of autosuggestion to bring that desire into reality. The personal statement that you will write and then read daily is at the core of Hill&#39;s system - follow his steps to achieve your goal. &#10;&#10;&#10;&#10;&#10;&#10;&#10;&#10;If you do as instructed, in spirit as well as action, a whole new universe of power will unfold before you.\",\"image\":\"30836645-4EA1-CE0B-745A-F0CD816826FA.png\",\"sound\":\"\",\"volume\":50},\"unlockscore\":0,\"quicklink\":false,\"quotation\":\"\",\"unlockActivity\":\"7079338a-c68f-41e0-99c2-62d21724d953\"}","lite":"0","guid":"c9caeb93-8f84-42a4-92a4-c01078dc1d58","growth_activity":"0"},{"id":"124891","courseId":"237","type":"6","summary":"The Six Practical Steps","index":"70","json":"{\"type\":6,\"image\":\"\",\"presentation\":[{\"text\":\"The Six Practical Steps\",\"in\":0,\"time\":1,\"sound\":\"\",\"color\":\"#FF9500\",\"size\":2},{\"text\":\"The method by which desire for riches can be transmuted into its financial equivalent, consists of these six definite, practical steps:\",\"in\":1,\"time\":2,\"sound\":\"\",\"size\":0},{\"text\":\"1. Fix in your mind the exact amount of money you desire.&#10;2. Determine exactly what you intend to give in return for this money.&#10;3. Establish a definite date by which you intend to possess this money.&#10;4. Create a definite plan for carrying out your desire. Then begin at once, whether you are ready or not, to put this plan into action.&#10;5. Write a clear, concise statement of the above four steps.&#10;6. Read your statement aloud just before going to sleep at night and right after getting up in the morning. As you read, see, feel and believe yourself already in possession of the money.\",\"in\":0,\"time\":0,\"sound\":\"\",\"size\":0}]}","lite":"0","guid":"d2f111e6-ac4c-468a-a1e0-3184bfbcd52a","growth_activity":"0"},{"id":"124892","courseId":"237","type":"6","summary":"The \"Your Statement\" Activity","index":"71","json":"{\"type\":6,\"image\":\"CC53AC73-DB86-0B98-92A8-AD7743FD66A5.png\",\"presentation\":[{\"text\":\"The &#34;Your Statement&#34; Activity\",\"in\":0,\"time\":1,\"sound\":\"\",\"color\":\"#256ED7\",\"size\":2},{\"text\":\"When you touch Next, the Your Statement Activity will be unlocked. At that point, you can access it via the Activities option once you touch the three blue bars in the upper left.\",\"in\":1,\"time\":1,\"sound\":\"\",\"size\":0},{\"text\":\"Remember:&#10;- Read your statement aloud twice a day.&#10;- Read it like you are already in possession of the money in a spirit of absolute faith.&#10;- Read it with emotion!&#10;- If you do as instructed, in spirit as well as action, a whole new universe of power will unfold to you. &#10;- Keep at it and you will eventually have absolute faith and achieve your goal.&#10;\",\"in\":1,\"time\":2,\"sound\":\"\",\"size\":0},{\"text\":\"Go forward and succeed!\",\"in\":2,\"time\":3,\"sound\":\"\",\"size\":2,\"color\":\"#FF9500\"}]}","lite":"0","guid":"17379f60-588a-463c-8cc1-d17059a45c2c","growth_activity":"0"},{"id":"124893","courseId":"237","type":"4","summary":"Write and Read Your Statement","index":"72","json":"{ \"type\":4}","lite":"0","guid":"a06d93e7-4066-4a9f-b6da-785735fe4ef6","growth_activity":"0"},{"id":"124894","courseId":"237","type":"3","summary":"Build Your Self Confidence (Unlocks Activity)","index":"73","json":"{\"type\":3,\"intro\":{\"title\":\"Build Your Self Confidence\",\"description\":\"Take inventory of your mental assets and liabilities and you are likely to find that your greatest weakness is lack of self confidence. This can be surmounted with auto suggestion.&#10;&#10;&#10;&#10;&#10;&#10;&#10;&#10;&#10;Somewhere in your makeup there lies sleeping the seed of achievement which, if aroused and put into action, would carry you to heights such as you may never have hoped to attract.&#10;\",\"image\":\"52DB1744-7A58-953C-3A6E-CA3DF5AEDA4D.png\",\"sound\":\"\",\"volume\":50},\"unlockscore\":0,\"quicklink\":false,\"quotation\":\"\",\"unlockActivity\":\"f8384ae8-709d-4e19-801d-f49503a374ef\"}","lite":"0","guid":"4b284f3f-6444-4299-b01f-f03ecff6a582","growth_activity":"0"},{"id":"124895","courseId":"237","type":"6","summary":"Self Confidence Activity","index":"74","json":"{\"type\":6,\"image\":\"DB8705FF-DBF2-1309-C0FF-47DBF433A9FA.png\",\"presentation\":[{\"text\":\"Self Confidence Activity\",\"in\":0,\"time\":1,\"sound\":\"\",\"color\":\"#256ED7\",\"size\":2},{\"text\":\"If you look at yourself and consider what might be the biggest obstacle to achieving all you desire, you will most likely come to see that it is the lack of self confidence.&#10;&#10;Hill understood this and created the Self-Confidence Formula, which uses the power of autosuggestion to strengthen one&#39;s sense of self. It is a 5-part statement that you should spend time with each day. The formula is in the Self-Confidence Formula Activity which will be unlocked once you touch Next.\",\"in\":1,\"time\":2,\"sound\":\"\",\"size\":0}]}","lite":"0","guid":"6c442f16-a445-4a64-ac06-ca7c2f764120","growth_activity":"0"},{"id":"124896","courseId":"237","type":"4","summary":"Build Your Self Confidence","index":"75","json":"{ \"type\":4}","lite":"0","guid":"003db084-4302-43ac-8a71-7555231c8e93","growth_activity":"0"},{"id":"124897","courseId":"237","type":"3","summary":"Fun Review","index":"76","json":"{\"type\":3,\"intro\":{\"title\":\"Unit Review\",\"description\":\"This is the final Burst in Unit 2. This Unit was about discovering the power in your mind and figuring out what you most desire. The next Unit is about leveraging the power of the world to help you to acquire what you desire.&#10;&#10;&#10;&#10;&#10;&#10;&#10;&#10;&#10;As you move forward towards your desire remember this: Every failure brings with it the seed of an equivalent success.\",\"image\":\"656967C4-B9C7-D566-5423-C01F8391E349.png\",\"sound\":\"\",\"volume\":50},\"unlockscore\":0,\"quicklink\":false,\"quotation\":\"\",\"unlockActivity\":\"none\"}","lite":"0","guid":"b234e950-d26a-4db7-be32-bf92b1892fc7","growth_activity":"0"},{"id":"124898","courseId":"237","type":"18","summary":"Fun Review","index":"77","json":"{\"type\":18,\"catch\":{\"prompt\":\"Catch all that are positive.\",\"items\":[{\"isImage\":true,\"correct\":true,\"text\":\"\",\"image\":\"7AC7ABAA-199B-5751-2710-B79EDF6682BF.png\",\"bonus\":0},{\"isImage\":true,\"correct\":true,\"text\":\"\",\"image\":\"66967040-987E-01C2-732A-089D95180318.png\",\"bonus\":0},{\"isImage\":true,\"correct\":true,\"text\":\"\",\"image\":\"09729BE1-78A5-F189-9617-8D7A4EBFEFAC.png\",\"bonus\":0},{\"isImage\":true,\"correct\":false,\"text\":\"\",\"image\":\"9AA1E69C-502D-288B-DD93-7F8454487F28.png\",\"bonus\":0},{\"isImage\":true,\"correct\":false,\"text\":\"\",\"image\":\"23BB66CE-F154-5EC6-6E52-688EE8634783.png\",\"bonus\":0}],\"ordered\":false,\"timer\":20,\"sound\":\"93B43316-F4DB-DCFB-6097-D9C67A417ECC.mp3\",\"speed\":10,\"frequency\":10},\"feedback\":[\"Pass\",\"Fail\"],\"score\":\"50\",\"gems\":\"2\"}","lite":"0","guid":"64f56ff8-89b8-44a6-9154-a0e9355b4974","growth_activity":"0"},{"id":"124899","courseId":"237","type":"4","summary":"Fun Review","index":"78","json":"{ \"type\":4}","lite":"0","guid":"bf9579df-c2fd-40c5-b1ab-c948df7ddda4","growth_activity":"0"},{"id":"124900","courseId":"237","type":"2","summary":"Introduction","index":"79","json":"{ \"type\":2}","lite":"0","guid":"bc4033d9-902f-4dda-9184-681a838f113f","growth_activity":"0"},{"id":"124901","courseId":"237","type":"1","summary":"Leverage the Power of the World","index":"80","json":"{\"type\":1,\"intro\":{\"title\":\"Leverage the Power of the World\",\"description\":\"\",\"image\":\"\"},\"dossier\":false}","lite":"0","guid":"69cda769-37d6-44c7-be0f-548d6f7b281f","growth_activity":"0"},{"id":"124902","courseId":"237","type":"2","summary":"Desire","index":"81","json":"{ \"type\":2}","lite":"0","guid":"00d11318-d2a6-484d-af20-082f62546af8","growth_activity":"0"},{"id":"124903","courseId":"237","type":"1","summary":"Persist Until you Attain Your Desire","index":"82","json":"{\"type\":1,\"intro\":{\"title\":\"Persist Until you Attain Your Desire\",\"description\":\"\",\"image\":\"\"},\"dossier\":false}","lite":"0","guid":"e447d0ce-3469-448e-a378-fd93f261f177","growth_activity":"0"},{"id":"124904","courseId":"237","type":"2","summary":"Faith","index":"83","json":"{ \"type\":2}","lite":"0","guid":"56a5575d-d9dc-4e42-a12e-8667ece17ed8","growth_activity":"0"},{"id":"124905","courseId":"237","type":"1","summary":"Control Your Mind - Control the World","index":"84","json":"{\"type\":1,\"intro\":{\"title\":\"Control Your Mind - Control the World\",\"description\":\"\",\"image\":\"\"},\"dossier\":false}","lite":"0","guid":"4f5319e7-d905-4f86-9e38-bbdd8c7f2aa2","growth_activity":"0"},{"id":"124906","courseId":"237","type":"2","summary":"Autosuggestion","index":"85","json":"{ \"type\":2}","lite":"0","guid":"f51a982b-b19c-404d-9354-b325b0e1d417","growth_activity":"0"},{"id":"124907","courseId":"237","type":"1","summary":"Master Your Fear","index":"86","json":"{\"type\":1,\"intro\":{\"title\":\"Master Your Fear\",\"description\":\"\",\"image\":\"\"},\"dossier\":false}","lite":"0","guid":"c64d6893-752f-4e69-9abf-4f6a7ec04344","growth_activity":"0"},{"id":"124908","courseId":"237","type":"2","summary":"Specialized Knowlege","index":"87","json":"{ \"type\":2}","lite":"0","guid":"32d75085-7c08-4e53-be57-82772d78e269","growth_activity":"0"},{"id":"124909","courseId":"237","type":"1","summary":"Discover Who You Are","index":"88","json":"{\"type\":1,\"intro\":{\"title\":\"Discover Who You Are\",\"description\":\"\",\"image\":\"\"},\"dossier\":false}","lite":"0","guid":"79d80b28-0d1f-485d-96ef-be3c217c0a16","growth_activity":"0"},{"id":"124910","courseId":"237","type":"2","summary":"imagination","index":"89","json":"{ \"type\":2}","lite":"0","guid":"6a2c4e50-1a81-471e-b8f5-fb50ee001486","growth_activity":"0"}]