[{"id":"4188","courseId":"78","type":"1","summary":"Chapter 1","index":"0","json":"{\\\\\\\"type\\\\\\\":3,\\\\\\\"intro\\\\\\\":{\\\\\\\"title\\\\\\\":\\\\\\\"This is the first Learning unit \\\\\\\",\\\\\\\"description\\\\\\\":\\\\\\\"It contains mainly input fields to test.\\\\\\\",\\\\\\\"image\\\\\\\":\\\\\\\"090751CB-B7EE-4B63-A4B2-FC73331DF5B7.png\\\\\\\"},\\\\\\\"feedback\\\\\\\":[\\\\\\\"\\\\\\\",\\\\\\\"\\\\\\\"],\\\\\\\"unlockscore\\\\\\\":0,\\\\\\\"dossier\\\\\\\":true}","lite":"1","guid":"5c674b7b-600f-403b-b582-a859c3c8f132","growth_activity":"0"},{"id":"4189","courseId":"78","type":"3","summary":"Burst no 1","index":"1","json":"{\\\\\\\"type\\\\\\\":6,\\\\\\\"intro\\\\\\\":{\\\\\\\"title\\\\\\\":\\\\\\\"This is the title\\\\\\\",\\\\\\\"description\\\\\\\":\\\\\\\"This is the description\\\\\\\",\\\\\\\"image\\\\\\\":\\\\\\\"\\\\\\\"},\\\\\\\"unlockscore\\\\\\\":0,\\\\\\\"quicklink\\\\\\\":false,\\\\\\\"quotation\\\\\\\":\\\\\\\"\\\\\\\"}","lite":"1","guid":"8723107b-80b4-48e1-b3b5-bce3451f333c","growth_activity":"0"},{"id":"4190","courseId":"78","type":"6","summary":"This is a presentation","index":"2","json":"{\\\\\\\"type\\\\\\\":6,\\\\\\\"input\\\\\\\":{\\\\\\\"type\\\\\\\":1,\\\\\\\"prompt\\\\\\\":\\\\\\\"Why is this one not saving?\\\\\\\",\\\\\\\"locked\\\\\\\":false},\\\\\\\"presentation\\\\\\\":[{\\\\\\\"text\\\\\\\":\\\\\\\"Hello \\\\\\\",\\\\\\\"in\\\\\\\":2,\\\\\\\"out\\\\\\\":0,\\\\\\\"time\\\\\\\":6},{\\\\\\\"text\\\\\\\":\\\\\\\"Hello again\\\\\\\",\\\\\\\"in\\\\\\\":3,\\\\\\\"out\\\\\\\":0,\\\\\\\"time\\\\\\\":6},{\\\\\\\"text\\\\\\\":\\\\\\\"And another line&#10;Another below&#10;And yet another\\\\\\\",\\\\\\\"in\\\\\\\":1,\\\\\\\"out\\\\\\\":0,\\\\\\\"time\\\\\\\":0}]}","lite":"1","guid":"37658bee-fef2-4b73-8565-c871b2b2ed25","growth_activity":"0"},{"id":"4191","courseId":"78","type":"7","summary":"This is a text input","index":"3","json":"{\\\\\\\"type\\\\\\\":7,\\\\\\\"input\\\\\\\":{\\\\\\\"type\\\\\\\":1,\\\\\\\"prompt\\\\\\\":\\\\\\\"This is a text input\\\\\\\",\\\\\\\"locked\\\\\\\":false}}","lite":"1","guid":"0da4b94f-ac60-4fc8-bb81-f60fe1cf785f","growth_activity":"0"},{"id":"4192","courseId":"78","type":"7","summary":"This is a words input","index":"4","json":"{\\\\\\\"type\\\\\\\":7,\\\\\\\"input\\\\\\\":{\\\\\\\"type\\\\\\\":2,\\\\\\\"prompt\\\\\\\":\\\\\\\"This is a words input with 7 words\\\\\\\",\\\\\\\"locked\\\\\\\":false,\\\\\\\"time\\\\\\\":3,\\\\\\\"in\\\\\\\":2,\\\\\\\"out\\\\\\\":3,\\\\\\\"count\\\\\\\":7,\\\\\\\"characters\\\\\\\":26}}","lite":"1","guid":"cd1829f5-4b66-41f5-ac52-918e5b8453d2","growth_activity":"0"},{"id":"4193","courseId":"78","type":"7","summary":"This is a number","index":"5","json":"{\\\\\\\"type\\\\\\\":7,\\\\\\\"input\\\\\\\":{\\\\\\\"type\\\\\\\":3,\\\\\\\"prompt\\\\\\\":\\\\\\\"Enter a number between 10 and 100\\\\\\\",\\\\\\\"locked\\\\\\\":false,\\\\\\\"text\\\\\\\":\\\\\\\"$##1##\\\\\\\",\\\\\\\"numbers\\\\\\\":[{\\\\\\\"value\\\\\\\":75,\\\\\\\"min\\\\\\\":10,\\\\\\\"max\\\\\\\":100}]}}","lite":"1","guid":"f7e19e83-181d-40ef-8678-14090787425d","growth_activity":"0"},{"id":"4194","courseId":"78","type":"7","summary":"True and false","index":"6","json":"{\\\\\\\"type\\\\\\\":7,\\\\\\\"input\\\\\\\":{\\\\\\\"type\\\\\\\":5,\\\\\\\"prompt\\\\\\\":\\\\\\\"This is a true false\\\\\\\",\\\\\\\"locked\\\\\\\":false,\\\\\\\"text\\\\\\\":\\\\\\\"Is this correct ##1##\\\\\\\",\\\\\\\"booleans\\\\\\\":[{\\\\\\\"value\\\\\\\":true,\\\\\\\"correct\\\\\\\":\\\\\\\"Yes\\\\\\\",\\\\\\\"wrong\\\\\\\":\\\\\\\"No\\\\\\\"}]}}","lite":"1","guid":"83c1f652-b3d6-4596-a66a-226659e60d52","growth_activity":"0"},{"id":"4197","courseId":"78","type":"4","summary":"b","index":"9","json":"{ \\\\\\\"type\\\\\\\":4}","lite":"1","guid":"27f2d7d8-8438-45ad-9a9a-dd1fccc3cd56","growth_activity":"0"},{"id":"4198","courseId":"78","type":"2","summary":"chapter 1","index":"10","json":"{\\\\\\\"type\\\\\\\":2}","lite":"1","guid":"bed9efcf-a10b-44e4-921f-d8a5319066ff","growth_activity":"0"},{"id":"4199","courseId":"78","type":"1","summary":"Chapter 2","index":"11","json":"{\\\\\\\"type\\\\\\\":1,\\\\\\\"intro\\\\\\\":{\\\\\\\"title\\\\\\\":\\\\\\\"Chapter 2 title\\\\\\\",\\\\\\\"description\\\\\\\":\\\\\\\"You are doing really well to get to this stage. \\\\\\\",\\\\\\\"image\\\\\\\":\\\\\\\"\\\\\\\"}}","lite":"1","guid":"13773a97-e83f-4045-9b9e-bb6ed7fbf246","growth_activity":"0"},{"id":"4201","courseId":"78","type":"10","summary":"Drag and drop","index":"13","json":"{\\\\\\\"type\\\\\\\":10,\\\\\\\"dragdrop\\\\\\\":{\\\\\\\"timer\\\\\\\":53,\\\\\\\"layout\\\\\\\":0,\\\\\\\"goals\\\\\\\":[{\\\\\\\"isImage\\\\\\\":true,\\\\\\\"text\\\\\\\":\\\\\\\"van\\\\\\\",\\\\\\\"image\\\\\\\":\\\\\\\"7653DB74-E2B3-7B9E-B08F-842B4E071941.png\\\\\\\"},{\\\\\\\"isImage\\\\\\\":true,\\\\\\\"image\\\\\\\":\\\\\\\"AA41204A-91F4-0E49-B4B0-8F5A1E7DC8A8.png\\\\\\\",\\\\\\\"text\\\\\\\":\\\\\\\"orange car\\\\\\\"}],\\\\\\\"items\\\\\\\":[{\\\\\\\"goal\\\\\\\":1,\\\\\\\"isImage\\\\\\\":true,\\\\\\\"text\\\\\\\":\\\\\\\"yellow car\\\\\\\",\\\\\\\"image\\\\\\\":\\\\\\\"0D9B27E7-166E-81ED-83B4-F9F6D15C3A92.png\\\\\\\"},{\\\\\\\"goal\\\\\\\":2,\\\\\\\"isImage\\\\\\\":true,\\\\\\\"image\\\\\\\":\\\\\\\"AEC79ABF-4541-0DD2-EBF3-BBF91227F09E.png\\\\\\\",\\\\\\\"text\\\\\\\":\\\\\\\"red van\\\\\\\"},{\\\\\\\"goal\\\\\\\":1,\\\\\\\"isImage\\\\\\\":true,\\\\\\\"text\\\\\\\":\\\\\\\"sporty\\\\\\\",\\\\\\\"image\\\\\\\":\\\\\\\"B1BDE1C9-84DF-FE9E-2B89-F9CDEFF16B53.png\\\\\\\"},{\\\\\\\"goal\\\\\\\":2,\\\\\\\"isImage\\\\\\\":true,\\\\\\\"text\\\\\\\":\\\\\\\"green\\\\\\\",\\\\\\\"image\\\\\\\":\\\\\\\"875E636E-F53C-6CB1-4707-8613EEC10045.png\\\\\\\"}],\\\\\\\"prompt\\\\\\\":\\\\\\\"Drag each item to the correct learning goal\\\\\\\"},\\\\\\\"feedback\\\\\\\":[\\\\\\\"Congratulations\\\\\\\",\\\\\\\"Loser\\\\\\\"],\\\\\\\"score\\\\\\\":\\\\\\\"100\\\\\\\",\\\\\\\"gems\\\\\\\":\\\\\\\"1\\\\\\\"}","lite":"1","guid":"60d11760-1eac-47fa-b6f7-7f8d1d02da09","growth_activity":"0"},{"id":"4202","courseId":"78","type":"14","summary":"Question","index":"14","json":"{\\\\\\\"type\\\\\\\":14,\\\\\\\"question\\\\\\\":{\\\\\\\"timer\\\\\\\":49,\\\\\\\"multiplechoice\\\\\\\":true,\\\\\\\"answers\\\\\\\":[{\\\\\\\"correct\\\\\\\":false,\\\\\\\"text\\\\\\\":\\\\\\\"Answer 1\\\\\\\"},{\\\\\\\"correct\\\\\\\":true,\\\\\\\"text\\\\\\\":\\\\\\\"Answer 2\\\\\\\"},{\\\\\\\"correct\\\\\\\":false,\\\\\\\"text\\\\\\\":\\\\\\\"Answer 3\\\\\\\"},{\\\\\\\"correct\\\\\\\":false,\\\\\\\"text\\\\\\\":\\\\\\\"Answer 4\\\\\\\"}],\\\\\\\"text\\\\\\\":\\\\\\\"This is a question. Answer 2 is correct. \\\\\\\"},\\\\\\\"feedback\\\\\\\":[\\\\\\\"Great\\\\\\\",\\\\\\\"Rubbish\\\\\\\"],\\\\\\\"score\\\\\\\":\\\\\\\"100\\\\\\\",\\\\\\\"gems\\\\\\\":0}","lite":"1","guid":"6e3d3c27-2ccd-4b93-a708-bbe5fecd3b32","growth_activity":"0"},{"id":"4203","courseId":"78","type":"9","summary":"This is a wordfill","index":"15","json":"{\\\\\\\"type\\\\\\\":9,\\\\\\\"wordfill\\\\\\\":{\\\\\\\"words\\\\\\\":[\\\\\\\"succeed\\\\\\\",\\\\\\\"fear\\\\\\\",\\\\\\\"willpower\\\\\\\",\\\\\\\"stare\\\\\\\",\\\\\\\"definite\\\\\\\"],\\\\\\\"text\\\\\\\":\\\\\\\"To ##1## at what you want, you must choose a ##5## goal, and place all your energy, ##3## and effort behind that goal.\\\\\\\",\\\\\\\"timer\\\\\\\":26},\\\\\\\"feedback\\\\\\\":[\\\\\\\"This is the panel that will be displayed if the user passes the Blink\\\\\\\",\\\\\\\"Whoops\\\\\\\"],\\\\\\\"score\\\\\\\":\\\\\\\"120\\\\\\\",\\\\\\\"gems\\\\\\\":\\\\\\\"2\\\\\\\"}","lite":"1","guid":"850947f8-8087-4b99-a853-7f5b5a7e3e92","growth_activity":"0"},{"id":"4206","courseId":"78","type":"2","summary":"end","index":"18","json":"{\\\\\\\"type\\\\\\\":6}","lite":"1","guid":"0bf0e2d0-343a-4958-9a1a-a27bd751237f","growth_activity":"0"}]