[{"id":"275981","courseId":"282","type":"1","summary":"Introduction","index":"0","json":"{\"type\":1,\"intro\":{\"title\":\"Introduction\",\"description\":\"This Blink Course is a new way to experience Wallace Wattles classic The Science of Getting Rich. Written in 1910 this book was one of the first to be written on the psychology of getting rich and on what has been called The Law of Attraction. Since it&#39;s publication, this book has changed countless lives and through this course, it can change your life.&#10;&#10;&#10;&#10;&#10;&#10;&#10;&#10;If you follow his instructions and commit to his program, you may find yourself moving towards your dreams - as they move towards you.\",\"image\":\"DE86157A-D1CF-3911-2268-8BCB7485A10C.png\"},\"dossier\":false}","lite":"0","guid":"6ee52b94-0d63-4e1a-9ef2-a384af022054","growth_activity":"0"},{"id":"275982","courseId":"282","type":"3","summary":"Wattles' Preface","index":"1","json":"{\"type\":3,\"intro\":{\"title\":\"Wattles&#39; Preface\",\"description\":\"Blink courses serve up content in small chunks (called Blinks) and arrange those Blinks into short sequences (called Bursts). This first Burst is about Wattles preface to the book, and you can earn two gems. Gems reflect how well you understand the material.&#10;&#10;&#10;&#10;&#10;&#10;&#10;&#10;&#10;To unlock the next Burst, you must accumulate at least 30 points.\",\"image\":\"C2F4D467-FE4E-3D12-55F2-47C8BC8645C5.png\",\"sound\":\"\",\"volume\":50},\"unlockscore\":0,\"quicklink\":false,\"quotation\":\"\"}","lite":"0","guid":"12be4181-e741-49c7-b8a8-65b9ea81211f","growth_activity":"0"},{"id":"275983","courseId":"282","type":"9","summary":"Pragmatical, not Philosophical","index":"2","json":"{\"type\":9,\"wordfill\":{\"text\":\"It is ##2## for men and women whose pressing ##1## is for ##4##; who wish to ##3## first, and ##5## afterwards.\",\"prompt\":\"Wattles said that his book was pragmatical, not philosophical. He said:\",\"sound\":\"\",\"words\":[\"need\",\"intended\",\"get rich\",\"money\",\"philosophize\"],\"timer\":60},\"feedback\":[\"Yes, it is for those who want results and are willing to take the conclusions of science as a basis for action.\",\"It is intended for men and women whose pressing need is for money; who want to get rich first and philosophize afterwards - for those who want results and are willing to take the conclusions of science as their basis for action.\"],\"score\":\"100\",\"gems\":\"1\"}","lite":"0","guid":"185c0b9c-f064-4db4-9b7a-67b749446dfd","growth_activity":"0"},{"id":"275984","courseId":"282","type":"12","summary":"Faith and Action","index":"3","json":"{\"type\":12,\"orderitems\":{\"slots\":[\"Beginning of statement\",\"\",\"\",\"\",\"\",\"End of statement\"],\"items\":[{\"text\":\"Every man or woman\",\"slot\":1},{\"text\":\"who does this will\",\"slot\":2},{\"text\":\"certainly get rich;\",\"slot\":3},{\"text\":\"for this is an exact\",\"slot\":4},{\"text\":\"science and failure\",\"slot\":5},{\"text\":\"is impossible.\",\"slot\":6}],\"ordered\":true,\"timer\":60,\"sound\":\"\",\"prompt\":\"It is expected that you will take the fundamental statements in this course upon faith and act on them without fear or hesitation. &#10;&#10;As Wattles said:\"},\"feedback\":[\"\",\"\"],\"score\":\"120\",\"gems\":\"1\"}","lite":"0","guid":"0847f5e1-1ae8-4345-b84f-813760475983","growth_activity":"0"},{"id":"275985","courseId":"282","type":"10","summary":"Monistic Theory of the Universe","index":"4","json":"{\"type\":10,\"dragdrop\":{\"timer\":60,\"layout\":0,\"goals\":[{\"isImage\":false,\"text\":\"Monistic Theory of the Universe\",\"image\":\"\"}],\"items\":[{\"goal\":1,\"isImage\":true,\"text\":\"One substance\",\"image\":\"DF281346-06F5-D50F-000D-81E6F886D5C2.png\",\"feedback\":[\"This philosophy states that one substance manifests itself as the seeming many elements of the material world. That all is one and one is all. This idea is key to the Science of Getting Rich.\",\"\"]},{\"goal\":1,\"isImage\":true,\"text\":\"Hindu Origins\",\"image\":\"6E73089B-727C-9C07-EC8E-E3E63BC88E7F.png\",\"feedback\":[\"The monistic philosophy has its origins in ancient Hindu and other eastern philosophies. At the time of Wattles&#39; writing, these ancient ideas had been slowly making headway in the west for a few hundred years, often referred to as the New Thought Movement, of which Wattles was an major contributor.\",\"\"]},{\"goal\":1,\"isImage\":true,\"text\":\"Descartes, Hegel, Emerson\",\"image\":\"A55BC3EB-8D25-99F9-7988-9A692B935702.png\",\"feedback\":[\"Wattles sites Descartes, Hegel and Emerson as among his major influences. He advises the curious reader to explore these writers for themselves.\",\"\"]}],\"prompt\":\"Wattles tells us that his philosophy is based on the monistic theory of the universe. &#10;&#10;Drag all to this theory and learn more.\",\"sound\":\"\"},\"feedback\":[\"\",\"\"],\"score\":\"60\",\"gems\":\"1\"}","lite":"0","guid":"5ada2aae-6651-4f58-b91b-97fe66913f91","growth_activity":"0"},{"id":"275986","courseId":"282","type":"6","summary":"The Book is Included","index":"5","json":"{\"type\":6,\"image\":\"\",\"presentation\":[{\"text\":\"DO IT - IT WORKS\",\"in\":1,\"time\":1,\"sound\":\"\",\"size\":2,\"color\":\"#FF9500\"},{\"text\":\"The plan of action in this course works. If you wish to reap the benefits go through the course and do exactly as it tells you to do. As Wattles says, &#34;Failure is impossible.&#34;\",\"in\":1,\"time\":2,\"sound\":\"\"},{\"text\":\"If you want to read the book, a digital copy is included as an Activity in this course. To access it, finish this Burst, then touch the three line icon in the upper left and choose Activities from the menu. \",\"in\":1,\"time\":3,\"sound\":\"\"}]}","lite":"0","guid":"c72a1882-27a1-4928-a674-7742348fee89","growth_activity":"0"},{"id":"275987","courseId":"282","type":"4","summary":"The Right To Be Rich","index":"6","json":"{ \"type\":4}","lite":"0","guid":"a719da16-b318-4332-9a4c-4fae15e51d4d","growth_activity":"0"},{"id":"275988","courseId":"282","type":"2","summary":"Unit 1","index":"7","json":"{ \"type\":2}","lite":"0","guid":"1ca633f3-cb22-48db-8cda-1718d207640d","growth_activity":"0"},{"id":"275989","courseId":"282","type":"1","summary":"The Right to be Rich","index":"8","json":"{\"type\":1,\"intro\":{\"title\":\"The Right to Be Rich\",\"description\":\"The object of life is development. Without riches, one cannot fully develop in mind, body and soul. And to be content with less would be sinful. For unexpressed possibility equals unsatisfied desire. So, you must study the science of getting rich to make the most of yourself.&#10;&#10;&#10;&#10;&#10;&#10;&#10;And you must believe that you have the right to be rich.\",\"image\":\"\"},\"dossier\":false}","lite":"0","guid":"cdcce64e-c3f8-4b90-8a61-f74afb0a1e12","growth_activity":"0"},{"id":"275990","courseId":"282","type":"3","summary":"The Object of Life is Development","index":"9","json":"{\"type\":3,\"intro\":{\"title\":\"The Object of Life is Development\",\"description\":\"Whatever may be said in praise of poverty, the fact remains that it is not possible to live a really complete or successful life unless one is rich. No man can rise to his greatest possible height in talent or soul development unless he has plenty of money; for to unfold the soul and to develop talent he must have many things to use, and he cannot have these things unless he has money to buy them with. \",\"image\":\"\",\"sound\":\"\",\"volume\":50},\"unlockscore\":0,\"quicklink\":false,\"quotation\":\"\"}","lite":"0","guid":"4453956b-7396-4e70-8e38-fd839973d743","growth_activity":"0"},{"id":"275991","courseId":"282","type":"14","summary":"Science of Getting Rich","index":"10","json":"{\"type\":14,\"question\":{\"timer\":60,\"multiplechoice\":true,\"answers\":[{\"correct\":true,\"text\":\"getting rich\",\"feedback\":\"Yes.\"},{\"correct\":false,\"text\":\"staying poor\",\"feedback\":\"No, the basis of all advancement must be the science of getting rich.\"}],\"sound\":\"\",\"text\":\"You develop in mind, soul, and body by making use of things, and society is so organized that you must have money in order to become the possessor of things.&#10;&#10;Therefore, the basis of all advancement must be the science of __________. \"},\"feedback\":[\"\",\"\"],\"score\":\"20\",\"gems\":\"0\"}","lite":"0","guid":"e6384ae9-bf34-45f6-b36e-25759bc4f2cf","growth_activity":"0"},{"id":"275992","courseId":"282","type":"14","summary":"Development in Life","index":"11","json":"{\"type\":14,\"question\":{\"timer\":60,\"multiplechoice\":true,\"answers\":[{\"correct\":false,\"text\":\"to be poor\",\"feedback\":\"No, your right to be rich.\"},{\"correct\":true,\"text\":\"to be rich\",\"feedback\":\"Yes.\"}],\"sound\":\"\",\"text\":\"The object of all life is development; and everything that lives has an inalienable right to all the development it is capable of attaining. Your right to life means your right to have the free and unrestricted use of all the things which may be necessary to your fullest mental, spiritual, and physical unfoldment.&#10;&#10;In other words, your right _______. &#10;&#10;\"},\"feedback\":[\"\",\"\"],\"score\":\"20\",\"gems\":\"0\"}","lite":"0","guid":"625f0afd-0593-45ed-81a2-6d803a89a864","growth_activity":"0"},{"id":"275993","courseId":"282","type":"14","summary":"More","index":"12","json":"{\"type\":14,\"question\":{\"timer\":60,\"multiplechoice\":true,\"answers\":[{\"correct\":true,\"text\":\"more\",\"feedback\":\"Yes.\"},{\"correct\":false,\"text\":\"less\",\"feedback\":\"No, you ought not to be satisfied with a little if you are capable of using and enjoying more.\"}],\"sound\":\"\",\"text\":\"In this course, we shall not speak of riches in a figurative way. To be really rich does not mean to be satisfied or contented with a little. You ought not to be satisfied with a little if you are capable of using and enjoying _____.\"},\"feedback\":[\"\",\"\"],\"score\":\"20\",\"gems\":\"1\"}","lite":"0","guid":"a67b5bd1-c061-4bd8-8b87-c8343f13d729","growth_activity":"0"},{"id":"275994","courseId":"282","type":"4","summary":"Chapter 1 - Part 1","index":"13","json":"{ \"type\":4}","lite":"0","guid":"f29388a2-4deb-4826-9528-b2b60922e977","growth_activity":"0"},{"id":"275995","courseId":"282","type":"3","summary":"To be content with less is sinful","index":"14","json":"{\"type\":3,\"intro\":{\"title\":\"To be content with less is sinful\",\"description\":\"\",\"image\":\"\",\"sound\":\"\",\"volume\":50},\"unlockscore\":0,\"quicklink\":false,\"quotation\":\"\"}","lite":"0","guid":"0d28eafa-3974-4cf6-8c70-a4935d55037a","growth_activity":"0"},{"id":"275996","courseId":"282","type":"14","summary":"Sinful","index":"15","json":"{\"type\":14,\"question\":{\"timer\":60,\"multiplechoice\":true,\"answers\":[{\"correct\":true,\"text\":\"sinful\",\"feedback\":\"Yes.\"},{\"correct\":false,\"text\":\"noble\",\"feedback\":\"No, to be content with less is sinful.\"}],\"sound\":\"\",\"text\":\"The purpose of Nature is the advancement and unfoldment of life and you should have all that can contribute to the power, elegance, beauty, and richness of life.&#10;&#10;To be content with less is _______. \"},\"feedback\":[\"\",\"\"],\"score\":\"20\",\"gems\":0}","lite":"0","guid":"defeedde-5d5f-4991-beae-5519db3bb084","growth_activity":"0"},{"id":"275997","courseId":"282","type":"14","summary":"All You Want","index":"16","json":"{\"type\":14,\"question\":{\"timer\":60,\"multiplechoice\":true,\"answers\":[{\"correct\":false,\"text\":\"need\",\"feedback\":\"No, unless you have plenty of money, you can&#39;t have all you want.\"},{\"correct\":true,\"text\":\"want\",\"feedback\":\"Yes.\"}],\"sound\":\"\",\"text\":\"If you have all you want for the living of all the life you are capable of living, then you are rich.&#10;&#10;But unless you have plenty of money, you can&#39;t have all you _____.\"},\"feedback\":[\"\",\"\"],\"score\":\"20\",\"gems\":0}","lite":"0","guid":"3139cf86-df28-481e-b84d-5b81b1770c71","growth_activity":"0"},{"id":"275998","courseId":"282","type":"14","summary":"All You Can Be","index":"17","json":"{\"type\":14,\"question\":{\"timer\":60,\"multiplechoice\":true,\"answers\":[{\"correct\":true,\"text\":\"all that you can be\",\"feedback\":\"Yes.\"},{\"correct\":false,\"text\":\"a little better than average\",\"feedback\":\"No, you cannot help wanting to be all that you can be.\"}],\"sound\":\"\",\"text\":\"Every person naturally wants to become all that they are capable of becoming. This desire to realize innate possibilities is inherent in human nature.&#10;&#10;You cannot help wanting to be _____________. \"},\"feedback\":[\"\",\"\"],\"score\":\"20\",\"gems\":0}","lite":"0","guid":"75304073-a3d8-4ea9-b934-5dec217e48f8","growth_activity":"0"},{"id":"275999","courseId":"282","type":"14","summary":"Essential Knowledge","index":"18","json":"{\"type\":14,\"question\":{\"timer\":60,\"multiplechoice\":true,\"answers\":[{\"correct\":true,\"text\":\"knowledge\",\"feedback\":\"Yes.\"},{\"correct\":false,\"text\":\"myths\",\"feedback\":\"No, to understand the science of getting rich is therefore the most essential of all knowledge.\"}],\"sound\":\"\",\"text\":\"Success in life is becoming what you want to be. You can become what you want to be only by making use of things, and you can have the free use of things only as you become rich enough to buy them. &#10;&#10;To understand the science of getting rich is therefore the most essential of all _______. \"},\"feedback\":[\"\",\"\"],\"score\":\"20\",\"gems\":0}","lite":"0","guid":"5a53ef1e-695d-49a6-9677-02fcd7a3d0da","growth_activity":"0"},{"id":"276000","courseId":"282","type":"14","summary":"Abnormal","index":"19","json":"{\"type\":14,\"question\":{\"timer\":60,\"multiplechoice\":true,\"answers\":[{\"correct\":false,\"text\":\"a blessing\",\"feedback\":\"No, not desiring to have money enough to buy all you want is abnormal.\"},{\"correct\":true,\"text\":\"abnormal\",\"feedback\":\"Yes.\"}],\"sound\":\"\",\"text\":\"There is nothing wrong in wanting to get rich. The desire for riches is really the desire for a richer, fuller, and more abundant life; and that desire is praise worthy. If you did not desire to live more abundantly, it would be abnormal.&#10;&#10;So, not desiring to have money enough to buy all you want is _________. \"},\"feedback\":[\"\",\"\"],\"score\":\"20\",\"gems\":\"1\"}","lite":"0","guid":"de97464f-7c24-4897-950c-aa1c5600b0e3","growth_activity":"0"},{"id":"276001","courseId":"282","type":"4","summary":"To be content with less is sinful","index":"20","json":"{ \"type\":4}","lite":"0","guid":"b4f5ac79-0586-4840-8fa2-bf121ca2282c","growth_activity":"0"},{"id":"276002","courseId":"282","type":"3","summary":"Unexpressed  Possibility equals Unsatisfied Desire","index":"21","json":"{\"type\":3,\"intro\":{\"title\":\"Unexpressed  Possibility equals Unsatisfied Desire\",\"description\":\"\",\"image\":\"\",\"sound\":\"\",\"volume\":50},\"unlockscore\":0,\"quicklink\":false,\"quotation\":\"\"}","lite":"0","guid":"43037475-db1b-41a2-ad5b-40433ae590b0","growth_activity":"0"},{"id":"276003","courseId":"282","type":"14","summary":"Three Motives","index":"22","json":"{\"type\":14,\"question\":{\"timer\":60,\"multiplechoice\":true,\"answers\":[{\"correct\":false,\"text\":\"more efficient than trying for all three.\",\"feedback\":\"No, to live only for the soul and deny mind or body, or to live for the intellect and deny body or soul, is not right or noble.\"},{\"correct\":true,\"text\":\"not right or noble\",\"feedback\":\"Yes.\"}],\"sound\":\"\",\"text\":\"There are three motives for which we live; we live for the body, we live for the mind, we live for the soul. No one of these is better or holier than the other; all are alike desirable, and no one of the three - body, mind, or soul - can live fully if either of the others is cut short of full life and expression. &#10;&#10;To live only for the soul and deny mind or body, or to live for the intellect and deny body or soul, is _________. \"},\"feedback\":[\"\",\"\"],\"score\":\"20\",\"gems\":0}","lite":"0","guid":"cc0bdeeb-3e5f-4589-9d7a-bc3b206d50b0","growth_activity":"0"},{"id":"276004","courseId":"282","type":"6","summary":"To Live Fully","index":"23","json":"{\"type\":6,\"image\":\"\",\"presentation\":[{\"text\":\"For You to Live Fully\",\"in\":1,\"time\":1,\"sound\":\"\",\"color\":\"#256ED7\"},{\"text\":\"You cannot live fully in body without good food, comfortable clothing, and warm shelter; and without freedom from excessive toil. Rest and recreation are also necessary to your physical life. \",\"in\":0,\"time\":2,\"sound\":\"\"},{\"text\":\"You cannot live fully in mind without books and time to study them, without opportunity for travel and observation, or without intellectual companionship. \",\"in\":0,\"time\":2,\"sound\":\"\"},{\"text\":\"To live fully in mind you must have intellectual recreations, and must surround yourself with all the objects of art and beauty you are capable of using and appreciating.\",\"in\":1,\"time\":2,\"sound\":\"\"},{\"text\":\"To live fully in soul, you must have love; and love is denied expression by poverty. \",\"in\":1,\"time\":2,\"sound\":\"\"}]}","lite":"0","guid":"de690717-9350-41b0-8b1b-063249791435","growth_activity":"0"},{"id":"276005","courseId":"282","type":"14","summary":"Living Fully","index":"24","json":"{\"type\":14,\"question\":{\"timer\":60,\"multiplechoice\":true,\"answers\":[{\"correct\":true,\"text\":\"living fully\",\"feedback\":\"Yes.\"},{\"correct\":false,\"text\":\"out of balance\",\"feedback\":\"No, you cannot be really happy or satisfied unless your body, mind and soul are living fully.\"}],\"sound\":\"\",\"text\":\"We are all acquainted with the loathsome consequences of living for the body and denying both mind and soul; and we see that real life means the complete expression of all that one can give forth through body, mind, and soul. &#10;&#10;Whatever you can say, you cannot be really happy or satisfied unless your body, mind and soul are each _________.\"},\"feedback\":[\"\",\"\"],\"score\":\"20\",\"gems\":0}","lite":"0","guid":"4b9adcd2-3815-4478-a708-7a1ff7f8400f","growth_activity":"0"},{"id":"276006","courseId":"282","type":"14","summary":"Unsatisfied Desire","index":"25","json":"{\"type\":14,\"question\":{\"timer\":60,\"multiplechoice\":true,\"answers\":[{\"correct\":true,\"text\":\"unsatisfied desire\",\"feedback\":\"Yes.\"},{\"correct\":false,\"text\":\"too much money\",\"feedback\":\"No, you will not be living fully if you have unsatisfied desire.\"}],\"sound\":\"\",\"text\":\"Wherever there is unexpressed possibility, or function not performed, there is unsatisfied desire. Desire is possibility seeking expression, or function seeking performance. &#10;&#10;You will not be living fully if you have _________.\"},\"feedback\":[\"\",\"\"],\"score\":\"20\",\"gems\":\"1\"}","lite":"0","guid":"2cacdaff-a7ed-4448-988b-e0652c4d26b2","growth_activity":"0"},{"id":"276007","courseId":"282","type":"4","summary":"Unexpressed  Possibility equals Unsatisfied Desire","index":"26","json":"{ \"type\":4}","lite":"0","guid":"49515ecf-068d-4d2f-894d-f8c626168265","growth_activity":"0"},{"id":"276008","courseId":"282","type":"3","summary":"Make the Most of Yourself","index":"27","json":"{ \"type\":3}","lite":"0","guid":"6e2853ee-d1cf-45fa-9dab-46ebb1c1bf40","growth_activity":"0"},{"id":"276009","courseId":"282","type":"14","summary":"Highest Happiness","index":"28","json":"{\"type\":14,\"question\":{\"timer\":60,\"multiplechoice\":true,\"answers\":[{\"correct\":true,\"text\":\"rich\",\"feedback\":\"Yes.\"},{\"correct\":false,\"text\":\"constantly struggling to make ends meet\",\"feedback\":\"No, it is of supreme importance to you that you should be rich.\"}],\"sound\":\"\",\"text\":\"Your highest happiness is found in the bestowal of benefits on those you love; love finds its most natural and spontaneous expression in giving. If you have nothing to give, you cannot fill your place as spouse or parent, as a citizen, or as a person on this Earth. It is in the use of material things that you will find full life for your body, develop your mind, and unfold your soul. &#10;&#10;It is therefore of supreme importance to you that you should be ________. \"},\"feedback\":[\"\",\"\"],\"score\":\"20\",\"gems\":0}","lite":"0","guid":"dc6d5e34-1e2e-47d2-b5f2-0e20e35b71e2","growth_activity":"0"},{"id":"276010","courseId":"282","type":"14","summary":"Noblest and Most Necessary","index":"29","json":"{\"type\":14,\"question\":{\"timer\":60,\"multiplechoice\":true,\"answers\":[{\"correct\":false,\"text\":\"basest and least necessary\",\"feedback\":\"No, it is the noblest and most necessary.\"},{\"correct\":true,\"text\":\"noblest and most necessary\",\"feedback\":\"Yes.\"}],\"sound\":\"\",\"text\":\"It is perfectly right that you should desire to be rich; if you are a normal man or woman you cannot help doing so. It is perfectly right that you should give your best attention to the Science of Getting Rich, for of all studies, it is the __________. \"},\"feedback\":[\"\",\"\"],\"score\":\"20\",\"gems\":0}","lite":"0","guid":"4d186817-d622-4398-a01f-8f7e9d42bd18","growth_activity":"0"},{"id":"276011","courseId":"282","type":"14","summary":"No Greater Service","index":"30","json":"{\"type\":14,\"question\":{\"timer\":60,\"multiplechoice\":true,\"answers\":[{\"correct\":true,\"text\":\"make the most of yourself\",\"feedback\":\"Yes.\"},{\"correct\":false,\"text\":\"suffer in poverty\",\"feedback\":\"No, you can render to God and humanity no greater service than to make the most of yourself.\"}],\"sound\":\"\",\"text\":\"If you neglect the study of the Science of Getting Rich, you are derelict in your duty to yourself, to God and humanity; for you can render to God and humanity no greater service than to __________. \"},\"feedback\":[\"\",\"\"],\"score\":\"20\",\"gems\":\"1\"}","lite":"0","guid":"c959fffa-b099-42be-97ef-d20c94a7f521","growth_activity":"0"},{"id":"276012","courseId":"282","type":"4","summary":"Make the Most of Yourself","index":"31","json":"{ \"type\":4}","lite":"0","guid":"f3477523-33ec-4f1b-8c07-d9fd17dcc7be","growth_activity":"0"},{"id":"276013","courseId":"282","type":"2","summary":"The Right to Be Rich","index":"32","json":"{ \"type\":2}","lite":"0","guid":"b0b8bef4-16e7-4596-82cf-cc812fe87759","growth_activity":"0"},{"id":"276014","courseId":"282","type":"1","summary":"There is a Science to Getting Rich","index":"33","json":"{\"type\":1,\"intro\":{\"title\":\"There is a Science to Getting Rich\",\"description\":\"\",\"image\":\"\"},\"dossier\":false}","lite":"0","guid":"20aeb0c6-0549-4d5c-bd20-f31ed8e7b4eb","growth_activity":"0"},{"id":"276015","courseId":"282","type":"3","summary":"A Certain Way","index":"34","json":"{\"type\":3,\"intro\":{\"title\":\"A Certain Way\",\"description\":\"\",\"image\":\"\",\"sound\":\"\",\"volume\":50},\"unlockscore\":0,\"quicklink\":false,\"quotation\":\"\"}","lite":"0","guid":"2cc6bfab-a324-4fde-a172-b819ca425fc9","growth_activity":"0"},{"id":"276016","courseId":"282","type":"4","summary":"A Certain Way","index":"35","json":"{ \"type\":4}","lite":"0","guid":"66f3bb23-d2a9-4183-aeeb-27c53a17572f","growth_activity":"0"},{"id":"276017","courseId":"282","type":"2","summary":"There is a Science to Getting Rich","index":"36","json":"{ \"type\":2}","lite":"0","guid":"879823d3-e7bb-4cfc-9b88-adb9380718de","growth_activity":"0"}]