[{"id":"88226","courseId":"216","type":"1","summary":"Advantages and Elements of Confident Communication","index":"0","json":"{\"type\":3,\"intro\":{\"title\":\"Advantages and Elements of Confident Communication\",\"description\":\"Success in any area of your life, professional as well as personal, must rest on a foundation of effective communication skills. You must be able to say what you mean to get what you need and to make a positive contribution to your organization. This Blink course will help you to become a more confident communicator.&#10;&#10;&#10;&#10;&#10;&#10;&#10;&#10;Touch Next to start on your way.\",\"image\":\"16CA5FB5-F167-CC5A-C85B-41FC97FCEB7F.png\",\"sound\":\"\",\"volume\":50},\"unlockscore\":0,\"quicklink\":false,\"quotation\":\"\",\"dossier\":true}","lite":"1","guid":"2b576205-31e3-45f3-9125-4f8e5a446cac","growth_activity":"0"},{"id":"88227","courseId":"216","type":"3","summary":"With Confidence","index":"1","json":"{\"type\":20,\"multiple\":{\"timer\":0,\"answers\":[{\"correct\":true,\"text\":\"Having the ability to accept feedback from others.\",\"feedback\":\"\"},{\"correct\":true,\"text\":\"Maintaining good posture and open body language.\",\"feedback\":\"\"},{\"correct\":false,\"text\":\"Being able to command attention from others.\",\"feedback\":\"\"},{\"correct\":true,\"text\":\"Being accurate when describing your capabilities and skills.\",\"feedback\":\"\"},{\"correct\":false,\"text\":\"Hiding mistakes you&#39;ve made from others.\",\"feedback\":\"\"}],\"sound\":\"\",\"text\":\"Which of these behaviors demonstrate essential elements of confident communication?\"},\"feedback\":[\"Correct. Well done.\",\"That&#39;s incorrect. Note the correct answers.\"],\"score\":\"50\",\"gems\":0,\"intro\":{\"title\":\"With Confidence\",\"description\":\"Blink courses serve up content in small chunks (called Blinks) and arrange those Blinks into short sequences (called Bursts). In this first Burst, we&#39;ll overview the major concepts of this course, and you can earn two gems. Gems reflect how well you understand the material.&#10;&#10;&#10;&#10;&#10;&#10;&#10;&#10;&#10;To unlock the next Burst, you must accumulate at least 20 points (note the &#39;Target&#39; to the left). Touch Start to begin.\",\"image\":\"E09A3642-31A8-E094-D6A5-E2476713C9E3.png\",\"sound\":\"87DD7465-EC28-FEEF-EEA1-409A43B7EE21.mp3\",\"volume\":16},\"unlockscore\":\"200\",\"quicklink\":false,\"quotation\":\"\"}","lite":"1","guid":"a615c6de-d77b-4224-a93a-b0b1ee739a14","growth_activity":"0"},{"id":"88228","courseId":"216","type":"11","summary":"The Big Ideas","index":"2","json":"{\"type\":11,\"simon\":{\"prompt\":\"                                 THE BIG IDEAS\",\"sounds\":[\"2EC1C168-98B6-D108-EC26-4EF0C71CD783.mp3\",\"1870BAF9-7978-4632-F404-4236B5BC0FA5.mp3\",\"7D57FF7B-0ADB-F59F-A85C-EB51F14FF7AC.mp3\",\"DD4FD5FE-92F7-7351-A656-DA030396318F.mp3\",\"2C0BFDB8-5876-4925-A3A4-682BAAA0D37F.mp3\",\"E96EE0B0-60EC-1AFE-CC77-9B02A44C643D.mp3\",\"E2BB3266-A28B-1040-8BB5-5AE394447585.mp3\",\"08A809F6-9A75-B7F4-7342-19AA53DB21D5.mp3\",\"ADFC95E1-ABAA-FB3B-537E-8E09E884E3B5.mp3\",\"A1DC992E-1A72-6F83-F8DB-AABC4CBC2E81.mp3\",\"789103BA-F24C-51D5-3F61-F7B183FF684F.mp3\",\"9F548E16-BC2C-577A-5A60-819AE50F1923.mp3\"],\"phrase\":\"Build Confidence|Assert Yourself|Reduce Anxiety|Speak Freely|Listen Better|Contribute More\",\"wrong\":\"Resentment|Suspicion|Mistrust|Arrogance|Rejection|Frustration\",\"time\":0,\"score\":0,\"gems\":0,\"sound\":\"\"},\"feedback\":[\"This is an overview of where we&#39;re heading in this course - from learning to build your confidence to contributing more to your organization. To continue, touch Close to the right.\",\"This is an overview of where we&#39;re heading in this course - from learning to build your confidence to contributing more to your organization. To continue, touch Close to the right.\"],\"score\":\"600\",\"gems\":\"1\"}","lite":"1","guid":"082df8a0-16d2-459f-af6a-da40fb41fb17","growth_activity":"0"},{"id":"88229","courseId":"216","type":"13","summary":"Fact or Fiction","index":"3","json":"{\"type\":13,\"thisthat\":{\"questions\":[{\"text\":\"FACT OR FICTION&#10;&#10;What do you believe?&#10;&#10;With enough confidence you can go just about anywhere.\",\"correct\":\"Fact\",\"wrong\":\"Fiction\",\"value\":true,\"feedback\":[\"Yes, it&#39;s a fact. Confidence can help you to achieve your dreams. \",\"No, this is a fact. Many successful people will tell you that confidence was an important component in their ability  to succeed. \"]},{\"text\":\"FACT OR FICTION&#10;&#10;What do you believe?&#10;&#10;You can build your own confidence.\",\"correct\":\"Fact\",\"wrong\":\"Fiction\",\"value\":true,\"feedback\":[\"Yes, it&#39;s been proven that you can build your own confidence. In fact, studies have shown that &#39;fake it till you make it&#39; actually works. If you act confident, you will start to become more confident.\",\"No, this is a fact. Some people believe that we are born with all the confidence we&#39;ll ever muster. Not true. In fact, studies have shown that &#39;fake it till you make it&#39; actually works. If you act confident, you will start to become more confident.\"]},{\"text\":\"FACT OR FICTION&#10;&#10;What do you believe?&#10;&#10;The main reason to build confidence is to boss other people around and have them fear you. \",\"correct\":\"Fact\",\"wrong\":\"Fiction\",\"value\":false,\"feedback\":[\"Yes, this is the fantasy of non-confident people. The truth is that when you are confident, you don&#39;t need to boss anyone around. You will speak your mind, others will listen, and if your ideas are valid, people will respond positively.\",\"No, this is a fantasy of non-confident people. The truth is that when you are confident, you don&#39;t need to boss anyone around. You will speak your mind, others will listen, and if your ideas are valid, people will respond positively.\"]},{\"text\":\"FACT OR FICTION&#10;&#10;What do you believe?&#10;&#10;Learning to communicate well is one way to build your confidence and gain the confidence of others.\",\"correct\":\"Fact\",\"wrong\":\"Fiction\",\"value\":true,\"feedback\":[\"Yes, this is true. Communication is so basic to our lives that if we can become more confident in this area, it will color everything else we do. Speaking freely, without fear of what others might think, is powerful.\",\"No, this is a fact. Try it. Spend a day or even an hour speaking freely, without fear of what others might think, and you&#39;ll feel the difference. Now, don&#39;t be mean, just be assertive and ask for what you want.\"]},{\"text\":\"FACT OR FICTION&#10;&#10;What do you believe?&#10;&#10;When you&#39;re confident, you&#39;ll even listen better to other people.\",\"correct\":\"Fact\",\"wrong\":\"Fiction\",\"value\":true,\"feedback\":[\"Yes, this is true because when you&#39;re more confident, your perception of what others are saying is not distorted by your fears and anxiety. You hear and understand people more clearly.\",\"No, this is true as well. You see, when you&#39;re more confident, your perception of what others are saying is not distorted by your fears and anxiety. You hear and understand people more clearly.\"]}],\"timer\":0,\"noscore\":true},\"feedback\":[\"To sum up: the fact is, confidence can help you to reach your dreams. And learning to communicate better is one way to build your confidence. This is no fantasy and it&#39;s worth working at it!\",\"To sum up: the fact is, confidence can help you to reach your dreams. And learning to communicate better is one way to build your confidence. This is no fantasy and it&#39;s worth working at it!\"],\"score\":0,\"gems\":0}","lite":"1","guid":"0c2aa292-24bf-453a-803e-51e741777b1c","growth_activity":"0"},{"id":"88230","courseId":"216","type":"10","summary":"Confident Speaker","index":"4","json":"{\"type\":10,\"dragdrop\":{\"timer\":60,\"layout\":0,\"goals\":[{\"isImage\":true,\"text\":\"\",\"image\":\"9E76791E-5973-191B-7EEA-77C82C709B0E.png\"}],\"items\":[{\"goal\":1,\"isImage\":false,\"text\":\"She speaks freely\",\"image\":\"DB68BFE7-D054-763F-5669-BA1060CF417A.png\",\"feedback\":[\"Yes, as a confident communicator, Mary is now able to speak freely and this adds to the overall happiness in her life.\",\"\"]},{\"goal\":1,\"isImage\":false,\"text\":\"She has less anxiety\",\"image\":\"3674AB33-F3F4-5E56-C1EC-6C962AD0A91F.png\",\"feedback\":[\"Yes, as a confident communicator, Mary now has less anxiety when speaking to others and this frees her up to truly share ideas and feelings.\",\"\"]},{\"goal\":1,\"isImage\":false,\"text\":\"She lets herself be heard\",\"image\":\"8E002DC5-4637-EDC1-0758-C321EC118003.png\",\"feedback\":[\"Yes, as a confident communicator, Mary isn&#39;t standing in the way of herself. Instead, her message is front and center and being heard.\",\"\"]},{\"goal\":1,\"isImage\":false,\"text\":\"She listens better\",\"image\":\"36D03ECC-4BF8-721F-143B-061A626C7244.png\",\"feedback\":[\"Yes, as a confident communicator, Mary can listen better to other people because she is no longer listening through a veil of distortion and fear.\",\"\"]},{\"goal\":0,\"isImage\":false,\"text\":\"She misses opportunities\",\"image\":\"\",\"feedback\":[\"\",\"No, as a confident communicator, Mary is now more able to create opportunities and to take advantage of opportunities that come her way.\"]},{\"goal\":0,\"isImage\":false,\"text\":\"She is falling behind at work\",\"image\":\"\",\"feedback\":[\"\",\"No, as a confident communicator, Mary is now able to focus on moving forward in her personal and her professional life.\"]}],\"prompt\":\"Mary suffered anxiety and fear when speaking with others, but she took the time to build her confidence. Drag all the words that apply to her.\",\"sound\":\"\"},\"feedback\":[\"This course can help you to become a more confident communicator like Mary. And clearly it&#39;s worth working at because it can improve your life in many ways.\",\"This course can help you to become a more confident communicator like Mary. And clearly it&#39;s worth working at because it can improve your life in many ways.\"],\"score\":\"400\",\"gems\":\"1\"}","lite":"1","guid":"f0625145-ee80-48fa-9ec5-2d1c5b3c8149","growth_activity":"0"},{"id":"88231","courseId":"216","type":"7","summary":"How are you doing?","index":"5","json":"{\"type\":7,\"input\":{\"type\":7,\"prompt\":\"Think about your own confidence as a communicator. Rate yourself by moving the ball below right (more confident) or left (less confident). Then write about it. \",\"locked\":false,\"text\":\"\",\"isNumber\":false,\"useImages\":true,\"left\":\"AFF2029D-BECF-F899-4DA5-F22F17F97041.png\",\"right\":\"C019DB10-E215-2EDD-7C65-234626BACD30.png\",\"ideal\":50},\"feedback\":[\"This is the end of the first Burst. When you touch Close, you&#39;ll be sent to the Progress Screen. There, you can see how well you&#39;re doing. If you have reached the target score and unlocked the next Burst, you can play it. Otherwise, replay this Burst and try to earn more points.\",\"This is the end of the first Burst. When you touch Close, you&#39;ll be sent to the Progress Screen. There, you can see how well you&#39;re doing. If you have reached the target score and unlocked the next Burst, you can play it. Otherwise, replay this Burst and try to earn more points.\"],\"score\":\"0\",\"gems\":\"0\"}","lite":"1","guid":"95b8f4a6-3847-424e-9302-394f32153e2d","growth_activity":"0"},{"id":"88232","courseId":"216","type":"4","summary":"Burst 1","index":"6","json":"{ \"type\":4}","lite":"1","guid":"37b6931d-49f5-490b-9ad7-b8c88589c7e3","growth_activity":"0"},{"id":"88233","courseId":"216","type":"3","summary":"Without Confidence","index":"7","json":"{\"type\":3,\"intro\":{\"title\":\"Communicating without confidence\",\"description\":\"We all need to communicate with other people in both our business and personal lives. And sometimes we don&#39;t feel confident when communicating. That&#39;s when the unpleasant emotions can begin. In this Burst, we&#39;ll explore those feelings both from the point of view of the speaker as well as the listener.&#10;&#10;&#10;&#10;&#10;&#10;&#10;&#10;Note that in this Burst, you can earn one gem and that it will take 20 points to unlock the next Burst.\",\"image\":\"307E9803-C42A-DD7E-38FE-383E1B1E5488.png\",\"sound\":\"7E068C2B-94F0-A4ED-793F-132D7DC2D97D.mp3\",\"volume\":29},\"unlockscore\":\"200\",\"quicklink\":false,\"quotation\":\"If you lack confidence, you&#39;ll stand in the way of your message. Get out of the way!\",\"dossier\":false}","lite":"1","guid":"199a88fd-fb65-4953-9907-85f16cbcc005","growth_activity":"0"},{"id":"88234","courseId":"216","type":"7","summary":"Speaking without confidence","index":"8","json":"{\"type\":7,\"input\":{\"type\":2,\"prompt\":\"Think back to a time when you had to talk with other people, yet you didn&#39;t feel confident. How did it make you feel?&#10;&#10;Touch the boxes below and enter the three main feelings that come to mind.\",\"locked\":false,\"in\":2,\"out\":0,\"time\":1,\"count\":3,\"characters\":20},\"feedback\":[\"Experts have found that lack of confidence when communicating is one of the most stressful situations that many people encounter in their day to day lives. Let&#39;s explore this further.\",\"\"],\"score\":\"0\",\"gems\":\"0\"}","lite":"1","guid":"435ced36-4382-4d37-989e-8c485ec6aad7","growth_activity":"0"},{"id":"88235","courseId":"216","type":"15","summary":"Fear, anxiety and anger","index":"9","json":"{\"type\":15,\"rotator\":{\"prompt\":\"WHAT DO YOU THINK?&#10;&#10;Many people who are not confident as speakers experience negative feelings, such as fear, anxiety and anger, when they have to communicate. &#10;&#10;Often this can lead to the speaker ___________________________. (Rotate the options below to your choice, then touch Done.) \",\"statements\":[{\"text\":\"having a distorted perception of what the listener is thinking\",\"correct\":true},{\"text\":\"wanting to freely share his or her thoughts and feelings\",\"correct\":false},{\"text\":\"contributing in a big way to the organization\",\"correct\":false},{\"text\":\"All of the above\",\"correct\":false}],\"timer\":45,\"sound\":\"\"},\"feedback\":[\"Correct. When a speaker is feeling negative emotions, they may feel the listeners are being critical and judgmental. This does NOT create a space for sharing or contributing, which is what communication is all about. \",\"That&#39;s incorrect. When a speaker is feeling negative emotions, it doesn&#39;t usually lead to sharing or contributing. Rather, it often makes the speaker feel that the listeners are being critical and judgmental. \"],\"score\":\"100\",\"gems\":0}","lite":"1","guid":"5592a580-83dc-483b-a7f6-c552ad6e5c94","growth_activity":"0"},{"id":"88236","courseId":"216","type":"15","summary":"Losing temper","index":"10","json":"{\"type\":15,\"rotator\":{\"prompt\":\"THINK ABOUT IT&#10;&#10;Lack of confidence when speaking can result in negative outcomes, including ______________________.\",\"statements\":[{\"text\":\"losing one&#39;s temper and doing inappropriate things\",\"correct\":false},{\"text\":\"hurting other people&#39;s feelings\",\"correct\":false},{\"text\":\"saying things you regret later\",\"correct\":false},{\"text\":\"All of the above\",\"correct\":true}],\"timer\":45,\"sound\":\"\"},\"feedback\":[\"All of these things can result from lack of confidence. And they can all have very negative consequences.\",\"That&#39;s only partially correct. All of these things can result from lack of confidence. And they can all have very negative consequences.\"],\"score\":\"100\",\"gems\":0}","lite":"1","guid":"ef35a0aa-4ccc-48f9-8c10-a037c6653580","growth_activity":"0"},{"id":"88237","courseId":"216","type":"15","summary":"More bad feelings","index":"11","json":"{\"type\":15,\"rotator\":{\"prompt\":\"CONSIDER THIS&#10;&#10;When someone is speaking without confidence they might feel rejected, inadequate, frustrated, or resentful. Sometimes they can feel vulnerable, trapped and easily hurt.&#10;&#10;This can lead to a situation in which the speaker is ________________.\",\"statements\":[{\"text\":\"open to an honest critique of his or her ideas\",\"correct\":false},{\"text\":\"unable to tolerate criticism\",\"correct\":true},{\"text\":\"patient and ready for productive dialog\",\"correct\":false},{\"text\":\"All of the above\",\"correct\":false}],\"timer\":30,\"sound\":\"\"},\"feedback\":[\"Correct. Speaking without confidence can close down the speaker&#39;s ability to receive honest criticism - a very important element in productive communication.\",\"That&#39;s not correct. Speaking without confidence can close down the speaker&#39;s ability to receive honest criticism - a very important element in productive communication.\"],\"score\":\"100\",\"gems\":0}","lite":"1","guid":"6c11ee09-468e-48b3-a170-fe06e205eb62","growth_activity":"0"},{"id":"88238","courseId":"216","type":"15","summary":"Listening to a non-confident speaker","index":"12","json":"{\"type\":15,\"rotator\":{\"prompt\":\"THINK ABOUT IT&#10;&#10;We&#39;ve explored what it&#39;s like to talk without confidence. Now, let&#39;s look at it from the listener&#39;s point of view. We&#39;ve all been there, too. &#10;&#10;Listening to someone who lacks confidence can provoke negative feelings, which can lead to the listener __________________.\",\"statements\":[{\"text\":\"finding it hard to focus on the information being communicated\",\"correct\":true},{\"text\":\"wanting to spend more time in the conversation\",\"correct\":false},{\"text\":\"recommending the speaker for key assignments\",\"correct\":false},{\"text\":\"All of the above.\",\"correct\":false}],\"timer\":45,\"sound\":\"\"},\"feedback\":[\"Yes, that is correct. When speakers lack confidence, listeners may find that they are reacting to the person rather than the message being communicating.\",\"That is incorrect. When speakers lack confidence, listeners may find that they are reacting to the person rather than the message being communicating.\"],\"score\":\"100\",\"gems\":0}","lite":"1","guid":"3952c50c-2a88-47ea-b6e1-71960cd8e2c5","growth_activity":"0"},{"id":"88239","courseId":"216","type":"15","summary":"Listening 2","index":"13","json":"{\"type\":15,\"rotator\":{\"prompt\":\"THINK ABOUT IT&#10;&#10;When listening to a speaker who lacks confidence we may ___________________.\",\"statements\":[{\"text\":\"find it easier to focus on the speaker&#39;s message\",\"correct\":false},{\"text\":\"be less inclined to give the speaker what he or she wants\",\"correct\":true},{\"text\":\"immediately form a positive image of the speaker\",\"correct\":false},{\"text\":\"All of the above.\",\"correct\":false}],\"timer\":45,\"sound\":\"\"},\"feedback\":[\"Yes, that is correct. When speakers lack confidence, listeners may find that they are less inclined to give the speaker what he or she wants.\",\"That is incorrect. When speakers lack confidence, listeners may find that they are less inclined to give the speaker what he or she wants.\"],\"score\":\"100\",\"gems\":0}","lite":"1","guid":"96fa797e-6b3c-4801-84ed-2a5e5c7efe6f","growth_activity":"0"},{"id":"88240","courseId":"216","type":"15","summary":"Listening 3","index":"14","json":"{\"type\":15,\"rotator\":{\"prompt\":\"THINK ABOUT IT&#10;&#10;When communicating with someone who lacks confidence, we would ________________.\",\"statements\":[{\"text\":\"tend to consider that person for potential promotions\",\"correct\":false},{\"text\":\"want to put that person in a position of responsibility\",\"correct\":false},{\"text\":\"feel that the person is less likely to help the organization succeed\",\"correct\":true},{\"text\":\"All of the above.\",\"correct\":false}],\"timer\":45,\"sound\":\"\"},\"feedback\":[\"Yes, that is correct. When speakers lack confidence, listeners may feel that the person is less likely to help the organization succeed.\",\"That is incorrect. When speakers lack confidence, listeners may feel that the person is less likely to help the organization succeed.\"],\"score\":\"100\",\"gems\":\"1\"}","lite":"1","guid":"d7d2f614-214e-4bb3-8a22-3d7f048016f7","growth_activity":"0"},{"id":"88241","courseId":"216","type":"7","summary":"How are you doing?","index":"15","json":"{\"type\":7,\"input\":{\"type\":7,\"prompt\":\"Think about how you respond to someone who talks to you lacking confidence. Do you have an open mind and give them the benefit of the doubt (right side)? Or do you judge them negatively (left side)? Be honest, then write about it below. \",\"locked\":false,\"text\":\"\",\"isNumber\":false,\"useImages\":false,\"left\":\"NEGATIVE JUDGMENT\",\"right\":\"BENEFIT OF THE DOUBT\",\"ideal\":50,\"min\":0,\"max\":0,\"integer\":true},\"feedback\":[\"This is the end of the second Burst. Oh, and in case you haven&#39;t noticed - that blue three-line icon in the upper left of the screen will open up a menu that will help you to navigate the app.\",\"This is the end of the second Burst. Oh, and in case you haven&#39;t noticed - that blue three-line icon in the upper left of the screen will open up a menu that will help you to navigate the app.\"],\"score\":\"0\",\"gems\":\"0\"}","lite":"1","guid":"7c7cdc8f-79b0-4450-9def-f17765b63736","growth_activity":"0"},{"id":"88242","courseId":"216","type":"4","summary":"Without Confidence","index":"16","json":"{\"type\":7,\"input\":{\"type\":7,\"prompt\":\"Now that you&#39;re at the end of the third Burst, rate yourself as to how confident a communicator you are and t below.hen write about it\",\"locked\":false,\"text\":\"\",\"isNumber\":false,\"useImages\":true,\"left\":\"E2A5F2E3-FD94-C1AF-DF1F-5FA40DB62E4B.png\",\"right\":\"3BA8534D-FAC7-1AC3-8A01-1BFDE8D9CA02.png\",\"ideal\":50}}","lite":"1","guid":"e90cc3f8-7785-421a-a8b2-e1176fcee30b","growth_activity":"0"},{"id":"88243","courseId":"216","type":"3","summary":"Example of Confident Communicator","index":"17","json":"{\"type\":3,\"intro\":{\"title\":\"An Example of a Confident Communicator\",\"description\":\"Now that we&#39;ve explored how lack of confidence can hurt communications, let&#39;s watch a confident communicator in action.\",\"image\":\"65088D87-3FA5-5304-1A5F-771863234648.png\",\"sound\":\"8F0C2392-BC06-C3BC-A7FA-46BFBF04168C.mp3\",\"volume\":15},\"unlockscore\":\"100\",\"quicklink\":false,\"quotation\":\"If you&#39;re confident, people listen.\"}","lite":"0","guid":"4454ccaf-12ef-4f2d-82dc-699769d1244f","growth_activity":"0"},{"id":"88244","courseId":"216","type":"6","summary":"Conversation Intro","index":"18","json":"{\"type\":6,\"image\":\"50BF986B-191C-3436-CFDE-2F808A3F213B.png\",\"presentation\":[{\"text\":\"Conversation Background\",\"in\":1,\"time\":1,\"sound\":\"\",\"font\":0,\"size\":2,\"color\":1,\"alignment\":0},{\"text\":\"Now that you have thought about some of the negatives, follow along as a confident communicator, Amrit, speaks to a colleague. \",\"in\":1,\"time\":2,\"sound\":\"\",\"alignment\":0,\"size\":0,\"font\":0,\"color\":\"#000000\"},{\"text\":\"In this conversation, Amrit needs Mario, the stock controller, to provide her with reports earlier than he has been so that she can determine what stock to purchase in good time.\",\"in\":1,\"time\":0,\"sound\":\"\",\"alignment\":0,\"size\":0,\"font\":0}]}","lite":"0","guid":"3c3d5213-7349-48f8-921a-ecf885a13a77","growth_activity":"0"},{"id":"88245","courseId":"216","type":"19","summary":"Amrit and Mario","index":"19","json":"{\"type\":19,\"conversation\":[{\"text\":\"Hi, Mario. Thank you for the report yesterday. I can always rely on your reports to be accurate. But I&#39;m worrying that the Paint Department is often under-stocked. What do you think?\",\"image\":\"CD23C54C-2BE6-258A-3513-DCF09AE446AC.png\",\"sound\":\"C86625D6-1CF2-8BC2-EA57-2A500BC2F28B.mp3\"},{\"text\":\"Yes, you&#39;re right. The stock always seems to arrive late. Why can&#39;t you keep our orders coming in fast enough?\",\"image\":\"55D82293-C823-932A-F245-76B4D4C4856E.png\",\"sound\":\"4332C3B3-6BB7-9E0F-1C01-99231AA42FE3.mp3\"},{\"text\":\"Well, it takes me a whole day to source stock and get the paperwork in order. So the earlier I can get the reports, the quicker I can get the purchases in. Would it be possible for you to get them to me a day earlier?\",\"image\":\"A3226452-F18E-B9D2-CDC7-D0B426A363B3.png\",\"sound\":\"4810C522-7BD2-E66A-19AA-942AC95FC8A7.mp3\"},{\"text\":\"Oh, I didn&#39;t realize it took so long on your side. I&#39;ll try to get the reports to you earlier.\",\"image\":\"C54AA1D8-7D95-BEAB-165B-D81F55A3B9B6.png\",\"sound\":\"F9EFEE0D-F7FA-3D21-9230-571F66D6A4FE.mp3\"},{\"text\":\"So, I can expect the next report on Tuesday morning? Or would it suit you better to get it to me by close of business on Monday?\",\"image\":\"5F0294B5-3FB4-A5B6-95CF-9B96D3CF4B6A.png\",\"sound\":\"4A0C40D8-A3B4-C7C8-04C7-A41C232901B3.mp3\"},{\"text\":\"Actually, Monday would be better. Part of the problem is that mornings are very busy for me, so I often have distractions and other things to deal with. Giving you the report in the afternoon sounds like a much better idea.\",\"image\":\"ECCED22A-1698-B23B-552F-EF5F78DA1AD8.png\",\"sound\":\"5A41C381-A871-DF4E-4EFE-855A77B39EFF.mp3\"}],\"feedback\":\"Amrit was confident and was able to communicate her message so that Mario was open to hearing it and to making a change in his behavior. These are the kind of results you could achieve if you work at becoming a more confident communicator.\"}","lite":"0","guid":"5b5a7d06-5ec0-46b7-b7aa-d8ddab348974","growth_activity":"0"},{"id":"88246","courseId":"216","type":"14","summary":"The Main Point","index":"20","json":"{\"type\":14,\"question\":{\"timer\":60,\"multiplechoice\":true,\"answers\":[{\"correct\":false,\"text\":\"Trap him in a corner so he would admit failure\",\"feedback\":\"This is incorrect. This strategy would not breed a long term relationship of mutual responsibility and assistance - and that is what works best between people.\"},{\"correct\":true,\"text\":\"Create an atmosphere of openness and acceptance\",\"feedback\":\"Yes, Amrit objectively described the situation and suggested a solution in a way that allowed Mario to consider it fairly and discuss it openly. And this led to a resolution that worked for both of them.\"},{\"correct\":false,\"text\":\"Appear weak and needy so he would help her\",\"feedback\":\"This is incorrect. Some people who fear communication fall back on this strategy because it seems easier, but in truth it is a failed strategy that ends up helping no one.\"}],\"sound\":\"\",\"text\":\"Thinking back on their conversation, what would you say was Amrit&#39;s main strategy in communicating with Mario?\"},\"feedback\":[\"\",\"\"],\"score\":\"100\",\"gems\":\"1\"}","lite":"0","guid":"ba2d3c14-6607-452d-a1d9-65a8c885afaf","growth_activity":"0"},{"id":"88247","courseId":"216","type":"4","summary":"Example of Confident Communicator","index":"21","json":"{ \"type\":4}","lite":"0","guid":"cc2cd7d3-3fa7-4190-8d5f-9916d79aee19","growth_activity":"0"},{"id":"88248","courseId":"216","type":"3","summary":"Benefits of Confident Communication","index":"22","json":"{\"type\":3,\"intro\":{\"title\":\"Benefits of Confident Communication\",\"description\":\"In this Burst, we&#39;ll explore these benefits:&#10;   - keeping the discussion focused on the message&#10;   - having more satisfying interactions&#10;   - being more likely to get what you want&#10;   - being more able to contribute to your organization&#10;\",\"image\":\"032D2A36-E687-5283-4FF3-E79099C10DC7.png\",\"sound\":\"AC757F15-6FC0-A610-5CDA-9AA7E6B28376.mp3\",\"volume\":9},\"unlockscore\":\"200\",\"quicklink\":false,\"quotation\":\"Being a confident communicator can improve your life in so many ways.\",\"dossier\":false}","lite":"0","guid":"b7cf5291-bab9-4b20-87ab-d5fee49a2a9a","growth_activity":"0"},{"id":"88249","courseId":"216","type":"6","summary":"When you speak with confidence","index":"23","json":"{\"type\":6,\"image\":\"EAEC6587-2C9B-7400-B760-48C81EB4F9C8.png\",\"presentation\":[{\"text\":\"Speaking with confidence\",\"in\":2,\"time\":0,\"sound\":\"\",\"size\":2,\"color\":\"#256ED7\"},{\"text\":\"When you speak with confidence, you focus more on the message. And you and your listeners are more relaxed and attentive. This makes your listeners feel more confident, too.&#10;&#10;All of this leads to fewer misunderstandings when communicating with colleagues, customers, and other parties.\",\"in\":1,\"time\":2,\"sound\":\"\",\"font\":0,\"alignment\":0,\"size\":0,\"color\":0}]}","lite":"0","guid":"2db7162b-a8d2-4a1f-9edd-407d384c8b09","growth_activity":"0"},{"id":"88250","courseId":"216","type":"9","summary":"Focus more on the message","index":"24","json":"{\"type\":9,\"wordfill\":{\"text\":\"Because your ##4## don&#39;t get in the way and ##2## the meaning of your words. Your listeners will hear ##1##, rather than be ##5## on you.\",\"prompt\":\"Think about this: when you speak with confidence, you focus more on the message.&#10;&#10;Why would that be?\",\"sound\":\"\",\"words\":[\"your message\",\"distort\",\"courage\",\"insecurities\",\"focusing\",\"clarity\"],\"timer\":60},\"feedback\":[\"This is a very important benefit of confidence: you don&#39;t get in the way of your message. It opens up great possibilities for personal and professional growth.\",\"You could have earned a gem, but nevertheless, the point is: when you have confidence, you don&#39;t get in the way of your message. It opens up great possibilities for personal and professional growth.\"],\"score\":\"200\",\"gems\":\"1\"}","lite":"0","guid":"b7177a76-5e43-48c6-a4e6-c5128eb4a3f6","growth_activity":"0"},{"id":"88251","courseId":"216","type":"9","summary":"More Relaxed and Attentive","index":"25","json":"{\"type\":9,\"wordfill\":{\"text\":\"Because your confidence builds a sense of ##3## towards a shared goal, which generates ##4## and makes you and your listeners feel more ##1##. And as they become more confident, too, they will respond to you more ##5##.\",\"prompt\":\"Now consider this: when you speak with confidence, you and your listeners are more relaxed and attentive, and it enables your listeners to be more confident, too.&#10;&#10;And why is that?\",\"sound\":\"\",\"words\":[\"satisfied\",\"education\",\"cooperation\",\"good will\",\"positively\",\"adventure\"],\"timer\":60},\"feedback\":[\"When you feel confident it greases the entire situation and you and your listeners relax and more easily come together as one, looking for solutions and finding resolution.\",\"You could have earned a gem, but still, the point is: when you feel confident it greases the entire situation, everyone relaxes and more easily comes together as one, looking for solutions and finding resolution.\"],\"score\":\"150\",\"gems\":\"1\"}","lite":"0","guid":"d786fd3f-73ca-45f3-8ee2-11a2c54dacd8","growth_activity":"0"},{"id":"88252","courseId":"216","type":"9","summary":"Fewer Misunderstandings","index":"26","json":"{\"type\":9,\"wordfill\":{\"text\":\"Fewer misunderstandings preempts many ##2## and can significantly increase the efficiency and ##5## of your organization. Customers and suppliers will sense a cooperative ##1## and will be more likely to want to continue ##3## with your organization.\",\"prompt\":\"Finally, think on this: when you speak with confidence, it leads to fewer misunderstandings with colleagues, customers, and other parties..nnAnd what does that lead to?\",\"sound\":\"\",\"words\":[\"attitude\",\"problems\",\"doing business\",\"helpful\",\"effectiveness\",\"positive\"],\"timer\":60},\"feedback\":[\"When you speak with confidence, your job, your business, your whole life can run more smoothly. \",\"You could have earned a gem, but the point remains: when you speak with confidence, your job, your business, your whole life can run more smoothly. \"],\"score\":\"15\",\"gems\":\"1\"}","lite":"0","guid":"e6c387b7-4e96-461e-9bf6-64d215bb0f26","growth_activity":"0"},{"id":"88253","courseId":"216","type":"7","summary":"How are you doing?","index":"27","json":"{\"type\":7,\"input\":{\"type\":7,\"prompt\":\"To end this Burst, weigh your fears or concerns (left side) about becoming a more confident communicator with the benefits (right side) you now see. Then write about it below.\",\"locked\":false,\"text\":\"\",\"isNumber\":false,\"useImages\":false,\"left\":\"FEARS & CONCERNS\",\"right\":\"BENEFITS\",\"ideal\":50},\"feedback\":[\"This is the end of the fourth Burst. On the Progress screen be sure to see if you are achieving MAX scores and MAX gems. That will help the skies get more sunny.\",\"This is the end of the fourth Burst. On the Progress screen be sure to see if you are achieving MAX scores and MAX gems. That will help the skies get more sunny.\"],\"score\":0,\"gems\":0}","lite":"0","guid":"bc5d510e-9b74-4e97-adfa-a7bb7d31846b","growth_activity":"0"},{"id":"88254","courseId":"216","type":"4","summary":"Benefits of Confident Communication","index":"28","json":"{ \"type\":4}","lite":"0","guid":"9f5e62e1-ebb2-4f9c-9c98-4387256f0c62","growth_activity":"0"},{"id":"88255","courseId":"216","type":"3","summary":"Benefits Review","index":"29","json":"{\"type\":3,\"intro\":{\"title\":\"Benefits Review\",\"description\":\"It&#39;s very important that you understand the wide-ranging benefits of becoming a more confident communicator. For that reason, we&#39;ll use this Burst to review the benefits.\",\"image\":\"B68521EC-3F44-4015-F20F-C3FA9B3EC4C1.png\",\"sound\":\"325E1545-2AD4-8801-0A02-F81B3D20834C.mp3\",\"volume\":21},\"unlockscore\":\"200\",\"quicklink\":false,\"quotation\":\"Confidence is the grease that makes your dreams come true.\"}","lite":"0","guid":"1ddd5eb6-f40a-419d-87b2-8cd349d50fee","growth_activity":"0"},{"id":"88256","courseId":"216","type":"14","summary":"More influence","index":"30","json":"{\"type\":14,\"question\":{\"timer\":30,\"multiplechoice\":true,\"answers\":[{\"correct\":true,\"text\":\"more influence over your customers and suppliers.\",\"feedback\":\"Yes, if you are confident, you can influence people more.\"},{\"correct\":false,\"text\":\"the ability to push people around.\",\"feedback\":\"That is incorrect. You can&#39;t push people around, but you are more likely to influence their choices.\"},{\"correct\":false,\"text\":\"the power to fire people.\",\"feedback\":\"People both with and without confidence have the power to make staff decisions, but if you are confident, you are more likely to make better choices.\"}],\"sound\":\"\",\"text\":\"Being confident in your communications gives you:\"},\"feedback\":[\"\",\"\"],\"score\":\"100\",\"gems\":\"1\"}","lite":"0","guid":"5ce9317d-f7b4-4f31-b2a6-4e829b8dd9b3","growth_activity":"0"},{"id":"88257","courseId":"216","type":"14","summary":"Good will generated","index":"31","json":"{\"type\":14,\"question\":{\"timer\":30,\"multiplechoice\":true,\"answers\":[{\"correct\":true,\"text\":\"more good will is generated.\",\"feedback\":\"Yes, if you and your listeners are in harmony, more good will is generated and this can lead to many potential positive outcomes.\"},{\"correct\":false,\"text\":\"you will all break out into song and dance.\",\"feedback\":\"This is incorrect. Rather, good will is generated. Then again, when all are in harmony your actions can become like a well choreographed dance.\"},{\"correct\":false,\"text\":\"they will start to question your intention.\",\"feedback\":\"This is incorrect. When you speak without confidence, people may be confused and question your intentions. But speaking with confidence will usually generate good will.\"}],\"sound\":\"\",\"text\":\"Ultimately, if you are speaking with confidence, both you and your listeners will be more in harmony and...\"},\"feedback\":[\"\",\"\"],\"score\":\"10\",\"gems\":\"1\"}","lite":"0","guid":"58bd778a-8a38-48e3-963c-109eabde2d03","growth_activity":"0"},{"id":"88258","courseId":"216","type":"14","summary":"Which one is true?","index":"32","json":"{\"type\":14,\"question\":{\"timer\":30,\"multiplechoice\":true,\"answers\":[{\"correct\":false,\"text\":\"Being confident results in more misunderstanding and confusion.\",\"feedback\":\"This is incorrect. Being confident surely results in fewer misunderstandings.\"},{\"correct\":true,\"text\":\"Being confident will allow your message to come across more clearly.\",\"feedback\":\"This is true and this is perhaps the most important point: if you want your message to be heard, you must build confidence so you can get out of the way of the listener.\"},{\"correct\":false,\"text\":\"Being confident will breed suspicion and fear.\",\"feedback\":\"This is incorrect. Suspicion and fear are symptoms of lack of confidence.\"}],\"sound\":\"\",\"text\":\"Which of the following statements is true?\"},\"feedback\":[\"\",\"\"],\"score\":\"100\",\"gems\":\"1\"}","lite":"0","guid":"58948b68-06ef-43ae-9914-b6f94bea8025","growth_activity":"0"},{"id":"88259","courseId":"216","type":"14","summary":"Awkward situations","index":"33","json":"{\"type\":14,\"question\":{\"timer\":30,\"multiplechoice\":true,\"answers\":[{\"correct\":false,\"text\":\"You&#39;ll avoid awkward situations.\",\"feedback\":\"This is incorrect. Being confident doesn&#39;t prevent awkward situations from occurring. However, you may be able to deal with those situations with more grace when you&#39;re confident.\"},{\"correct\":false,\"text\":\"You&#39;ll be able to dominate conversations.\",\"feedback\":\"This is incorrect. People who tend to dominate in conversations often suffer from poor confidence. And failing to listen can lead to damaging breakdowns in communication.\"},{\"correct\":true,\"text\":\"You&#39;ll contribute more to the success of your organization. \",\"feedback\":\"This is correct. Confidence enables good communication in most contexts, and good communication ensures things get done more effectively and efficiently in an organization.\"}],\"sound\":\"\",\"text\":\"One advantage of communicating with confidence is:\"},\"feedback\":[\"\",\"\"],\"score\":\"100\",\"gems\":\"1\"}","lite":"0","guid":"4cb5056c-2e0e-4ec9-a195-8f340f837102","growth_activity":"0"},{"id":"88260","courseId":"216","type":"9","summary":"Benefits ","index":"34","json":"{\"type\":9,\"wordfill\":{\"text\":\"If you&#39;re ##3## about how you will ##5##, your ##2## are less likely to ##4## and will listen ##1## to what you ##6##. There is more ##7## communication, building a sense of cooperation towards ##8##. This results in more ##9## to your suggestions.\",\"prompt\":\"Reviewing Those Benefits\",\"sound\":\"\",\"words\":[\"more closely\",\"listeners\",\"not worrying\",\"focus on you\",\"come across\",\"have to say\",\"harmonious\",\"a shared goal\",\"favorable responses\"],\"timer\":120},\"feedback\":[\"This is the end of the fifth Burst. In case you haven&#39;t discovered this yet, you can always touch the Score Circle in the lower left and see your current score and gems.\",\"This is the end of the fifth Burst. In case you haven&#39;t discovered this yet, you can always touch the Score Circle in the lower left and see your current score and gems.\"],\"score\":\"600\",\"gems\":\"2\"}","lite":"0","guid":"1da21956-8fed-439f-83f0-32ea0621e604","growth_activity":"0"},{"id":"88261","courseId":"216","type":"4","summary":"Benefits Review","index":"35","json":"{ \"type\":4}","lite":"0","guid":"f46b069d-df20-478c-96db-215938a06b2d","growth_activity":"0"},{"id":"88262","courseId":"216","type":"3","summary":"Factors that affect your confidence","index":"36","json":"{\"type\":3,\"intro\":{\"title\":\"Factors that affect your confidence\",\"description\":\"In this Burst, you&#39;ll learn about the main factors that affect your confidence. These include fear, how your listeners feel about you, how you&#39;ve communicated in the past, and how you carry yourself while communicating. With that information in hand, you&#39;ll be one step closer to becoming a more confident communicator. \",\"image\":\"C2D9D8A8-F934-FB01-D640-74650DC4E2AB.png\",\"sound\":\"CCB22F3A-2EFE-545C-D58C-328CF59AD86C.mp3\",\"volume\":13},\"unlockscore\":\"400\",\"quicklink\":false,\"quotation\":\"Fake it till you make it! (It really works.)\",\"dossier\":false}","lite":"0","guid":"cdbd7ddd-7a40-47e8-a913-e795ad610040","growth_activity":"0"},{"id":"88263","courseId":"216","type":"6","summary":"More Factors presented 1","index":"37","json":"{\"type\":6,\"image\":\"95F245FD-5132-83CC-377D-22F12CB88FBE.png\",\"presentation\":[{\"text\":\"What affects your confidence?\",\"in\":1,\"time\":1,\"sound\":\"833B59AB-BD9E-E49B-319A-3EE340E5B660.mp3\",\"color\":\"#256ED7\",\"font\":0,\"size\":2},{\"text\":\"There are many situational and personal factors that affect your level of confidence when communicating. These vary from situation to situation and person to person.&#10;&#10;For example, you may not feel confident because you are new to your position and feel unprepared. And you don&#39;t know how to ask for help.\",\"in\":1,\"time\":2,\"sound\":\"\"}]}","lite":"0","guid":"55e3d282-b829-4a00-b4ad-625ea5cd1674","growth_activity":"0"},{"id":"88264","courseId":"216","type":"6","summary":"More Factors presented 2","index":"38","json":"{\"type\":6,\"image\":\"308CA439-1245-268C-60BE-F99745BEC0C9.png\",\"presentation\":[{\"text\":\"The Main Factors\",\"in\":1,\"time\":1,\"sound\":\"\",\"color\":\"#256ED7\",\"font\":0,\"size\":2},{\"text\":\"Among the main factors that affect most people&#39;s confidence when communicating are:&#10;   - how listeners feel about the speaker&#10;   - the communication history of the speaker&#10;   - how the speaker carries himself or herself during    &#10;     the communication\",\"in\":1,\"time\":2,\"sound\":\"\"}]}","lite":"0","guid":"c18ffe60-eb6a-4fbf-a4bc-21db34b62334","growth_activity":"0"},{"id":"88265","courseId":"216","type":"8","summary":"How you carry yourself","index":"39","json":"{\"type\":8,\"statement\":{\"prompt\":\"Hidden below is one of the three factors that will affect your confidence when speaking. &#10;&#10;This factor has to do with your behavior.\",\"wrong\":\"when someone|then there is|where there is|to be or not|honesty is|trust yourself\",\"statements\":[\"How you carry|yourself during|the communication.\"],\"ordered\":true,\"timer\":60,\"sound\":\"\"},\"feedback\":[\"You found it! Your behavior during the communication is very important and will affect your confidence.\",\"You didn&#39;t find it. Here&#39;s a clue: it has to do with how you carry yourself during the communication.\"],\"score\":\"600\",\"gems\":\"1\"}","lite":"0","guid":"4e2ab8d0-25b8-461b-b018-1b6de1271c15","growth_activity":"0"},{"id":"88266","courseId":"216","type":"8","summary":"Your history","index":"40","json":"{\"type\":8,\"statement\":{\"prompt\":\"Hidden below is one more of the three factors that will affect your confidence when speaking. &#10;&#10;This factor has to do with your history.\",\"wrong\":\"how the listeners|trust yourself|listen closely|the communication|feel good\",\"statements\":[\"How you have|communicated|in the past|with this audience.\"],\"ordered\":true,\"timer\":60,\"sound\":\"\"},\"feedback\":[\"You found it. Good. It&#39;s true that one important factor that will affect your confidence is your personal history with the audience. If you&#39;ve done well in the past, it will help you to do well again.\",\"You didn&#39;t find it. Here&#39;s a hint: it has to do with you you&#39;ve communicated with these people in the past.\"],\"score\":\"600\",\"gems\":\"1\"}","lite":"0","guid":"43443c0b-61df-4afb-9fc3-77fcadbd29d0","growth_activity":"0"},{"id":"88267","courseId":"216","type":"8","summary":"How they feel about you","index":"41","json":"{\"type\":8,\"statement\":{\"prompt\":\"Hidden below is one more factor that will affect your confidence when speaking. &#10;&#10;This factor has to do with the audience.\",\"wrong\":\"trust yourself|trust others|listen well|feel free|you are happy|be strong\",\"statements\":[\"How the|listeners are|feeling about you.\"],\"ordered\":true,\"timer\":60,\"sound\":\"\"},\"feedback\":[\"You found it! Your confidence will affect the audience and the audience&#39;s feelings about you will affect your confidence. It&#39;s a circle, but you can start it by acting confident.\",\"You didn&#39;t find it. Here&#39;s a hint: this has to do with how the audience is feeling about you.\"],\"score\":\"600\",\"gems\":\"1\"}","lite":"0","guid":"8d122e01-8c77-4608-a56d-287a5151abd2","growth_activity":"0"},{"id":"88268","courseId":"216","type":"9","summary":"Some factors","index":"42","json":"{\"type\":9,\"wordfill\":{\"text\":\"&#34;You are always correct. Just tell me what to do.&#34; ##2##         &#34;I don&#39;t care what you think. This is what I want!&#34; ##6##   &#34;Whatever, it doesn&#39;t really matter to me.&#34; ##4##\",\"prompt\":\"Fear can very negatively affect your communication behavior. Below are quotes reflective of various behaviors.&#10;&#10;Drag the correct label from below to each example.\",\"sound\":\"\",\"words\":[\"Being Fair\",\"Submissive\",\"Honesty\",\"Uncaring\",\"Sharing\",\"Domineering\"],\"timer\":60},\"feedback\":[\"The bottom line: however poor confidence manifests itself, the root cause is usually fear. A speaker who lacks confidence is most likely afraid of something.\",\"The bottom line: however poor confidence manifests itself, the root cause is usually fear. A speaker who lacks confidence is most likely afraid of something.\"],\"score\":\"300\",\"gems\":\"1\"}","lite":"0","guid":"f3adda43-74b6-44ab-90d5-9c8dc5ef0d47","growth_activity":"0"},{"id":"88269","courseId":"216","type":"7","summary":"How are you doing?","index":"43","json":"{\"type\":7,\"input\":{\"type\":7,\"prompt\":\"You&#39;ll learn more about building confidence in the rest of this Unit and in the next Unit, but right now at this moment, rate yourself again - left is not confident at all as a speaker and right is very confident as a speaker.\",\"locked\":false,\"text\":\"\",\"isNumber\":false,\"useImages\":true,\"left\":\"01B75241-56FD-1A76-0225-67561F0CEBD5.png\",\"right\":\"31B27D37-7982-44FB-805E-3992C7CB710B.png\",\"ideal\":50},\"feedback\":[\"This is the end of the sixth Burst. We hope you see that it pays to become a more confident communicator. And as you make your way through this course, you&#39;ll learn what you need to do to become one.\",\"This is the end of the sixth Burst. We hope you see that it pays to become a more confident communicator. And as you make your way through this course, you&#39;ll learn what you need to do to become one.\"],\"score\":0,\"gems\":0}","lite":"0","guid":"b51a32df-5d53-45c0-b986-6078e4bc5b29","growth_activity":"0"},{"id":"88270","courseId":"216","type":"4","summary":"Factors that can affect your level of confidence","index":"44","json":"{ \"type\":4}","lite":"0","guid":"3258d4c4-002d-4ea5-9d9d-aba2d51e73c7","growth_activity":"0"},{"id":"88271","courseId":"216","type":"3","summary":"Speaking Confidently: Key Elements","index":"45","json":"{\"type\":3,\"intro\":{\"title\":\"Speaking Confidently: Key Elements\",\"description\":\"In this Burst, you&#39;ll learn about the three key elements of confident communications. They are: trust, credibility, and confident behavior when communicating.&#10;\",\"image\":\"8051465A-75F5-30AD-ABB4-B017358CA548.png\",\"sound\":\"E1D0ECE1-8847-4C8E-58EE-2EA867F0431E.mp3\",\"volume\":10},\"unlockscore\":\"200\",\"quicklink\":false,\"quotation\":\"Trust is the cornerstone of confident communication.\"}","lite":"0","guid":"c10739d9-c46a-4dc9-a2a6-8b3f60031c78","growth_activity":"0"},{"id":"88272","courseId":"216","type":"6","summary":"Elements that Enable Conf Comm","index":"46","json":"{\"type\":6,\"image\":\"CF56289F-3755-5DC1-488C-D86C716EE7D6.png\",\"presentation\":[{\"text\":\"Enabling Confident Communication\",\"in\":1,\"time\":1,\"sound\":\"\",\"color\":\"#256ED7\",\"size\":2},{\"text\":\"So far in this course, we&#39;ve discussed how lack of confidence can impede your progress towards your goals and how confident communications can help you to move forward in many areas of your life.\",\"in\":1,\"time\":2,\"sound\":\"\"},{\"text\":\"We&#39;ve determined that the main factors that affect your confidence are how others feel about you, how you&#39;ve communicated in the past and how you behave during your communications.\",\"in\":1,\"time\":2,\"sound\":\"\"}]}","lite":"0","guid":"746a25f2-3c1c-4842-b766-05f488fa0caf","growth_activity":"0"},{"id":"88273","courseId":"216","type":"6","summary":"Elements that Enable Conf Comm 2","index":"47","json":"{\"type\":6,\"image\":\"DE5E8D85-A112-19C6-2062-6D88EA0EB264.png\",\"presentation\":[{\"text\":\"Three Main Elements\",\"in\":1,\"time\":1,\"sound\":\"\",\"color\":\"#256ED7\",\"size\":2},{\"text\":\"Now we will discuss the three elements that experts have identified that enable confident communication. &#10;&#10;These three are trust, credibility and confident behavior.\",\"in\":1,\"time\":2,\"sound\":\"\"}]}","lite":"0","guid":"c06dcc80-cbf2-4063-9dca-f4a76207e32b","growth_activity":"0"},{"id":"88274","courseId":"216","type":"6","summary":"Trust Detail","index":"48","json":"{\"type\":6,\"image\":\"\",\"presentation\":[{\"text\":\"Trust\",\"in\":1,\"time\":1,\"sound\":\"\",\"color\":\"#256ED7\",\"size\":2},{\"text\":\"Trust is the feeling that others have good intentions towards you and that they openly and honestly share information. &#10;&#10;When there is trust, you and the other person are both open to feedback and able to admit shortcomings. This openness enables others to feel safer because their views are being taken into account. &#10;&#10;And when you know you&#39;re being trusted by others, your confidence grows.\",\"in\":1,\"time\":2,\"sound\":\"\"}]}","lite":"0","guid":"48bd4c55-ec06-4dd0-841f-581046c43f69","growth_activity":"0"},{"id":"88275","courseId":"216","type":"6","summary":"Credibility Detail","index":"49","json":"{\"type\":6,\"image\":\"\",\"presentation\":[{\"text\":\"Credibility\",\"in\":1,\"time\":1,\"sound\":\"\",\"color\":\"#256ED7\",\"size\":2},{\"text\":\"When you have credibility, you are being convincing and believable to others. Listeners decide whether a speaker is credible based on their assessment of the speaker&#39;s motives, knowledge and truthfulness. \",\"in\":1,\"time\":2,\"sound\":\"\"},{\"text\":\"If you keep your word, then others believe what you say, and you gain confidence. And if you are accurate in what you say, it adds greatly to your credibility. \",\"in\":1,\"time\":0,\"sound\":\"\"}]}","lite":"0","guid":"740cfcc9-5e18-4848-9ca8-284c8994a3c8","growth_activity":"0"},{"id":"88276","courseId":"216","type":"6","summary":"Conf Beh Detail","index":"50","json":"{\"type\":6,\"image\":\"\",\"presentation\":[{\"text\":\"Confident Behavior\",\"in\":1,\"time\":1,\"sound\":\"\",\"color\":\"#256ED7\",\"size\":2},{\"text\":\"Open and relaxed body language, good posture, appropriate eye contact and clear speaking are all examples of confident behavior. Others feel more comfortable around you when you behave confidently.&#10;&#10;And when you behave in this way it actually fosters a genuine feeling of confidence on your part. &#10;&#10;Fake it till you make it! It really works.\",\"in\":1,\"time\":2,\"sound\":\"\"}]}","lite":"0","guid":"022c480c-30c7-4c20-99d4-2808011a3bee","growth_activity":"0"},{"id":"88277","courseId":"216","type":"14","summary":"Trust, Cred, Conf  1","index":"51","json":"{\"type\":14,\"question\":{\"timer\":30,\"multiplechoice\":true,\"answers\":[{\"correct\":false,\"text\":\"Trust\",\"feedback\":\"No, this is incorrect. The correct answer is credibility.\"},{\"correct\":true,\"text\":\"Credibility\",\"feedback\":\"Yes, this is correct, when a person is credible they are convincing and believable to others.\"},{\"correct\":false,\"text\":\"Confident Behavior\",\"feedback\":\"No, this is incorrect. The correct answer is credibility.\"}],\"sound\":\"\",\"text\":\"Mary&#39;s co-worker, Jack, says what he means and lives up to his word. Mary has noticed that people believe him when he speaks and they tend to be convinced by what he says.nnIn the eyes of his listeners, Jack has _______. \"},\"feedback\":[\"\",\"\"],\"score\":\"100\",\"gems\":\"0\"}","lite":"0","guid":"cfbb87ad-d1f8-4d1c-858d-8b5fc6ad5fbf","growth_activity":"0"},{"id":"88278","courseId":"216","type":"14","summary":"Trust, Cred, Conf 2","index":"52","json":"{\"type\":14,\"question\":{\"timer\":30,\"multiplechoice\":true,\"answers\":[{\"correct\":true,\"text\":\"Trust\",\"feedback\":\"Yes, this is correct. Trust is the feeling that someone else has good intentions and shares information freely. Trust is the cornerstone of confident communication.\"},{\"correct\":false,\"text\":\"Credibility\",\"feedback\":\"No, this is incorrect. The correct answer is trust.\"},{\"correct\":false,\"text\":\"Confident Behavior\",\"feedback\":\"No, this is incorrect. The correct answer is trust.\"}],\"sound\":\"\",\"text\":\"Mary has been told by her co-workers that when she speaks to them, they believe her intentions are good and true. They have also told her they appreciate how she shares information openly and honestly with them.nnThis is an example of which element of confident communications?\"},\"feedback\":[\"\",\"\"],\"score\":\"100\",\"gems\":\"0\"}","lite":"0","guid":"0d559a84-a6cd-4b2d-a83b-4fc6c5e72c93","growth_activity":"0"},{"id":"88279","courseId":"216","type":"14","summary":"Trust, Cred, Conf 3","index":"53","json":"{\"type\":14,\"question\":{\"timer\":30,\"multiplechoice\":true,\"answers\":[{\"correct\":false,\"text\":\"Trust\",\"feedback\":\"No, this is incorrect. The correct answer is confident behavior.\"},{\"correct\":false,\"text\":\"Credibility\",\"feedback\":\"No, this is incorrect. The correct answer is confident behavior.\"},{\"correct\":true,\"text\":\"Confident Behavior\",\"feedback\":\"Yes, this is correct. We&#39;ll talk more about confident behavior later, but for now consider this: if you&#39;re confident, you&#39;ll be open, relaxed, and speaking clearly because you believe in yourself and in your message.\"}],\"sound\":\"\",\"text\":\"Mary&#39;s friends used to tell her that she would slump when talking to co-workers and that she would never make eye contact. But ever since Mary determined to become more confident, she has made sure that she is open and relaxed when speaking with others and that her posture is good. She also strives to make appropriate eye contact and speak clearly.&#10;&#10;Now when she talks, Mary displays _________.\"},\"feedback\":[\"\",\"\"],\"score\":\"100\",\"gems\":\"0\"}","lite":"0","guid":"7f58a5ab-fc4a-4456-a20c-522344122456","growth_activity":"0"},{"id":"88280","courseId":"216","type":"20","summary":"Benefits Review","index":"54","json":"{\"type\":20,\"multiple\":{\"timer\":60,\"answers\":[{\"correct\":false,\"text\":\"I&#39;ve become excellent at pushing others around.\",\"feedback\":\"This is incorrect. Confident communications is not about pushing others around. In fact, as Mary&#39;s confidence grew, it took less and less effort on her part to bring others around to her point of view.\"},{\"correct\":true,\"text\":\"I&#39;m much less anxious when talking to others.\",\"feedback\":\"This is correct. As Mary&#39;s confidence grew, her anxiety subsided, and even when her anxiety is there, she has learned to accept it and communicate anyway.\"},{\"correct\":true,\"text\":\"I can now really say what is on my mind.\",\"feedback\":\"This is correct. As her confidence grew, she felt more free to say what she was thinking. And this is not about putting others down, but getting her point across.\"},{\"correct\":true,\"text\":\"My boss has noticed that I am contributing more in meetings.\",\"feedback\":\"This is correct. Mary&#39;s confidence enables her to join in more and even though everything she says isn&#39;t always perfect or even correct, she is contributing to moving the discussion forward.\"},{\"correct\":false,\"text\":\"Everyone in the office now fears me.\",\"feedback\":\"This is incorrect. The goal of confident communication is not to have others fear you. In fact, people more fear someone they can&#39;t figure out.\"}],\"sound\":\"\",\"text\":\"Mary has worked with Bill for three years. In that time, Bill has watched Mary go from a timid talker to a robust, confident communicator. Bill asked her how it had changed her life. Which answers would Mary have correctly stated?\"},\"feedback\":[\"Great work! Now you can touch any answer to get more info.\",\"Some are incorrect. Now you can touch any answer to get more info.\"],\"score\":\"60\",\"gems\":\"1\"}","lite":"0","guid":"bbff67a3-640b-4717-a94f-3d0482780b31","growth_activity":"0"},{"id":"88281","courseId":"216","type":"4","summary":"Trust, Credibility, Confident Behavior","index":"55","json":"{ \"type\":4}","lite":"0","guid":"5872a972-ab0d-4988-ac0f-8de016239d5e","growth_activity":"0"},{"id":"88282","courseId":"216","type":"3","summary":"Trust and Credibility: I and You","index":"56","json":"{\"type\":3,\"intro\":{\"title\":\"Trust and Credibility: I and You\",\"description\":\"In this Burst, you&#39;ll learn the important distinction between trust and credibility. They are similar yet different.\",\"image\":\"B40FE828-A57C-C2DB-AF99-9CE93843F5F2.png\",\"sound\":\"162C357E-2D68-85CB-5BEE-ECD50B55FE17.mp3\",\"volume\":11},\"unlockscore\":\"200\",\"quicklink\":false,\"quotation\":\"I trust YOU. YOU are confident.\"}","lite":"0","guid":"ad581c16-0701-457a-a1a8-87fe2773a6df","growth_activity":"0"},{"id":"88283","courseId":"216","type":"13","summary":"Trust or Credibility?","index":"57","json":"{\"type\":13,\"thisthat\":{\"questions\":[{\"text\":\"Which is which?&#10;&#10;______ is more objective, rational and fact-based.\",\"correct\":\"Trust\",\"wrong\":\"Credibility\",\"value\":false,\"feedback\":[\"This is correct. Credibility is more objective, rational and fact-based, whereas trust is more inherent and subjective.\",\"This is incorrect. Credibility is more objective, rational and fact-based, whereas trust is more inherent and subjective.\"]},{\"text\":\"Your bookkeeper&#39;s _______ is based on her training and work experience and her history of honest and accurate communication.\",\"correct\":\"Trust\",\"wrong\":\"Credibility\",\"value\":false,\"feedback\":[\"That is correct. Her credibility is based on those historical and fact-based conditions. On the other hand, you may trust your bookkeeper, but it is based on a subjective judgment on your part.\",\"This is incorrect. Her credibility is based on those historical and fact-based conditions. On the other hand, you may trust your bookkeeper, but it is based on a subjective judgment on your part.\"]},{\"text\":\"_______ resides within the recipient, as opposed to belonging to the speaker.\",\"correct\":\"Trust\",\"wrong\":\"Credibility\",\"value\":true,\"feedback\":[\"Yes, trust resides within the recipient, whereas credibility belongs to the speaker. In other words, I trust you because you are credible to me. Trust and credibility are very similar, but they are not identical.\",\"That is incorrect. Trust resides within the recipient, whereas credibility belongs to the speaker. In other words, I trust you because you are credible to me. Trust and credibility are similar, but not identical.\"]},{\"text\":\"The recipient listens to the speaker and thinks:      I have ________ in you.\",\"correct\":\"Trust\",\"wrong\":\"Credibility\",\"value\":true,\"feedback\":[\"Yes, the recipient thinks &#34;I have trust in you because you have credibility.&#34;\",\"That is incorrect. The recipient thinks &#34;I have trust in you because you have credibility.&#34;\"]}],\"timer\":90,\"noscore\":false},\"feedback\":[\"This is the end of the eighth Burst. How&#39;s the weather on your Progress Screen? If there are dark clouds, replay Bursts to try to earn more gems. The Bursts Menu shows how many gems you earned in each Burst.\",\"This is the end of the eighth Burst. How&#39;s the weather on your Progress Screen? If there are dark clouds, replay Bursts to try to earn more gems. The Bursts Menu shows how many gems you earned in each Burst.\"],\"score\":\"800\",\"gems\":\"1\"}","lite":"0","guid":"1a4d4b95-9c3b-4441-b69a-d8f272cd41be","growth_activity":"0"},{"id":"88284","courseId":"216","type":"4","summary":"Trust and Credibility - I and You","index":"58","json":"{ \"type\":4}","lite":"0","guid":"3d815dba-48a2-4bad-9620-ff03ed292604","growth_activity":"0"},{"id":"88285","courseId":"216","type":"3","summary":"All three elements in place","index":"59","json":"{\"type\":3,\"intro\":{\"title\":\"All three elements\",\"description\":\"In this Burst, we&#39;ll see that all three elements must be in place for confident communication to exist. If any one of the three is missing, confident communication will not occur.\",\"image\":\"7808BC9C-A37F-D5D5-09CA-B778B9BAC3A3.png\",\"sound\":\"D101BF26-9317-A009-7547-FAE8A8F50581.mp3\",\"volume\":21},\"unlockscore\":\"200\",\"quicklink\":false,\"quotation\":\"Trust, credibility, and confident behavior - like the three legs of a stool.\"}","lite":"0","guid":"7ef250b2-d561-42e7-bfbf-75d6defc51ce","growth_activity":"0"},{"id":"88286","courseId":"216","type":"6","summary":"None can be missing","index":"60","json":"{\"type\":6,\"image\":\"ED1A8199-AEE3-B148-CC70-4DDC646C1A7D.png\",\"presentation\":[{\"text\":\"Trust, Credibility, Confident Behavior\",\"in\":1,\"time\":1,\"sound\":\"\",\"color\":\"#256ED7\",\"size\":2},{\"text\":\"All three must be present to create confident communication. If any one is missing, it will not work.&#10;&#10;For example, if you lack credibility, your audience will not trust you and even though you may try to behave confidently, your message will be undermined. \",\"in\":1,\"time\":2,\"sound\":\"\"}]}","lite":"0","guid":"f43a5289-f1c9-4bb6-be13-54a7a3b3ede7","growth_activity":"0"},{"id":"88287","courseId":"216","type":"12","summary":"What element is missing? 1","index":"61","json":"{\"type\":12,\"orderitems\":{\"slots\":[\"Start of statement\",\"\",\"\",\"\",\"\",\"end of statement\"],\"items\":[{\"text\":\"Confident behavior\",\"slot\":1},{\"text\":\"alone could not\",\"slot\":2},{\"text\":\"make up for\",\"slot\":3},{\"text\":\"lack of \",\"slot\":4},{\"text\":\"trust and\",\"slot\":5},{\"text\":\"credibility.\",\"slot\":6}],\"ordered\":true,\"timer\":60,\"sound\":\"\",\"prompt\":\"Mary was listening to a speaker who was dressed sharply and made good eye contact. But people knew him to exaggerate and not live up to his word. Build the appropriate statement below.\"},\"feedback\":[\"You got it. This slick dude couldn&#39;t overcome his past behavior and so people did not trust him, and act as confident as he could he did not have credibility.\",\"Oh, you didn&#39;t get it. But you should know that this slick dude had a lot of trouble overcoming his past behavior.\"],\"score\":\"60\",\"gems\":\"1\"}","lite":"0","guid":"4c61e477-d189-4727-93b8-98130b7dad2b","growth_activity":"0"},{"id":"88288","courseId":"216","type":"12","summary":"What element is missing? 2","index":"62","json":"{\"type\":12,\"orderitems\":{\"slots\":[\"Start of statement\",\"\",\"\",\"\",\"\",\"end of statement\"],\"items\":[{\"text\":\"Lack of \",\"slot\":1},{\"text\":\"confident behavior\",\"slot\":2},{\"text\":\"undermined\",\"slot\":3},{\"text\":\"this woman&#39;s\",\"slot\":4},{\"text\":\"credibility\",\"slot\":5},{\"text\":\"and trust.\",\"slot\":6}],\"ordered\":true,\"timer\":60,\"sound\":\"\",\"prompt\":\"Mary was listening to a speaker who fidgeted and closed her eyes when she talked. Mary had heard good things about her, but she had trouble believing the woman&#39;s words. Build the correct statement below.\"},\"feedback\":[\"You got it. This woman&#39;s behavior did not reflect a sense of confidence and so it undermined any trust and credibility that were present.\",\"Oh, you didn&#39;t get it. But you should know that this woman&#39;s behavior undermined her ability to gain the trust of her listeners.\"],\"score\":\"600\",\"gems\":\"1\"}","lite":"0","guid":"32b4d492-1164-4c9d-bf47-685858701d87","growth_activity":"0"},{"id":"88289","courseId":"216","type":"13","summary":"Element or not?","index":"63","json":"{\"type\":13,\"thisthat\":{\"questions\":[{\"text\":\"Mary is a confident communicator. One of her suppliers, Liza, is not a confident communicator. &#10;&#10;Which woman would you expect to make only statements she knows other people will agree with?&#10;&#10;\",\"correct\":\"Mary\",\"wrong\":\"Liza\",\"value\":false,\"feedback\":[\"Yes, Liza takes care to only say things that others already agree with. But over time people realize that her statements aren&#39;t spoken to contribute new information, and so they trust her less and see her as less credible.\",\"No, it&#39;s Liza who only says things that others already agree with. But over time people realize that her statements aren&#39;t spoken to contribute new information, and so they trust her less and see her as less credible.\"]},{\"text\":\"Mary is a confident communicator. One of her suppliers, Liza, is not a confident communicator. &#10;&#10;One of them strives to share only accurate, factual information rather than theories or assumptions. &#10;&#10;From what you know, which would you expect to do that?\",\"correct\":\"Mary\",\"wrong\":\"Liza\",\"value\":false,\"feedback\":[\"Correct, Liza does that. She doesn&#39;t realize that sharing hypotheses can call forth valuable insights, so long as the speaker makes it clear that she&#39;s not certain of the accuracy of her information.\",\"No, we&#39;d expect this from Liza. She doesn&#39;t realize that sharing hypotheses can call forth valuable insights, so long as the speaker makes it clear that she&#39;s not certain of the accuracy of her information.\"]},{\"text\":\"Mary is a confident communicator. One of her suppliers, Liza, is not a confident communicator. &#10;&#10;If you had to guess, which would you assume would be open to feedback from others?&#10;&#10;&#10;\",\"correct\":\"Mary\",\"wrong\":\"Liza\",\"value\":true,\"feedback\":[\"This is correct. Mary is open to feedback, and so others trust her because they know their opinions will be considered. Trust is an essential element required for effective, confident communication.\",\"That&#39;s incorrect. We&#39;d expect this from Mary. Being open to feedback tends to make others trust her because they know their opinions will be considered. Trust is essential for effective, confident communication.\"]},{\"text\":\"Mary is a confident communicator. One of her suppliers, Liza, is not a confident communicator.&#10;&#10;If you were listening to both, which would you expect to more likely make appropriate eye contact with you?&#10;\",\"correct\":\"Mary\",\"wrong\":\"Liza\",\"value\":true,\"feedback\":[\"That is correct. You&#39;d expect Mary to make appropriate eye contact -- an important aspect of confidential behavior.\",\"That is incorrect. You&#39;d expect Mary, not Liza, to make appropriate eye contact -- an important aspect of confidential behavior.\"]},{\"text\":\"Mary is a confident communicator. One of her suppliers, Liza, is not a confident communicator.&#10;&#10;One of them only makes commitments she can fulfill. &#10;&#10;Knowing what you know of them, which would you think that would be?\",\"correct\":\"Mary\",\"wrong\":\"Liza\",\"value\":true,\"feedback\":[\"That&#39;s correct. Mary speaks and acts with integrity, and so her words are regarded as credible - and credibility is one of the essential elements of confident communication.\",\"That&#39;s incorrect. Mary speaks and acts with integrity, and so her words are regarded as credible - and credibility is one of the essential elements of confident communication.\"]}],\"timer\":60,\"noscore\":false},\"feedback\":[\"\",\"\"],\"score\":\"1000\",\"gems\":\"2\"}","lite":"0","guid":"adfa9546-caa9-4e27-abc1-c05ce81e12ad","growth_activity":"0"},{"id":"88290","courseId":"216","type":"4","summary":"All three elements in place","index":"64","json":"{ \"type\":4}","lite":"0","guid":"4181e38d-36b1-4a61-a0d3-756f51d4ccf6","growth_activity":"0"},{"id":"88291","courseId":"216","type":"3","summary":"Summary","index":"65","json":"{\"type\":3,\"intro\":{\"title\":\"Summary So Far\",\"description\":\"We&#39;re nearing the end of this Unit, so we&#39;ll use this Burst to summarize the main points presented so far.\",\"image\":\"4AE2B5A9-EDD1-19FB-3C00-4ED41533598E.png\",\"sound\":\"C357A244-0D8F-5A9A-B577-50F58C87C7F3.mp3\",\"volume\":16},\"unlockscore\":\"200\",\"quicklink\":false,\"quotation\":\"Anyone can become confident with practice once they understand how confidence is built.\"}","lite":"0","guid":"e1997e97-8701-4d72-8ca4-239bd499ece1","growth_activity":"0"},{"id":"88292","courseId":"216","type":"6","summary":"Summary","index":"66","json":"{\"type\":6,\"image\":\"3D92F14A-8910-30EE-55AA-72A1971D3E72.png\",\"presentation\":[{\"text\":\"Summary\",\"in\":1,\"time\":1,\"sound\":\"\",\"color\":\"#256ED7\",\"size\":2},{\"text\":\"Lack of confidence when communicating is a stressful problem which can make it difficult for you to interact effectively with others. Although lack of confidence can manifest itself in a variety of ways, it is usually caused by a feeling of fear.\",\"in\":1,\"time\":2,\"sound\":\"\"}]}","lite":"0","guid":"6594f6ab-1562-4a9a-9e26-1825f2010d24","growth_activity":"0"},{"id":"88293","courseId":"216","type":"6","summary":"Summary","index":"67","json":"{\"type\":6,\"image\":\"CDCAE4F2-8CC4-9C9F-DB03-5DC14C9C30C0.png\",\"presentation\":[{\"text\":\"Anyone can become confident with practice once they understand how confidence is built. &#10;&#10;The key to building confidence is to earn the trust of others, establish your credibility and carry yourself in a confident way. &#10;&#10;If you achieve these three goals, you can become a confident communicator!\",\"in\":1,\"time\":2,\"sound\":\"\"}]}","lite":"0","guid":"307fb2d6-862d-49ba-835c-03befffd77a1","growth_activity":"0"},{"id":"88294","courseId":"216","type":"12","summary":"What is what?","index":"68","json":"{\"type\":12,\"orderitems\":{\"slots\":[\"Confident behavior\",\"Feeling of fear\",\"How to build credibility\",\"One secret of confidence\",\"Benefits of confident communication\",\"Symptom of lack of confidence\"],\"items\":[{\"text\":\"Open body stance, good eye contact\",\"slot\":1},{\"text\":\"Usual reason for lack of confidence\",\"slot\":2},{\"text\":\"Making good on your promises\",\"slot\":3},{\"text\":\"With patience, you can build it\",\"slot\":4},{\"text\":\"Reduce anxiety, speak freely\",\"slot\":5},{\"text\":\"Feeling listeners are judging you\",\"slot\":6}],\"ordered\":true,\"timer\":90,\"sound\":\"\",\"prompt\":\"Drag the descriptions below to the examples on top.\"},\"feedback\":[\"You&#39;re on your way to building your confidence. Keep at it!\",\"You might want to go through this course demo again to review. Building your confidence is worth it!\"],\"score\":\"1200\",\"gems\":\"1\"}","lite":"0","guid":"0e17f038-67dc-4f61-927c-29b920309f3e","growth_activity":"0"},{"id":"88295","courseId":"216","type":"7","summary":"How are you doing?","index":"69","json":"{\"type\":7,\"input\":{\"type\":7,\"prompt\":\"Now that you&#39;re almost done with this Unit, rate yourself as to how confident a communicator you are (right is confident, left is not) and then write about it below.\",\"locked\":false,\"text\":\"\",\"isNumber\":false,\"useImages\":true,\"left\":\"57FBE969-0AE2-3983-2D4C-6B176B6A0CD3.png\",\"right\":\"63EF511D-F7DF-53EB-1812-FF9A260F3BB9.png\",\"ideal\":50},\"feedback\":[\"This is the end of this Summary Burst. The next Burst contains review questions to gauge how much you have retained of the content.\",\"This is the end of this Summary Burst. The next Burst contains review questions to gauge how much you have retained of the content.\"],\"score\":0,\"gems\":0}","lite":"0","guid":"09e3e939-5d48-4e60-8281-4e28fc5c8c5c","growth_activity":"0"},{"id":"88296","courseId":"216","type":"4","summary":"Summary","index":"70","json":"{ \"type\":4}","lite":"0","guid":"e696d72c-bae2-46f0-9ebe-50157bb4080e","growth_activity":"0"},{"id":"88297","courseId":"216","type":"3","summary":"Unit Review","index":"71","json":"{\"type\":3,\"intro\":{\"title\":\"Unit Review\",\"description\":\"In this Burst we can see how much of the content you have mastered. This will help you to assess which if any of the Bursts you should replay.\",\"image\":\"017DD248-21E7-7089-DA72-013C7F56EAD4.png\",\"sound\":\"F0B6C728-F8D4-0890-4732-D0D6B7206EF1.mp3\",\"volume\":13},\"unlockscore\":\"700\",\"quicklink\":false,\"quotation\":\"\"}","lite":"0","guid":"0874ba3e-6167-4f91-b270-bdaade6f97b2","growth_activity":"0"},{"id":"88298","courseId":"216","type":"20","summary":"Essential Elements of Confident Behavior","index":"72","json":"{\"type\":20,\"multiple\":{\"timer\":0,\"answers\":[{\"correct\":true,\"text\":\"Being accurate when describing your capabilities and skills\",\"feedback\":\"This is correct. It is an essential element of confident communication.\"},{\"correct\":true,\"text\":\"Maintaining good posture with open body language\",\"feedback\":\"This is correct. It is an essential element of confident communication.\"},{\"correct\":false,\"text\":\"Being able to command attention from others\",\"feedback\":\"This is incorrect. It is not an essential element of confident communication.\"},{\"correct\":false,\"text\":\"Hiding mistakes you&#39;ve made from others\",\"feedback\":\"This is incorrect. It is not an essential element of confident communication.\"},{\"correct\":true,\"text\":\"Having the ability to accept feedback from others\",\"feedback\":\"This is correct. It is an essential element of confident communication.\"}],\"sound\":\"\",\"text\":\"Which characteristics demonstrate essential elements of confident communication?\"},\"feedback\":[\"All correct. Touch Close and then Next to continue.\",\"Some answers were not correct. Touch Close and then Next to continue.\"],\"score\":\"500\",\"gems\":\"1\"}","lite":"0","guid":"13968f08-b38a-4449-95c7-5a805f5b57a4","growth_activity":"0"},{"id":"88299","courseId":"216","type":"6","summary":"Tina's Raise Setup","index":"73","json":"{\"type\":6,\"image\":\"3B135055-83B9-89DD-C394-431A1AD0EF52.png\",\"presentation\":[{\"text\":\"Tina&#39;s Raise Request\",\"in\":0,\"time\":0,\"sound\":\"\",\"size\":2,\"color\":\"#256ED7\"},{\"text\":\"Tina wants to ask you, her boss, for a raise. She is anxious about doing this.&#10;&#10;Follow along as she makes her request.\",\"in\":0,\"time\":0,\"sound\":\"\"}]}","lite":"0","guid":"ac4b2b33-f682-413f-b8a9-8a9dd34a123f","growth_activity":"0"},{"id":"88300","courseId":"216","type":"19","summary":"Tina Asks for a Raise","index":"74","json":"{\"type\":19,\"conversation\":[{\"text\":\"Thanks for seeing me. I&#39;ve come to speak about my current salary.\",\"image\":\"B358D8F0-E429-F8FF-5590-BC5419D913EC.png\",\"sound\":\"C2BAE5E8-14A5-1395-2050-2ACB8CBEC657.mp3\"},{\"text\":\"My performance evaluation results were very good, and I&#39;ve been able to bring in a lot of custom contracts over the last six months.\",\"image\":\"E47E9CBA-8BED-6F9A-A805-5B53D78B515D.png\",\"sound\":\"193EC557-1A54-A620-E880-6ACAB25CC602.mp3\"},{\"text\":\"I think my performance merits a raise. I was hoping for a 10% increase. What do you think?\",\"image\":\"27BD2376-1156-BD94-2205-8EBBBFC6777D.png\",\"sound\":\"F3C02A04-A91A-C828-8B8B-C8D07BBC6AB9.mp3\"}],\"feedback\":\"Think about how Tina handled this situation. Next, you&#39;ll answer some questions about how she did.\"}","lite":"0","guid":"e4e0760e-38ab-4018-ad58-e1e3b9a9e122","growth_activity":"0"},{"id":"88301","courseId":"216","type":"13","summary":"Tina's Request Questions","index":"75","json":"{\"type\":13,\"thisthat\":{\"questions\":[{\"text\":\"Answer this question about the effectiveness of Tina&#39;s communication.&#10;&#10;When she speaks about her performance, the inflection at the end of her sentences conveys authoritative certainty.\",\"correct\":\"True\",\"wrong\":\"False\",\"value\":true,\"feedback\":[\"\",\"\"]},{\"text\":\"Answer this question about the effectiveness of Tina&#39;s communication.&#10;&#10;When she speaks about her raise, the inflection at the end of her sentences conveys authoritative certainty.\",\"correct\":\"True\",\"wrong\":\"False\",\"value\":false,\"feedback\":[\"\",\"\"]},{\"text\":\"Answer this question about the effectiveness of Tina&#39;s communication.&#10;&#10;The rapidness of her speech conveys confidence.\",\"correct\":\"True\",\"wrong\":\"False\",\"value\":false,\"feedback\":[\"\",\"\"]},{\"text\":\"Answer this question about the effectiveness of Tina&#39;s communication.&#10;&#10;Her eye contact is good and conveys confidence.\",\"correct\":\"True\",\"wrong\":\"False\",\"value\":true,\"feedback\":[\"\",\"\"]},{\"text\":\"Answer this question about the effectiveness of Tina&#39;s communication.&#10;&#10;Her posture is strong, conveying confidence.\",\"correct\":\"True\",\"wrong\":\"False\",\"value\":true,\"feedback\":[\"\",\"\"]}],\"timer\":0,\"noscore\":false},\"feedback\":[\"This is the end of this Review Burst.\",\"This is the end of this Review Burst.\"],\"score\":\"500\",\"gems\":\"1\"}","lite":"0","guid":"06407a85-b665-41e3-a43d-466995c6361f","growth_activity":"0"},{"id":"88302","courseId":"216","type":"4","summary":"Unit Quiz","index":"76","json":"{ \"type\":4}","lite":"0","guid":"1ed8f8e9-9523-4342-86d6-c9f11a161aad","growth_activity":"0"},{"id":"88303","courseId":"216","type":"3","summary":"Big Idea Review Fun","index":"77","json":"{\"type\":3,\"intro\":{\"title\":\"Fun with the Big Ideas\",\"description\":\"Now that you&#39;ve completed this Unit, here&#39;s a fun little game to play that reviews the Big Ideas.\",\"image\":\"A32A1C4E-9A5D-A17B-C8CC-49ED0D26A231.png\",\"sound\":\"220371F9-3413-C3B5-267D-7F83F56C821A.mp3\",\"volume\":50},\"unlockscore\":\"20\",\"quicklink\":false,\"quotation\":\"You can be a confident communicator - just follow along and give it your best.\"}","lite":"0","guid":"8efd351a-dc5c-48fd-b1d8-b905f5c6b53e","growth_activity":"0"},{"id":"88304","courseId":"216","type":"18","summary":"Review time","index":"78","json":"{\"type\":18,\"catch\":{\"prompt\":\"As the words fly towards you, touch those that make up the big idea of this course.\",\"items\":[{\"isImage\":false,\"correct\":true,\"text\":\"Be Confident\",\"image\":\"\",\"bonus\":0,\"slot\":1},{\"isImage\":false,\"correct\":true,\"text\":\"Speak Freely\",\"image\":\"\",\"bonus\":0,\"slot\":2},{\"isImage\":false,\"correct\":true,\"text\":\"Assert Yourself\",\"image\":\"\",\"bonus\":0,\"slot\":3},{\"isImage\":false,\"correct\":true,\"text\":\"Listen Better\",\"image\":\"\",\"bonus\":0,\"slot\":4},{\"isImage\":false,\"correct\":true,\"text\":\"Contribute More\",\"image\":\"\",\"bonus\":0,\"slot\":5},{\"isImage\":false,\"correct\":true,\"text\":\"EXTRA POINTS\",\"image\":\"\",\"bonus\":1,\"slot\":0},{\"isImage\":false,\"correct\":true,\"text\":\"EXTRA TIME\",\"image\":\"\",\"bonus\":2,\"slot\":0},{\"isImage\":false,\"correct\":false,\"text\":\"Afraid to speak\",\"image\":\"\",\"bonus\":0,\"slot\":0},{\"isImage\":false,\"correct\":false,\"text\":\"being judged\",\"image\":\"\",\"bonus\":0,\"slot\":0},{\"isImage\":false,\"correct\":false,\"text\":\"lost opportunities\",\"image\":\"\",\"bonus\":0,\"slot\":0}],\"ordered\":true,\"timer\":120,\"sound\":\"\",\"speed\":5,\"frequency\":6},\"feedback\":[\"You got it! Be confident so you can speak freely, assert yourself and contribute more to your organization. Let yourself be heard!\",\"You didn&#39;t get it all! You can try again if you like. But, the bottom line is this: Be confident so you can speak freely, assert yourself and contribute more to your organization. Let yourself be heard!\"],\"score\":\"600\",\"gems\":\"2\"}","lite":"0","guid":"f312f51a-b0ab-4c93-9412-11f56c1b7441","growth_activity":"0"},{"id":"88305","courseId":"216","type":"4","summary":"Review Fun","index":"79","json":"{ \"type\":4}","lite":"0","guid":"c585f3b8-845f-4dfa-baad-4045b48227b3","growth_activity":"0"},{"id":"88306","courseId":"216","type":"2","summary":"Advantages and elements of confident communication","index":"80","json":"{ \"type\":2}","lite":"1","guid":"ff2a0d3d-1329-4bd3-9ca4-386e979cd75f","growth_activity":"0"},{"id":"88307","courseId":"216","type":"1","summary":"Trust, Credibility and Communicating Confidently","index":"81","json":"{\"type\":1,\"intro\":{\"title\":\"Trust, Credibility and Communicating Confidently\",\"description\":\"This is a placeholder for Unit 2 of the course.\",\"image\":\"\"},\"dossier\":false}","lite":"0","guid":"d16c81b1-9e31-485d-99f6-e09bfad2a0e6","growth_activity":"0"},{"id":"88308","courseId":"216","type":"2","summary":"Trust, Credibility and Communicating Confidently","index":"82","json":"{ \"type\":2}","lite":"0","guid":"56b6e6c7-a014-47ed-ac90-b6091e5f1c4a","growth_activity":"0"},{"id":"88309","courseId":"216","type":"1","summary":"Confident Communication Behavior","index":"83","json":"{\"type\":1,\"intro\":{\"title\":\"Confident Communication Behavior\",\"description\":\"This is a placeholder for Unit 3 of the course. \",\"image\":\"\"},\"dossier\":false}","lite":"0","guid":"56a5ec7d-4824-4ee7-b92f-e07f7c65eaa1","growth_activity":"0"},{"id":"88310","courseId":"216","type":"2","summary":"Confident Communication Behavior","index":"84","json":"{ \"type\":2}","lite":"0","guid":"031daf89-98a6-414e-b8ca-16b06616e911","growth_activity":"0"}]