{"id":"216","credits":"2","dollars":"9.99","summary":"Learn to communicate with confidence in your business and personal life.","description":"Learn to use the essential elements of trust, credibility, and confident behavior to communicate effectively and confidently.","date":"2014-10-17 09:48:19","iconURL":"icon212.jpg","imageURL":"image212.jpg","vimeo":"","title":"Become a Confident Communicator - HiPts music","editDate":"2014-10-19 19:52:44","buildAvailable":"1","published":"0","publicationDate":null}