{"id":"178","credits":"2","dollars":"9.99","summary":"Learn to communicate with confidence in your business and personal life.","description":"Learn to use the essential elements of trust, credibility, and confident behavior to communicate effectively and confidently.","date":"2014-09-17 19:48:15","iconURL":"icon173.jpg","imageURL":"image159.jpg","vimeo":"","title":"Copy of Confident Communicator Demo Course","editDate":"0000-00-00 00:00:00","buildAvailable":"1","published":"0","publicationDate":null}