[{"id":"91141","courseId":"177","type":"3","summary":"Start","index":"0","json":"{\"type\":3,\"intro\":{\"title\":\"Trust your mind\",\"description\":\"Open the door&#10;Open your mind&#10;Listen&#10;Listen\",\"image\":\"80C71B08-376D-EF91-AE5A-7E2FBAB66D44.png\",\"sound\":\"94EE84AF-36CD-5D31-7555-2B408A818DC9.mp3\",\"volume\":63},\"unlockscore\":0,\"quicklink\":false,\"quotation\":\"\"}","lite":"0","guid":"df4561b1-6f2e-4bbf-9a70-d0dd9202cdbe","growth_activity":"0"},{"id":"91142","courseId":"177","type":"13","summary":"First","index":"1","json":"{\"type\":13,\"thisthat\":{\"questions\":[{\"text\":\"Do you believe in the power of the word?\",\"correct\":\"True\",\"wrong\":\"False\",\"value\":true,\"feedback\":[\"Oh yes\",\"Oh no\"]}],\"timer\":0,\"noscore\":true},\"feedback\":[\"Then what are you waiting for?\",\"\"],\"score\":0,\"gems\":\"6\"}","lite":"0","guid":"53dda97b-e2f5-4293-af97-32a54d87dd46","growth_activity":"0"},{"id":"91143","courseId":"177","type":"17","summary":"Self Help Haiku","index":"2","json":"{\"type\":17,\"video\":{\"prompt\":\"Hey this is cool\",\"vimeo\":\"24012604\"}}","lite":"0","guid":"e7b00e30-db5b-4289-b388-4ccc7c08edc3","growth_activity":"0"},{"id":"91144","courseId":"177","type":"4","summary":"Start","index":"3","json":"{ \"type\":4}","lite":"0","guid":"a660b717-542b-4136-b40c-0f4046f3648c","growth_activity":"0"}]