[{"id":"4868","courseId":"95","type":"3","summary":"No Unit Intro","index":"0","json":"{\\\"type\\\":3,\\\"intro\\\":{\\\"title\\\":\\\"No Unit Intro\\\",\\\"description\\\":\\\"This is the first screen that you will see.\\\",\\\"image\\\":\\\"271A00E6-AA69-533A-7FDF-B48B751DDF6A.png\\\"},\\\"unlockscore\\\":0,\\\"quicklink\\\":false,\\\"quotation\\\":\\\"Tis better to win than to lose. - Someone.\\\"}","lite":"0","guid":"22aa7d43-e56d-4965-ba61-9f56687d5530","growth_activity":"0"},{"id":"4869","courseId":"95","type":"8","summary":"Likeness","index":"1","json":"{\\\\\\\"type\\\\\\\":8,\\\\\\\"statement\\\\\\\":{\\\\\\\"prompt\\\\\\\":\\\\\\\"Find the lyric\\\\\\\",\\\\\\\"statements\\\\\\\":[\\\\\\\"When| I find|myself|in times|of trouble|Mother Mary|comes to me.\\\\\\\"],\\\\\\\"locked\\\\\\\":false,\\\\\\\"timer\\\\\\\":20,\\\\\\\"wrong\\\\\\\":\\\\\\\"hold your|I want to|now somewhere|in the|Rocky Racoon\\\\\\\"},\\\\\\\"wrong\\\\\\\":\\\\\\\"\\\\\\\",\\\\\\\"feedback\\\\\\\":[\\\\\\\"Let it be!\\\\\\\",\\\\\\\"Better luck next time!\\\\\\\"],\\\\\\\"score\\\\\\\":\\\\\\\"20\\\\\\\",\\\\\\\"gems\\\\\\\":\\\\\\\"1\\\\\\\"}","lite":"0","guid":"585469f7-47de-482f-b5b7-36bd89beef18","growth_activity":"0"},{"id":"4870","courseId":"95","type":"10","summary":"Play with it","index":"2","json":"{\\\\\\\"type\\\\\\\":10,\\\\\\\"dragdrop\\\\\\\":{\\\\\\\"timer\\\\\\\":30,\\\\\\\"layout\\\\\\\":0,\\\\\\\"goals\\\\\\\":[{\\\\\\\"isImage\\\\\\\":false,\\\\\\\"text\\\\\\\":\\\\\\\"Civil War\\\\\\\",\\\\\\\"image\\\\\\\":\\\\\\\"\\\\\\\"},{\\\\\\\"isImage\\\\\\\":false,\\\\\\\"text\\\\\\\":\\\\\\\"World War 2\\\\\\\",\\\\\\\"image\\\\\\\":\\\\\\\"\\\\\\\"}],\\\\\\\"items\\\\\\\":[{\\\\\\\"goal\\\\\\\":1,\\\\\\\"isImage\\\\\\\":false,\\\\\\\"text\\\\\\\":\\\\\\\"The Blue and the Gray\\\\\\\",\\\\\\\"image\\\\\\\":\\\\\\\"\\\\\\\"},{\\\\\\\"goal\\\\\\\":2,\\\\\\\"isImage\\\\\\\":false,\\\\\\\"text\\\\\\\":\\\\\\\"D-day\\\\\\\",\\\\\\\"image\\\\\\\":\\\\\\\"\\\\\\\"},{\\\\\\\"goal\\\\\\\":0,\\\\\\\"isImage\\\\\\\":false,\\\\\\\"text\\\\\\\":\\\\\\\"The War to end all wars\\\\\\\",\\\\\\\"image\\\\\\\":\\\\\\\"\\\\\\\"},{\\\\\\\"goal\\\\\\\":0,\\\\\\\"isImage\\\\\\\":false,\\\\\\\"text\\\\\\\":\\\\\\\"All Quiet on the Western Front\\\\\\\",\\\\\\\"image\\\\\\\":\\\\\\\"\\\\\\\"}],\\\\\\\"prompt\\\\\\\":\\\\\\\"Which war?\\\\\\\"},\\\\\\\"feedback\\\\\\\":[\\\\\\\"This pass statement has a question mark? \\\\\\\",\\\\\\\"This fail statement also has a question mark?\\\\\\\"],\\\\\\\"score\\\\\\\":0,\\\\\\\"gems\\\\\\\":0}","lite":"0","guid":"b14e66e8-137b-403c-9c6c-8b22552eb6d8","growth_activity":"0"},{"id":"4871","courseId":"95","type":"4","summary":"No Unit Intro","index":"3","json":"{ \\\"type\\\":4}","lite":"0","guid":"0ffd7805-a07e-4d97-aded-49b67cbe4d92","growth_activity":"0"}]