[{"id":"268981","courseId":"260","type":"1","summary":"Introduction","index":"0","json":"{\"type\":1,\"intro\":{\"title\":\"The Affordable Care Act\",\"description\":\"The Affordable Care Act, passed by Congress and signed into law by President Obama in March 2010, gives middle class families better health security by putting in place comprehensive health insurance reforms that will hold insurance companies accountable, lower health care costs, guarantee more choice, and enhance the quality of care for all Americans.&#10;&#10;&#10;&#10;&#10;&#10;&#10;This Blink Course will help you to understand how the law has impacted millions of lives for the better.\",\"image\":\"EABD9960-E33D-CF4F-E444-9D0571B3035A.png\"},\"dossier\":false}","lite":"1","guid":"84211f7e-87e0-4f56-9907-320a7f4e4de9","growth_activity":"0"},{"id":"268982","courseId":"260","type":"3","summary":"Burst 1","index":"1","json":"{\"type\":3,\"intro\":{\"title\":\"Putting Patients First\",\"description\":\"Blink Courses serve up content in short Bursts. In this first Burst, you&#39;ll learn about the new rights and consumer protections this law has given to the  millions of people who get health insurance through work or through a program like Medicare. &#10;&#10;&#10;&#10;&#10;&#10;&#10;&#10;In this Burst, you can earn four gems. Gems reflect how well you understand the content. To unlock the next Burst, you&#39;ll need at least 50 points (note the &#39;Target&#39; to the left.) Touch Start to begin.\",\"image\":\"404A47B5-F5C3-DE90-587C-017AA86F4F09.png\",\"sound\":\"\",\"volume\":50},\"unlockscore\":\"50\",\"quicklink\":false,\"quotation\":\"\"}","lite":"1","guid":"45e3cffa-9699-44b6-8c57-e0f7b9314f39","growth_activity":"0"},{"id":"268983","courseId":"260","type":"10","summary":"The Key Facts","index":"2","json":"{\"type\":10,\"dragdrop\":{\"timer\":0,\"layout\":0,\"goals\":[{\"isImage\":true,\"text\":\"\",\"image\":\"35CB59F6-E220-9BBD-3C58-7214E5A33557.png\"},{\"isImage\":true,\"text\":\"\",\"image\":\"F1F72BB2-F4BD-F353-C215-E88DA628684A.png\"}],\"items\":[{\"goal\":2,\"isImage\":true,\"text\":\"\",\"image\":\"6CD735C5-E914-6E68-A29F-97F825196B68.png\",\"feedback\":[\"Correct, the new law has strengthened consumer rights and protections. For example, more than 129 million Americans with pre-existing conditions can no longer be denied coverage or charged more because of their health. \",\"That&#39;s incorrect.\"]},{\"goal\":2,\"isImage\":true,\"text\":\"\",\"image\":\"CD2635E0-3C5E-01EA-34C9-420077638543.png\",\"feedback\":[\"Correct, the new law has brought down the cost of coverage. For example, Americans buying coverage through the Health Insurance Marketplace are paying an average of just $82 per month for health insurance.\",\"That&#39;s incorrect.\"]},{\"goal\":2,\"isImage\":true,\"text\":\"\",\"image\":\"F0780697-F6B8-2D12-4C50-ECA0184F54D0.png\",\"feedback\":[\"That&#39;s correct. The new law has given Americans better access to care. For example, 54 million Americans can now receive free preventive services, such as cancer screenings, through their private insurance plan.\",\"That&#39;s incorrect.\"]},{\"goal\":1,\"isImage\":true,\"text\":\"\",\"image\":\"2EB37B29-A44C-E941-9BC4-9F3B29E5727C.png\",\"feedback\":[\"That&#39;s correct. Before the Affordable Care Act, insurance companies had the right to cap their obligations to their customers. This is no longer the case under the new law.\",\"That&#39;s incorrect.\"]},{\"goal\":1,\"isImage\":true,\"text\":\"\",\"image\":\"86F99460-9A94-0AC5-F206-608BFB3B9A4D.png\",\"feedback\":[\"That&#39;s correct. Before the Affordable Care Act, women were discriminated against in health care benefits. This is no longer the case.\",\"That&#39;s incorrect.\"]},{\"goal\":2,\"isImage\":true,\"text\":\"\",\"image\":\"8FB48827-A4E3-4B4F-A257-48DF8C267545.png\",\"feedback\":[\"Correct. Under the new law, more than 8 million seniors and other people with Medicare have saved more than $12 billion on their prescription drugs. And, very importantly, the life of the Medicare Trust Fund has been extended by 13 years, through 2030.\",\"That&#39;s incorrect.\"]}],\"prompt\":\"The Affordable Care Act has ushered in much needed changes to the health care system. Drag each item to its appropriate goal at the bottom.\",\"sound\":\"\"},\"feedback\":[\"To sum it up: the Affordable Care Act has changed the health care landscape and put the patient and his or her doctor - rather than the insurance companies - in charge of making our critical health decisions.\",\"To sum it up: the Affordable Care Act has changed the health care landscape and put the patient and his or her doctor - rather than the insurance companies - in charge of making our critical health decisions.\"],\"score\":\"40\",\"gems\":\"1\"}","lite":"1","guid":"82aad54f-268b-485e-8105-3e7e9cdb7e95","growth_activity":"0"},{"id":"268984","courseId":"260","type":"12","summary":"From young adults...","index":"3","json":"{\"type\":12,\"orderitems\":{\"slots\":[\"Start of statement\",\"\",\"\",\"\",\"\",\"End of statement\"],\"items\":[{\"text\":\"More than 3.1 million\",\"slot\":1},{\"text\":\"young adults\",\"slot\":2},{\"text\":\"now have\",\"slot\":3},{\"text\":\"coverage on a\",\"slot\":4},{\"text\":\"parent&#39;s plan\",\"slot\":5},{\"text\":\"through age 26.\",\"slot\":6}],\"ordered\":true,\"timer\":60,\"sound\":\"\",\"prompt\":\"The Affordable Care Act has made health care more accessible, including to young adults in those formerly vulnerable early working years. &#10;&#10;Drag the statement pieces to their correct slot to show how effective this has been. Then touch Done.\"},\"feedback\":[\"Yes, this is one example of the new law&#39;s extended access to care.\",\"Some were incorrect. But note that now 3.1 million young adults have coverage on a parent&#39;s plan through age 26.\"],\"score\":\"60\",\"gems\":\"1\"}","lite":"1","guid":"d4d5360e-e5b0-4133-a89b-058a6fbdbd29","growth_activity":"0"},{"id":"268985","courseId":"260","type":"9","summary":"...to seniors","index":"4","json":"{\"type\":9,\"wordfill\":{\"text\":\"To date, ##6## seniors have ##2## one or more ##4## preventive ##1##, such as cancer ##5##.\",\"prompt\":\"The Affordable Care Act has benefited Americans at all stages in life, from vulnerable infants to adults with families to seniors living on a fixed income.&#10;&#10;Fill in the words below to show how one group has benefited.\",\"sound\":\"\",\"words\":[\"services\",\"received\",\"expanded\",\"free\",\"screenings\",\"3.1 million\"],\"timer\":60},\"feedback\":[\"Yes, from infants to seniors, the nation is more secure due to the Affordable Care Act.\",\"Some were incorrect. But be clear: from infants to seniors, the nation is more secure due to the Affordable Care Act.\"],\"score\":\"50\",\"gems\":\"1\"}","lite":"1","guid":"d0cdbfdc-40c4-4e1e-8f26-5d982ab0d7eb","growth_activity":"0"},{"id":"268986","courseId":"260","type":"20","summary":"Which of these were allowed?","index":"5","json":"{\"type\":20,\"multiple\":{\"timer\":60,\"answers\":[{\"correct\":true,\"text\":\"Deny coverage to children who had asthma\",\"feedback\":\"Children are this nation&#39;s future and a child suffering from asthma cannot fulfill his or her potential. By assuring these children are covered for their health needs, the law helps to assure a stronger tomorrow for the nation.\"},{\"correct\":true,\"text\":\"Deny coverage to infants born with a heart defect\",\"feedback\":\"Just when a family needed health insurance the most - at that critical moment when a new child was born and health issues were discovered - the insurance companies could simply deny coverage. Imagine the additional pain and suffering this would inflict upon those new parents.\"},{\"correct\":true,\"text\":\"Put lifetime caps on insurance company payments\",\"feedback\":\"Insurance companies are in the business of health care. That doesn&#39;t mean until they feel they&#39;ve paid enough or until their profit margins start shrinking. They&#39;ve must follow through on their commitment to their customers.\"},{\"correct\":true,\"text\":\"Cancel your coverage due to a mistake on your application\",\"feedback\":\"The vast majority of &#39;mistakes&#39; on insurance applications are due to the complexity of the application, not the ill will of the applicant. Coverage must not be denied due to an unintentional mistake.\"}],\"sound\":\"\",\"text\":\"The Affordable Care Act has created a Patient&#39;s Bill of Rights. This protects all Americans from the abusive practices of insurance companies. &#10;&#10;Think back. Which of the following actions did insurance companies have the legal right to do before this law? (Choose all you think apply.)\"},\"feedback\":[\"Very good. Now touch Close and then touch any answer above to learn more important information.\",\"Some were incorrect. Now touch Close and then touch any answer above to learn more important information.\"],\"score\":\"40\",\"gems\":\"1\"}","lite":"1","guid":"84402648-c67a-4210-bb5c-d18ec363fbda","growth_activity":"0"},{"id":"268987","courseId":"260","type":"6","summary":"Summary","index":"6","json":"{\"type\":6,\"image\":\"691CB333-74FE-815E-35C2-C3E47F82724F.png\",\"presentation\":[{\"text\":\"Building a More Informed Electorate\",\"in\":0,\"time\":0,\"sound\":\"\",\"alignment\":0,\"size\":2,\"color\":\"#256ED7\"},{\"text\":\"This was a sample of a Blink course that could engage U.S. citizens in the facts of the new health law. But Blink could be used to get the word out about the growing economy, the improving educational system, the threats that lie outside our borders, the dangers of climate change and more.\",\"in\":0,\"time\":0,\"sound\":\"\",\"size\":0},{\"text\":\"Blink is a unique communication platform in that it can engage softly while expressing important content. And with Blink, you&#39;ll know how many people played through the courses and what concepts were difficult to understand. Blink can help to build a more informed electorate.\",\"in\":0,\"time\":0,\"sound\":\"\",\"size\":0}]}","lite":"1","guid":"f634bf7c-6402-464b-8e9c-da1979e9fcdd","growth_activity":"0"},{"id":"268988","courseId":"260","type":"4","summary":"Burst 1","index":"7","json":"{ \"type\":4}","lite":"1","guid":"d11ddcf9-d5a7-4381-ab22-82a6ca40bea7","growth_activity":"0"},{"id":"268989","courseId":"260","type":"2","summary":"Introduction","index":"8","json":"{ \"type\":2}","lite":"1","guid":"302e3cf0-e2c0-45f7-a7b3-1e74f03f12b2","growth_activity":"0"}]