{"id":"260","authorId":"0","groupId":"0","credits":"2","dollars":"9.99","summary":"Learn how the Affordable Care Act has improved your health care experience","description":"The Affordable Care Act consists of a wide-ranging series of improvements to the U.S. health care system. Learn how the law has already impacted all our lives for the better.","date":"2015-03-07 06:30:50","iconURL":"icon260.jpg","imageURL":"image260.jpg","vimeo":"","title":"Making Health Care More Affordable","editDate":"2015-04-17 13:14:29","buildAvailable":"1","published":"0","publicationDate":null}