[{"id":"288831","courseId":"283","type":"3","summary":"Credits, Copyright, and Contact Info","index":"8","json":"{\"type\":3,\"intro\":{\"title\":\"Credits, Copyright, and Contact Info\",\"description\":\"We hope you find that this course helps you to change your life for the better. In this Burst, we take a moment to list the wonderful folks who helped to make this course and Blink Training a reality. &#10;&#10;&#10;&#10;&#10;&#10;&#10;&#10;&#10;We never give up and we hope you never give up either. \",\"image\":\"EECF8505-DF65-184A-D3DB-5E487579E850.png\",\"sound\":\"\",\"volume\":50},\"unlockscore\":0,\"quicklink\":false,\"quotation\":\"\",\"unlockActivity\":\"none\",\"dossier\":false}","lite":"1","guid":"980dcfe0-58ce-49be-b7f0-998509358409","growth_activity":"0"},{"id":"288833","courseId":"283","type":"6","summary":"Copyright Info","index":"10","json":"{\"type\":6,\"image\":\"\",\"presentation\":[{\"text\":\"Copyright Information\",\"in\":1,\"time\":1,\"sound\":\"\",\"color\":\"#256ED7\",\"font\":1,\"size\":2},{\"text\":\"The Science of Getting Rich in a Blink course is Copyright (c) 2015 by Blink Training Systems, LLC. All Rights Reserved.\",\"in\":1,\"time\":2,\"sound\":\"\",\"size\":1},{\"text\":\"Portions Copyright, 1910 by Wallace D. Wattles. All Rights Reserved. Portions of this course are from the original 1910 version of The Science of Getting Rich by Wallace D. Wattles, originally published by the Elizabeth Town Company and now in the public domain. This course is not sponsored or endorsed by, or otherwise affiliated with, Wallace Wattles or his family and heirs or any other person or entity.\",\"in\":0,\"time\":0,\"sound\":\"\",\"size\":1},{\"text\":\"Blink eye logo, interactive course design, and course look and feel copyright (c) 2015 by Blink Training Systems, LLC. All Rights Reserved.\",\"in\":0,\"time\":0,\"sound\":\"\",\"size\":1},{\"text\":\"No part of this course may be reproduced or transmitted in any form, by any means, (electronic, photocopying, recording, or otherwise) without the prior written permission of the author. No liability is assumed with respect to the use of the information contained within. Although every precaution has been taken, the author assumes no liability for errors or omissions. Neither is any liability assumed for damages resulting from the use of the information contained herein.\",\"in\":0,\"time\":0,\"sound\":\"\",\"size\":1}]}","lite":"1","guid":"65f4e394-c25a-40a9-944a-6650a5b8efbb","growth_activity":"0"},{"id":"288834","courseId":"283","type":"6","summary":"Contact Info","index":"11","json":"{\"type\":6,\"image\":\"\",\"presentation\":[{\"text\":\"Contact Info\",\"in\":1,\"time\":1,\"sound\":\"\",\"color\":\"#256ED7\",\"font\":1,\"size\":2},{\"text\":\"If you have suggestions, observations, or want to get in touch for any other reason, please send email to jeff.siegel@jeffmedia.com.\",\"in\":1,\"time\":2,\"sound\":\"\"}]}","lite":"1","guid":"f6e33bdd-b54b-4207-900d-b2fb7c5d355d","growth_activity":"0"},{"id":"288835","courseId":"283","type":"4","summary":"Credits, Copyright, Contact Info","index":"12","json":"{ \"type\":4}","lite":"1","guid":"46bafdc5-6a8d-4c22-8042-7cba5b5279e0","growth_activity":"0"}]