[{"id":"842776","courseId":"295","type":"1","summary":"Introduction","index":"0","json":"{\"type\":1,\"intro\":{\"title\":\"Introduction\",\"description\":\"George S. Clason&#39;s motivational classic, &#34;The Richest Man in Babylon,&#34; uses simple parables set in the ancient Near East to teach the basic rules of financial success. These stories will teach you how to acquire, save and grow your money. This Blink Training course is a powerful new way for you to bring those simple principles into your everyday life.\",\"image\":\"F1E972D7-B07C-381B-63E6-D6C527976518.png\"},\"dossier\":false}","lite":"1","guid":"d122ec55-aca6-4b1f-a316-7bb27be9ad23","growth_activity":"0"},{"id":"842777","courseId":"295","type":"3","summary":"Preface: The Road Ahead","index":"1","json":"{\"type\":3,\"intro\":{\"title\":\"Preface: The Road Ahead\",\"description\":\"Ahead of you stretches your future like a road leading into the distance. Along that road are ambitions you wish to accomplish and desires you wish to gratify. To fulfill these ambitions and desires, you must be successful with money.&#10;&#10;The financial principles you will learn in this Blink Training course are like the law of gravity: they are universal and unchanging. May they prove for you, as they have proven to so many others, a sure way to greater income, larger bank balances and gratifying financial progress.\",\"image\":\"\",\"sound\":\"\",\"volume\":50},\"unlockscore\":\"200\",\"quicklink\":false,\"quotation\":\"\",\"dossier\":false,\"unlockActivity\":\"9230e225-8d3a-4f3e-a77f-37bf187217e1\"}","lite":"1","guid":"5db37949-b2b7-41b3-97bb-bc3e1039babe","growth_activity":"0"},{"id":"842778","courseId":"295","type":"9","summary":"Money Is Plentiful","index":"2","json":"{\"type\":9,\"wordfill\":{\"text\":\"Money is ##1##&#10;As long as I ##2##&#10;These simple principles of its ##3##\",\"prompt\":\"[First read &#34;WHAT TO DO&#34; in the yellow box below.]&#10;&#10;Let this be your motto for the rest of your life:\",\"sound\":\"\",\"words\":[\"plentiful\",\"am true to\",\"acquisition.\"],\"timer\":0},\"feedback\":[\"Money will be plentiful for you if you understand and implement the seven simple principles that follow. These seven principles form the foundation of the course. Think about how each one applies to your life.\",\"Money will be plentiful for you if you understand and implement the seven simple principles that follow. These seven principles form the foundation of the course. Think about how each one applies to your life.\"],\"score\":\"75\",\"gems\":\"1\"}","lite":"1","guid":"ed2a5138-71f3-44a6-a5c4-3cdd8a3c7dbe","growth_activity":"0"},{"id":"842779","courseId":"295","type":"12","summary":"A Fat Purse","index":"3","json":"{\"type\":12,\"orderitems\":{\"slots\":[\"Start thy\",\"purse to\",\"fattening.\"],\"items\":[{\"text\":\"Start now\",\"slot\":1},{\"text\":\"to increase\",\"slot\":2},{\"text\":\"your wealth.\",\"slot\":3}],\"ordered\":true,\"timer\":0,\"sound\":\"\",\"prompt\":\"Principle 1 of 7 -- Start thy purse to fattening.&#10;&#10;These principles are timeless, but the wording is a bit old fashioned. So, drag the three yellow boxes over the three orange boxes to form a more modern way of communicating the same idea. Then touch Done.\"},\"feedback\":[\"Good!\",\"Not exactly. The original quote is: Start thy purse to fattening. Today we might say: Start now to increase your wealth.\"],\"score\":\"75\",\"gems\":\"1\"}","lite":"1","guid":"763a8315-2821-4fab-8c31-42ad596fc033","growth_activity":"0"},{"id":"842780","courseId":"295","type":"12","summary":"Control Expenditures","index":"4","json":"{\"type\":12,\"orderitems\":{\"slots\":[\"Control\",\"thy\",\"expenditures.\"],\"items\":[{\"text\":\"Create a\",\"slot\":1},{\"text\":\"budget and\",\"slot\":2},{\"text\":\"stick to it.\",\"slot\":3}],\"ordered\":true,\"timer\":0,\"sound\":\"\",\"prompt\":\"Principle 2 of 7 -- Control Thy Expenditures\"},\"feedback\":[\"Great!\",\"Not exactly. The original wording is: Control thy expenditures. Today we might say: Create a budget and stick to it.\"],\"score\":\"75\",\"gems\":\"1\"}","lite":"1","guid":"326227a0-44f6-46e6-89b8-62042d5ca7bf","growth_activity":"0"},{"id":"842781","courseId":"295","type":"12","summary":"Multiply Thy Gold","index":"5","json":"{\"type\":12,\"orderitems\":{\"slots\":[\"Multiply\",\"thy\",\"gold.\"],\"items\":[{\"text\":\"Put your\",\"slot\":1},{\"text\":\"money to\",\"slot\":2},{\"text\":\"work for you.\",\"slot\":3}],\"ordered\":true,\"timer\":0,\"sound\":\"\",\"prompt\":\"Principle 3 of 7 -- Multiply thy gold.\"},\"feedback\":[\"Yes!\",\"Not exactly. The original wording is: Multiply thy gold. Today we might say: Put your money to work for you.\"],\"score\":\"75\",\"gems\":\"1\"}","lite":"1","guid":"304b2dce-cde5-4c17-bf98-717404085274","growth_activity":"0"},{"id":"842782","courseId":"295","type":"12","summary":"Guard thy treasures","index":"6","json":"{\"type\":12,\"orderitems\":{\"slots\":[\"Guard\",\"thy\",\"treasures.\"],\"items\":[{\"text\":\"Get wise\",\"slot\":1},{\"text\":\"advice before\",\"slot\":2},{\"text\":\"investing.\",\"slot\":3}],\"ordered\":true,\"timer\":0,\"sound\":\"\",\"prompt\":\"Principle 4 of 7 -- Guard thy treasures.\"},\"feedback\":[\"You got it!\",\"Not exactly. The original wording is: Guard thy treasures. Today we might say: Get wise advice before investing.\"],\"score\":\"75\",\"gems\":\"1\"}","lite":"1","guid":"d8955e54-b4c1-422a-971d-0e02b61bbe1f","growth_activity":"0"},{"id":"842783","courseId":"295","type":"12","summary":"A profitable investment","index":"7","json":"{\"type\":12,\"orderitems\":{\"slots\":[\"Make of\",\"thy dwelling a\",\"profitable investment.\"],\"items\":[{\"text\":\"Owning your\",\"slot\":1},{\"text\":\"home is wiser\",\"slot\":2},{\"text\":\"than renting.\",\"slot\":3}],\"ordered\":true,\"timer\":0,\"sound\":\"\",\"prompt\":\"Principle 5 of 7 -- Make of thy dwelling a profitable investment.\"},\"feedback\":[\"That&#39;s right!\",\"Not exactly. The original wording is: Make of thy dwelling a profitable investment. Today we might say: Owning your home is wiser than renting.\"],\"score\":\"75\",\"gems\":\"1\"}","lite":"1","guid":"7a696832-1247-4c58-a232-6f9cddb80f89","growth_activity":"0"},{"id":"842784","courseId":"295","type":"12","summary":"Insure a future income","index":"8","json":"{\"type\":12,\"orderitems\":{\"slots\":[\"Insure\",\"a future\",\"income.\"],\"items\":[{\"text\":\"Create a\",\"slot\":1},{\"text\":\"passive\",\"slot\":2},{\"text\":\"income stream.\",\"slot\":3}],\"ordered\":true,\"timer\":0,\"sound\":\"\",\"prompt\":\"Principle 6 of 7 -- Insure a future income.\"},\"feedback\":[\"Yes!\",\"Not exactly. The original wording is: Insure a future income. Today we might say: Create a passive income stream. In other words, create an income stream that will keep coming to you even when you&#39;re not working at it.\"],\"score\":\"75\",\"gems\":\"1\"}","lite":"1","guid":"edf19177-b9da-4816-ab5d-c8a5ef10a33d","growth_activity":"0"},{"id":"842785","courseId":"295","type":"12","summary":"Increase thy earning","index":"9","json":"{\"type\":12,\"orderitems\":{\"slots\":[\"Increase\",\"thy\",\"earning.\"],\"items\":[{\"text\":\"Never stop\",\"slot\":1},{\"text\":\"getting better\",\"slot\":2},{\"text\":\"at what you do.\",\"slot\":3}],\"ordered\":true,\"timer\":0,\"sound\":\"\",\"prompt\":\"Principle 7 of 7 -- Increase thy ability to earn.\"},\"feedback\":[\"So true! These seven principles form the foundation of the course. As you play through the course, think about how each one applies to your life. Now let&#39;s take a moment to learn about Blink Training.\",\"Not exactly. The original wording is: Increase thy earning. Today we might say: Never stop getting better at what you do. These seven principles form the foundation of the course. Now let&#39;s take a moment to learn about Blink Training.\"],\"score\":\"75\",\"gems\":\"1\"}","lite":"1","guid":"dc251db7-1614-4216-91b4-278a473b9023","growth_activity":"0"},{"id":"842786","courseId":"295","type":"10","summary":"About Blink Training","index":"10","json":"{\"type\":10,\"dragdrop\":{\"timer\":60,\"layout\":0,\"goals\":[{\"isImage\":false,\"text\":\"Blink Training Courses\",\"image\":\"\"}],\"items\":[{\"goal\":1,\"isImage\":false,\"text\":\"Blinks and Bursts\",\"image\":\"\",\"feedback\":[\"Blinks are the quick activities that we use to teach the content - like this Drag and Drop. And a Burst is a sequence of those Blinks. You&#39;re now at the final Blink in this Burst - and the dark blue circle on top shows this. \",\"Blinks are the quick activities that we use to teach the content - like this Drag and Drop. And a Burst is a sequence of those Blinks. You&#39;re now at the final Blink in this Burst - and the dark blue circle on top shows this. \"]},{\"goal\":1,\"isImage\":false,\"text\":\"Points and Gems\",\"image\":\"\",\"feedback\":[\"You earn Points as you play, and you need a certain number of Points to unlock each next Burst. You earn Gems, too, and they reflect how well you understand the content. Touch the Blink Eye in the lower left to see how many Points and Gems you&#39;ve earned so far. \",\"You earn Points as you play, and you need a certain number of Points to unlock each next Burst. You earn Gems, too, and they reflect how well you understand the content. Touch the Blink Eye in the lower left to see how many Points and Gems you&#39;ve earned so far. \"]},{\"goal\":1,\"isImage\":false,\"text\":\"eBook and Exiting a Course\",\"image\":\"\",\"feedback\":[\"To access a digital copy of &#34;The Richest Man in Babylon,&#34; finish this Burst, then touch the three blue lines in the upper left and choose Activities. And when you want to exit a course, touch the blue lines and select Exit Course. \",\"To access a digital copy of &#34;The Richest Man in Babylon,&#34; finish this Burst, then touch the three blue lines in the upper left and choose Activities. And when you want to exit a course, touch the blue lines and select Exit Course. \"]},{\"goal\":1,\"isImage\":false,\"text\":\"Your Progress Screen\",\"image\":\"\",\"feedback\":[\"When you touch Next, you&#39;ll see your Progress Screen. This shows you how you&#39;re doing in the course. If you&#39;ve unlocked the next Burst, you&#39;ll be able to play it. Otherwise, replay this Burst and try for a higher score. As you complete the course, you&#39;ll move up the mountain of mastery. \",\"When you touch Next, you&#39;ll see your Progress Screen. This shows you how you&#39;re doing in the course. If you&#39;ve unlocked the next Burst, you&#39;ll be able to play it. Otherwise, replay this Burst and try for a higher score. As you complete the course, you&#39;ll move up the mountain of mastery. \"]}],\"prompt\":\"ABOUT BLINK TRAINING&#10;If you learn a little about Blink Training, it will help you to get more out of this course. Drag each box to &#34;Blink Training Courses&#34; on the bottom.\",\"sound\":\"\"},\"feedback\":[\"Blink Training: a simple, yet powerful way to improve your life.\",\"Blink Training: a simple, yet powerful way to improve your life.\"],\"score\":\"0\",\"gems\":\"0\"}","lite":"1","guid":"a9077d03-97a5-403c-882c-00a41029c375","growth_activity":"0"},{"id":"842787","courseId":"295","type":"4","summary":"Preface","index":"11","json":"{ \"type\":4}","lite":"1","guid":"d059224f-d240-4dd2-8cf0-0d0b341e082e","growth_activity":"0"},{"id":"842788","courseId":"295","type":"3","summary":"Forward","index":"12","json":"{\"type\":3,\"intro\":{\"title\":\"Forward\",\"description\":\"Our nation&#39;s prosperity depends upon the personal financial prosperity of each of us as individuals.  This course deals with the personal success of each of us. The goal is to offer those who are ambitious for financial success an insight which will aid them to acquire money, to keep money and to make their surpluses earn more money.\",\"image\":\"\",\"sound\":\"\",\"volume\":50},\"unlockscore\":\"100\",\"quicklink\":false,\"quotation\":\"\",\"dossier\":false,\"unlockActivity\":\"454c09e9-7dc0-4ad2-a0f8-ca2bc6e75805\"}","lite":"1","guid":"f2a1f8b6-4026-4507-ba5e-a08be5bd8744","growth_activity":"0"},{"id":"842789","courseId":"295","type":"10","summary":"Babylon, the cradle","index":"13","json":"{\"type\":10,\"dragdrop\":{\"timer\":0,\"layout\":0,\"goals\":[{\"isImage\":false,\"text\":\"Babylon&#39;s Citizens\",\"image\":\"\"}],\"items\":[{\"goal\":1,\"isImage\":false,\"text\":\"Appreciate the value of money\",\"image\":\"\",\"feedback\":[\"Babylon&#39;s citizens appreciated the value of money.\",\"Babylon&#39;s citizens appreciated the value of money.\"]},{\"goal\":1,\"isImage\":false,\"text\":\"Practice sound financial principles\",\"image\":\"\",\"feedback\":[\"Babylon&#39;s citizens practiced sound financial principles in acquiring money, keeping money and making their money earn more money.\",\"Babylon&#39;s citizens practiced sound financial principles in acquiring money, keeping money and making their money earn more money.\"]},{\"goal\":1,\"isImage\":false,\"text\":\"Provide for future income\",\"image\":\"\",\"feedback\":[\"Babylon&#39;s citizens provided for themselves what we all desire: income for the future.\",\"Babylon&#39;s citizens provided for themselves what we all desire: income for the future.\"]}],\"prompt\":\"In this course, we will be taken back to Babylon, the cradle in which were nurtured the basic principles of finance now used the world over. Babylon became the wealthiest city of the ancient world because its citizens were wise enough to:\",\"sound\":\"\"},\"feedback\":[\"Babylon&#39;s people did all this in a land that was not blessed by natural resources. As you&#39;ll see, these stories are a great example of humanity&#39;s ability to achieve great things using whatever means are at our disposal. This is the story of a successful people.\",\"Babylon&#39;s people did all this in a land that was not blessed by natural resources. As you&#39;ll see, these stories are a great example of humanity&#39;s ability to achieve great things using whatever means are at our disposal. This is the story of a successful people.\"],\"score\":\"75\",\"gems\":\"1\"}","lite":"1","guid":"60dbc181-3a76-41f4-83cb-7818277a64fe","growth_activity":"0"},{"id":"842790","courseId":"295","type":"9","summary":"Success means...","index":"14","json":"{\"type\":9,\"wordfill\":{\"text\":\"Proper ##2## is the key to our ##1##. For, our acts can be no wiser than our ##3##. And our thoughts be no wiser than ##4##.\",\"prompt\":\"Success means accomplishments that are the result of our own efforts and abilities. And what is the key to that success?\",\"sound\":\"\",\"words\":[\"success\",\"preparation\",\"thoughts\",\"our understanding\"],\"timer\":0},\"feedback\":[\"Yes, this is true. We must understand so we can prepare properly. This Blink Training course will help you to understand the true nature of financial success.\",\"Proper preparation is the key to our success. For, our acts can be no wiser than our thoughts. And our thoughts can be no wiser than our understanding. This Blink Training course will help you to understand the true nature of financial success.\"],\"score\":\"100\",\"gems\":\"1\"}","lite":"1","guid":"8c970240-1be5-42a3-991c-be0c0b206d63","growth_activity":"0"},{"id":"842791","courseId":"295","type":"6","summary":"Our Wish","index":"15","json":"{\"type\":6,\"image\":\"\",\"presentation\":[{\"text\":\"It is Our Wish\",\"in\":1,\"time\":1,\"sound\":\"\",\"size\":2,\"color\":\"#256ED7\"},{\"text\":\"It is our wish that this course may inspire...\",\"in\":1,\"time\":2,\"sound\":\"\"},{\"text\":\"Growing bank accounts...\",\"in\":1,\"time\":2,\"sound\":\"\"},{\"text\":\"Greater financial success...\",\"in\":1,\"time\":2,\"sound\":\"\"},{\"text\":\"And the solution of difficult personal financial problems.\",\"in\":1,\"time\":2,\"sound\":\"\"}]}","lite":"1","guid":"9eec2546-4cb7-443b-b962-5bda16dd18d8","growth_activity":"0"},{"id":"842792","courseId":"295","type":"4","summary":"Forward","index":"16","json":"{ \"type\":4}","lite":"1","guid":"03622627-b833-4e28-855b-2215142feca4","growth_activity":"0"},{"id":"842793","courseId":"295","type":"2","summary":"Introduction","index":"17","json":"{ \"type\":2}","lite":"1","guid":"550a07aa-c7cb-48cc-8a65-3d73f29403c9","growth_activity":"0"},{"id":"842795","courseId":"295","type":"3","summary":"Achieving Great Goals","index":"19","json":"{\"type\":3,\"intro\":{\"title\":\"Achieving Great Goals\",\"description\":\"With all of Babylon&#39;s wonders, one might expect the city to have been surrounded by rich natural resources of forests and mines. But such was not the case. It was located beside the Euphrates River, in a flat, arid valley without even enough rainfall to raise crops.&#10;&#10;Babylon is an outstanding example of humanity&#39;s ability to achieve great objectives, using whatever means are at its disposal.\",\"image\":\"\",\"sound\":\"\",\"volume\":50},\"unlockscore\":\"50\",\"quicklink\":false,\"quotation\":\"\",\"dossier\":false,\"unlockActivity\":\"none\"}","lite":"1","guid":"260c5624-4773-4c0e-9403-21a662584dde","growth_activity":"0"},{"id":"842796","courseId":"295","type":"14","summary":"Babylon's Resources","index":"20","json":"{\"type\":14,\"question\":{\"timer\":0,\"multiplechoice\":true,\"answers\":[{\"correct\":false,\"text\":\"Supplied generously by nature\",\"feedback\":\"No, all of the resources were developed by Babylon&#39;s citizens. Out of almost nothing, greatness was born. \"},{\"correct\":true,\"text\":\"Developed by its citizens \",\"feedback\":\"Yes, all of the resources were developed by Babylon&#39;s citizens. Out of almost nothing, greatness was born.\"}],\"sound\":\"\",\"text\":\"Babylon - A Model to Get Rich By&#10;&#10;All of the resources supporting the city were:\"},\"feedback\":[\"\",\"\"],\"score\":\"25\",\"gems\":\"1\"}","lite":"1","guid":"ac875916-5885-4f52-be9e-1346605f2145","growth_activity":"0"},{"id":"842797","courseId":"295","type":"14","summary":"Soil and Water","index":"21","json":"{\"type\":14,\"question\":{\"timer\":0,\"multiplechoice\":true,\"answers\":[{\"correct\":true,\"text\":\"Fertile soil and water in the river\",\"feedback\":\"Yes, with one of the greatest engineering accomplishments, Babylonian engineers diverted the waters from the river by means of dams and immense irrigation canals. Far out across the arid valley these canals brought life-giving waters to the fertile soil, which begat abundant crops.\"},{\"correct\":false,\"text\":\"Endless forests and rich minerals\",\"feedback\":\"No, with one of the greatest engineering accomplishments, Babylonian engineers diverted the waters from the river by means of dams and immense irrigation canals. Far out across the arid valley these canals brought life-giving waters to the fertile soil, which begat abundant crops.\"}],\"sound\":\"\",\"text\":\"Babylon - A Model To Get Rich By&#10;&#10;Babylon possessed just two natural resources:\"},\"feedback\":[\"\",\"\"],\"score\":\"25\",\"gems\":\"1\"}","lite":"1","guid":"798b74c4-9235-412d-b1f7-df43e69aee2e","growth_activity":"0"},{"id":"842798","courseId":"295","type":"14","summary":"Wise Kings","index":"22","json":"{\"type\":14,\"question\":{\"timer\":0,\"multiplechoice\":true,\"answers\":[{\"correct\":false,\"text\":\"Strove to conquer many lands\",\"feedback\":\"No, Babylon produced no strutting monarchs who sought to conquer the known world so that all nations might pay homage to their egotism. While it engaged in many wars, most were local or defensive against ambitious conquerors who coveted the fabulous treasures of Babylon.\"},{\"correct\":true,\"text\":\"Were wise, just and creative\",\"feedback\":\"Yes, Babylon produced no strutting monarchs who sought to conquer the known world so that all nations might pay homage to their egotism. While it engaged in many wars, most were local or defensive against ambitious conquerors who coveted the fabulous treasures of Babylon.\"}],\"sound\":\"\",\"text\":\"Babylon - A Model To Get Rich By&#10;&#10;During its long existence, Babylon was ruled by kings who:\"},\"feedback\":[\"\",\"\"],\"score\":\"25\",\"gems\":\"1\"}","lite":"1","guid":"4dd31d62-dd01-4624-9b06-f351ee0a9697","growth_activity":"0"},{"id":"842799","courseId":"295","type":"6","summary":"Like a Person","index":"23","json":"{\"type\":6,\"image\":\"\",\"presentation\":[{\"text\":\"Babylon - A Model to Get Rich By\",\"in\":1,\"time\":1,\"sound\":\"\",\"size\":2,\"color\":\"#256ED7\"},{\"text\":\"Babylon was like a person with few natural talents, living in an area with little obvious opportunity.\",\"in\":1,\"time\":2,\"sound\":\"\"},{\"text\":\"Rather than simply living a meager existence, this person dug deep within to excavate and fully develop all that he or she possessed to build a fabulously successful life.\",\"in\":1,\"time\":2,\"sound\":\"\"},{\"text\":\"What can you learn from this?\",\"in\":1,\"time\":2,\"sound\":\"\"}]}","lite":"1","guid":"e7db4a41-957b-460e-a28e-305bf0247ff3","growth_activity":"0"},{"id":"842800","courseId":"295","type":"4","summary":"Achieving Great Goals","index":"24","json":"{ \"type\":4}","lite":"1","guid":"a1715714-4a39-4a29-a364-b76f90f89f1d","growth_activity":"0"},{"id":"842801","courseId":"295","type":"3","summary":"Babylon Endures","index":"25","json":"{\"type\":3,\"intro\":{\"title\":\"Babylon Endures\",\"description\":\"8000 years ago, the inhabitants of Babylon lived within a great walled city with streets and shops, peddlers offering their wares throughout residential districts, and priests officiating in magnificent temples. But the Babylon that once was a great city, exists no more.&#10;&#10;The story is told that when Cyrus, the great conqueror, intended to attack the city, Babylon&#39;s king chose to go meet Cyrus and give him battle outside the city before it was besieged. &#10;&#10;In the succeeding defeat, the Babylonian army fled away from the city. Cyrus, thereupon, entered the open gates and took possession without resistance.\",\"image\":\"\",\"sound\":\"\",\"volume\":50},\"unlockscore\":\"375\",\"quicklink\":false,\"quotation\":\"\",\"dossier\":false,\"unlockActivity\":\"none\"}","lite":"1","guid":"2b285166-6b48-45db-b4ef-ba5ef1132f27","growth_activity":"0"},{"id":"842802","courseId":"295","type":"9","summary":"The City Waned","index":"26","json":"{\"type\":9,\"wordfill\":{\"text\":\"Deserted, the city was left for the ##2## to level it once again to the ##1## which its ##3## had originally ##4##.\",\"prompt\":\"Thereafter the power and prestige of the city gradually waned until, in the course of a few hundred years, it was eventually abandoned.\",\"sound\":\"\",\"words\":[\"desert earth from\",\"winds and storms\",\"grandeur\",\"been built\"],\"timer\":0},\"feedback\":[\"The eons of time have crumbled to dust its proud walls and temples, but the wisdom of Babylon endures.\",\"Deserted, the city was left for the winds and storms to level it once again to the desert earth from which its grandeur had originally been built. The eons of time have crumbled to dust its proud walls and temples, but the wisdom of Babylon endures.\"],\"score\":\"100\",\"gems\":\"1\"}","lite":"1","guid":"4e6f1aba-58a0-4327-9e88-ed2cd9acd6ff","growth_activity":"0"},{"id":"842803","courseId":"295","type":"8","summary":"Money is the medium","index":"27","json":"{\"type\":8,\"statement\":{\"prompt\":\"THE WISDOM OF BABYLON 1&#10;&#10;Money is...\",\"wrong\":\"Babylon Endures\",\"statements\":[\"Money is|the medium by|which earthly|success is|measured.\"],\"ordered\":true,\"timer\":0,\"sound\":\"\"},\"feedback\":[\"Do you agree with this statement? How does your thinking affect your ability to accumulate riches?\",\"Money is the medium by which earthly success is measured. Do you agree with this statement? How does your thinking affect your ability to accumulate riches?\"],\"score\":\"125\",\"gems\":\"1\"}","lite":"1","guid":"e20b7bf9-9422-4358-97af-a12c47a74e6c","growth_activity":"0"},{"id":"842804","courseId":"295","type":"8","summary":"Money makes possible","index":"28","json":"{\"type\":8,\"statement\":{\"prompt\":\"THE WISDOM OF BABYLON 2&#10;&#10;Money makes possible...\",\"wrong\":\"Babylon Endures\",\"statements\":[\"Money makes|possible the|enjoyment of|the best the|earth affords.\"],\"ordered\":true,\"timer\":0,\"sound\":\"\"},\"feedback\":[\"Do you agree with this statement? How does your thinking affect the goals you&#39;ve set for yourself?\",\"Money makes possible the enjoyment of the best the earth affords. Do you agree with this statement? How does your thinking affect the goals you&#39;ve set for yourself?\"],\"score\":\"125\",\"gems\":\"1\"}","lite":"1","guid":"8d9bf2dd-7ce4-46ab-8f54-a137c417c0cf","growth_activity":"0"},{"id":"842805","courseId":"295","type":"8","summary":"Money is plentiful","index":"29","json":"{\"type\":8,\"statement\":{\"prompt\":\"THE WISDOM OF BABYLON 3&#10;&#10;Money is plentiful...\",\"wrong\":\"Babylon|Endures\",\"statements\":[\"Money is|plentiful for|those who|understand the|simple laws|which govern|its acquisition.\"],\"ordered\":true,\"timer\":0,\"sound\":\"\"},\"feedback\":[\"Is this a statement you agree with? How have your thoughts affected your ability to accumulate wealth?\",\"Money is plentiful for those who understand the simple laws which govern its acquisition. Is this a statement you agree with? How have your thoughts affected your ability to accumulate wealth?\"],\"score\":\"175\",\"gems\":\"1\"}","lite":"1","guid":"36f1f13b-f7b2-477d-8ff4-6da7859ab06a","growth_activity":"0"},{"id":"842806","courseId":"295","type":"8","summary":"Money is governed","index":"30","json":"{\"type\":8,\"statement\":{\"prompt\":\"THE WISDOM OF BABYLON 4&#10;&#10;Money is governed...\",\"wrong\":\"Babylon Endures\",\"statements\":[\"Money is governed|today by the|same laws which|controlled it when|prosperous men|thronged the streets|of Babylon,|8000 years ago.\"],\"ordered\":true,\"timer\":0,\"sound\":\"\"},\"feedback\":[\"Each of these four statements will come up throughout this course. Think about them over time and see if your feelings and thoughts about money change.\",\"Money is governed today by the same laws which controlled it when prosperous men thronged the streets of Babylon 8000 years ago. As these four statements come up throughout this course, see if your feelings and thoughts about money change.\"],\"score\":\"200\",\"gems\":\"1\"}","lite":"1","guid":"f2dc3dfd-f232-49b1-8f70-a8855d302e54","growth_activity":"0"},{"id":"842807","courseId":"295","type":"4","summary":"Babylon Endures","index":"31","json":"{ \"type\":4}","lite":"1","guid":"aeb8ba31-03d9-4686-9968-9b70bacb01b3","growth_activity":"0"}]