[{"id":"3791","courseId":"74","type":"6","summary":"Wrong Medication","index":"0","json":"{\\\"type\\\":6,\\\"presentation\\\":[{\\\"text\\\":\\\"While Linda was on break, you noticed that she has mixed up two patientsu2019 IV medications giving Bed Oneu2019s IV to Bed 2 and vice versa. Linda is an experienced nurse who was named Nurse of the Year and is President of the state nursesu2019 association.\\\",\\\"in\\\":1,\\\"out\\\":0,\\\"time\\\":1}]}","lite":"0","guid":"12d15d12-1cbd-4d17-8972-b600dc6da3f7","growth_activity":"0"},{"id":"3792","courseId":"74","type":"14","summary":"Bringing it up","index":"1","json":"{\\\"type\\\":14,\\\"question\\\":{\\\"timer\\\":30,\\\"multiplechoice\\\":true,\\\"answers\\\":[{\\\"correct\\\":true,\\\"text\\\":\\\"I did that as soon as I verified the mistake. I also checked their vital signs. Both patients are stable, neither has any drug allergies, and Iu2019m waiting for a call back from their physicians. I was uncertain what to do next, so I also reported the error to our manager and heu2019s helping fill out the incident report.\\\"},{\\\"correct\\\":false,\\\"text\\\":\\\"I already did. Both patients seemed fine, so I called Pharmacy and hung the correct medication for the patients. I just told pharmacy I couldnu2019t find their medications. I know youu2019re so busy with your own patient load and precepting me, and I didnu2019t want you to get in trouble. Plus, youu2019re such a great nurse, and I was afraid you would lose your license if they found out.\\\"}],\\\"text\\\":\\\"Which is the correct way to bring up her mistake to her?\\\"},\\\"feedback\\\":[\\\"You%27re a good nurse\\\",\\\"You suck as a nurse\\\"],\\\"score\\\":\\\"20\\\",\\\"gems\\\":0}","lite":"0","guid":"ad3c6395-aaca-4e1d-b4b6-3ea79311f73e","growth_activity":"0"}]