[{"id":"3348","courseId":"62","type":"3","summary":"The Truth about Fish","index":"0","json":"{ \\\"type\\\":3}","lite":"0","guid":"81621636-8736-4173-96d9-1f4296a2d9b2","growth_activity":"0"},{"id":"3349","courseId":"62","type":"10","summary":"Fish tank or Ocean?","index":"2","json":"{\\\"type\\\":10,\\\"dragdrop\\\":{\\\"timer\\\":15,\\\"layout\\\":0,\\\"goals\\\":[{\\\"isImage\\\":true,\\\"text\\\":\\\"\\\",\\\"image\\\":\\\"EB028532-576A-CE34-2C95-18E188A079A9.png\\\"},{\\\"isImage\\\":true,\\\"text\\\":\\\"\\\",\\\"image\\\":\\\"8B54FD67-9409-E17F-5866-EAF46A47ABD7.png\\\"}],\\\"items\\\":[{\\\"goal\\\":1,\\\"isImage\\\":false,\\\"text\\\":\\\"Guppy\\\",\\\"image\\\":\\\"\\\"},{\\\"goal\\\":0,\\\"isImage\\\":false,\\\"text\\\":\\\"\\\",\\\"image\\\":\\\"\\\"},{\\\"goal\\\":0,\\\"isImage\\\":false,\\\"text\\\":\\\"\\\",\\\"image\\\":\\\"\\\"},{\\\"goal\\\":0,\\\"isImage\\\":false,\\\"text\\\":\\\"\\\",\\\"image\\\":\\\"\\\"},{\\\"goal\\\":0,\\\"isImage\\\":false,\\\"text\\\":\\\"\\\",\\\"image\\\":\\\"\\\"},{\\\"goal\\\":0,\\\"isImage\\\":false,\\\"text\\\":\\\"\\\",\\\"image\\\":\\\"\\\"}]},\\\"feedback\\\":[\\\"Pass\\\",\\\"Fail\\\"],\\\"score\\\":\\\"20\\\",\\\"gems\\\":0}","lite":"0","guid":"","growth_activity":"0"}]