[{"id":"127583","courseId":"241","type":"1","summary":"Unit 1","index":"0","json":"{\"type\":1,\"intro\":{\"title\":\"Coaching People Through Change\",\"description\":\"Dr. Albert Vicere is a world-renowned expert on organizational leadership, strategy and development. He has helped many major corporations adjust to the demands of a rapidly changing business environment. In this Blink course, he will help you to become better at coaching people through change.&#10;&#10;&#10;&#10;&#10;&#10;&#10;&#10;&#10;Touch Next to start on your way. \",\"image\":\"E21DC3C6-9784-DDFC-898D-BE6B93CE9129.png\"},\"dossier\":false}","lite":"0","guid":"a9dd5c3d-7abb-4edb-a986-3f169f5babc4","growth_activity":"0"},{"id":"127584","courseId":"241","type":"3","summary":"Resistance to change?","index":"1","json":"{\"type\":3,\"intro\":{\"title\":\"Resistance to Change?\",\"description\":\"Blink courses serve up content in short Bursts. In this first Burst, we&#39;ll discuss Albert&#39;s thoughts on people&#39;s resistance to change. We often hear that human beings will do anything to resist change. But is that the whole story? &#10;&#10;&#10;&#10;&#10;&#10;&#10;&#10;In this Burst, you can earn two gems. Gems reflect how well you understand the material. To unlock the next Burst, you need at least 50 points (note the &#39;Target&#39; to the left.) Touch Start to begin.\",\"image\":\"7D5521FC-1716-9572-2F8B-BFE4B535E1E7.png\",\"sound\":\"\",\"volume\":50},\"unlockscore\":\"50\",\"quicklink\":false,\"quotation\":\"\"}","lite":"0","guid":"3255091c-bde4-4602-9489-2fc69963ff2d","growth_activity":"0"},{"id":"127585","courseId":"241","type":"14","summary":"Leader as Coach","index":"2","json":"{\"type\":14,\"question\":{\"timer\":30,\"multiplechoice\":true,\"answers\":[{\"correct\":false,\"text\":\"To help employees stand up to change and fight it.\",\"feedback\":\"This is incorrect. It might have been the answer in decades past, but the last twenty years have taught us that we must embrace change and adapt to it. And that is where the leader as coach comes in.\"},{\"correct\":true,\"text\":\"To help employees to adjust and adapt to change. \",\"feedback\":\"Yes, a successful leader will help employees to adapt to change so they can prosper in their new environment. And this is where the leader as coach comes in.\"}],\"sound\":\"\",\"text\":\"We count on leaders to manage people towards success. Great leaders know how to motivate and focus people so that they can give more and do their jobs well. But what about during times of change? What is a leader&#39;s role then?\"},\"feedback\":[\"\",\"\"],\"score\":\"50\",\"gems\":\"1\",\"image\":\"2FFEAC41-5A11-2B02-6116-B0F9537E882B.png\"}","lite":"0","guid":"84e6b051-03e1-43f0-99b4-c68730e9efc3","growth_activity":"0"},{"id":"127586","courseId":"241","type":"6","summary":"What you will see","index":"3","json":"{\"type\":6,\"image\":\"735CA905-E467-8060-857E-D9B61E64630D.png\",\"presentation\":[{\"text\":\"Resistance to Change?\",\"in\":0,\"time\":0,\"sound\":\"\",\"alignment\":0,\"size\":2,\"color\":\"#256ED7\"},{\"text\":\"Next, we will watch the first part of a video in which Albert discusses coaching people through change. In this segment, he talks about how it is commonly thought that people resist change. Listen carefully because he makes a very important distinction between the kind of change people do tend to resist and the kind of change people are motivated to seek out.\",\"in\":0,\"time\":0,\"sound\":\"\"}]}","lite":"0","guid":"6aa73be9-6a50-43cc-ae99-16d9ebb87858","growth_activity":"0"},{"id":"127587","courseId":"241","type":"17","summary":"Video: Part 1","index":"4","json":"{\"type\":17,\"video\":{\"prompt\":\"Touch the Play button to start the video. Touch Next when it is complete.\",\"vimeo\":\"116889712 \"}}","lite":"0","guid":"475eff43-4aca-4587-9108-4836393ef624","growth_activity":"0"},{"id":"127588","courseId":"241","type":"20","summary":"Followup on the Video","index":"5","json":"{\"type\":20,\"multiple\":{\"timer\":60,\"answers\":[{\"correct\":false,\"text\":\"Deciding to choose a new drink at a coffee house.\",\"feedback\":\"Albert says that this is the kind of change people are drawn to - change that they choose: what new restaurant to try, what new destination to travel to on their next vacation, etc.\"},{\"correct\":true,\"text\":\"Being told that their new work hours are 8:00 to 5:00.\",\"feedback\":\"Albert says that people resent change that appears to be forced on them. For example, being told that their job responsibilities are going to change... starting tomorrow.\"},{\"correct\":true,\"text\":\"Being told they must always vacation in the Bahamas\",\"feedback\":\"It sounds odd, but most people would take offense at being told they must visit a specific holiday destination, even if that destination were a great getaway. The resistance would grow greater over time.\"},{\"correct\":false,\"text\":\"Deciding to ski at a new resort this winter.\",\"feedback\":\"This is an example of change that comes from within - the person chooses to make the change. This type of change is embraced, not resisted.\"}],\"sound\":\"\",\"text\":\"Albert makes an important distinction between change that people tend to resist and change that people are drawn to. According to Albert, which of the following changes would you expect someone to want to avoid and resist?\"},\"feedback\":[\"Great work! Touch Close then touch any answer to get more info.\",\"Some are incorrect. Touch Close then touch any answer to get more info.\"],\"score\":\"50\",\"gems\":\"1\"}","lite":"0","guid":"1ecfdc7b-ce5b-4c4c-a626-a860a206c00b","growth_activity":"0"},{"id":"127589","courseId":"241","type":"4","summary":"On Video 1","index":"6","json":"{ \"type\":4}","lite":"0","guid":"ed237b45-6a1f-4b7f-ba3f-da6052114acb","growth_activity":"0"},{"id":"127590","courseId":"241","type":"3","summary":"Comfortable or uncomfortable?","index":"7","json":"{\"type\":3,\"intro\":{\"title\":\"Comfortable or Uncomfortable?\",\"description\":\"In this Burst, Albert uses the skills of golf, tennis and playing the guitar to illuminate an important dilemma people face when dealing with change: do I want to do something not so well and feel comfortable, or not so well and feel uncomfortable?&#10;&#10;&#10;&#10;&#10;&#10;&#10;&#10;&#10;At that moment, it is crucial for the coach to offer support so the person doesn&#39;t give up. \",\"image\":\"43C5D9B0-F8DB-FDE1-F809-F35F5F3E4586.png\",\"sound\":\"\",\"volume\":50},\"unlockscore\":\"50\",\"quicklink\":false,\"quotation\":\"\"}","lite":"0","guid":"3255091c-bde4-4602-9489-2fc69963ff2d","growth_activity":"0"},{"id":"127591","courseId":"241","type":"14","summary":"You're doing everything wrong","index":"8","json":"{\"type\":14,\"question\":{\"timer\":30,\"multiplechoice\":true,\"answers\":[{\"correct\":false,\"text\":\"...you are doing everything correctly. Congratulations!\",\"feedback\":\"If you&#39;ve experienced this, you&#39;re one of the few. More likely is that the teacher tells you that your form is all wrong and you should start over. Then, the next time you try to play, you are faced with the stressful comfortable\/uncomfortable dilemma.\"},{\"correct\":true,\"text\":\"...you&#39;re doing everything wrong. Start over!\",\"feedback\":\"Yes, we&#39;ve all been there. The teacher tells you that your form is all wrong and you should start over. Then, the next time you try to play, you are faced with the stressful comfortable\/uncomfortable dilemma.\"}],\"sound\":\"\",\"text\":\"Albert chose golf, tennis and playing the guitar because those are skills that many people first teach themselves. Then, after they&#39;ve done it for a while, they often seek out help and take a lesson. &#10;&#10;Before you watch the video, think back on your own experience. What usually happens at that first lesson?&#10;&#10;The teacher says...\"},\"feedback\":[\"\",\"\"],\"score\":\"50\",\"gems\":\"0\"}","lite":"0","guid":"b7fd31eb-3001-479e-b57b-9ebcab2e7820","growth_activity":"0"},{"id":"127592","courseId":"241","type":"6","summary":"What you will see","index":"9","json":"{\"type\":6,\"image\":\"F6FA6C01-CC12-A3E6-3BE7-49C76D31E4FC.png\",\"presentation\":[{\"text\":\"Not so good and...\",\"in\":0,\"time\":0,\"sound\":\"\",\"alignment\":0,\"size\":2,\"color\":\"#256ED7\"},{\"text\":\"Next, we will watch the second part of the video in which Albert talks about what he calls the real human dilemma of change: do I want to be not so good at something and comfortable, or not so good at something and uncomfortable. And how it is precisely at that moment that the coach&#39;s support is most needed to help the person make the optimal choice.\",\"in\":0,\"time\":0,\"sound\":\"\"}]}","lite":"0","guid":"6aa73be9-6a50-43cc-ae99-16d9ebb87858","growth_activity":"0"},{"id":"127593","courseId":"241","type":"17","summary":"Video: Part 2","index":"10","json":"{\"type\":17,\"video\":{\"prompt\":\"Touch the Play button to start the video. Touch Next when it is complete.\",\"vimeo\":\"119463296 \"}}","lite":"0","guid":"475eff43-4aca-4587-9108-4836393ef624","growth_activity":"0"},{"id":"127594","courseId":"241","type":"12","summary":"Followup on Video","index":"11","json":"{\"type\":12,\"orderitems\":{\"slots\":[\"Start of the sequence\",\"\",\"\",\"\",\"\",\"End of the sequence\"],\"items\":[{\"text\":\"Teach yourself a skill\",\"slot\":1},{\"text\":\"Get comfortable with that skill\",\"slot\":2},{\"text\":\"Take a lesson to get better at the skill\",\"slot\":3},{\"text\":\"Told everything you are doing is wrong\",\"slot\":4},{\"text\":\"Taught new way of doing the skill\",\"slot\":5},{\"text\":\"Try new way on your own and FAIL!\",\"slot\":6}],\"ordered\":true,\"timer\":0,\"sound\":\"\",\"prompt\":\"Thinking back on the video, what was the sequence of events Albert spoke about? (Drag the yellow boxes to the correct orange box.)\"},\"feedback\":[\"Yes, that is the sequence that Albert spoke about. This is a typical change dilemma - stay comfortable with the old or allow discomfort and deal with the new. And this is when the coach is indispensable. \",\"Some are incorrect. But if you had gotten them correct, you would have gotten to the point where the coach&#39;s support is indispensable. \"],\"score\":\"150\",\"gems\":\"2\"}","lite":"0","guid":"22e032d6-042f-4fef-8436-b6fbb1fcbc57","growth_activity":"0"},{"id":"127595","courseId":"241","type":"8","summary":"The Responsibility of the Leader","index":"12","json":"{\"type\":8,\"statement\":{\"prompt\":\"At that moment when someone is teetering upon the fulcrum of going back or staying the course and moving forward, it is the responsibility of the leader...\",\"wrong\":\"support|praise|goals|feedback\",\"statements\":[\"to make|sure the|person|does not|give up\"],\"ordered\":true,\"timer\":0,\"sound\":\"\"},\"feedback\":[\"Yes!\",\"You didn&#39;t get it. But the point is that it&#39;s the responsibility of the leader to make sure that person does not give up.\"],\"score\":\"100\",\"gems\":\"1\"}","lite":"0","guid":"e51e9dd8-a13d-4173-ae46-059cb962da36","growth_activity":"0"},{"id":"127596","courseId":"241","type":"4","summary":"On Video 1","index":"13","json":"{ \"type\":4}","lite":"0","guid":"ed237b45-6a1f-4b7f-ba3f-da6052114acb","growth_activity":"0"},{"id":"127597","courseId":"241","type":"3","summary":"What does the leader provide?","index":"14","json":"{\"type\":3,\"intro\":{\"title\":\"What does the leader provide?\",\"description\":\"In this Burst, Albert tells us what the successful coach provides at that key moment when a person is thinking &#34;Should I go back to comfort or go forward with discomfort?&#34; &#10;&#10;&#10;&#10;&#10;&#10;&#10;&#10;&#10;Goals, feedback, support and praise are the key tools in the winning coach&#39;s toolkit. \",\"image\":\"CB430128-36DC-D659-DD61-711AD731A0C9.png\",\"sound\":\"\",\"volume\":50},\"unlockscore\":\"50\",\"quicklink\":false,\"quotation\":\"\"}","lite":"0","guid":"3255091c-bde4-4602-9489-2fc69963ff2d","growth_activity":"0"},{"id":"127598","courseId":"241","type":"20","summary":"Keep doing it the old way","index":"15","json":"{\"type\":20,\"multiple\":{\"timer\":60,\"answers\":[{\"correct\":true,\"text\":\"Support from someone \",\"feedback\":\"Yes, this is a key role for the coach - supporting the person so they don&#39;t have to just rely on their inner support at the moment of weakness.\"},{\"correct\":true,\"text\":\"A set of objectives\",\"feedback\":\"Yes, the coach who offers that person a few key objectives at that moment - especially if they are objectives that feel do-able - will be providing great value.\"},{\"correct\":true,\"text\":\"Praise for trying\",\"feedback\":\"Yes, the coach who finds reasons to praise, even in moments of weakness, is the winning coach. After all, that is when we need praise - when we&#39;re winning, we know we&#39;re a winner!\"},{\"correct\":true,\"text\":\"Honest feedback\",\"feedback\":\"Yes, feedback is always important and at that moment when the person is teetering between falling back or pushing forward, honest dialog and feedback is of great use.\"}],\"sound\":\"\",\"text\":\"Many people have found themselves in the situation described in the previous Burst: they were having fun playing golf, they took a lesson, they got back on the course the next day and realized it was going to take work to get better. But they had felt so comfortable playing the old way.&#10;&#10;What do you think that person needs to help them decide to opt for the harder road forward?\"},\"feedback\":[\"They are all correct. Touch Close and then you can touch any answer for more feedback.\",\"Some were incorrect.  Touch Close and then you can touch any answer for more feedback.\"],\"score\":\"100\",\"gems\":\"1\"}","lite":"0","guid":"ced9a104-6c59-42fb-85b7-33f67e4e757e","growth_activity":"0"},{"id":"127599","courseId":"241","type":"6","summary":"What you will see","index":"16","json":"{\"type\":6,\"image\":\"67D609AB-9DAF-4400-A77F-06CA9B775F58.png\",\"presentation\":[{\"text\":\"You can do it. Here&#39;s how...\",\"in\":0,\"time\":0,\"sound\":\"\",\"alignment\":0,\"size\":2,\"color\":\"#256ED7\"},{\"text\":\"Next, we will watch the final segment of the video in which Albert talks about how people will generally create excuses instead of facing the hard work of moving forward. And how it&#39;s the coach&#39;s role to provide what is necessary so that the person does choose to keep trying to improve.\",\"in\":0,\"time\":0,\"sound\":\"\"}]}","lite":"0","guid":"6aa73be9-6a50-43cc-ae99-16d9ebb87858","growth_activity":"0"},{"id":"127600","courseId":"241","type":"17","summary":"Video: Part 3","index":"17","json":"{\"type\":17,\"video\":{\"prompt\":\"Touch the Play button to start the video. Touch Next when it is complete.\",\"vimeo\":\"119573363\"}}","lite":"0","guid":"475eff43-4aca-4587-9108-4836393ef624","growth_activity":"0"},{"id":"127601","courseId":"241","type":"9","summary":"Followup on Video","index":"18","json":"{\"type\":9,\"wordfill\":{\"text\":\"You need to say &#34;##3##&#34; You need to do what you can to get them from where ##5## to where ##1##. And you need to help them to ##2##, stay ##4## and ##6##. \",\"prompt\":\"Albert says that when people get to that comfortable\/uncomfortable moment, they often make excuses to convince themselves that they should just keep doing things the old way.&#10;&#10;As a leader, you need to take action in that environment of change.\",\"sound\":\"\",\"words\":[\"they need to be\",\"stay with it\",\"Keep trying!\",\"focused\",\"they are\",\"be patient\"],\"timer\":60},\"feedback\":[\"Yes, you did it.\",\"Some were incorrect.\"],\"score\":\"120\",\"gems\":\"2\"}","lite":"0","guid":"456a1d3c-d7f7-4db5-af38-9213c62081f7","growth_activity":"0"},{"id":"127602","courseId":"241","type":"4","summary":"On Video 1","index":"19","json":"{ \"type\":4}","lite":"0","guid":"ed237b45-6a1f-4b7f-ba3f-da6052114acb","growth_activity":"0"},{"id":"127603","courseId":"241","type":"3","summary":"Controlling the Change","index":"20","json":"{\"type\":3,\"intro\":{\"title\":\"Controlling the Change\",\"description\":\"Since people only resist change they feel they don&#39;t control, it is the coach&#39;s role to help the person see that they do control how they will respond to change, even when it is thrust upon them. They can resist by looking for comfort, or embrace, adapt and adjust though they feel uncomfortable.&#10;&#10;&#10;&#10;&#10;&#10;&#10;&#10;Let&#39;s walk through the sequence to review.\",\"image\":\"0D8159D3-CF7C-0828-A679-AA647BC980B1.png\",\"sound\":\"\",\"volume\":50},\"unlockscore\":0,\"quicklink\":false,\"quotation\":\"\"}","lite":"0","guid":"a3a5ce2e-13ea-49d4-b06d-12174ed7d36a","growth_activity":"0"},{"id":"127604","courseId":"241","type":"10","summary":"Affect the Person's Response","index":"21","json":"{\"type\":10,\"dragdrop\":{\"timer\":60,\"layout\":0,\"goals\":[{\"isImage\":true,\"text\":\"\",\"image\":\"D5B632F9-4D1E-4934-58F2-4EC4E514307D.png\"},{\"isImage\":true,\"text\":\"\",\"image\":\"111F9721-C119-F401-714E-21FD8AF6F4E4.png\"}],\"items\":[{\"goal\":1,\"isImage\":true,\"text\":\"\",\"image\":\"B839C47F-8FA0-F7C7-4E94-601FE5BFC5D8.png\",\"feedback\":[\"Yes. A plan is an important thing that a coach can offer. It enables the person to see the road ahead and embrace the challenge.\",\"No, that&#39;s incorrect. A plan is an important thing that a coach can offer. It enables the person to see the road ahead and embrace the challenge.\"]},{\"goal\":2,\"isImage\":true,\"text\":\"\",\"image\":\"0A0B96B0-5FE6-F6CC-38A5-0C59BD531E8F.png\",\"feedback\":[\"Correct. Hearing &#39;let&#39;s play it by ear&#39; from your coach would not make you feel safe and ready to embrace change. \",\"No, playing it by ear is not a successful strategy for a coach to offer anyone in an environment of change.\"]},{\"goal\":2,\"isImage\":true,\"text\":\"\",\"image\":\"A44BAD2E-CC2A-FB5B-210F-91D1C2392B04.png\",\"feedback\":[\"Correct, this is not something an effective coach would say. A successful coach will help people be calm, focused and moving forward. \",\"No, this is incorrect. A successful coach will help people be calm, focused and moving forward.\"]},{\"goal\":1,\"isImage\":true,\"text\":\"\",\"image\":\"8DAA8583-F4A8-D9F3-F151-B74D03DF729E.png\",\"feedback\":[\"Yes, this is something an effective coach would say to help someone feel supported in their moment of change.\",\"No, this is incorrect. Stating your faith in someone helps them to feel supported in their moment of change.\"]},{\"goal\":1,\"isImage\":true,\"text\":\"\",\"image\":\"FE896F82-A909-49E5-BE2F-4CA57E1F22B9.png\",\"feedback\":[\"Yes, this is correct. This is something people want to hear from their coach. Sincere support is essential.\",\"No, that is incorrect. This is something people want to hear from their coach. Sincere support is essential.\"]},{\"goal\":2,\"isImage\":true,\"text\":\"\",\"image\":\"C2FCB7F9-8605-92EC-E581-8FDF06970704.png\",\"feedback\":[\"Yes, this is correct. Saying this would make most people feel undermined and have a loss of confidence.\",\"No, this is incorrect. This is not something an effective coach would say. It is undermining rather than supportive.\"]}],\"prompt\":\"As a coach, you can affect the person&#39;s response, helping her to either feel good or bad about the change. Drag each item to the appropriate person, figuring on the response you&#39;ll get.\",\"sound\":\"\"},\"feedback\":[\"Well done. You are on your way to becoming a more effective coach.\",\"Some were incorrect. You may want to repeat this Burst.\"],\"score\":\"120\",\"gems\":\"2\"}","lite":"0","guid":"805379ca-7ec1-4d7b-8c09-a937cc0aa8e4","growth_activity":"0"},{"id":"127605","courseId":"241","type":"4","summary":"Review","index":"22","json":"{ \"type\":4}","lite":"0","guid":"ef4f0b0e-293a-4ffc-9f0d-5e05d4e89447","growth_activity":"0"},{"id":"127606","courseId":"241","type":"2","summary":"Unit 1","index":"23","json":"{ \"type\":2}","lite":"0","guid":"070d9108-6f93-4bfc-afb8-5236d0d198dc","growth_activity":"0"}]