{"id":"346","authorId":"0","groupId":"0","credits":"2","dollars":"9.99","summary":"A new vision of the Napoleon Hill classic","description":"...in a Blink courses cut through the clutter and present the essence of the material. In this easy-to-follow version of Think and Grow Rich, you will quickly unlock the secret to attaining your desire. (Includes the full text of the book.)","date":"2018-01-31 18:53:53","iconURL":"icon233.jpg","imageURL":"image182.jpg","vimeo":"","title":"T&GR FOR BLINK TYPE TESTING","editDate":"0000-00-00 00:00:00","buildAvailable":"1","published":"0","publicationDate":null,"listOrder":"100"}