[{"id":"475070","courseId":"301","type":"1","summary":"Ted Cruz 2016: Safer, Stronger America","index":"0","json":"{\"type\":1,\"intro\":{\"title\":\"Safer, Stronger America\",\"description\":\"A stronger, safer America safeguards freedom at home and across the globe. That&#39;s why Ted Cruz has fought tirelessly to defend our nation&#39;s servicemen and women. support our allies and restore America&#39;s leadership in the world.&#10;&#10;&#10;&#10;&#10;&#10;&#10;&#10;Ted Cruz&#39;s top priority is our nation&#39;s safety - for no family is safe and secure if our nation is not strong.\",\"image\":\"02EA004E-C9BB-5C10-95BF-488C6221E045.png\"},\"dossier\":false}","lite":"0","guid":"902175f1-2b4b-4d58-a53e-5a069a1a7732","growth_activity":"0"},{"id":"475071","courseId":"301","type":"3","summary":"Opposes Dangerous Deal with Iran","index":"1","json":"{\"type\":3,\"intro\":{\"title\":\"Opposes Dangerous Deal with Iran\",\"description\":\"Ted Cruz vehemently opposes the emerging deal with Iran. While allowing Iran to pursue nuclear weapons, it will reduce sanctions and give any future president few options. It was negotiated with wishful thinking and poor judgment, two things that are very dangerous in international diplomacy. &#10;&#10;&#10;&#10;&#10;&#10;&#10;&#10;As president, Ted Cruz will act according to the realities this nation faces in the world, not misplaced hope for good outcomes.\",\"image\":\"59007B2B-609F-73E6-8D3D-16EC97C2EF9F.png\",\"sound\":\"\",\"volume\":50},\"unlockscore\":0,\"quicklink\":false,\"quotation\":\"\"}","lite":"0","guid":"c488cd61-38d5-4114-bfaf-f7cb7ab9768b","growth_activity":"0"},{"id":"475072","courseId":"301","type":"14","summary":"Must Reject the Deal","index":"2","json":"{\"type\":14,\"question\":{\"timer\":60,\"multiplechoice\":true,\"answers\":[{\"correct\":true,\"text\":\"not fit to serve as commander in chief of this country.\",\"feedback\":\"Yes, Cruz believes that this deal will weaken the country&#39;s position with regards to Iran&#39;s nuclear ambitions and leave any future president with few options.\"},{\"correct\":false,\"text\":\"wisely giving Iran the benefit of the doubt..\",\"feedback\":\"No, Cruz does not believe Iran can be trusted. That nation has acted against its word in the past and it is only a misguided liberal notion that it would suddenly change its ways. As president, Cruz would be fair, but tough when it comes to our nation&#39;s and the world&#39;s security.\"}],\"sound\":\"\",\"text\":\"Ted Cruz opposes the Obama Administration&#39;s dangerous deal with Iran concerning its nuclear development. He has said that any potential candidate who is not willing to reject the emerging deal is:\"},\"feedback\":[\"\",\"\"],\"score\":\"20\",\"gems\":\"1\"}","lite":"0","guid":"c3c6b29d-f67b-4ab0-bdb7-816ecada82aa","growth_activity":"0"},{"id":"475073","courseId":"301","type":"12","summary":"Reducing Sanctions Reduces Options","index":"3","json":"{\"type\":12,\"orderitems\":{\"slots\":[\"\",\"\",\"\",\"\",\"\",\"\"],\"items\":[{\"text\":\"will face no other\",\"slot\":1},{\"text\":\"choice but launching\",\"slot\":2},{\"text\":\"military strikes\",\"slot\":3},{\"text\":\"against Iran to stop\",\"slot\":4},{\"text\":\"them from acquiring\",\"slot\":5},{\"text\":\"nuclear weapons.&#34;\",\"slot\":6}],\"ordered\":true,\"timer\":60,\"sound\":\"\",\"prompt\":\"The deal would reduce sanctions currently in place against Iran. Cruz opposes this reduction, stating that &#34;It dramatically increases the likelihood that a new president in 2017...\"},\"feedback\":[\"Yes, Cruz said: &#34;We&#39;d like to be able to use all of the tools of sanctions and everything else. But if the president hands those tools away it puts the next president and it puts this country in a much worse position...This deal makes war a certainty.&#34;\",\"Reducing sanctions &#34;dramatically increases the likelihood that a new president will face no other choice but launching military strikes against Iran to stop them from acquiring nuclear weapons.&#34; \"],\"score\":\"120\",\"gems\":\"1\"}","lite":"0","guid":"e8b0d59a-f1c9-4e3b-9cab-5d76cdb3d0e0","growth_activity":"0"},{"id":"475074","courseId":"301","type":"9","summary":"Any Deal Must Recognize Israel","index":"4","json":"{\"type\":9,\"wordfill\":{\"text\":\"are ##3## because they don&#39;t want to go on record and make clear their ##1## to ##4## Israel. They are playing ##2## rather than focusing on this grave ##5## security ##6##.\",\"prompt\":\"Cruz has repeatedly insisted that Congress require any nuclear deal with Iran to include recognition of Israel&#39;s right to exist. But Democratic senators...\",\"sound\":\"\",\"words\":[\"opposition\",\"politics\",\"balking\",\"supporting\",\"national\",\"threat\"],\"timer\":60},\"feedback\":[\"Yes, and asked what the recognition of Israel has to do with eliminating Iran&#39;s nuclear program, Cruz said &#34;In the midst of these negotiations, a senior Iranian general said the annihilation of Israel was &#39;non-negotiable.&#39;&#34;\",\"Democratic Senators are balking because they don&#39;t want to go on record and make clear their opposition to supporting Israel. They are playing politics rather than focusing on this grave national security threat.\"],\"score\":\"120\",\"gems\":\"1\"}","lite":"0","guid":"b9659006-0b19-4cc9-a2cc-b01c87dd6c0f","growth_activity":"0"},{"id":"475075","courseId":"301","type":"4","summary":"Stronger, Safer America","index":"5","json":"{ \"type\":4}","lite":"0","guid":"d8dc5dc7-4139-4bbc-8f2f-bbf34493dd02","growth_activity":"0"},{"id":"475076","courseId":"301","type":"3","summary":"Staunchly Supports Israel","index":"6","json":"{\"type\":3,\"intro\":{\"title\":\"Staunchly Supports Israel\",\"description\":\"Ted Cruz has always been a staunch supporter of Israel and the Jewish people. Speaking to a Christian group, Cruz said: &#34;Tonight, we are all united in defense of Christians. Tonight, we are all united in defense of Jews. Tonight, we are all united in defense of people of good faith...Christians have no greater ally than Israel.&#34;&#10;&#10;&#10;&#10;&#10;&#10;&#10;&#10;He continued: &#34;Those who hate Israel, hate America. Those who hate Jews, hate Christians.&#34;\",\"image\":\"63744BC7-B2AA-1462-3595-0BC8CE1F0E8C.png\",\"sound\":\"\",\"volume\":50},\"unlockscore\":0,\"quicklink\":false,\"quotation\":\"\"}","lite":"0","guid":"6a934dab-9b5a-4eae-bded-9b63b133b107","growth_activity":"0"},{"id":"475077","courseId":"301","type":"10","summary":"He Slams the FAA Decision","index":"7","json":"{\"type\":10,\"dragdrop\":{\"timer\":60,\"layout\":0,\"goals\":[{\"isImage\":true,\"text\":\"\",\"image\":\"84C5A4BD-728A-70D6-FD16-99502B7B2929.png\"}],\"items\":[{\"goal\":1,\"isImage\":true,\"text\":\"Our strongest ally\",\"image\":\"33A50FCB-C167-FDC3-1E55-E4D418AFBB1E.png\",\"feedback\":[\"Cruz has long supported Israel and recognizes that nation as our strongest ally in the Middle East, one of the most dangerous regions of the globe.\",\"\"]},{\"goal\":1,\"isImage\":true,\"text\":\"An economic boycott\",\"image\":\"2BDE073F-CF30-0C6E-4BE7-23B3B54D7D4C.png\",\"feedback\":[\"Cruz exposed the FAA ban as, in essence, an economic boycott of one of our key allies.\",\"\"]},{\"goal\":1,\"isImage\":true,\"text\":\"Lift the ban\",\"image\":\"714CC651-DD46-F56D-DE05-F80749F60557.png\",\"feedback\":[\"Cruz pressured the administration to lift the ban after exposing it as an economic boycott. The ban was lifted within 36 hours of the Senator&#39;s actions.\",\"\"]}],\"prompt\":\"Ted Cruz strongly opposed the Obama Administration&#39;s unprecedented FAA ban on flights to Israel.&#10;&#10;(Drag all items above to the goal below.)\",\"sound\":\"\"},\"feedback\":[\"As president, Cruz will treat our allies with respect as they stand with us against the people and nations of the world that want to do us harm.\",\"As president, Cruz will treat our allies with respect as they stand with us against the people and nations of the world that want to do us harm.\"],\"score\":\"20\",\"gems\":\"1\"}","lite":"0","guid":"7479f481-01a3-4c40-acd0-f0d4a3195bcc","growth_activity":"0"},{"id":"475078","courseId":"301","type":"20","summary":"Condemns Hamas for Using Human Sheilds","index":"8","json":"{\"type\":20,\"multiple\":{\"timer\":60,\"answers\":[{\"correct\":true,\"text\":\"condemns Hamas for using civilians as human shields.\",\"feedback\":\"&#34;Hamas has violated international humanitarian law through its repeated and consistent use of civilians as human shields,&#34; Cruz said. &#34;The US and the entire international community must expose and denounce Hamas&#39; barbaric tactics and support Israel&#39;s right to self-defense.&#34;\"},{\"correct\":true,\"text\":\"blames Hamas for 1000&#39;s of rocket attacks against Israel.\",\"feedback\":\"Hamas and other terrorist groups have launched thousands of rocket attacks on Israel from Gaza and it is time the global community stood up to Hamas.\"},{\"correct\":true,\"text\":\"demands PLO chairman Abbas condemn Hamas&#39; tactics.\",\"feedback\":\"Palestine Liberation Organization chairman Mahmoud Abbas must condemn the tactics of the Hamas terror group and take a stand that these tactics must end.\"}],\"sound\":\"\",\"text\":\"Building on their burgeoning bipartisan alliance, Senator Cruz and Democratic Senator Kirsten Gillibrand united to push a resolution condemning Hamas in its war against Israel. The resolution...&#10;&#10;(Choose as many as are correct.)\"},\"feedback\":[\"Cruz, a longtime supporter of Israel&#39;s right to exist as a Jewish state, condemns the tactics of Israel&#39;s enemies as barbaric and as president he would work to build a global alliance to support Israel and to stand up to the terror organizations.\",\"Cruz, a longtime supporter of Israel&#39;s right to exist as a Jewish state, condemns the tactics of Israel&#39;s enemies as barbaric and as president he would work to build a global alliance to support Israel and to stand up to the terror organizations.\"],\"score\":\"60\",\"gems\":\"1\"}","lite":"0","guid":"a6c62362-0005-427d-8e29-3c79ab1828a3","growth_activity":"0"},{"id":"475079","courseId":"301","type":"14","summary":"Rewards for Helping Convict Terrorists","index":"9","json":"{\"type\":14,\"question\":{\"timer\":60,\"multiplechoice\":true,\"answers\":[{\"correct\":true,\"text\":\"international terrorist acts against US persons or property.\",\"feedback\":\"Yes. This legislation would help the nation to bring justice to terrorists who harm the United States.\"},{\"correct\":false,\"text\":\"the kidnapping of teenagers from any country.\",\"feedback\":\"No, the reward would be for anybody who provides information that leads to the arrest or conviction of anyone who plans, commits or attempts international terrorist acts against US persons or property.\"}],\"sound\":\"\",\"text\":\"Cruz introduced legislation passed by the Senate to provide rewards for information leading to the arrest of Hamas terrorists responsible for the murder of American and Israeli teenagers. This bill enhances the State Department&#39;s Rewards for Justice Program, which allows for a monetary prize for anybody who provides information &#34;that leads to the arrest or conviction of anyone who plans, commits or attempts...\"},\"feedback\":[\"\",\"\"],\"score\":\"20\",\"gems\":\"1\"}","lite":"0","guid":"de8edb14-4d05-4e38-bdbb-1a90f4c7c513","growth_activity":"0"},{"id":"475080","courseId":"301","type":"4","summary":"Terrorists Disguised as Ambassadors","index":"10","json":"{ \"type\":4}","lite":"0","guid":"39db5f6c-262e-4601-aa59-70e5edfc76b8","growth_activity":"0"},{"id":"475081","courseId":"301","type":"3","summary":"Defends Our Servicemen and Women","index":"11","json":"{\"type\":3,\"intro\":{\"title\":\"Defends Our Servicemen and Women\",\"description\":\"Ted Cruz has the deepest respect for the men and women who serve our nation and has promoted many measures that would protect their rights and  strengthen the nation&#39;s support of them, both during and after their service.&#10;&#10;&#10;&#10;&#10;&#10;&#10;&#10;The nation is only as strong as those who will defend it. \",\"image\":\"00D4B2CB-02E7-425D-8105-F8DF958721E3.png\",\"sound\":\"\",\"volume\":50},\"unlockscore\":0,\"quicklink\":false,\"quotation\":\"\"}","lite":"0","guid":"b3588f8b-f971-4b3f-af6d-12efdef71cc3","growth_activity":"0"},{"id":"475082","courseId":"301","type":"9","summary":"Right to Express Faith","index":"12","json":"{\"type\":9,\"wordfill\":{\"text\":\"discrimination or ##4## against ##3## service members who appropriately ##2## their religious ##1##.\",\"prompt\":\"Cruz promoted the strengthening of existing law to prevent... \",\"sound\":\"\",\"words\":[\"faith\",\"express\",\"military\",\"retaliation\"],\"timer\":60},\"feedback\":[\"Our servicemen and women should have the same rights all US citizens have to express their faith in appropriate ways. \",\"The law prevents discrimination or retaliation against military service members who appropriately express their religious faith.\"],\"score\":\"80\",\"gems\":\"1\"}","lite":"0","guid":"1c26b2c9-5249-48f2-ac7d-efd63edc0dad","growth_activity":"0"},{"id":"475083","courseId":"301","type":"12","summary":"Give Military Access to Campuses","index":"13","json":"{\"type\":12,\"orderitems\":{\"slots\":[\"\",\"\",\"\",\"\",\"\",\"\"],\"items\":[{\"text\":\"which receive\",\"slot\":1},{\"text\":\"federal funds to\",\"slot\":2},{\"text\":\"grant U.S.\",\"slot\":3},{\"text\":\"military recruiters\",\"slot\":4},{\"text\":\"equal access\",\"slot\":5},{\"text\":\"to campuses.\",\"slot\":6}],\"ordered\":true,\"timer\":60,\"sound\":\"\",\"prompt\":\"Cruz defended the constitutionality of the federal Solomon Amendment, which requires universities...\"},\"feedback\":[\"Yes, military recruiters must have equal access to campuses, notwithstanding the university&#39;s opposition to the military&#39;s policies concerning sexual orientation.\",\"The Solomon Amendment requires universities which receive federal funds to grant U.S. military recruiters equal access to campuses, notwithstanding the university&#39;s opposition to the military&#39;s policies concerning sexual orientation.\"],\"score\":\"120\",\"gems\":\"1\"}","lite":"0","guid":"bf9c5be8-5bb6-47e2-aa08-1644a8dd7373","growth_activity":"0"},{"id":"475084","courseId":"301","type":"14","summary":"In Harms Way - Ebola","index":"14","json":"{\"type\":14,\"question\":{\"timer\":60,\"multiplechoice\":true,\"answers\":[{\"correct\":false,\"text\":\"global warming\",\"feedback\":\"No, the military has not been called upon to fight against this false threat.\"},{\"correct\":true,\"text\":\"the spread of Ebola\",\"feedback\":\"Yes. The military is called upon to act in many crises - not all are combat, but many are just as threatening and put our brave servicemen and women in harms way. Therefore, those people deserve the appropriate tax benefits.\"}],\"sound\":\"\",\"text\":\"Cruz authored legislation to ensure that members of our military deployed to combat ____________ are entitled to the same tax benefits as those serving in a combat zone.\"},\"feedback\":[\"\",\"\"],\"score\":\"20\",\"gems\":\"1\"}","lite":"0","guid":"79dfa7f2-5647-4879-a6cc-5d7736520808","growth_activity":"0"},{"id":"475085","courseId":"301","type":"4","summary":"Defends Our Servicemen and Women","index":"15","json":"{ \"type\":4}","lite":"0","guid":"200e8799-367d-44f0-ad0d-05d108d9fd19","growth_activity":"0"},{"id":"475086","courseId":"301","type":"2","summary":"Ted Cruz 2016","index":"16","json":"{ \"type\":2}","lite":"0","guid":"b4fae137-c82b-42b2-b0ab-de5bfe70faf1","growth_activity":"0"}]