[{"id":"400081","courseId":"293","type":"3","summary":"The Science of Getting Rich PDF","index":"0","json":"{\"type\":3,\"intro\":{\"title\":\"The Science of Getting Rich PDF\",\"description\":\"In this Activity, you can read the original version of Wallace Wattles&#39; The Science of Getting Rich, published in 1910.\",\"image\":\"C9D28C72-E763-E0BC-F55D-0D3B8B4D6D36.png\",\"sound\":\"\",\"volume\":50},\"unlockscore\":0,\"quicklink\":false,\"quotation\":\"\"}","lite":"0","guid":"a6052bc2-e507-4101-9ff0-c0a11d72c912","growth_activity":"1"},{"id":"400082","courseId":"293","type":"5","summary":"The Science of Getting Rich PDF","index":"1","json":"{\"type\":5,\"ebook\":\"BE6FAABF-5DB3-40B1-3D65-4A30CA5302AB.pdf\"}","lite":"0","guid":"fe252152-a7f4-4ceb-94f3-3690bf5e6321","growth_activity":"1"},{"id":"400083","courseId":"293","type":"4","summary":"Science of Getting Rich PDF","index":"2","json":"{ \"type\":4}","lite":"0","guid":"eaad273f-85d5-4b6b-9ed5-9751e49ca425","growth_activity":"1"}]