[{"id":"4710","courseId":"65","type":"14","summary":"What are fish","index":"1","json":"{\\\"type\\\":14,\\\"question\\\":{\\\"timer\\\":5,\\\"multiplechoice\\\":true,\\\"answers\\\":[{\\\"correct\\\":true,\\\"text\\\":\\\"When it is a whale\\\"},{\\\"correct\\\":false,\\\"text\\\":\\\"When it is a porpoise\\\"},{\\\"correct\\\":false,\\\"text\\\":\\\"When it is a shark\\\"},{\\\"correct\\\":false,\\\"text\\\":\\\"When it is a blowfish\\\"}],\\\"text\\\":\\\"When is a fish not a fish?\\\"},\\\"feedback\\\":[\\\"Pass\\\",\\\"Fail\\\"],\\\"score\\\":\\\"25\\\",\\\"gems\\\":0}","lite":"1","guid":"34bf2751-8c47-4c69-b6c8-5aebbeda16f0","growth_activity":"0"}]