[{"id":"66736","courseId":"183","type":"3","summary":"Activity 1","index":"86","json":"{ \\\"type\\\":3}","lite":"0","guid":"541bf2b4-1fc1-4be6-a05e-5a341cf7d7ae","growth_activity":"1"},{"id":"66737","courseId":"183","type":"7","summary":"What think of confidence?","index":"87","json":"{\\\"type\\\":7,\\\"input\\\":{\\\"type\\\":1,\\\"prompt\\\":\\\"WHat think?\\\",\\\"locked\\\":false},\\\"feedback\\\":[\\\"\\\",\\\"\\\"],\\\"score\\\":0,\\\"gems\\\":0}","lite":"0","guid":"881772f1-3441-42d5-8f9a-0f87db1faf79","growth_activity":"1"},{"id":"66738","courseId":"183","type":"4","summary":"Activity 1","index":"88","json":"{ \\\"type\\\":4}","lite":"0","guid":"c62a5eb1-44df-41e4-b2f8-41318d6b26a7","growth_activity":"1"}]