[{"id":"3682","courseId":"66","type":"7","summary":"Word Input","index":"0","json":"{\\\"type\\\":7,\\\"input\\\":{\\\"type\\\":2,\\\"prompt\\\":\\\"Give me six reasons\\\",\\\"locked\\\":false,\\\"in\\\":1,\\\"out\\\":0,\\\"time\\\":1,\\\"count\\\":6,\\\"characters\\\":12}}","lite":"1","guid":"3925b4d7-0242-4814-aa07-b1db7ec56efe","growth_activity":"0"},{"id":"3683","courseId":"66","type":"7","summary":"Number input","index":"1","json":"{\\\"type\\\":7,\\\"input\\\":{\\\"type\\\":3,\\\"prompt\\\":\\\"What is a number between 6 and 60?\\\",\\\"locked\\\":false,\\\"text\\\":\\\"I a thinking of ##x##\\\",\\\"numbers\\\":[{\\\"value\\\":6,\\\"min\\\":6,\\\"max\\\":60}]}}","lite":"1","guid":"2a5b0f4b-77be-49cf-8d9e-d3f37900e98c","growth_activity":"0"},{"id":"3684","courseId":"66","type":"7","summary":"Date input","index":"2","json":"{\\\"type\\\":7,\\\"input\\\":{\\\"type\\\":4,\\\"prompt\\\":\\\"When is your birthday?\\\",\\\"locked\\\":false,\\\"text\\\":\\\"We are looking for ##x##.\\\",\\\"dates\\\":[{\\\"date\\\":\\\"06\\\/28\\\/2014\\\",\\\"min\\\":\\\"06\\\/23\\\/2014\\\",\\\"max\\\":\\\"06\\\/30\\\/2014\\\"}]}}","lite":"1","guid":"0d259585-1ea9-43b8-a2cd-efba5e97a97a","growth_activity":"0"},{"id":"3685","courseId":"66","type":"7","summary":"Text input locked","index":"3","json":"{\\\"type\\\":7,\\\"input\\\":{\\\"type\\\":1,\\\"prompt\\\":\\\"How are you feeling? This is locked.\\\",\\\"locked\\\":true}}","lite":"1","guid":"53227e34-cc35-4485-9ad9-e1fa8ec9079d","growth_activity":"0"},{"id":"3686","courseId":"66","type":"7","summary":"Text input unlocked","index":"4","json":"{\\\"type\\\":7,\\\"input\\\":{\\\"type\\\":1,\\\"prompt\\\":\\\"This is unlocked.\\\",\\\"locked\\\":false}}","lite":"1","guid":"6e5ea3c9-64c1-4bcb-b74e-4aa965f4693e","growth_activity":"0"},{"id":"3687","courseId":"66","type":"7","summary":"True False","index":"5","json":"{\\\"type\\\":7,\\\"input\\\":{\\\"type\\\":5,\\\"prompt\\\":\\\"You want to be rich.\\\",\\\"locked\\\":false,\\\"text\\\":\\\"\\\",\\\"booleans\\\":[{\\\"value\\\":true,\\\"correct\\\":\\\"Yes\\\",\\\"wrong\\\":\\\"No\\\"}]}}","lite":"1","guid":"141beb0f-15a4-4092-b4e5-dc35d7e7a87c","growth_activity":"0"}]