[{"id":"778535","courseId":"214","type":"1","summary":"The New Way to Learn","index":"0","json":"{\"type\":1,\"intro\":{\"title\":\"The New Way to Learn\",\"description\":\"Blink courses can help you to learn new skills, improve your life, find success - efficiently and enjoyably. Blink courses use small activities to teach big concepts so you can fully experience important books and other content in a powerful new way. &#10;&#10;&#10;&#10;&#10;&#10;&#10;&#10;&#10;And you play Blink courses in three to five minute bursts - so there&#39;s always time to learn something new.\",\"image\":\"2FDDB5D9-2781-BEE8-EF54-8837A6E46913.png\"},\"dossier\":true}","lite":"0","guid":"1846c15e-5f5b-42c9-8fcc-45aa7d6b92bf","growth_activity":"0"},{"id":"778536","courseId":"214","type":"3","summary":"Blinks and Bursts","index":"1","json":"{\"type\":3,\"intro\":{\"title\":\"Blinks and Bursts\",\"description\":\"Blink courses present content in small activities (called Blinks) arranged into short sequences (called Bursts). As you play through Bursts, you can earn gems, which reflect your understanding of the content. And you can earn points, which you need to unlock the next Burst. &#10;&#10;The gray bar on the left shows how many gems you can earn in this Burst (four) and how many points you need to unlock the next Burst (150).&#10;&#10;(To exit the course, touch the blue lines in the upper left, then touch Exit Course. But stay a while - there&#39;s good stuff to discover.)\",\"image\":\"\",\"sound\":\"\",\"volume\":9},\"unlockscore\":\"150\",\"quicklink\":false,\"quotation\":\"\",\"unlockActivity\":\"none\",\"dossier\":false}","lite":"0","guid":"b6b4d633-6de7-40cd-aa70-cc057a89e5fa","growth_activity":"0"},{"id":"778537","courseId":"214","type":"10","summary":"Learn, Retain, Enjoy","index":"2","json":"{\"type\":10,\"dragdrop\":{\"timer\":60,\"layout\":0,\"goals\":[{\"isImage\":false,\"text\":\"Blink: The New Way to Learn\",\"image\":\"\"}],\"items\":[{\"goal\":1,\"isImage\":false,\"text\":\"Learn More\",\"image\":\"\",\"feedback\":[\"\",\"\"]},{\"goal\":1,\"isImage\":false,\"text\":\"Retain More\",\"image\":\"\",\"feedback\":[\"\",\"\"]},{\"goal\":1,\"isImage\":false,\"text\":\"Enjoy More\",\"image\":\"\",\"feedback\":[\"\",\"\"]}],\"prompt\":\"Here&#39;s the bottom line - Blink is the new way to learn. And Blink can help you to: (Drag the top three boxes to the one on the bottom.)\",\"sound\":\"\"},\"feedback\":[\"Yes, Blink can help you to learn more, retain more and enjoy more, just by playing small activities like this one.\",\"Blink can help you to learn more, retain more and enjoy more, just by playing small activities like this one.\"],\"score\":\"75\",\"gems\":\"1\"}","lite":"0","guid":"834af97b-35f1-4ec3-9d43-1d201e3fa300","growth_activity":"0"},{"id":"778538","courseId":"214","type":"9","summary":"Active and Participating","index":"3","json":"{\"type\":9,\"wordfill\":{\"text\":\"##1## and ##2##.\",\"prompt\":\"With most courses these days, you just watch videos or read lots of text or listen to some hyped-up voiceover as still images fade on and off the screen. Completely passive. &#10;&#10;The funny thing is, we learn best when we are: \",\"sound\":\"\",\"words\":[\"Active\",\"participating\"],\"timer\":60},\"feedback\":[\"Yes, we learn best when we&#39;re active and participating in our learning. Content tends to stick better. And that&#39;s what Blink is all about.\",\"We learn best when we&#39;re active and participating in our learning. Content tends to stick better.  And that&#39;s what Blink is all about.\"],\"score\":\"50\",\"gems\":\"1\"}","lite":"0","guid":"ab572153-f812-43b3-8357-98cc63ddbd7b","growth_activity":"0"},{"id":"778539","courseId":"214","type":"12","summary":"Do a little, retain a lot","index":"4","json":"{\"type\":12,\"orderitems\":{\"slots\":[\"Start of statement\",\"\",\"\",\"\",\"\",\"End of statement\"],\"items\":[{\"text\":\"The more you\",\"slot\":1},{\"text\":\"get involved\",\"slot\":2},{\"text\":\"with the content,\",\"slot\":3},{\"text\":\"the more likely\",\"slot\":4},{\"text\":\"you will retain\",\"slot\":5},{\"text\":\"what you&#39;ve learned.\",\"slot\":6}],\"ordered\":true,\"timer\":60,\"sound\":\"\",\"prompt\":\"In Blink courses, we want to get you actively engaged in your learning because: (Drag the yellow words to build the complete statement, then touch Done.)\"},\"feedback\":[\"You see, by building this statement, you have internalized the concept more than if you had just read it. And internalizing leads to greater retention. And retaining what you learn is really what it&#39;s all about. Right?\",\"The more you are involved with the content, the more likely you will retain what you&#39;ve learned. Building this statement leads to more internalization than if you had just read the concept. And internalizing leads to greater retention, which is the goal. Right?\"],\"score\":\"150\",\"gems\":\"1\"}","lite":"0","guid":"2ffc90b4-b93f-4eb9-8d1d-ac8259791437","growth_activity":"0"},{"id":"778540","courseId":"214","type":"14","summary":"Keep It Simple","index":"5","json":"{\"type\":14,\"question\":{\"timer\":60,\"multiplechoice\":true,\"answers\":[{\"correct\":true,\"text\":\"Keep the screen uncluttered, and media to a minimum\",\"feedback\":\"Yes, we let your brain focus on the content.\"},{\"correct\":false,\"text\":\"Crowd the screen with lots of user options and ugly icons\",\"feedback\":\"No, we keep the screen uncluttered and let your brain focus on the content.\"}],\"sound\":\"\",\"text\":\"But there&#39;s nothing to retain if you don&#39;t learn in the first place. So, to foster the learning process, we took our interface design clues from the Cognitive Load Theory. &#10;&#10;Simply put, this theory states that we have only so many brain cells to learn with and so it&#39;s best to:\"},\"feedback\":[\"\",\"\"],\"score\":\"25\",\"gems\":\"1\"}","lite":"0","guid":"a48238d6-4d5a-4346-a01b-8d57d00de113","growth_activity":"0"},{"id":"778541","courseId":"214","type":"13","summary":"Let's Review","index":"6","json":"{\"type\":13,\"thisthat\":{\"questions\":[{\"text\":\"So, now that you&#39;ve learned a few things about Blink Training, let&#39;s review. The small activities in Blink Training are called:\",\"correct\":\"Blinks\",\"wrong\":\"Bursts\",\"value\":true,\"feedback\":[\"Yes, they are called Blinks. \",\"Nope, the small activities are called Blinks. Now let&#39;s see about those Bursts.\"]},{\"text\":\"A sequence of those Blinks is called a:\",\"correct\":\"Unit\",\"wrong\":\"Burst\",\"value\":false,\"feedback\":[\"Yes, a sequence of Blinks is called a Burst. And by the way, those blue and gray circles on the top of the screen show how many Blinks there are in this Burst. You&#39;re doing the fifth Blink now.\",\"Nope, a sequence of Blinks is called a Burst. And by the way, those blue and gray circles on the top of the screen show how many Blinks there are in this Burst. You&#39;re doing the fifth Blink now.\"]},{\"text\":\"Blink courses keep you actively participating in your learning because then you&#39;re more likely to retain the content. Another feature of Blink that helps build retention is:&#10;&#10;(Think about it.)\",\"correct\":\"Review\",\"wrong\":\"Points\",\"value\":true,\"feedback\":[\"Yes, review has been shown to boost retention of content. And notice that we didn&#39;t teach that idea. In Blink, you won&#39;t always &#39;know&#39; which is the correct answer, so you learn by trying to figure it out.\",\"Nope, points are fun and motivating and help you to know how you&#39;re doing, but review has been shown to boost retention of content. And notice that we didn&#39;t teach that idea. In Blink, you won&#39;t always &#39;know&#39; which is the correct answer, so you learn by trying to figure it out.\"]}],\"timer\":60,\"noscore\":false},\"feedback\":[\"Blinks, Bursts, review, points - it all adds up to courses that are engaging, enjoyable and efficient. That&#39;s Blink, the new way to learn!\",\"Blinks, Bursts, review, points - it all adds up to courses that are engaging, enjoyable and efficient. That&#39;s Blink, the new way to learn!\"],\"score\":\"75\",\"gems\":\"0\"}","lite":"0","guid":"b31aaa9a-4878-4fe0-aec7-a7d1b36bec4c","growth_activity":"0"},{"id":"778542","courseId":"214","type":"7","summary":"Active and Passive Learning","index":"7","json":"{\"type\":7,\"input\":{\"type\":7,\"prompt\":\"Many Blink courses ask you to rate yourself on various topics and keep notes on what you&#39;re learning. For example: How strong is your preference for passive or active learning? (Move the slider to answer. Then write about it if you like.)\",\"locked\":false,\"text\":\"\",\"isNumber\":false,\"useImages\":false,\"left\":\"Prefer Passive Learning\",\"right\":\"Prefer Active Learning\",\"ideal\":50,\"sound\":\"\",\"min\":0,\"max\":0,\"integer\":true},\"feedback\":[\"In Blink courses, text you input is saved to your &#39;Dossier.&#39; You can review and edit that text so you can start a Blink journal in each course as you grow, learn and engage with the world in new ways.\",\"In Blink courses, text you input is saved to your &#39;Dossier.&#39; You can review and edit that text so you can start a Blink journal in each course as you grow, learn and engage with the world in new ways.\"],\"score\":0,\"gems\":0}","lite":"0","guid":"ec43397d-050d-4bab-a0db-6c4abfdb0340","growth_activity":"0"},{"id":"778543","courseId":"214","type":"6","summary":"Your Progress","index":"8","json":"{\"type\":6,\"image\":\"C58AF4DA-D742-6249-4260-2A74CB0030E2.png\",\"presentation\":[{\"text\":\"Your Progress Screen\",\"in\":1,\"time\":1,\"sound\":\"\",\"size\":0,\"color\":\"#256ED7\"},{\"text\":\"This is the final Blink in this Burst, so when you touch Next, you&#39;ll see your Progress Screen (scroll down to see sample above). On your Progress Screen, you&#39;ll find stats on how you&#39;re doing and see where you are on your journey up the mountain of mastery. And the better the weather, the better you seem to be grasping the material.&#10;&#10;If there&#39;s a check mark next to &#34;Target Score&#34; on your Progress Screen, then you&#39;ve unlocked the next Burst. If not, replay this Burst and try for a higher score. If there&#39;s a check mark next to &#34;Max Gems,&#34; you&#39;ve earned all available gems. You don&#39;t need all the gems to move on, but you can replay the Burst to try to earn them all if you like.&#10;&#10;In the next Burst, we&#39;ll talk about our current courses. (If you need to exit, touch the three blue lines in the upper left, then touch Exit Course.)&#10;&#10;&#10;--\",\"in\":1,\"time\":2,\"sound\":\"\",\"size\":1}]}","lite":"0","guid":"e35f51bd-7f96-44bd-b306-3b55ffa16f20","growth_activity":"0"},{"id":"778544","courseId":"214","type":"4","summary":"You Need Money for a Complete Life","index":"9","json":"{ \"type\":4}","lite":"0","guid":"1c7eb215-a5ea-4b9d-b0b4-91cd696e9638","growth_activity":"0"},{"id":"778545","courseId":"214","type":"3","summary":"Current Blink Courses","index":"10","json":"{\"type\":3,\"intro\":{\"title\":\"Current Blink Courses\",\"description\":\"Each of our courses is handcrafted to take you on a unique journey of discovery. And all courses have the same features and interface so you won&#39;t have to spend time getting comfortable with the system - you can just get in and start learning!&#10;&#10;Our current courses are based on classic self improvement books. If you&#39;ve wanted to benefit from the content of these books, but just don&#39;t have the inclination to read them cover to cover, Blink courses are for you. Or if you&#39;ve read the books, but want to better internalize the content - and implement real change in your life - Blink courses are for you.&#10;&#10;All courses offer free samples so give them a try!\",\"image\":\"\",\"sound\":\"\",\"volume\":50},\"unlockscore\":\"0\",\"quicklink\":false,\"quotation\":\"\"}","lite":"0","guid":"44d703a8-9a89-4101-8e39-93f9cac5820f","growth_activity":"0"},{"id":"778546","courseId":"214","type":"6","summary":"Green Courses","index":"11","json":"{\"type\":6,\"image\":\"\",\"presentation\":[{\"text\":\"OVERVIEW OF OUR COURSES: Green Courses\",\"in\":1,\"time\":1,\"sound\":\"\",\"color\":\"#256ED7\"},{\"text\":\"Our Green courses offer deep and rich experiences that illuminate all of the author&#39;s themes.\",\"in\":1,\"time\":1,\"sound\":\"\",\"color\":\"#000000\",\"size\":1},{\"text\":\"Think and Grow Rich by Napoleon Hill&#10;Napoleon Hill&#39;s words have enlightened millions. With this Blink course you can truly grasp his ideas and implement his program, unlocking the secret to attaining your desire. (Includes the full text of the book.)&#10;&#10;The Science of Getting Rich by Wallace Wattles&#10;Wallace Wattles&#39; life-changing ideas are more accessible and achievable in this Blink course. &#34;Success in life is becoming all you can be,&#34; he writes, and this course will help you to reach that goal - more quickly and more enjoyably. (Includes the full text of the book.)&#10;&#10;The Richest Man in Babylon by George S. Clason&#10;George S. Clason&#39;s keys to financial success are brought to life in this Blink course, making them easier to take on your life&#39;s journey. (Includes the full text of the book.)&#10;&#10;--\",\"in\":1,\"time\":2,\"sound\":\"\",\"size\":1}]}","lite":"0","guid":"9243540a-6065-4983-a7bd-de0941530cfc","growth_activity":"0"},{"id":"778547","courseId":"214","type":"6","summary":"Blue Courses","index":"12","json":"{\"type\":6,\"image\":\"\",\"presentation\":[{\"text\":\"OVERVIEW OF OUR COURSES: Blue Courses\",\"in\":1,\"time\":1,\"sound\":\"\",\"color\":\"#256ED7\"},{\"text\":\"Blue courses cut to the core of the text and offer a quick way to internalize and implement the author&#39;s ideas.\",\"in\":1,\"time\":2,\"sound\":\"\",\"color\":\"#000000\",\"size\":1},{\"text\":\"The Law of Success by Napoleon Hill&#10;In this efficient and enjoyable Blink course, you will engage with the principles upon which greatness is built - Hill&#39;s original formula for success - learning how to &#34;use the palace of your mind methodically, carefully, and deliberately...reconstructing on the outside those dreams that dwell within.&#34;&#10;&#10;Public Speaking to Win! by Dale Carnegie&#10;This Blink course will help you to quickly implement Dale Carnegie&#39;s winning formula for effective pubic speaking. Develop self-confidence, get tips for opening and closing, learn how to truly influence your audience, and more. Learn to make an impact as a successful communicator!&#10;&#10;The Power of Your Subconscious Mind by Joseph Murphy&#10;This course is something of a interactive instruction manual for seeking a greater scale of life based on Joseph Murphy&#39;s message: new thought means new life. With this Blink course, you can learn how to use that profoundly simple idea to bring real change into your life.&#10;&#10;--\",\"in\":1,\"time\":2,\"sound\":\"\",\"size\":1}]}","lite":"0","guid":"96303dd8-1e5d-48fe-8f80-1319dae819df","growth_activity":"0"},{"id":"778548","courseId":"214","type":"20","summary":"Courses that can Change your Life","index":"13","json":"{\"type\":20,\"multiple\":{\"timer\":60,\"answers\":[{\"correct\":true,\"text\":\"Think and Grow Rich\",\"feedback\":\"Learn to define and reach your goals!\"},{\"correct\":true,\"text\":\"The Science of Getting Rich\",\"feedback\":\"Learn to focus on and achieve wealth!\"},{\"correct\":true,\"text\":\"The Richest Man in Babylon\",\"feedback\":\"Learn the rules for accumulating and building your wealth!\"},{\"correct\":true,\"text\":\"The Law of Success\",\"feedback\":\"Learn 15 key principles for achieving success!\"},{\"correct\":true,\"text\":\"The Power of Your Subconscious Mind\",\"feedback\":\"Learn to use the power of your mind to change your life!\"},{\"correct\":true,\"text\":\"Public Speaking to Win!\",\"feedback\":\"Learn the valuable art of public speaking!\"}],\"sound\":\"\",\"text\":\"Which of these courses could help change your life for the better?\"},\"feedback\":[\"Yes, all of these courses can help you to change your life! Now, touch Close and then touch any course to see what it can teach you.\",\"These courses can all help you to change your life. Now, touch Close and then touch any course to see what it can teach you.\"],\"score\":\"150\",\"gems\":\"0\"}","lite":"0","guid":"a1d6be73-6fb4-452d-9de3-a344a652996e","growth_activity":"0"},{"id":"778549","courseId":"214","type":"10","summary":"Getting Courses","index":"14","json":"{\"type\":10,\"dragdrop\":{\"timer\":60,\"layout\":0,\"goals\":[{\"isImage\":false,\"text\":\"Use the credits to get courses\",\"image\":\"\"}],\"items\":[{\"goal\":1,\"isImage\":false,\"text\":\"Purchase Blink credits and...\",\"image\":\"\",\"feedback\":[\"\",\"\"]}],\"prompt\":\"GETTING BLINK COURSES&#10;&#10;So how do you go about getting Blink courses? (Drag the top box to the bottom one.)&#10;\",\"sound\":\"\"},\"feedback\":[\"Yes, you purchase credits and use them to get courses. And, all courses offer free samples so you can try it before you buy it. \",\"You purchase credits and use them to get courses. And, all courses offer free samples so you can try it before you buy it. \"],\"score\":\"100\",\"gems\":\"1\"}","lite":"0","guid":"98f65d6d-b63e-4ed2-b7c8-0646df0e5ab0","growth_activity":"0"},{"id":"778550","courseId":"214","type":"6","summary":"Credits, Copyright, Contact Info","index":"15","json":"{\"type\":6,\"image\":\"\",\"presentation\":[{\"text\":\"Credits, Copyright and Contact Info\",\"in\":1,\"time\":1,\"sound\":\"\",\"size\":0,\"color\":\"#256ED7\"},{\"text\":\"App and Blinks interactive design  Jeff Siegel and Nik Lever&#10;App GUI additional graphic design  Aidan Siegel&#10;Sound Effects  Ed Lima&#10;&#10;Catalyst Pictures LTD&#10;   Nik Lever - chief software engineer&#10;   Ky Thanh - software engineer&#10;   Pam Lever - design&#10;&#10;Blink Training Systems, LLC&#10;   Jeff Siegel, President&#10;&#10;&#34;What is Blink Training?&#34; course (c) 2016 by Blink Training Systems, LLC.&#10;All Rights Reserved.&#10;&#10;&#10;To contact us, please email jeff@blinktrainingsystem.com.&#10;&#10;&#10;--\",\"in\":1,\"time\":2,\"sound\":\"\",\"size\":1}]}","lite":"0","guid":"7c36ef52-8df8-4eee-8773-003ed556b85c","growth_activity":"0"},{"id":"778551","courseId":"214","type":"8","summary":"Create Positive Change","index":"16","json":"{\"type\":8,\"statement\":{\"prompt\":\"We hope that Blink Training helps you to: (Find the sentence and touch the words in the correct order.)\",\"wrong\":\"Blink Training!\",\"statements\":[\"Create|positive change|in your life|and in|the world!\"],\"ordered\":true,\"timer\":60,\"sound\":\"\"},\"feedback\":[\"Try a course today!&#10;&#10;(To exit the course, touch the blue bars in the upper left. Choose Exit Course.)\",\"We hope that Blink Training helps you to create positive change in your life and in the world. Try a course today!&#10;&#10;(To exit the course, touch the blue bars in the upper left. Choose Exit Course.)\"],\"score\":\"75\",\"gems\":\"1\"}","lite":"0","guid":"f4a2e379-755d-4300-be34-22f3d01ca0b6","growth_activity":"0"},{"id":"778552","courseId":"214","type":"4","summary":"The Courses","index":"17","json":"{ \"type\":4}","lite":"0","guid":"f07c8f3a-8c85-492a-882f-b183dde9c737","growth_activity":"0"},{"id":"778553","courseId":"214","type":"2","summary":"What is Blink Training?","index":"18","json":"{ \"type\":2}","lite":"0","guid":"283f598a-4a04-4f77-8ec4-b6a41a7e147e","growth_activity":"0"}]