[{"id":"580843","courseId":"308","type":"1","summary":"The Concept, Basics","index":"0","json":"{ \"type\":1}","lite":"0","guid":"7dcdb965-8eca-4efa-82ab-27823e3c00cc","growth_activity":"0"},{"id":"580844","courseId":"308","type":"6","summary":"Blink Positioning","index":"1","json":"{\"type\":6,\"image\":\"\",\"presentation\":[{\"text\":\"u2022tu201cTo get learning embedded in the culture one minute a day is much more powerful than 30 mins a weeku201d Erin&#10;&#10;u2022tCompanies are moving towards more informal learning, which this is.&#10;u2022tBE UNIQUE: Think of Blink as informal learning with its unique set of features u2013 gems, points, bursts, consistent look and feel (which is calm and cognitively sound unlike much stuff made with Articulate, etc.), distribution App, etc. It would be impossible to compare it exactly to another offering. Keep it unique u2013 not like others. And it has the editor for efficient creation. And the editor can help others create Blink Courses. Blink courses should have a feel unlike any other courses.&#10;\",\"in\":0,\"time\":0,\"sound\":\"\"},{\"text\":\"u2022tBlink is a minimalist approach to learning u2013 it reduces cognitive load and allows greater capacity in learneru2019s mind to rehearse processes leading to learning! All that Articulate stuff fosters cognitive overload! \",\"in\":0,\"time\":0,\"sound\":\"\"}]}","lite":"0","guid":"461d9244-8eca-4dc2-a569-a45be1b9bb44","growth_activity":"0"},{"id":"580845","courseId":"308","type":"6","summary":"Blink Pos 2","index":"2","json":"{\"type\":6,\"image\":\"\",\"presentation\":[{\"text\":\"Blink has a distribution app&#10;u2022tIt is usually part-task instruction u2013 directive training. But it could also be whole task instruction: immerse the user in a task and teach as needed.&#10;u2022tWhat it has that elearning usually doesnu2019t: scores, gems, timing, etc.&#10;u2022tBlink has some gamification but never degrades the learning with too much gaming.&#10;u2022tBenefits of distributed (as opposed to massed) practice.  Massed leads to greater short term learning, but distributed leads to greater long term memory and comprehension u2013 learning that is more durable. Blink can be used as a distributed learning tool and can lead to more durable learning. Distributed practice has shown to increase long-term retention of material. Blink (especially as Burst a Day) facilitates this. u201cu2026the ultimate goal of learning strategies and tools is to promote long term, durable learning and not just transient gains.u201d&#10;\",\"in\":0,\"time\":0,\"sound\":\"\"},{\"text\":\"u2022tThis research upholds the 5 to 10 min a day vs 1 hr\/week. u201c3 two minute daily sessions showed an improvement six times greater than those practicing in one six-minute sessionu201d So, multiple short daily sessions are better than one long daily session. Either way u2013 Blink does it better!&#10;u2022tBorrows from mobile gaming.&#10;\",\"in\":0,\"time\":0,\"sound\":\"\"}]}","lite":"0","guid":"abb98a65-66f3-4a62-b480-06e61c119d4a","growth_activity":"0"},{"id":"580846","courseId":"308","type":"6","summary":"Blink Pos 3","index":"3","json":"{\"type\":6,\"image\":\"\",\"presentation\":[{\"text\":\"u2022tMore directed and in short bursts&#10;&#10;u2022tAlso, there seems to be a move away from u2018one and doneu2019 and u2018training as an event mindsetu2019 and towards more organic, ongoing, training that is bundled in manageable chunks and utilizes frequent reinforcement. That is what Blink is.&#10;u2022tPoints and Learning Gems are meant to motivate the learner to keep going and give them a sense of progression. Points are required to beat\/unlock Bursts. Gems are to motivate the learner to do a Burst over again until truly mastered.&#10;u2022tA Burst is a conversation with the learner&#10;u2022tFROM RAJ: the content looks good but I think if it can be viewed as a unique learning platform that would be good&#10;\",\"in\":0,\"time\":0,\"sound\":\"\"},{\"text\":\"u2022tThe point of building the dossier is so that the learner gets to know herself and can more successfully market herself.&#10;u2022tBlink is all about the content!&#10;\",\"in\":0,\"time\":0,\"sound\":\"\"}]}","lite":"0","guid":"ad7c9dab-9efb-4bc5-85b6-385d4935c1a1","growth_activity":"0"},{"id":"580847","courseId":"308","type":"6","summary":"Editor","index":"4","json":"{ \"type\":6}","lite":"0","guid":"fcd42bc0-43e3-4118-98c0-d44885f534a9","growth_activity":"0"},{"id":"580848","courseId":"308","type":"2","summary":"The Concept, Basics","index":"5","json":"{ \"type\":2}","lite":"0","guid":"ac6e5a44-4688-4fb7-ac7c-6f718cd0818c","growth_activity":"0"},{"id":"580849","courseId":"308","type":"1","summary":"The Blink Editor","index":"6","json":"{ \"type\":1}","lite":"0","guid":"81544c1c-72a1-4a09-9266-5623f26a07d8","growth_activity":"0"},{"id":"580850","courseId":"308","type":"2","summary":"The Blink Editor","index":"7","json":"{ \"type\":2}","lite":"0","guid":"ad237c66-6705-4c93-850c-4d12c6e1b0b8","growth_activity":"0"},{"id":"580851","courseId":"308","type":"1","summary":"Current Blink Types","index":"8","json":"{ \"type\":1}","lite":"0","guid":"e431222e-0458-4698-8efb-00779e4e780a","growth_activity":"0"},{"id":"580852","courseId":"308","type":"6","summary":"Presentation","index":"9","json":"{ \"type\":6}","lite":"0","guid":"0b4f99d7-c777-430e-a174-4564a4c7998a","growth_activity":"0"},{"id":"580853","courseId":"308","type":"14","summary":"Multiple Choice Question","index":"10","json":"{ \"type\":14}","lite":"0","guid":"6163df5f-c94a-497d-97b5-c1365f50839b","growth_activity":"0"},{"id":"580854","courseId":"308","type":"13","summary":"This or That","index":"11","json":"{ \"type\":13}","lite":"0","guid":"140ef496-6748-49b5-85c5-d35617279238","growth_activity":"0"},{"id":"580855","courseId":"308","type":"15","summary":"Statement Rotator","index":"12","json":"{ \"type\":15}","lite":"0","guid":"e096ca00-9eac-4030-a1f4-6d7e04817960","growth_activity":"0"},{"id":"580856","courseId":"308","type":"20","summary":"Multiple Answers","index":"13","json":"{ \"type\":20}","lite":"0","guid":"1189af47-c2a1-4b72-9b98-d67798cd8a25","growth_activity":"0"},{"id":"580857","courseId":"308","type":"9","summary":"Word Fill","index":"14","json":"{ \"type\":9}","lite":"0","guid":"c3c55172-766b-436e-a648-07fc83ac4aeb","growth_activity":"0"},{"id":"580858","courseId":"308","type":"10","summary":"Drag and Drop","index":"15","json":"{ \"type\":10}","lite":"0","guid":"3a45aa2c-ebb9-4b87-98c5-41b56120d0b1","growth_activity":"0"},{"id":"580859","courseId":"308","type":"8","summary":"Build a Statement Ordered","index":"16","json":"{ \"type\":8}","lite":"0","guid":"05c29cb7-c0a5-424a-9e17-b3c82b02591e","growth_activity":"0"},{"id":"580860","courseId":"308","type":"8","summary":"Build a Statement Non Ordered","index":"17","json":"{ \"type\":8}","lite":"0","guid":"908d5e60-574f-4436-92da-10598b6fac72","growth_activity":"0"},{"id":"580861","courseId":"308","type":"12","summary":"Order Items","index":"18","json":"{ \"type\":12}","lite":"0","guid":"72407406-41e3-4243-959d-ce348c013551","growth_activity":"0"},{"id":"580862","courseId":"308","type":"16","summary":"Word Heat","index":"19","json":"{ \"type\":16}","lite":"0","guid":"0be0faad-e984-4516-a771-da7314f0b381","growth_activity":"0"},{"id":"580863","courseId":"308","type":"19","summary":"Conversation","index":"20","json":"{ \"type\":19}","lite":"0","guid":"099d7ddd-8b8a-4377-8ed8-91437a21d9b8","growth_activity":"0"},{"id":"580864","courseId":"308","type":"11","summary":"Simon Game","index":"21","json":"{ \"type\":11}","lite":"0","guid":"90ffad32-d5ca-44e7-aa2c-800f3cb1d30c","growth_activity":"0"},{"id":"580865","courseId":"308","type":"18","summary":"Catch Game","index":"22","json":"{ \"type\":18}","lite":"0","guid":"69987c31-ab0a-4d04-a820-bd446073f45a","growth_activity":"0"},{"id":"580866","courseId":"308","type":"7","summary":"Input","index":"23","json":"{ \"type\":7}","lite":"0","guid":"0a3839c6-78d2-4644-aa43-4a8f3927694e","growth_activity":"0"},{"id":"580867","courseId":"308","type":"5","summary":"PDF","index":"24","json":"{ \"type\":5}","lite":"0","guid":"2fa72d8a-81f1-4e96-b699-b5be85a693e2","growth_activity":"0"},{"id":"580868","courseId":"308","type":"17","summary":"Video","index":"25","json":"{ \"type\":17}","lite":"0","guid":"e9f774a5-42c6-4207-8c04-7d65174b262d","growth_activity":"0"},{"id":"580869","courseId":"308","type":"2","summary":"Current Blink Types","index":"26","json":"{ \"type\":2}","lite":"0","guid":"e03be2b3-422e-4f0b-b9c9-7314d97ae345","growth_activity":"0"},{"id":"580870","courseId":"308","type":"1","summary":"What Blink offers Skillsoft","index":"27","json":"{\"type\":1,\"intro\":{\"title\":\"What Blink Training can offer to Skillsoft\",\"description\":\"This is a general overview statement of this Burst\",\"image\":\"\"},\"dossier\":false}","lite":"0","guid":"f911b109-d875-4a14-8dab-f59334d56271","growth_activity":"0"},{"id":"580871","courseId":"308","type":"6","summary":"Uses","index":"28","json":"{\"type\":6,\"image\":\"\",\"presentation\":[{\"text\":\"u2022tBlink could offer them another avenue for employees to choose (according to Erin it could be not mandatory u2013 could be just one more option) More informal learning.&#10;u2022tNew platform for existing content&#10;u2022tOngoing refresher, reinforcement, ongoing practice for existing courses&#10;u2022tAllows them to test the long term effectiveness of their courses and improve them as needed. For example, we could check up on a student after three months with a Blink Burst\/Course.&#10;u2022tPerhaps one thing Blink can bring to them is the oppty to give learners a lot of practice (define practice) on an ongoing basis. SO, as refresher and reinforcement for courses theyu2019ve taken. A course is one hour then add 20 days of 5 mins a day for a supercharged learning experience&#10;\",\"in\":0,\"time\":0,\"sound\":\"\"},{\"text\":\"u2022tSpecifically what need can Blink fill for them u2013 new source of revenue and perhaps a new customer base that is looking for a little lighter training.&#10;u2022tAn app solution (BYOD)&#10;u2022tAdd a little fun to their elearning, but not too much. Do they do any gaming?&#10;u2022tA little lighter?&#10;\",\"in\":0,\"time\":0,\"sound\":\"\"}]}","lite":"0","guid":"d2673e5a-2df8-4b28-959b-0037435bb39e","growth_activity":"0"},{"id":"580872","courseId":"308","type":"6","summary":"Uses 2","index":"29","json":"{\"type\":6,\"image\":\"\",\"presentation\":[{\"text\":\"u2022tSkillsoft Presentation PowerPoint: include chart for study that shows greater long term learning after distributed re-reading.&#10;u2022tMore practice is always better but expensive. Blink can add more practice at an efficient cost.&#10;u2022tCan Blink reduce u201cScrap Learningu201d? See their white paper. I think that what I learned from the big training games was that weu2019re building a lot of unnecessary stuff around the content and that can make it scrap learning. Blink teaches the concepts simply and effectively u2013 that is the goal, havenu2019t tested it.&#10;\",\"in\":0,\"time\":0,\"sound\":\"\"},{\"text\":\"u2022tAlso in Scrap Learning white paper they talk against u201cone and doneu201d training (or training as an event mindset) u2013 instead do it on an ongoing and as needed basis with quick reinforcement within days to help retention.\",\"in\":0,\"time\":0,\"sound\":\"\"}]}","lite":"0","guid":"33f825c2-db9c-4d89-9400-6babd8b65137","growth_activity":"0"},{"id":"580873","courseId":"308","type":"2","summary":"Blink Applications","index":"30","json":"{ \"type\":2}","lite":"0","guid":"0ee093f2-d410-43db-b6fd-42f99c3dbc80","growth_activity":"0"}]