[{"id":"586206","courseId":"311","type":"1","summary":"The Power of What You Say","index":"0","json":"{\\\"type\\\":1,\\\"intro\\\":{\\\"title\\\":\\\"The Power of What You Say\\\",\\\"description\\\":\\\"Nearly everything worth accomplishing in life comes down to communication. Your ability to sway others, win support, gain resources, succeed in your work, and correct injustice rests on your power of persuasion. This Blink course based on Dale Carnegie&#39;s &#34;Public Speaking: A Practical Guide for Business Men&#34; will help you to excel at this vital skill.&#10;&#10;&#10;&#10;&#10;&#10;&#10;&#10;Even in our social-media age, the spoken word remains paramount.\\\",\\\"image\\\":\\\"C7EDD17B-9E00-7B9D-31F7-EC92999AA8B2.png\\\"},\\\"dossier\\\":false}","lite":"1","guid":"1d351aff-cd29-4f94-8144-0d0ae8f4fa32","growth_activity":"0"},{"id":"586207","courseId":"311","type":"3","summary":"Speaking Ability is Vital","index":"1","json":"{\\\"type\\\":3,\\\"intro\\\":{\\\"title\\\":\\\"Speaking Ability is Vital\\\",\\\"description\\\":\\\"Candidates are elected because of what they say and how. Court trials hang on spoken testimony. Job interviews are face-to-face encounters. The same holds true for pitches to clients, donors, investors, customers, and financial backers. &#10;&#10;&#10;&#10;&#10;&#10;&#10;&#10;If you are seeking a career as a teacher, military officer, actor, broadcaster, or leader in any almost any field, your speaking ability is vital to your success.\\\",\\\"image\\\":\\\"34CA6161-0FCC-F447-9583-F5061C78745E.png\\\",\\\"sound\\\":\\\"\\\",\\\"volume\\\":50},\\\"unlockscore\\\":\\\"100\\\",\\\"quicklink\\\":false,\\\"quotation\\\":\\\"\\\"}","lite":"1","guid":"7cb8e7db-23f8-4fa9-a69e-e29fd5615850","growth_activity":"0"},{"id":"586208","courseId":"311","type":"9","summary":"Communicate Effectively","index":"2","json":"{\\\"type\\\":9,\\\"wordfill\\\":{\\\"text\\\":\\\"It ##3## how to ##4## effectively in virtually every ##1##, on any ##2##, and on behalf of any ##5##.\\\",\\\"prompt\\\":\\\"This course will help you whether you are speaking at a local club, a national sales conference, or in front of a class. But, as you will discover, this course&#39;s greater value is that:\\\",\\\"sound\\\":\\\"\\\",\\\"words\\\":[\\\"sphere of life\\\",\\\"occasion\\\",\\\"teaches\\\",\\\"communicate\\\",\\\"aim or purpose\\\"],\\\"timer\\\":60},\\\"feedback\\\":[\\\"Yes, and so, whatever you do in life, this course will help you to achieve greater success.\\\",\\\"It teaches how to communicate effectively in virtually every sphere of life, on any occasion, and on behalf of any aim or purpose.  And so, whatever you do in life, this course will help you to achieve greater success.\\\"],\\\"score\\\":\\\"125\\\",\\\"gems\\\":\\\"1\\\"}","lite":"1","guid":"95611692-2402-4fce-a542-5bdb4f6db87b","growth_activity":"0"},{"id":"586209","courseId":"311","type":"10","summary":"Salesman, Writer, Etc.","index":"3","json":"{\\\"type\\\":10,\\\"dragdrop\\\":{\\\"timer\\\":60,\\\"layout\\\":0,\\\"goals\\\":[{\\\"isImage\\\":false,\\\"text\\\":\\\"Effective Communication\\\",\\\"image\\\":\\\"\\\"}],\\\"items\\\":[{\\\"goal\\\":1,\\\"isImage\\\":false,\\\"text\\\":\\\"Salesman\\\",\\\"image\\\":\\\"\\\",\\\"feedback\\\":[\\\"If you are a salesman, this course will help you to sell more.\\\",\\\"\\\"]},{\\\"goal\\\":1,\\\"isImage\\\":false,\\\"text\\\":\\\"Writer or Editor \\\",\\\"image\\\":\\\"\\\",\\\"feedback\\\":[\\\"If you are a writer or editor, this course will help you to better connect with readers.\\\",\\\"\\\"]},{\\\"goal\\\":1,\\\"isImage\\\":false,\\\"text\\\":\\\"Activist\\\",\\\"image\\\":\\\"\\\",\\\"feedback\\\":[\\\"If you are an activist, this course will help you to find new ways to rally people to your cause.\\\",\\\"\\\"]}],\\\"prompt\\\":\\\"You&#39;re telling me whatever I do, I can be more successful? &#10;&#10;Yes, drag each profession to the box below and learn more!\\\",\\\"sound\\\":\\\"\\\"},\\\"feedback\\\":[\\\"Whatever you do, you&#39;ll discover that you can do it more effectively by improving your communication skills.\\\",\\\"Whatever you do, you&#39;ll discover that you can do it more effectively by improving your communication skills.\\\"],\\\"score\\\":\\\"75\\\",\\\"gems\\\":\\\"1\\\"}","lite":"1","guid":"223a0bca-ad0c-4075-acd1-e81f767ac92e","growth_activity":"0"},{"id":"586210","courseId":"311","type":"6","summary":"Blinks and Bursts","index":"4","json":"{\\\"type\\\":6,\\\"image\\\":\\\"\\\",\\\"presentation\\\":[{\\\"text\\\":\\\"Blinks and Bursts\\\",\\\"in\\\":1,\\\"time\\\":1,\\\"sound\\\":\\\"\\\",\\\"size\\\":2,\\\"color\\\":\\\"#256ED7\\\"},{\\\"text\\\":\\\"You&#39;ve just played through two Blinks (which are quick activities) and you&#39;re now almost done with this course&#39;s first Burst (which is a sequence of Blinks). Got that?\\\",\\\"in\\\":1,\\\"time\\\":2,\\\"sound\\\":\\\"\\\"},{\\\"text\\\":\\\"In this first Burst you were able to earn 2 gems. Touch the eye in the lower left to see how many you earned. Gems reflect how well you understand the material. \\\",\\\"in\\\":1,\\\"time\\\":2,\\\"sound\\\":\\\"\\\"},{\\\"text\\\":\\\"To unlock the next Burst, you must have accumulated at least 100 points. The gray bar you opened by touching the eye will tell you if you have unlocked it yet.\\\",\\\"in\\\":1,\\\"time\\\":2,\\\"sound\\\":\\\"\\\"},{\\\"text\\\":\\\"One more thing.\\\",\\\"in\\\":1,\\\"time\\\":2,\\\"sound\\\":\\\"\\\"}]}","lite":"1","guid":"3f9c750d-13ea-4af6-8bf1-f81b980f5ea4","growth_activity":"0"},{"id":"586211","courseId":"311","type":"6","summary":"Progress Screen","index":"5","json":"{\\\"type\\\":6,\\\"image\\\":\\\"CB208410-3D86-894F-5537-263051A3C993.png\\\",\\\"presentation\\\":[{\\\"text\\\":\\\"Progress Screen\\\",\\\"in\\\":1,\\\"time\\\":1,\\\"sound\\\":\\\"\\\",\\\"size\\\":2,\\\"color\\\":\\\"#256ED7\\\"},{\\\"text\\\":\\\"This is the final Blink in this Burst and at the end of each Burst you&#39;ll see your Progress Screen (see sample above). Here, you&#39;ll find stats on how you&#39;re doing and see where you are on your way up the mountain of mastery. And the better the weather, the better you appear to be grasping the material.\\\",\\\"in\\\":1,\\\"time\\\":2,\\\"sound\\\":\\\"\\\"},{\\\"text\\\":\\\"When you get to the Progress Screen, see if there&#39;s a check mark next to &#34;Target Score.&#34; If so, you&#39;ve unlocked the next Burst. If not, replay this Burst and try for a higher score. If there&#39;s a check mark next to &#34;Max Gems,&#34; you&#39;ve earned all available gems. You don&#39;t need all the gems to move on, but if you want, you can go back and try to earn them all.\\\",\\\"in\\\":1,\\\"time\\\":2,\\\"sound\\\":\\\"\\\"},{\\\"text\\\":\\\"Enjoy your journey!\\\",\\\"in\\\":1,\\\"time\\\":2,\\\"sound\\\":\\\"\\\"}]}","lite":"1","guid":"ba670c7c-5c0d-416b-981d-66bdc7955b9f","growth_activity":"0"},{"id":"586212","courseId":"311","type":"4","summary":"Overview","index":"6","json":"{ \\\"type\\\":4}","lite":"1","guid":"5587c1a1-2024-4e55-86cb-a3379c80a494","growth_activity":"0"},{"id":"586213","courseId":"311","type":"3","summary":"The Secret of Carnegie's Formula","index":"7","json":"{\\\"type\\\":3,\\\"intro\\\":{\\\"title\\\":\\\"The Secret of Carnegie&#39;s Formula\\\",\\\"description\\\":\\\"The Carnegie formula taught in this course will help you to capture people&#39;s attention and win their confidence. &#10;&#10;&#10;&#10;&#10;&#10;&#10;&#10;&#10;What is the secret of Carnegie&#39;s formula? It comes down to three principles.\\\",\\\"image\\\":\\\"25F1E8FD-785F-217E-FC4B-3C6FE02E0577.png\\\",\\\"sound\\\":\\\"\\\",\\\"volume\\\":50},\\\"unlockscore\\\":\\\"250\\\",\\\"quicklink\\\":false,\\\"quotation\\\":\\\"\\\"}","lite":"1","guid":"1e0f28b0-2731-4e97-b44c-090230487d04","growth_activity":"0"},{"id":"586214","courseId":"311","type":"8","summary":"Carnegie\u2019s Secret Formula 1","index":"8","json":"{\\\"type\\\":8,\\\"statement\\\":{\\\"prompt\\\":\\\"Let&#39;s learn about those three principles.&#10;&#10;Find and click on the first principle. (Hint, it starts with &#34;Have an airtight...&#34;)&#10;\\\",\\\"wrong\\\":\\\"Carnegie&#39;s Formula!\\\",\\\"statements\\\":[\\\"Have an airtight|knowledge of|your subject|and know more|than you need.\\\"],\\\"ordered\\\":true,\\\"timer\\\":60,\\\"sound\\\":\\\"\\\"},\\\"feedback\\\":[\\\"Yes, the first principle of Carnegie&#39;s formula is to have an airtight knowledge of your subject and know more than you need.\\\",\\\"The first principle of Carnegie&#39;s formula is - Have an airtight knowledge of your subject and know more than you need.\\\"],\\\"score\\\":\\\"125\\\",\\\"gems\\\":\\\"1\\\"}","lite":"1","guid":"d0ebd808-d5d1-4e14-9433-9be5d3bd9997","growth_activity":"0"},{"id":"586215","courseId":"311","type":"8","summary":"Carnegie\u2019s Secret Formula 2","index":"9","json":"{\\\"type\\\":8,\\\"statement\\\":{\\\"prompt\\\":\\\"Have an airtight knowledge of your subject is the first principle.&#10;&#10;Find and click on the second principle.\\\",\\\"wrong\\\":\\\"Carnegie&#39;s Formula!\\\",\\\"statements\\\":[\\\"When speaking,|use plain language,|personal examples,|and tell stories|of people.\\\"],\\\"ordered\\\":true,\\\"timer\\\":60,\\\"sound\\\":\\\"\\\"},\\\"feedback\\\":[\\\"Yes, the second principle of Carnegie&#39;s formula is to use plain language, personal examples, and tell stories of people.\\\",\\\"The second principle of Carnegie&#39;s formula is: When speaking, use plain language, personal examples, and tell stories of people.\\\"],\\\"score\\\":\\\"125\\\",\\\"gems\\\":\\\"1\\\"}","lite":"1","guid":"69d373e4-605d-4927-8046-c6cb66b776f3","growth_activity":"0"},{"id":"586216","courseId":"311","type":"8","summary":"Carnegie\u2019s Secret Formula 3","index":"10","json":"{\\\"type\\\":8,\\\"statement\\\":{\\\"prompt\\\":\\\"Have an airtight knowledge and use plain language, examples and stories.&#10;&#10;Now, find and click on the third principle.&#10;\\\",\\\"wrong\\\":\\\"Carnegie&#39;s Formula\\\",\\\"statements\\\":[\\\"Appeal|to your|listeners&#39;|sense of|self-interest.\\\"],\\\"ordered\\\":true,\\\"timer\\\":60,\\\"sound\\\":\\\"\\\"},\\\"feedback\\\":[\\\"Yes, appeal to your listeners&#39; sense of self-interest. We all crave safety, success, health, and prosperity. We also have a yearning for justice and fairness. Speak on these points, and you will likely bring people to your side.\\\",\\\"The third principle is: Appeal to your listeners&#39; sense of self-interest. We all crave safety, success, health, and prosperity, and have a yearning for justice and fairness. Speak on these points. You&#39;ll likely bring people to your side.\\\"],\\\"score\\\":\\\"125\\\",\\\"gems\\\":\\\"1\\\"}","lite":"1","guid":"8fb1c853-995a-4016-8d47-3c92714f506a","growth_activity":"0"},{"id":"586217","courseId":"311","type":"6","summary":"Implementing these Guidelines","index":"11","json":"{\\\"type\\\":6,\\\"image\\\":\\\"\\\",\\\"presentation\\\":[{\\\"text\\\":\\\"Implementing These Guidelines\\\",\\\"in\\\":1,\\\"time\\\":1,\\\"sound\\\":\\\"\\\",\\\"size\\\":2,\\\"color\\\":\\\"#256ED7\\\"},{\\\"text\\\":\\\"Unless you are one of a very few naturally gifted speakers, implementing these simple guidelines requires persistence, inspiration, and strategy. \\\",\\\"in\\\":1,\\\"time\\\":2,\\\"sound\\\":\\\"\\\"},{\\\"text\\\":\\\"You will find all of that - and more - in this course.\\\",\\\"in\\\":1,\\\"time\\\":2,\\\"sound\\\":\\\"\\\"},{\\\"text\\\":\\\"Once you learn these important skills, you&#39;ll have a new power that you can choose to use towards any ends.\\\",\\\"in\\\":1,\\\"time\\\":2,\\\"sound\\\":\\\"\\\"},{\\\"text\\\":\\\"How you use this new power is up to you.\\\",\\\"in\\\":1,\\\"time\\\":2,\\\"sound\\\":\\\"\\\"}]}","lite":"1","guid":"f6279472-6923-4a26-96bc-277fc9a5c65e","growth_activity":"0"},{"id":"586218","courseId":"311","type":"11","summary":"Use it for Good Ends","index":"12","json":"{\\\"type\\\":11,\\\"simon\\\":{\\\"prompt\\\":\\\"Now, relax, listen and then repeat:\\\",\\\"sounds\\\":[\\\"7CB30F50-FD2F-53B6-6B85-3A8C3DBF4B57.mp3\\\",\\\"002FA24E-F3C5-D34A-1A2B-C75156E4452B.mp3\\\",\\\"D5205119-5139-8DEC-F039-549C7B57AA59.mp3\\\",\\\"571F9835-F7DA-3F43-E916-7CD68AEE0FDC.mp3\\\",\\\"3D91DCF8-C258-5282-ECD6-657A056EC213.mp3\\\",\\\"F36BADB1-EF1D-D9F9-8526-8EC38B2C90FD.mp3\\\",\\\"\\\"],\\\"phrase\\\":\\\"Effective|communication|will bring me|increased power.|I will use it|for good ends.\\\",\\\"wrong\\\":\\\"\\\",\\\"time\\\":0,\\\"score\\\":0,\\\"gems\\\":0,\\\"sound\\\":\\\"\\\"},\\\"feedback\\\":[\\\"Yes, effective communication will bring you increased power. Use it for good ends.\\\",\\\"Effective communication will bring you increased power. Use it for good ends.\\\"],\\\"score\\\":\\\"150\\\",\\\"gems\\\":\\\"1\\\"}","lite":"1","guid":"7a5442ab-f995-4723-b510-ed7b92c535ea","growth_activity":"0"},{"id":"586219","courseId":"311","type":"4","summary":"Carnegie's Secret Formula","index":"13","json":"{ \\\"type\\\":4}","lite":"1","guid":"c0635fcc-5570-4703-b9eb-9fb87c870633","growth_activity":"0"},{"id":"586220","courseId":"311","type":"3","summary":"Credits, Copyright, Contact Info","index":"14","json":"{\\\"type\\\":3,\\\"intro\\\":{\\\"title\\\":\\\"Credits, Copyright, Contact Info\\\",\\\"description\\\":\\\"We hope this course helps you to change your life for the better. In this Burst, we take a moment to list the wonderful folks who helped to make this course and Blink Training a reality. &#10;&#10;&#10;&#10;&#10;&#10;&#10;&#10;&#10;We never give up and we hope you never give up either.&#10;\\\",\\\"image\\\":\\\"EF3A6EFB-6E53-BADB-1186-4C2C77F38B95.png\\\",\\\"sound\\\":\\\"\\\",\\\"volume\\\":50},\\\"unlockscore\\\":0,\\\"quicklink\\\":false,\\\"quotation\\\":\\\"\\\"}","lite":"1","guid":"597a4db7-68c2-48ba-bef6-8de6d24522a4","growth_activity":"0"},{"id":"586221","courseId":"311","type":"6","summary":"Credits","index":"15","json":"{\\\"type\\\":6,\\\"image\\\":\\\"\\\",\\\"presentation\\\":[{\\\"text\\\":\\\"Credits\\\",\\\"in\\\":1,\\\"time\\\":1,\\\"sound\\\":\\\"\\\",\\\"size\\\":2,\\\"color\\\":\\\"#256ED7\\\"},{\\\"text\\\":\\\"App and Blinks interactive design  Jeff Siegel and Nik Lever&#10;App GUI additional graphic design  Aidan Siegel&#10;Sound Effects  Ed Lima&#10;&#10;Catalyst Pictures LTD&#10;   Nik Lever - chief software engineer&#10;   Ky Thanh - software engineer&#10;   Pam Lever - design&#10;&#10;Blink Training Systems, LLC - Jeff Siegel, President&#10;&#10;Bursts 1 and 2 based on Mitch Horowitz&#39;s introduction to the Gildan Media Condensed Classics edition published in 2015.&#10;&#10;--\\\",\\\"in\\\":1,\\\"time\\\":2,\\\"sound\\\":\\\"\\\"}]}","lite":"1","guid":"594b4ff0-a816-4f06-8bf2-6c94502271be","growth_activity":"0"},{"id":"586222","courseId":"311","type":"6","summary":"Copyright ","index":"16","json":"{\\\"type\\\":6,\\\"image\\\":\\\"\\\",\\\"presentation\\\":[{\\\"text\\\":\\\"Copyright Information\\\",\\\"in\\\":1,\\\"time\\\":1,\\\"sound\\\":\\\"\\\",\\\"size\\\":2,\\\"color\\\":\\\"#256ED7\\\"},{\\\"text\\\":\\\"Public Speaking to Win in a Blink! course is Copyright (c) 2016 by Blink Training Systems, LLC. All Rights Reserved.&#10;&#10;Portions of this course are from Public Speaking: A Practical Course for Business Men originally published in 1926 and now in the public domain. Portions from Gildan Media Condensed Classics edition published 2015. Abridgement and Introduction copyright (c) 2015 by Mitch Horowitz&#10;&#10;This course is not sponsored or endorsed by, or otherwise affiliated with, Dale Carnegie or his family and heirs or any other person or entity.&#10;&#10;Blink eye logo, interactive course design, and course look and feel copyright (c) 2016 by Blink Training Systems, LLC. All Rights Reserved.&#10;&#10;No part of this course may be reproduced or transmitted in any form, by any means, (electronic, photocopying, recording, or otherwise) without the prior written permission of the author. No liability is assumed with respect to the use of the information contained within. Although every precaution has been taken, the author assumes no liability for errors or omissions. Neither is any liability assumed for damages resulting from the use of the information contained herein.\\\",\\\"in\\\":1,\\\"time\\\":2,\\\"sound\\\":\\\"\\\"}]}","lite":"1","guid":"ce624da9-267e-4a66-a2aa-51d09c482542","growth_activity":"0"},{"id":"586223","courseId":"311","type":"6","summary":"Contact Info","index":"17","json":"{\\\"type\\\":6,\\\"image\\\":\\\"\\\",\\\"presentation\\\":[{\\\"text\\\":\\\"Contact Information\\\",\\\"in\\\":1,\\\"time\\\":1,\\\"sound\\\":\\\"\\\",\\\"size\\\":2,\\\"color\\\":\\\"#256ED7\\\"},{\\\"text\\\":\\\"If you have suggestions, observations, or want to get in touch for any other reason, please send email to jeff.siegel@jeffmedia.com.\\\",\\\"in\\\":1,\\\"time\\\":2,\\\"sound\\\":\\\"\\\"}]}","lite":"1","guid":"348fdaee-6ccf-4834-b402-4a8ee7e316f9","growth_activity":"0"},{"id":"586224","courseId":"311","type":"4","summary":"Credits, Copyright, Contact Info","index":"18","json":"{ \\\"type\\\":4}","lite":"1","guid":"fda6f295-2a27-4694-a089-72aabfe02b36","growth_activity":"0"},{"id":"586225","courseId":"311","type":"2","summary":"The Power of What You Say","index":"19","json":"{ \\\"type\\\":2}","lite":"1","guid":"a7d9aa45-d82a-4e03-9920-f3e28e8ad238","growth_activity":"0"}]