[{"id":"660527","courseId":"316","type":"3","summary":"Your Blink Takeaways","index":"0","json":"{\"type\":3,\"intro\":{\"title\":\"Your Blink Takeaways\",\"description\":\"Now that you have completed this course, you have unlocked &#34;Your Blink Takeaways,&#34; ten vital concepts from the course with space for your continuing input. Return to these Takeaways for inspiration and to update your progress on the ones that resonate with you.&#10;&#10;And now, Your Blink Takeaways.\",\"image\":\"\",\"sound\":\"\",\"volume\":50},\"unlockscore\":0,\"quicklink\":false,\"quotation\":\"\"}","lite":"0","guid":"dee47291-d005-4ff4-98b8-9cd89d52918d","growth_activity":"1"},{"id":"660528","courseId":"316","type":"6","summary":"Blink Takeaway 1","index":"1","json":"{\"type\":6,\"image\":\"\",\"presentation\":[{\"text\":\"Blink Takeaway 1\",\"in\":1,\"time\":1,\"sound\":\"\",\"size\":2,\"color\":\"#256ED7\"},{\"text\":\"Takeaway name\",\"in\":1,\"time\":2,\"sound\":\"\",\"size\":2},{\"text\":\"Takeaway text\",\"in\":1,\"time\":3,\"sound\":\"062FC78C-4E21-5F6F-F7DD-D60E354C39C3.mp3\"}]}","lite":"0","guid":"6a70e4af-6c7c-474d-adb8-8f089b42f972","growth_activity":"1"},{"id":"660529","courseId":"316","type":"7","summary":"Takeaway 1: Your Thoughts","index":"2","json":"{\"type\":7}","lite":"0","guid":"18f45e15-9f84-42e0-8828-ba83ba82572a","growth_activity":"1"},{"id":"660530","courseId":"316","type":"6","summary":"Blink Takeaway 2","index":"3","json":"{ \"type\":6}","lite":"0","guid":"799e37d9-285f-4eb9-8ba7-bca704a11eb4","growth_activity":"1"},{"id":"660531","courseId":"316","type":"7","summary":"Takeaway 2: Your Thoughts","index":"4","json":"{ \"type\":7}","lite":"0","guid":"23b47cec-5ede-489c-817f-a912d6c5002b","growth_activity":"1"},{"id":"660532","courseId":"316","type":"6","summary":"Blink Takeaway 3","index":"5","json":"{ \"type\":6}","lite":"0","guid":"4d494874-c0ca-4f62-a36e-109f15b9aa32","growth_activity":"1"},{"id":"660533","courseId":"316","type":"7","summary":"Takeaway 3: Your Thoughts","index":"6","json":"{ \"type\":7}","lite":"0","guid":"4d7d8acd-4b1a-41d1-b023-94192f1d6c3b","growth_activity":"1"},{"id":"660534","courseId":"316","type":"6","summary":"Blink Takeaway 4","index":"7","json":"{ \"type\":6}","lite":"0","guid":"ffc22aa7-bcb6-4b0d-b0dd-d25203b5bbb9","growth_activity":"1"},{"id":"660535","courseId":"316","type":"7","summary":"Takeaway 4: Your Thoughts","index":"8","json":"{ \"type\":7}","lite":"0","guid":"9d14ba0f-237f-4329-ad3f-f49a044f8d47","growth_activity":"1"},{"id":"660536","courseId":"316","type":"6","summary":"Blink Takeaway 5","index":"9","json":"{ \"type\":6}","lite":"0","guid":"e62361e9-e3e9-437d-bab5-192dcf1b4ce9","growth_activity":"1"},{"id":"660537","courseId":"316","type":"7","summary":"Takeaway 5: Your Thoughts","index":"10","json":"{ \"type\":7}","lite":"0","guid":"5917a74d-1dc4-41c2-96f1-18aea3a748f5","growth_activity":"1"},{"id":"660538","courseId":"316","type":"4","summary":"Your Blink Takeaways","index":"11","json":"{ \"type\":4}","lite":"0","guid":"36b07989-2409-4b5f-aa7b-5d63220a44f0","growth_activity":"1"}]