[{"id":"5585","courseId":"131","type":"3","summary":"First Burst","index":"0","json":"{\\\"type\\\":3,\\\"intro\\\":{\\\"title\\\":\\\"The First Burst\\\",\\\"description\\\":\\\"This is the updated version where I&#39;ve made this change. Did it show up?\\\",\\\"image\\\":\\\"\\\"},\\\"unlockscore\\\":0,\\\"quicklink\\\":false,\\\"quotation\\\":\\\"\\\"}","lite":"0","guid":"8f8162cd-3f48-46aa-b1fb-3ceabb6bce47","growth_activity":"0"},{"id":"5586","courseId":"131","type":"6","summary":"Is it working?","index":"1","json":"{\\\"type\\\":6,\\\"presentation\\\":[{\\\"text\\\":\\\"This is the first text that should appear.\\\",\\\"in\\\":0,\\\"out\\\":0,\\\"time\\\":0}]}","lite":"0","guid":"04a4c122-99ad-4a68-98ba-02fe779e4c03","growth_activity":"0"},{"id":"5587","courseId":"131","type":"6","summary":"Is it still working?","index":"2","json":"{\\\"type\\\":6,\\\"presentation\\\":[{\\\"text\\\":\\\"This is the second screen of text\\\",\\\"in\\\":0,\\\"out\\\":0,\\\"time\\\":0}]}","lite":"0","guid":"58a9b1c0-5b98-4548-9bd5-aac02ae592fb","growth_activity":"0"},{"id":"5588","courseId":"131","type":"4","summary":"First Burst","index":"3","json":"{ \\\"type\\\":4}","lite":"0","guid":"3a57a35e-fa3d-44d3-8fd7-d7457c6a2df9","growth_activity":"0"}]