[{"id":"845089","courseId":"343","type":"1","summary":"Blink Types Unit 1","index":"0","json":"{\"type\":1,\"intro\":{\"title\":\"This is the first Unit of this course.\",\"description\":\"Yes, this is the first unit of this course.\",\"image\":\"\"},\"dossier\":false}","lite":"0","guid":"54bd93bf-0b1f-480a-98f8-ee94b965eb5f","growth_activity":"0"},{"id":"845090","courseId":"343","type":"3","summary":"Blink Types Burst 1","index":"1","json":"{ \"type\":3}","lite":"0","guid":"51d04e40-d57d-4438-a988-77484a4b46f0","growth_activity":"0"},{"id":"845091","courseId":"343","type":"5","summary":"Ebook Type","index":"2","json":"{\"type\":5,\"ebook\":\"\"}","lite":"0","guid":"a16031f6-637d-4458-af7a-48cf58092c7f","growth_activity":"0"},{"id":"845092","courseId":"343","type":"7","summary":"Input type","index":"3","json":"{\"type\":7,\"input\":{\"type\":2,\"prompt\":\"This is an example of an Input Blink. Please input your favorite city below.\",\"locked\":false,\"in\":1,\"out\":1,\"time\":0,\"count\":6,\"characters\":12},\"feedback\":[\"London\",\"Paris\"],\"score\":\"100\",\"gems\":\"1\"}","lite":"0","guid":"033c9eba-ae3a-4afd-b722-b657205d1f00","growth_activity":"0"},{"id":"845093","courseId":"343","type":"8","summary":"Build a Statement","index":"4","json":"{\"type\":8,\"statement\":{\"prompt\":\"You have 30 seconds!\",\"wrong\":\"These are|wrong words|\",\"statements\":[\"This is|the statement|that you|must build.|\"],\"ordered\":true,\"timer\":30,\"sound\":\"\"},\"feedback\":[\"Yes, you got it!\",\"No, you didn&#39;t get it.\"],\"score\":\"100\",\"gems\":\"1\"}","lite":"0","guid":"009b84e0-830a-49f2-8e55-418ddda736eb","growth_activity":"0"},{"id":"845094","courseId":"343","type":"6","summary":"Presentation type","index":"5","json":"{\"type\":6,\"image\":\"\",\"presentation\":[{\"text\":\"Does this text show correctly? 6 times?&#10;Does this text show correctly? 6 times?&#10;Does this text show correctly? 6 times?&#10;Does this text show correctly? 6 times?&#10;Does this text show correctly? 6 times?&#10;Does this text show correctly? 6 times?\",\"in\":0,\"time\":0,\"sound\":\"\"}]}","lite":"0","guid":"6423bd10-35a2-4fab-9382-bbb1f9af48f2","growth_activity":"0"},{"id":"845095","courseId":"343","type":"4","summary":"Blink Types Burst 1","index":"6","json":"{ \"type\":4}","lite":"0","guid":"227d01b8-efe1-43ce-855d-c79f5cc54ce8","growth_activity":"0"},{"id":"845096","courseId":"343","type":"2","summary":"Blink Types Unit 1","index":"7","json":"{ \"type\":2}","lite":"0","guid":"08e0b2ea-33a5-42d5-8e9a-944b8b5d5123","growth_activity":"0"},{"id":"845097","courseId":"343","type":"1","summary":"Unit 2","index":"8","json":"{ \"type\":1}","lite":"0","guid":"3f46a632-c436-43e3-904a-b55abb3071ec","growth_activity":"0"},{"id":"845098","courseId":"343","type":"2","summary":"Unit 2","index":"9","json":"{ \"type\":2}","lite":"0","guid":"8cb5db90-381a-46b5-9a3e-c437aa3c30b3","growth_activity":"0"}]