[{"id":"132533","courseId":"261","type":"3","summary":"Think and Grow Rich text","index":"0","json":"{\"type\":3,\"intro\":{\"title\":\"Think and Grow Rich by Napoleon Hill\",\"description\":\"In this Activity, you can read the text of the original version of Think and Grow Rich, first published in 1937.\",\"image\":\"5FBBF629-086E-E5EF-7E86-79FE6B4E628D.png\",\"sound\":\"\",\"volume\":50},\"unlockscore\":0,\"quicklink\":false,\"quotation\":\"\"}","lite":"0","guid":"6d785dad-3f08-4884-b965-d2b090fa574e","growth_activity":"1"},{"id":"132534","courseId":"261","type":"5","summary":"Intros and Chapter 1","index":"1","json":"{\"type\":5,\"ebook\":\"3A1D52F8-252F-88B6-D2A4-EBF4647EC72D.pdf\"}","lite":"0","guid":"d23ff9b0-e94b-4a93-b924-dd55b079d918","growth_activity":"1"},{"id":"132535","courseId":"261","type":"4","summary":"Text of Book","index":"2","json":"{ \"type\":4}","lite":"0","guid":"186a7b63-c4a6-411e-84e8-578938ccd0be","growth_activity":"1"},{"id":"132536","courseId":"261","type":"3","summary":"24 Hours","index":"3","json":"{\"type\":3,\"intro\":{\"title\":\"24 Hours\",\"description\":\"Encourage the positive. Discourage the negative.&#10;&#10;Write about your thoughts and emotions for the next 24 hours.\",\"image\":\"608AA5D8-3C5E-47B2-9028-71929BADC1D3.png\",\"sound\":\"\",\"volume\":50},\"unlockscore\":0,\"quicklink\":false,\"quotation\":\"\"}","lite":"0","guid":"a4f18444-410a-497d-ab69-ff3c58cbd13a","growth_activity":"1"},{"id":"132537","courseId":"261","type":"7","summary":"24 Hours Positive","index":"4","json":"{\"type\":7,\"input\":{\"type\":1,\"prompt\":\"Write about your positive emotions and thoughts here.\",\"locked\":false},\"feedback\":[\"\",\"\"],\"score\":0,\"gems\":0}","lite":"0","guid":"ef8afc5e-f36e-4108-b290-8016dbcc116c","growth_activity":"1"},{"id":"132538","courseId":"261","type":"7","summary":"24 Hours Negative","index":"5","json":"{\"type\":7,\"input\":{\"type\":1,\"prompt\":\"Write about your negative thoughts and emotions here.\",\"locked\":false},\"feedback\":[\"\",\"\"],\"score\":0,\"gems\":0}","lite":"0","guid":"e7e70546-3779-44a2-b5a5-68fc86886469","growth_activity":"1"},{"id":"132539","courseId":"261","type":"7","summary":"What have you discovered?","index":"6","json":"{\"type\":7,\"input\":{\"type\":1,\"prompt\":\"Write about what you have discovered about being positive and negative over the past 24 hours. Did it help you change your behavior in any way?\",\"locked\":false},\"feedback\":[\"\",\"\"],\"score\":0,\"gems\":0}","lite":"0","guid":"08e7f425-2aa9-4254-8fba-debfdda701ef","growth_activity":"1"},{"id":"132540","courseId":"261","type":"6","summary":"Come back","index":"7","json":"{\"type\":6,\"image\":\"\",\"presentation\":[{\"text\":\"Come back throughout the day and write more.\",\"in\":0,\"time\":0,\"sound\":\"\"}]}","lite":"0","guid":"f7331ca3-670e-424b-9b29-49b14e41fede","growth_activity":"1"},{"id":"132541","courseId":"261","type":"4","summary":"24 Hours","index":"8","json":"{ \"type\":4}","lite":"0","guid":"67881184-6baf-4c87-ae6a-70cadc0fd4b2","growth_activity":"1"},{"id":"132542","courseId":"261","type":"3","summary":"Your Statement","index":"9","json":"{\"type\":3,\"intro\":{\"title\":\"Your Statement\",\"description\":\"Use this activity to both write your statement and then return twice daily to read your statement.\",\"image\":\"F620689C-73FE-1D05-F875-8D39F0076B64.png\",\"sound\":\"\",\"volume\":50},\"unlockscore\":0,\"quicklink\":false,\"quotation\":\"\"}","lite":"0","guid":"7079338a-c68f-41e0-99c2-62d21724d953","growth_activity":"1"},{"id":"132543","courseId":"261","type":"6","summary":"The Parts of Your Statement","index":"10","json":"{\"type\":6,\"image\":\"\",\"presentation\":[{\"text\":\"The Four Parts of Your Statement\",\"in\":1,\"time\":1,\"sound\":\"\",\"color\":\"#FF9500\",\"size\":2},{\"text\":\"1. The exact amount of money you desire.&#10;Examples: $30,000 per month, or $100,000 in the bank free and clear of taxes, or some other defined amount.&#10;&#10;2. What you will give in return for this money.&#10;Examples: I will offer the highest quality consulting services in the field of human resource benefits. Or, I will build my personal hygiene products business by offering one-of-a-kind products that people can use to improve their health.&#10;&#10;3. When you intend to possess this money.&#10;Examples: I will start to earn this amount per month on March 1, 2015. Or, I will have this money in the bank by April 1, 2015.&#10;&#10;4. A definite plan for carrying out this desire.&#10;Example: I will market my human resource services to mid-level companies that are not in a position to build a multifaceted internal HR department. I will offer these companies a set of services that will help them to hire and retain employees of a caliber they would not otherwise be able to achieve.\",\"in\":1,\"time\":1,\"sound\":\"\",\"size\":0}]}","lite":"0","guid":"16b6a56a-64c1-4f65-ad75-93e0735e9260","growth_activity":"1"},{"id":"132544","courseId":"261","type":"6","summary":"Putting Emotion into Your Statement","index":"11","json":"{\"type\":6,\"image\":\"\",\"presentation\":[{\"text\":\"Putting Emotions Into Your Statement\",\"in\":0,\"time\":1,\"sound\":\"\",\"color\":\"#FF9500\",\"size\":2},{\"text\":\"You want your statement to resonate with you each time you read it. You want it to make you feel inspired and excited about the future. To foster this, include key words that will help to bring out these feelings in you.&#10;&#10;For example, instead of writing:&#10;I will offer the highest quality consulting services in the field of human resource benefits.&#10;&#10;You might write:&#10;I will be excited to offer the highest quality consulting services that help to advance the field of human resource benefits.&#10;&#10;Mold your statement to inspire you each time you read it. \",\"in\":1,\"time\":2,\"sound\":\"\",\"size\":0}]}","lite":"0","guid":"8f43b9fe-409a-4e9e-bb89-d54f0f4184c2","growth_activity":"1"},{"id":"132545","courseId":"261","type":"7","summary":"Write Your Statement","index":"12","json":"{\"type\":7,\"input\":{\"type\":1,\"prompt\":\"Using the information on the previous screens, write out your statement, using the language and desires that resonate deeply with you. And don&#39;t worry, you can always go back in and edit it. Just be excited and be yourself.\",\"locked\":false},\"feedback\":[\"\",\"\"],\"score\":0,\"gems\":0}","lite":"0","guid":"1a955e53-9ea1-42e9-b732-50f4740810a0","growth_activity":"1"},{"id":"132546","courseId":"261","type":"6","summary":"Reading Your Statement","index":"13","json":"{\"type\":6,\"image\":\"\",\"presentation\":[{\"text\":\"How to Read Your Statement\",\"in\":0,\"time\":1,\"sound\":\"\",\"color\":\"#FF9500\",\"size\":2},{\"text\":\"Here are very important instructions for reading your statement:&#10;- Read your statement twice daily, once before going to bed at night and once upon arising in the morning.&#10;- Read it with great emotion, seeing and feeling and believing that you are already in possession of the money.&#10;- When visualizing the money, see yourself rendering the service or delivering the product you intend to give in return for the money.&#10;- Keep at it and you will eventually have absolute faith and achieve your goal.\",\"in\":1,\"time\":2,\"sound\":\"\",\"size\":0}]}","lite":"0","guid":"688e3aa2-95e7-417a-8490-8002f3cbe26f","growth_activity":"1"},{"id":"132547","courseId":"261","type":"4","summary":"Your Statement","index":"14","json":"{ \"type\":4}","lite":"0","guid":"60da5c91-48a7-4272-a52e-f34913913940","growth_activity":"1"},{"id":"132548","courseId":"261","type":"3","summary":"Self Confidence Formula","index":"15","json":"{\"type\":3,\"intro\":{\"title\":\"Self Confidence Formula\",\"description\":\"Use this activity to help develop your self confidence. Improved self confidence will help you to better achieve all your goals in life.&#10;&#10;&#10;&#10;&#10;&#10;&#10;&#10;On the next three screens you&#39;ll find Hill&#39;s Self Confidence Formula. Read it, commit it to memory and follow what it says. It will be well worth your time and effort.\",\"image\":\"6D2367AD-CC25-ACB0-D371-E7871874D883.png\",\"sound\":\"\",\"volume\":50},\"unlockscore\":0,\"quicklink\":false,\"quotation\":\"\"}","lite":"0","guid":"f8384ae8-709d-4e19-801d-f49503a374ef","growth_activity":"1"},{"id":"132549","courseId":"261","type":"6","summary":"Formula One","index":"16","json":"{\"type\":6,\"image\":\"\",\"presentation\":[{\"text\":\"Self Confidence Formula\",\"in\":1,\"time\":1,\"sound\":\"\",\"color\":\"#FF9500\",\"size\":2},{\"text\":\"First&#10;I know that I have the ability to achieve the object of my Definite Purpose in life, therefore, I DEMAND of myself persistent, continuous action toward its attainment, and I here and now promise to render such action.&#10;&#10;Second&#10;I realize the dominating thoughts of my mind will eventually reproduce themselves in outward, physical action, and gradually transform themselves into physical reality, therefore, I will concentrate my thoughts for thirty minutes daily, upon the task of thinking of the person I intend to become, thereby creating in my mind a clear mental picture of that person.\",\"in\":1,\"time\":2,\"sound\":\"\",\"size\":0}]}","lite":"0","guid":"b998fb61-8df6-4909-8da6-87171555e4e5","growth_activity":"1"},{"id":"132550","courseId":"261","type":"6","summary":"Formula Two ","index":"17","json":"{\"type\":6,\"image\":\"\",\"presentation\":[{\"text\":\"Third&#10;I know through the principle of autosuggestion, any desire that I persistently hold in my mind will eventually seek expression through some practical means of attaining the object back of it, therefore, I will devote ten minutes daily to demanding of myself the development of SELF-CONFIDENCE.&#10;&#10;Fourth&#10;I have clearly written down a description of my DEFINITE CHIEF AIM in life, and I will never stop trying, until I shall have developed sufficient self-confidence for its attainment. \",\"in\":1,\"time\":2,\"sound\":\"\",\"size\":0}]}","lite":"0","guid":"084d8a8d-176c-408e-ae4f-e0e84e6e0748","growth_activity":"1"},{"id":"132551","courseId":"261","type":"6","summary":"Formula Three","index":"18","json":"{\"type\":6,\"image\":\"\",\"presentation\":[{\"text\":\"Fifth: I fully realize that no wealth or position can long endure, unless built upon truth and justice, therefore, I will engage in no transaction which does not benefit all whom it affects. I will succeed by attracting to myself the forces I wish to use, and the cooperation of other people. I will induce others to serve me, because of my willingness to serve others. I will eliminate hatred, envy, jealousy, selfishness, and cynicism, by developing love for all humanity, because I know that a negative attitude toward others can never bring me success. I will cause others to believe in me, because I will believe in them, and in myself. &#10;&#10;I will commit this formula to memory and repeat it aloud once a day with full FAITH that it will gradually influence my THOUGHTS and ACTIONS so that I will become a self-reliant and successful person&#10;&#10;\",\"in\":1,\"time\":2,\"sound\":\"\",\"size\":0}]}","lite":"0","guid":"60e3a358-5593-4b3e-8c3c-ade9c333c453","growth_activity":"1"},{"id":"132552","courseId":"261","type":"4","summary":"Self Confidence Formula","index":"19","json":"{ \"type\":4}","lite":"0","guid":"24a4d649-7e40-4db8-a61a-18a7e954bf68","growth_activity":"1"},{"id":"132553","courseId":"261","type":"3","summary":"Create Your Master Mind","index":"20","json":"{\"type\":3,\"intro\":{\"title\":\"Create Your Master Mind\",\"description\":\"To help you succeed, you need to create a group of like-minded people who will support you in your vision and in all your activities to achieve your goal. These must be people you trust, who will share whatever it is they have that will help you to succeed.&#10;&#10;&#10;&#10;&#10;&#10;&#10;It is imperative to build this group: but take your time and include the right people.\",\"image\":\"660FDE20-2B63-8824-5E8A-ED76FB6D3760.png\",\"sound\":\"\",\"volume\":50},\"unlockscore\":0,\"quicklink\":false,\"quotation\":\"\"}","lite":"0","guid":"108220e4-892e-4a09-b7c8-dad2b47d0109","growth_activity":"1"},{"id":"132554","courseId":"261","type":"7","summary":"Brainstorm ","index":"21","json":"{\"type\":7,\"input\":{\"type\":1,\"prompt\":\"The first step towards creating your master mind is to just list all the name of the people you would consider inviting into your group. Think widely and freely and be bold.&#10;&#10;List all the individuals you might consider inviting and following their name write up to three words describing why they would be a valuable member of your group. You might write words like: technical skill, contacts, knows funding, etc.\",\"locked\":false},\"feedback\":[\"\",\"\"],\"score\":0,\"gems\":0}","lite":"0","guid":"b2072517-e61d-439f-992a-87039113f14f","growth_activity":"1"},{"id":"132555","courseId":"261","type":"7","summary":"Winnow down","index":"22","json":"{\"type\":7,\"input\":{\"type\":2,\"prompt\":\"The next step is to look at that list and then winnow it down to no more than 10 names. You might aim for five people in your group - remember that not all you invite will accept.\",\"locked\":false,\"in\":0,\"out\":0,\"time\":0,\"count\":10,\"characters\":12},\"feedback\":[\"\",\"\"],\"score\":0,\"gems\":0}","lite":"0","guid":"f614e0ee-cb85-41e2-a6a6-fcf0a5529836","growth_activity":"1"},{"id":"132556","courseId":"261","type":"7","summary":"The Final Group","index":"23","json":"{\"type\":7,\"input\":{\"type\":2,\"prompt\":\"Once you have a group of no more than 10 names, start contacting these people and actually building your group. When you have finalized the team, enter the names here. We have given you seven slots, but you need no more than five, even a solid group of three and you can accomplish your goals. And you might start with three and build to five.\",\"locked\":false,\"in\":0,\"out\":0,\"time\":0,\"count\":7,\"characters\":12},\"feedback\":[\"\",\"\"],\"score\":0,\"gems\":0}","lite":"0","guid":"8e75c1ca-b878-455d-ab07-6d6dcadc2143","growth_activity":"1"},{"id":"132557","courseId":"261","type":"4","summary":"Create Your Master Mind","index":"24","json":"{ \"type\":4}","lite":"0","guid":"2ee39cb9-6302-4a63-af8b-cce4ac8ca0f3","growth_activity":"1"}]