[{"id":"274866","courseId":"275","type":"17","summary":"Test of Video to start","index":"0","json":"{\"type\":17,\"video\":{\"prompt\":\"\",\"vimeo\":\"119463296\"}}","lite":"0","guid":"079c7b8c-625d-47af-85da-26bd78b06c7d","growth_activity":"0"},{"id":"274867","courseId":"275","type":"3","summary":"Post Video Burst","index":"1","json":"{\"type\":3,\"intro\":{\"title\":\"What is a Purple Cow?\",\"description\":\"You heard the words. Now you know.\",\"image\":\"3994D68F-7419-D9AF-7A5A-5469AA74D538.png\",\"sound\":\"F3962E9E-4F46-B23E-2A3E-2A3B8BD5F2F2.mp3\",\"volume\":50},\"unlockscore\":0,\"quicklink\":false,\"quotation\":\"\"}","lite":"0","guid":"b12be43f-699a-4f6e-9f25-4a1630e9c74b","growth_activity":"0"},{"id":"274868","courseId":"275","type":"12","summary":"What is a Purple Cow","index":"2","json":"{\"type\":12,\"orderitems\":{\"slots\":[\"What is a\",\"Purple\",\"Cow?\"],\"items\":[{\"text\":\"\",\"slot\":1},{\"text\":\"\",\"slot\":2},{\"text\":\"\",\"slot\":3}],\"ordered\":true,\"timer\":20,\"sound\":\"99A105B2-3985-8BE8-8444-DA6A6517895E.mp3\",\"prompt\":\"What is a purple cow?\"},\"feedback\":[\"You wonder, you think.\",\"You wonder, you think.\"],\"score\":\"35\",\"gems\":\"1\"}","lite":"0","guid":"eff3f49e-344b-4a40-abf8-57e0df2f3a49","growth_activity":"0"},{"id":"274869","courseId":"275","type":"7","summary":"What do you think?","index":"3","json":"{\"type\":7,\"input\":{\"type\":1,\"prompt\":\"Are you a Purple Cow?\",\"locked\":false},\"feedback\":[\"\",\"\"],\"score\":0,\"gems\":0}","lite":"0","guid":"9b194e9a-5079-4486-bc24-62164f2a9ea8","growth_activity":"0"},{"id":"274870","courseId":"275","type":"4","summary":"Post Video Burst","index":"4","json":"{ \"type\":4}","lite":"0","guid":"bb975662-daf8-4be7-a5c1-b5cba4877be2","growth_activity":"0"}]