[{"id":"6023","courseId":"145","type":"1","summary":"lkjfldj","index":"0","json":"{\\\"type\\\":1,\\\"intro\\\":{\\\"title\\\":\\\"Trying to save\\\",\\\"description\\\":\\\"\\\",\\\"image\\\":\\\"\\\"},\\\"dossier\\\":false}","lite":"0","guid":"d0b61e5a-f3c4-4530-bd8c-ca2e90cadf97","growth_activity":"0"},{"id":"6024","courseId":"145","type":"6","summary":"sdfd","index":"1","json":"{\\\"type\\\":6,\\\"presentation\\\":[{\\\"text\\\":\\\"Did this appear?\\\",\\\"in\\\":0,\\\"out\\\":0,\\\"time\\\":0}]}","lite":"0","guid":"5827b848-dd1a-48c4-b209-43e17ee3b46b","growth_activity":"0"},{"id":"6025","courseId":"145","type":"13","summary":"First try","index":"2","json":"{\\\"type\\\":13,\\\"thisthat\\\":{\\\"questions\\\":[{\\\"text\\\":\\\"How do you feel?\\\",\\\"correct\\\":\\\"True\\\",\\\"wrong\\\":\\\"False\\\",\\\"value\\\":true},{\\\"text\\\":\\\"Are you moving forward?\\\",\\\"correct\\\":\\\"True\\\",\\\"wrong\\\":\\\"False\\\",\\\"value\\\":true}],\\\"timer\\\":0},\\\"feedback\\\":[\\\"Pass text\\\",\\\"Fail text\\\"],\\\"score\\\":\\\"100\\\",\\\"gems\\\":0}","lite":"0","guid":"b28e9bb8-0cb1-4c2c-99cc-b826c0397b8a","growth_activity":"0"},{"id":"6026","courseId":"145","type":"2","summary":"lkjfldj","index":"3","json":"{ \\\"type\\\":2}","lite":"0","guid":"1d80d26a-dcb6-4c4c-a6c8-f3a77619a031","growth_activity":"0"}]