{"id":"311","authorId":"0","groupId":"0","credits":"2","dollars":"9.99","summary":"Interact and learn to win as a Public Speaker","description":"This 'In a Blink' course will help you to quickly learn and retain Dale Carnegie's winning formula for effective pubic speaking. Develop self-confidence, get tips for opening and closing, and learn how to truly influence your audience.","date":"2016-03-01 10:43:24","iconURL":"icon303.jpg","imageURL":"image303.jpg","vimeo":"","title":"Public Speaking to Win...In a Blink! - FULL BEFORE TAKEAWAYS","editDate":"0000-00-00 00:00:00","buildAvailable":"0","published":"0","publicationDate":null}