{"id":"269","authorId":"0","groupId":"0","credits":"2","dollars":"9.99","summary":"A new vision of the Napoleon Hill classic","description":"In-a-Blink courses cut through the clutter and present the essence of the material. In this easy-to-follow version of Think and Grow Rich, you will quickly unlock the secret to attaining your desire. (Includes the full text of the book.)","date":"2015-04-07 08:35:10","iconURL":"icon182.jpg","imageURL":"image182.jpg","vimeo":"","title":"Think and Grow Rich in a Blink! - CREDITS PAGE TEST","editDate":"2015-04-11 08:35:16","buildAvailable":"1","published":"0","publicationDate":null}