[{"id":"4555","courseId":"80","type":"3","summary":"Does it need the Burst wrapper","index":"0","json":"{\\\"type\\\":3,\\\"intro\\\":{\\\"title\\\":\\\"Did it need this to work?\\\",\\\"description\\\":\\\"\\\",\\\"image\\\":\\\"\\\"},\\\"unlockscore\\\":0,\\\"quicklink\\\":false,\\\"quotation\\\":\\\"\\\"}","lite":"0","guid":"8fcd9a29-d8a4-46d9-9da2-91ad64e0086e","growth_activity":"0"},{"id":"4556","courseId":"80","type":"6","summary":"Does this work","index":"1","json":"{\\\"type\\\":6,\\\"presentation\\\":[{\\\"text\\\":\\\"This is a test a test a test\\\",\\\"in\\\":3,\\\"out\\\":0,\\\"time\\\":1}]}","lite":"0","guid":"f544790e-64c4-491c-997d-22cd88331650","growth_activity":"0"},{"id":"4557","courseId":"80","type":"6","summary":"Two lines","index":"2","json":"{\\\"type\\\":6,\\\"presentation\\\":[{\\\"text\\\":\\\"This is line 1\\\",\\\"in\\\":1,\\\"out\\\":0,\\\"time\\\":1},{\\\"text\\\":\\\"This is line 2\\\",\\\"in\\\":1,\\\"out\\\":0,\\\"time\\\":2}]}","lite":"0","guid":"ebed0644-5980-483b-b3c9-9df96bf5f845","growth_activity":"0"},{"id":"4558","courseId":"80","type":"6","summary":"Three lines","index":"3","json":"{\\\"type\\\":6,\\\"presentation\\\":[{\\\"text\\\":\\\"This is line 1\\\",\\\"in\\\":1,\\\"out\\\":0,\\\"time\\\":1},{\\\"text\\\":\\\"This is line 2\\\",\\\"in\\\":1,\\\"out\\\":0,\\\"time\\\":2},{\\\"text\\\":\\\"This is line 3\\\",\\\"in\\\":1,\\\"out\\\":0,\\\"time\\\":3}]}","lite":"0","guid":"da243a92-318d-4735-b8ef-dcecf70833f5","growth_activity":"0"},{"id":"4559","courseId":"80","type":"6","summary":"Four lines","index":"4","json":"{\\\"type\\\":6,\\\"presentation\\\":[{\\\"text\\\":\\\"This is line 1\\\",\\\"in\\\":1,\\\"out\\\":0,\\\"time\\\":1},{\\\"text\\\":\\\"This is line 2\\\",\\\"in\\\":1,\\\"out\\\":0,\\\"time\\\":2},{\\\"text\\\":\\\"This is line 3\\\",\\\"in\\\":1,\\\"out\\\":0,\\\"time\\\":3},{\\\"text\\\":\\\"This is line 4\\\",\\\"in\\\":1,\\\"out\\\":0,\\\"time\\\":4}]}","lite":"0","guid":"1512e0a8-6258-46ad-a673-39526eb741bc","growth_activity":"0"},{"id":"4560","courseId":"80","type":"9","summary":"Does it need this","index":"5","json":"{\\\"type\\\":9,\\\"feedback\\\":[\\\"\\\",\\\"\\\"],\\\"score\\\":0,\\\"gems\\\":0,\\\"wordfill\\\":{\\\"words\\\":[\\\"need\\\",\\\"this\\\"],\\\"text\\\":\\\"Does it ##1## ##2##?\\\",\\\"timer\\\":60}}","lite":"0","guid":"34a7148b-9770-43f7-9046-eda05fcd571e","growth_activity":"0"},{"id":"4561","courseId":"80","type":"4","summary":"Does it need the Burst wrapper","index":"6","json":"{ \\\"type\\\":4}","lite":"0","guid":"895b239d-7770-4480-8720-d5021ccb586e","growth_activity":"0"}]