[{"id":"353935","courseId":"290","type":"1","summary":"Introduction","index":"0","json":"{\\\"type\\\":1,\\\"intro\\\":{\\\"title\\\":\\\"Introduction\\\",\\\"description\\\":\\\"This Blink Course is a new way to experience Wallace Wattles&#39; classic The Science of Getting Rich. Written in 1910, it was one of the first books on the psychology of getting rich and on what has come to be known as The Law of Attraction.&#10;&#10;&#10;&#10;&#10;&#10;&#10;&#10;&#10;This book has changed countless lives and through this course, it can change your life.\\\",\\\"image\\\":\\\"21F4B410-0B22-4A94-9247-862DB1292A0F.png\\\"},\\\"dossier\\\":false}","lite":"1","guid":"6ee52b94-0d63-4e1a-9ef2-a384af022054","growth_activity":"0"},{"id":"353936","courseId":"290","type":"3","summary":"Wattles' Preface","index":"1","json":"{\\\"type\\\":3,\\\"intro\\\":{\\\"title\\\":\\\"Wattles&#39; Preface\\\",\\\"description\\\":\\\"Blink courses serve up content in small chunks (called Blinks) and arrange those Blinks into short sequences (called Bursts). This first Burst is about Wattles preface to the book, and you can earn four gems. Gems reflect how well you understand the material.&#10;&#10;&#10;&#10;&#10;&#10;&#10;&#10;&#10;To unlock the next Burst, you must accumulate at least 250 points.\\\",\\\"image\\\":\\\"4C8AC9BA-8D46-EB5F-76C2-646A51F25A67.png\\\",\\\"sound\\\":\\\"\\\",\\\"volume\\\":50},\\\"unlockscore\\\":\\\"250\\\",\\\"quicklink\\\":false,\\\"quotation\\\":\\\"\\\"}","lite":"1","guid":"12be4181-e741-49c7-b8a8-65b9ea81211f","growth_activity":"0"},{"id":"353937","courseId":"290","type":"9","summary":"Practical, not Philosophical","index":"2","json":"{\\\"type\\\":9,\\\"wordfill\\\":{\\\"text\\\":\\\"It is ##2## for men and women whose pressing ##1## is for ##4##; who wish to ##3## first, and ##5## afterwards.\\\",\\\"prompt\\\":\\\"In the preface, Wattles tells us that his book is not philosophical, but rather a practical manual. He says:\\\",\\\"sound\\\":\\\"\\\",\\\"words\\\":[\\\"need\\\",\\\"intended\\\",\\\"get rich\\\",\\\"money\\\",\\\"philosophize\\\"],\\\"timer\\\":60},\\\"feedback\\\":[\\\"Yes, it is for those who want results and are willing to take the conclusions of science as a basis for action.\\\",\\\"It is intended for men and women whose pressing need is for money; who want to get rich first and philosophize afterwards - for those who want results and are willing to take the conclusions of science as their basis for action.\\\"],\\\"score\\\":\\\"125\\\",\\\"gems\\\":\\\"1\\\"}","lite":"1","guid":"185c0b9c-f064-4db4-9b7a-67b749446dfd","growth_activity":"0"},{"id":"353938","courseId":"290","type":"12","summary":"Failure Is Impossible","index":"3","json":"{\\\"type\\\":12,\\\"orderitems\\\":{\\\"slots\\\":[\\\"Beginning of statement\\\",\\\"\\\",\\\"\\\",\\\"\\\",\\\"\\\",\\\"End of statement\\\"],\\\"items\\\":[{\\\"text\\\":\\\"Every man or woman\\\",\\\"slot\\\":1},{\\\"text\\\":\\\"who does this will\\\",\\\"slot\\\":2},{\\\"text\\\":\\\"certainly get rich;\\\",\\\"slot\\\":3},{\\\"text\\\":\\\"for this is an\\\",\\\"slot\\\":4},{\\\"text\\\":\\\"exact science and\\\",\\\"slot\\\":5},{\\\"text\\\":\\\"failure is impossible.\\\",\\\"slot\\\":6}],\\\"ordered\\\":true,\\\"timer\\\":60,\\\"sound\\\":\\\"\\\",\\\"prompt\\\":\\\"It is expected that you will take the fundamental statements in this course upon faith and act on them without fear or hesitation. &#10;&#10;As Wattles said:\\\"},\\\"feedback\\\":[\\\"Wattles was adamant about this - his program is a science and if you follow the guidelines he provides, failure is impossible.\\\",\\\"Wattles said every man or woman who does this - takes his fundamental statements upon faith and acts on them without fear or hesitation - will certainly get rich; for this is an exact science and failure is impossible.\\\"],\\\"score\\\":\\\"150\\\",\\\"gems\\\":\\\"1\\\"}","lite":"1","guid":"d6ad9d82-e0c3-440c-927d-3bdafd16a31d","growth_activity":"0"},{"id":"353939","courseId":"290","type":"10","summary":"Monistic Theory of the Universe","index":"4","json":"{\\\"type\\\":10,\\\"dragdrop\\\":{\\\"timer\\\":60,\\\"layout\\\":0,\\\"goals\\\":[{\\\"isImage\\\":true,\\\"text\\\":\\\"\\\",\\\"image\\\":\\\"93344A92-BED5-5ECD-679A-9C9F3D81B25A.png\\\"}],\\\"items\\\":[{\\\"goal\\\":1,\\\"isImage\\\":true,\\\"text\\\":\\\"\\\",\\\"image\\\":\\\"4C6F1934-65C9-D8DB-BCE1-4B14E146A629.png\\\",\\\"feedback\\\":[\\\"This philosophy states that one substance manifests itself as the seeming many elements of the material world. That all is one and one is all. This idea is key to the Science of Getting Rich.\\\",\\\"\\\"]},{\\\"goal\\\":1,\\\"isImage\\\":true,\\\"text\\\":\\\"\\\",\\\"image\\\":\\\"B6C30942-D9A7-BF0D-5B94-FBBD53379940.png\\\",\\\"feedback\\\":[\\\"The monistic philosophy has its origins in ancient Hindu and other eastern philosophies.\\\",\\\"\\\"]},{\\\"goal\\\":1,\\\"isImage\\\":true,\\\"text\\\":\\\"\\\",\\\"image\\\":\\\"75CC4D61-EC72-5725-B196-4812FB89C0CE.png\\\",\\\"feedback\\\":[\\\"Wattles cites Descartes, Hegel and Emerson as among his major influences. He advises the curious reader to explore these writers for themselves.\\\",\\\"\\\"]},{\\\"goal\\\":1,\\\"isImage\\\":true,\\\"text\\\":\\\"\\\",\\\"image\\\":\\\"EAD05EE6-9D3F-3675-B863-1C59C5BA83EC.png\\\",\\\"feedback\\\":[\\\"At the time of Wattles&#39; writing, the ancient monistic ideas had been slowly making headway in the west for a few hundred years, often referred to as the New Thought Movement, of which Wattles was an major contributor.\\\",\\\"\\\"]}],\\\"prompt\\\":\\\"Wattles tells us that his program is based on the monistic theory of the universe. &#10;&#10;Drag all to this theory and learn more.\\\",\\\"sound\\\":\\\"\\\"},\\\"feedback\\\":[\\\"The more you accept and believe in these ideas, the more you will reap from this course.\\\",\\\"The more you accept and believe in these ideas, the more you will reap from this course. \\\"],\\\"score\\\":\\\"100\\\",\\\"gems\\\":\\\"1\\\"}","lite":"1","guid":"2285a7e4-e91d-4e79-adf1-df1f8ddf18ee","growth_activity":"0"},{"id":"353940","courseId":"290","type":"14","summary":"A Digital Copy of the Book","index":"5","json":"{\\\"type\\\":14,\\\"question\\\":{\\\"timer\\\":60,\\\"multiplechoice\\\":true,\\\"answers\\\":[{\\\"correct\\\":true,\\\"text\\\":\\\"Failure is impossible.\\\",\\\"feedback\\\":\\\"Yes, and if you want to read the original book, a digital copy is included as an Activity in this course. To access it, finish this Burst, then touch the three line icon in the upper left and choose Activities from the menu.\\\"},{\\\"correct\\\":false,\\\"text\\\":\\\"Failure is a possibility\\\",\\\"feedback\\\":\\\"No, failure is impossible, and if you want to read the original book, a digital copy is included as an Activity in this course. To access it, finish this Burst, then touch the three line icon in the upper left and choose Activities from the menu.\\\"}],\\\"sound\\\":\\\"\\\",\\\"text\\\":\\\"The plan of action in this course works. If you wish to reap the benefits go through the course and do exactly as it tells you to do. &#10;&#10;As Wattles says in the book:\\\"},\\\"feedback\\\":[\\\"\\\",\\\"\\\"],\\\"score\\\":\\\"25\\\",\\\"gems\\\":\\\"1\\\"}","lite":"1","guid":"b011cdc2-7abf-4eea-ac19-91852b40d547","growth_activity":"0"},{"id":"353941","courseId":"290","type":"6","summary":"Your Progress","index":"6","json":"{\\\"type\\\":6,\\\"image\\\":\\\"953B0CC3-9488-2423-2866-FA8CBF5434A6.png\\\",\\\"presentation\\\":[{\\\"text\\\":\\\"Your Progress\\\",\\\"in\\\":1,\\\"time\\\":1,\\\"sound\\\":\\\"\\\",\\\"color\\\":\\\"#256ED7\\\"},{\\\"text\\\":\\\"This is the final Blink in this first Burst. At the end of each Burst you&#39;ll see your Progress Screen (see above) where you&#39;ll find stats on how you&#39;re doing and see where you are on your way up the mountain of mastery. And the better the weather, the better you appear to be grasping the material.&#10;&#10;If there&#39;s a check mark next to &#34;Target Score,&#34; you&#39;ve unlocked the next Burst. If not, replay this Burst and try for a higher score. If there&#39;s a check mark next to &#34;Max Gems,&#34; you&#39;ve earned all available gems. You don&#39;t need all the gems to move on, but if you want, come back and try to earn them all.&#10;&#10;Enjoy your journey!\\\",\\\"in\\\":1,\\\"time\\\":2,\\\"sound\\\":\\\"\\\"}]}","lite":"1","guid":"cb0ae2b3-30ca-4658-aded-f5bd498a23a3","growth_activity":"0"},{"id":"353942","courseId":"290","type":"4","summary":"The Right To Be Rich","index":"7","json":"{ \\\"type\\\":4}","lite":"1","guid":"a719da16-b318-4332-9a4c-4fae15e51d4d","growth_activity":"0"},{"id":"353943","courseId":"290","type":"3","summary":"Credits, Copyright, and Contact Info","index":"8","json":"{\\\"type\\\":3,\\\"intro\\\":{\\\"title\\\":\\\"Credits, Copyright, and Contact Info\\\",\\\"description\\\":\\\"We hope you find that this course helps you to change your life for the better. In this Burst, we take a moment to list the wonderful folks who helped to make this course and Blink Training a reality. &#10;&#10;&#10;&#10;&#10;&#10;&#10;&#10;&#10;We never give up and we hope you never give up either. \\\",\\\"image\\\":\\\"EECF8505-DF65-184A-D3DB-5E487579E850.png\\\",\\\"sound\\\":\\\"\\\",\\\"volume\\\":50},\\\"unlockscore\\\":0,\\\"quicklink\\\":false,\\\"quotation\\\":\\\"\\\",\\\"unlockActivity\\\":\\\"none\\\",\\\"dossier\\\":false}","lite":"1","guid":"980dcfe0-58ce-49be-b7f0-998509358409","growth_activity":"0"},{"id":"353944","courseId":"290","type":"6","summary":"Credits","index":"9","json":"{\\\"type\\\":6,\\\"image\\\":\\\"\\\",\\\"presentation\\\":[{\\\"text\\\":\\\"Credits\\\",\\\"in\\\":1,\\\"time\\\":0,\\\"sound\\\":\\\"\\\",\\\"font\\\":1,\\\"color\\\":\\\"#256ED7\\\",\\\"size\\\":0},{\\\"text\\\":\\\"App and Blinks interactive design  Jeff Siegel and Nik Lever&#10;App GUI additional graphic design  Aidan Siegel&#10;Sound Effects  Ed Lima&#10;&#10;Catalyst Pictures LTD&#10;   Nik Lever - chief software engineer&#10;   Ky Thanh - software engineer&#10;   Pam Lever - design&#10;&#10;Blink Training Systems, LLC&#10;   Jeff Siegel, President&#10;&#10;&#10;&#10;\\\",\\\"in\\\":1,\\\"time\\\":0,\\\"sound\\\":\\\"\\\"}]}","lite":"1","guid":"bd279616-2a59-43e2-835c-b1ea86c722f9","growth_activity":"0"},{"id":"353945","courseId":"290","type":"6","summary":"Copyright Info","index":"10","json":"{\\\"type\\\":6,\\\"image\\\":\\\"\\\",\\\"presentation\\\":[{\\\"text\\\":\\\"Copyright Information\\\",\\\"in\\\":1,\\\"time\\\":0,\\\"sound\\\":\\\"\\\",\\\"color\\\":\\\"#256ED7\\\",\\\"font\\\":1,\\\"size\\\":0},{\\\"text\\\":\\\"The Science of Getting Rich in a Blink course is Copyright (c) 2015 by Blink Training Systems, LLC. All Rights Reserved.\\\",\\\"in\\\":1,\\\"time\\\":0,\\\"sound\\\":\\\"\\\",\\\"size\\\":1},{\\\"text\\\":\\\"Portions Copyright, 1910 by Wallace D. Wattles. All Rights Reserved. Portions of this course are from the original 1910 version of The Science of Getting Rich by Wallace D. Wattles, originally published by the Elizabeth Town Company and now in the public domain. This course is not sponsored or endorsed by, or otherwise affiliated with, Wallace Wattles or his family and heirs or any other person or entity.\\\",\\\"in\\\":0,\\\"time\\\":0,\\\"sound\\\":\\\"\\\",\\\"size\\\":1},{\\\"text\\\":\\\"Blink eye logo, interactive course design, and course look and feel copyright (c) 2015 by Blink Training Systems, LLC. All Rights Reserved.\\\",\\\"in\\\":0,\\\"time\\\":0,\\\"sound\\\":\\\"\\\",\\\"size\\\":1},{\\\"text\\\":\\\"No part of this course may be reproduced or transmitted in any form, by any means, (electronic, photocopying, recording, or otherwise) without the prior written permission of the author. No liability is assumed with respect to the use of the information contained within. Although every precaution has been taken, the author assumes no liability for errors or omissions. Neither is any liability assumed for damages resulting from the use of the information contained herein.\\\",\\\"in\\\":0,\\\"time\\\":0,\\\"sound\\\":\\\"\\\",\\\"size\\\":1}]}","lite":"1","guid":"65f4e394-c25a-40a9-944a-6650a5b8efbb","growth_activity":"0"},{"id":"353946","courseId":"290","type":"6","summary":"Contact Info","index":"11","json":"{\\\"type\\\":6,\\\"image\\\":\\\"\\\",\\\"presentation\\\":[{\\\"text\\\":\\\"Contact Info\\\",\\\"in\\\":1,\\\"time\\\":0,\\\"sound\\\":\\\"\\\",\\\"color\\\":\\\"#256ED7\\\",\\\"font\\\":1,\\\"size\\\":0},{\\\"text\\\":\\\"If you have suggestions, observations, or want to get in touch for any other reason, please send email to jeff.siegel@jeffmedia.com.\\\",\\\"in\\\":1,\\\"time\\\":0,\\\"sound\\\":\\\"\\\"}]}","lite":"1","guid":"f6e33bdd-b54b-4207-900d-b2fb7c5d355d","growth_activity":"0"},{"id":"353947","courseId":"290","type":"4","summary":"Credits, Copyright, Contact Info","index":"12","json":"{ \\\"type\\\":4}","lite":"1","guid":"46bafdc5-6a8d-4c22-8042-7cba5b5279e0","growth_activity":"0"},{"id":"353948","courseId":"290","type":"2","summary":"Unit 1","index":"13","json":"{ \\\"type\\\":2}","lite":"1","guid":"1ca633f3-cb22-48db-8cda-1718d207640d","growth_activity":"0"}]