{"id":"196","credits":"2","dollars":"9.99","summary":"Learn to communicate with confidence in your business and personal life.","description":"Learn to use the essential elements of trust, credibility, and confident behavior to communicate effectively and confidently.","date":"2014-10-03 20:54:40","iconURL":"icon173.jpg","imageURL":"image159.jpg","vimeo":"","title":"Confident Communicator Demo Course - ac test","editDate":"2014-10-04 07:31:24","buildAvailable":"1","published":"0","publicationDate":null}