[{"id":"6507","courseId":"149","type":"1","summary":"Chapter 1","index":"0","json":"{\\\\\\\"type\\\\\\\":1,\\\\\\\"intro\\\\\\\":{\\\\\\\"title\\\\\\\":\\\\\\\"Introduction\\\\\\\",\\\\\\\"description\\\\\\\":\\\\\\\"TRULY, thoughts are things, and powerful things at that, when they are mixed with definiteness of purpose, persistence, and a BURNING DESIRE for their translation into riches, or other material objects.\\\\\\\",\\\\\\\"image\\\\\\\":\\\\\\\"5FA7FE88-0AEE-76EE-64D7-EE83BB9E39ED.png\\\\\\\"},\\\\\\\"dossier\\\\\\\":true}","lite":"0","guid":"f2ace1a7-ad35-4daa-9f19-6b9dbcc52df3","growth_activity":"0"},{"id":"6508","courseId":"149","type":"3","summary":"What You Think is What Counts","index":"1","json":"{\\\\\\\"type\\\\\\\":3,\\\\\\\"intro\\\\\\\":{\\\\\\\"title\\\\\\\":\\\\\\\"Thoughts are Things\\\\\\\",\\\\\\\"description\\\\\\\":\\\\\\\"TRULY, thoughts are things, and powerful things at that, when they are mixed with definiteness of purpose, persistence, and a BURNING DESIRE for their translation into riches, or other material objects.\\\\\\\",\\\\\\\"image\\\\\\\":\\\\\\\"\\\\\\\"},\\\\\\\"unlockscore\\\\\\\":\\\\\\\"20\\\\\\\",\\\\\\\"quicklink\\\\\\\":false,\\\\\\\"quotation\\\\\\\":\\\\\\\"When a man really DESIRES a thing so deeply that he is willing to stake his entire future on a single turn of the wheel in order to get it, he is sure to win.\\\\\\\"}","lite":"0","guid":"bce483a2-dcec-4a47-a6e5-b68059e20727","growth_activity":"0"},{"id":"6509","courseId":"149","type":"14","summary":"Which is most important?","index":"2","json":"{\\\\\\\"type\\\\\\\":14,\\\\\\\"question\\\\\\\":{\\\\\\\"timer\\\\\\\":60,\\\\\\\"multiplechoice\\\\\\\":true,\\\\\\\"answers\\\\\\\":[{\\\\\\\"correct\\\\\\\":false,\\\\\\\"text\\\\\\\":\\\\\\\"The ability to work hard for many years\\\\\\\"},{\\\\\\\"correct\\\\\\\":true,\\\\\\\"text\\\\\\\":\\\\\\\"The thoughts that you think\\\\\\\"},{\\\\\\\"correct\\\\\\\":false,\\\\\\\"text\\\\\\\":\\\\\\\"The talent you were born with\\\\\\\"}],\\\\\\\"text\\\\\\\":\\\\\\\"Before we continue, consider this: what do you think is most important towards achieving your goal?\\\\\\\"},\\\\\\\"feedback\\\\\\\":[\\\\\\\"Yes, the thoughts you think - the thoughts we all think - are the key to our success in life. Let&#39;s explore this more.\\\\\\\",\\\\\\\"No, it isn&#39;t hard work or talent that is the key to success. I am sure you know many people who are not any more talented than you, nor who work harder, and yet they succeed. It is the thoughts they think that counts most. Let&#39;s explore this more.\\\\\\\"],\\\\\\\"score\\\\\\\":\\\\\\\"20\\\\\\\",\\\\\\\"gems\\\\\\\":0}","lite":"0","guid":"949b265a-d0d2-4c19-ba48-9dd212c9c040","growth_activity":"0"},{"id":"6510","courseId":"149","type":"6","summary":"Edward Barnes","index":"3","json":"{\\\\\\\"type\\\\\\\":6,\\\\\\\"presentation\\\\\\\":[{\\\\\\\"text\\\\\\\":\\\\\\\"DEFINITE MAJOR PURPOSE\\\\\\\",\\\\\\\"in\\\\\\\":0,\\\\\\\"out\\\\\\\":0,\\\\\\\"time\\\\\\\":0},{\\\\\\\"text\\\\\\\":\\\\\\\"Napoleon Hill tells the story of Edward Barnes, a man who had the idea that he wanted to work for Thomas Edison. At the time, Edison was one of most successful people in the US. He had invented the telegraph, electrical distribution, the light bulb, and so much more.\\\\\\\",\\\\\\\"in\\\\\\\":0,\\\\\\\"out\\\\\\\":0,\\\\\\\"time\\\\\\\":2},{\\\\\\\"text\\\\\\\":\\\\\\\"Barnes was determined to work for Edison. Yet he lived no where near him nor did he have the money to travel to him. But he found a way and he showed up at Edison&#39;s lab. His clothes were dirty and he was unwashed. Yet there was something in his eyes that Edison noticed. It was a determination and Edison hired him at a low wage.\\\\\\\",\\\\\\\"in\\\\\\\":0,\\\\\\\"out\\\\\\\":0,\\\\\\\"time\\\\\\\":3}]}","lite":"0","guid":"0bd440b8-16ed-4d67-8abd-b7b0cf233d86","growth_activity":"0"},{"id":"6511","courseId":"149","type":"6","summary":"First Person","index":"4","json":"{\\\\\\\"type\\\\\\\":6,\\\\\\\"presentation\\\\\\\":[{\\\\\\\"text\\\\\\\":\\\\\\\"DETERMINATION\\\\\\\",\\\\\\\"in\\\\\\\":1,\\\\\\\"out\\\\\\\":0,\\\\\\\"time\\\\\\\":1},{\\\\\\\"text\\\\\\\":\\\\\\\"There have been times in my life when I had to stick to my guns to get what I wanted. These were difficult moments because it was unclear whether I should stand firm or give up.\\\\\\\",\\\\\\\"in\\\\\\\":1,\\\\\\\"out\\\\\\\":0,\\\\\\\"time\\\\\\\":2},{\\\\\\\"text\\\\\\\":\\\\\\\"One thing was clear: if I gave up then I would not ever reach that goal. \\\\\\\",\\\\\\\"in\\\\\\\":1,\\\\\\\"out\\\\\\\":0,\\\\\\\"time\\\\\\\":3}]}","lite":"0","guid":"aca55d56-3e7f-4159-b88a-5eae3ea62db7","growth_activity":"0"},{"id":"6512","courseId":"149","type":"7","summary":"Something in your life","index":"5","json":"{\\\\\\\"type\\\\\\\":7,\\\\\\\"input\\\\\\\":{\\\\\\\"type\\\\\\\":5,\\\\\\\"prompt\\\\\\\":\\\\\\\"Have you ever stuck to something with a burning passion? Does it show TRUE and FALSE or Yes I have and No I haven&#39;t?\\\\\\\",\\\\\\\"locked\\\\\\\":false,\\\\\\\"text\\\\\\\":\\\\\\\"\\\\\\\",\\\\\\\"booleans\\\\\\\":[{\\\\\\\"value\\\\\\\":true,\\\\\\\"correct\\\\\\\":\\\\\\\"Yes I have\\\\\\\",\\\\\\\"wrong\\\\\\\":\\\\\\\"No I have not\\\\\\\"}]}}","lite":"0","guid":"e50449c2-7696-493d-9db0-32c491e65304","growth_activity":"0"},{"id":"6513","courseId":"149","type":"7","summary":"Slider","index":"6","json":"{\\\\\\\"type\\\\\\\":7,\\\\\\\"input\\\\\\\":{\\\\\\\"type\\\\\\\":6,\\\\\\\"prompt\\\\\\\":\\\\\\\"Today, how passionate are you feeling? I put zero to one hundred with 100 as the ideal. What is the point of having an ideal here?\\\\\\\",\\\\\\\"locked\\\\\\\":false,\\\\\\\"min\\\\\\\":0,\\\\\\\"max\\\\\\\":100,\\\\\\\"ideal\\\\\\\":100}}","lite":"0","guid":"dbc85ccc-8d2b-41f4-a1cb-098198a10ee0","growth_activity":"0"},{"id":"6514","courseId":"149","type":"7","summary":"Slider with text","index":"7","json":"{\\\\\\\"type\\\\\\\":7,\\\\\\\"input\\\\\\\":{\\\\\\\"type\\\\\\\":7,\\\\\\\"prompt\\\\\\\":\\\\\\\"This is a slider with text. The text was supposed to mean that the user could input text on this screen. I put zero to 100 with 100 as ideal.\\\\\\\",\\\\\\\"locked\\\\\\\":false,\\\\\\\"text\\\\\\\":\\\\\\\"This is the text\\\\\\\",\\\\\\\"min\\\\\\\":0,\\\\\\\"max\\\\\\\":100,\\\\\\\"ideal\\\\\\\":100}}","lite":"0","guid":"aa5332ee-ba76-4a23-b99f-4a8733dadeb2","growth_activity":"0"},{"id":"6515","courseId":"149","type":"13","summary":"This or that work?","index":"8","json":"{\\\\\\\"type\\\\\\\":13,\\\\\\\"thisthat\\\\\\\":{\\\\\\\"questions\\\\\\\":[{\\\\\\\"text\\\\\\\":\\\\\\\"This is the first question. Do you see True and False or Hot and Cold? True is correct.\\\\\\\",\\\\\\\"correct\\\\\\\":\\\\\\\"True\\\\\\\",\\\\\\\"wrong\\\\\\\":\\\\\\\"False\\\\\\\",\\\\\\\"value\\\\\\\":true},{\\\\\\\"text\\\\\\\":\\\\\\\"This is the second question. False is correct.\\\\\\\",\\\\\\\"correct\\\\\\\":\\\\\\\"True\\\\\\\",\\\\\\\"wrong\\\\\\\":\\\\\\\"False\\\\\\\",\\\\\\\"value\\\\\\\":false},{\\\\\\\"text\\\\\\\":\\\\\\\"This is the third question. True is correct.\\\\\\\",\\\\\\\"correct\\\\\\\":\\\\\\\"True\\\\\\\",\\\\\\\"wrong\\\\\\\":\\\\\\\"False\\\\\\\",\\\\\\\"value\\\\\\\":true}],\\\\\\\"timer\\\\\\\":0},\\\\\\\"feedback\\\\\\\":[\\\\\\\"This is the pass text.\\\\\\\",\\\\\\\"This is the fail text.\\\\\\\"],\\\\\\\"score\\\\\\\":\\\\\\\"60\\\\\\\",\\\\\\\"gems\\\\\\\":0}","lite":"0","guid":"938619b2-90a8-4be1-9f0a-6a015a74a942","growth_activity":"0"},{"id":"6516","courseId":"149","type":"14","summary":"Without feedback screen","index":"9","json":"{\\\\\\\"type\\\\\\\":14,\\\\\\\"question\\\\\\\":{\\\\\\\"timer\\\\\\\":0,\\\\\\\"multiplechoice\\\\\\\":true,\\\\\\\"answers\\\\\\\":[{\\\\\\\"correct\\\\\\\":true,\\\\\\\"text\\\\\\\":\\\\\\\"Correct answer\\\\\\\"},{\\\\\\\"correct\\\\\\\":true,\\\\\\\"text\\\\\\\":\\\\\\\"Correct answer\\\\\\\"},{\\\\\\\"correct\\\\\\\":false,\\\\\\\"text\\\\\\\":\\\\\\\"Incorrect\\\\\\\"},{\\\\\\\"correct\\\\\\\":false,\\\\\\\"text\\\\\\\":\\\\\\\"Incorrect\\\\\\\"}],\\\\\\\"text\\\\\\\":\\\\\\\"No feedback. What happens after I answer? Shouldn&#39;t move on automatically. Two correct.\\\\\\\"},\\\\\\\"feedback\\\\\\\":[\\\\\\\"\\\\\\\",\\\\\\\"\\\\\\\"],\\\\\\\"score\\\\\\\":\\\\\\\"20\\\\\\\",\\\\\\\"gems\\\\\\\":0}","lite":"0","guid":"5fcbecb9-9d15-4e39-a5e0-db2d6738ca7c","growth_activity":"0"},{"id":"6517","courseId":"149","type":"8","summary":"WIth no feedback","index":"10","json":"{\\\\\\\"type\\\\\\\":8,\\\\\\\"statement\\\\\\\":{\\\\\\\"prompt\\\\\\\":\\\\\\\"This has no feedback. Does it move on immediately?\\\\\\\",\\\\\\\"wrong\\\\\\\":\\\\\\\"wrong|wrong|wrong\\\\\\\",\\\\\\\"statements\\\\\\\":[\\\\\\\"Right|Right|Right\\\\\\\",\\\\\\\"Second|Second|Second\\\\\\\"],\\\\\\\"ordered\\\\\\\":false,\\\\\\\"timer\\\\\\\":0},\\\\\\\"feedback\\\\\\\":[\\\\\\\"\\\\\\\",\\\\\\\"\\\\\\\"],\\\\\\\"score\\\\\\\":0,\\\\\\\"gems\\\\\\\":0}","lite":"0","guid":"344b9035-2055-4605-b200-be68dd2ced32","growth_activity":"0"},{"id":"6518","courseId":"149","type":"9","summary":"No feedback","index":"11","json":"{\\\\\\\"type\\\\\\\":9,\\\\\\\"feedback\\\\\\\":[\\\\\\\"\\\\\\\",\\\\\\\"\\\\\\\"],\\\\\\\"score\\\\\\\":0,\\\\\\\"gems\\\\\\\":0,\\\\\\\"wordfill\\\\\\\":{\\\\\\\"prompt\\\\\\\":\\\\\\\"No feedback\\\\\\\",\\\\\\\"words\\\\\\\":[\\\\\\\"the\\\\\\\",\\\\\\\"idea\\\\\\\",\\\\\\\"wrong\\\\\\\"],\\\\\\\"text\\\\\\\":\\\\\\\"This is ##1## main ##2##.\\\\\\\",\\\\\\\"timer\\\\\\\":0}}","lite":"0","guid":"2a00f693-39d6-41e5-9a71-9f55f255c9c1","growth_activity":"0"},{"id":"6519","courseId":"149","type":"16","summary":"How fix","index":"12","json":"{\\\\\\\"type\\\\\\\":16,\\\\\\\"wordheat\\\\\\\":{\\\\\\\"prompt\\\\\\\":\\\\\\\"What does success mean to you? No timer - when get feedback?\\\\\\\",\\\\\\\"words\\\\\\\":[{\\\\\\\"word\\\\\\\":\\\\\\\"Five (farthest?)\\\\\\\",\\\\\\\"layer\\\\\\\":5},{\\\\\\\"word\\\\\\\":\\\\\\\"Four\\\\\\\",\\\\\\\"layer\\\\\\\":5},{\\\\\\\"word\\\\\\\":\\\\\\\"Three \\\\\\\",\\\\\\\"layer\\\\\\\":4},{\\\\\\\"word\\\\\\\":\\\\\\\"Two \\\\\\\",\\\\\\\"layer\\\\\\\":3},{\\\\\\\"word\\\\\\\":\\\\\\\"One (closest?)\\\\\\\",\\\\\\\"layer\\\\\\\":2}],\\\\\\\"timer\\\\\\\":0},\\\\\\\"feedback\\\\\\\":[\\\\\\\"Got all right\\\\\\\",\\\\\\\"Didn&#39;t get all right\\\\\\\"],\\\\\\\"score\\\\\\\":0,\\\\\\\"gems\\\\\\\":0}","lite":"0","guid":"e8163e2f-df76-426b-9751-2fce7a2a5bba","growth_activity":"0"},{"id":"6520","courseId":"149","type":"15","summary":"How fix","index":"13","json":"{\\\\\\\"type\\\\\\\":15,\\\\\\\"rotator\\\\\\\":{\\\\\\\"prompt\\\\\\\":\\\\\\\"This is the statement rotator with no timer\\\\\\\",\\\\\\\"statements\\\\\\\":[\\\\\\\"and it&#39;s not working\\\\\\\",\\\\\\\"this is wrong\\\\\\\",\\\\\\\"this is also wrong\\\\\\\"],\\\\\\\"timer\\\\\\\":0},\\\\\\\"feedback\\\\\\\":[\\\\\\\"Past text\\\\\\\",\\\\\\\"Fail text\\\\\\\"],\\\\\\\"score\\\\\\\":0,\\\\\\\"gems\\\\\\\":0}","lite":"0","guid":"f466c6e4-4f66-4955-a881-296b63d87075","growth_activity":"0"},{"id":"6521","courseId":"149","type":"7","summary":"True False","index":"14","json":"{\\\\\\\"type\\\\\\\":7,\\\\\\\"input\\\\\\\":{\\\\\\\"type\\\\\\\":5,\\\\\\\"prompt\\\\\\\":\\\\\\\"This is a true false input with Correct and Wrong\\\\\\\",\\\\\\\"locked\\\\\\\":false,\\\\\\\"text\\\\\\\":\\\\\\\"\\\\\\\",\\\\\\\"booleans\\\\\\\":[{\\\\\\\"value\\\\\\\":true,\\\\\\\"correct\\\\\\\":\\\\\\\"Correct\\\\\\\",\\\\\\\"wrong\\\\\\\":\\\\\\\"Wrong\\\\\\\"}]}}","lite":"0","guid":"2f6949c5-3c9f-4cc5-afdb-f1b4e6f3fb95","growth_activity":"0"},{"id":"6522","courseId":"149","type":"14","summary":"No Timer, No Feedback","index":"15","json":"{\\\\\\\"type\\\\\\\":14,\\\\\\\"question\\\\\\\":{\\\\\\\"timer\\\\\\\":0,\\\\\\\"multiplechoice\\\\\\\":true,\\\\\\\"answers\\\\\\\":[{\\\\\\\"correct\\\\\\\":false,\\\\\\\"text\\\\\\\":\\\\\\\"Not correct\\\\\\\"},{\\\\\\\"correct\\\\\\\":true,\\\\\\\"text\\\\\\\":\\\\\\\"Correct\\\\\\\"},{\\\\\\\"correct\\\\\\\":false,\\\\\\\"text\\\\\\\":\\\\\\\"Wrong\\\\\\\"}],\\\\\\\"text\\\\\\\":\\\\\\\"No timer and no feedback. Is there a NEXT button?\\\\\\\"},\\\\\\\"feedback\\\\\\\":[\\\\\\\"\\\\\\\",\\\\\\\"\\\\\\\"],\\\\\\\"score\\\\\\\":0,\\\\\\\"gems\\\\\\\":0}","lite":"0","guid":"37f86901-71cf-4cb8-8e72-a2f2fbbc95a5","growth_activity":"0"},{"id":"6523","courseId":"149","type":"14","summary":"Not multiple choice","index":"16","json":"{\\\\\\\"type\\\\\\\":14,\\\\\\\"question\\\\\\\":{\\\\\\\"timer\\\\\\\":0,\\\\\\\"multiplechoice\\\\\\\":false,\\\\\\\"answers\\\\\\\":[{\\\\\\\"correct\\\\\\\":true,\\\\\\\"text\\\\\\\":\\\\\\\"Correct\\\\\\\"},{\\\\\\\"correct\\\\\\\":false,\\\\\\\"text\\\\\\\":\\\\\\\"Not \\\\\\\"},{\\\\\\\"correct\\\\\\\":false,\\\\\\\"text\\\\\\\":\\\\\\\"And not\\\\\\\"}],\\\\\\\"text\\\\\\\":\\\\\\\"Multiple choice box NOT checked. What&#39;s different?\\\\\\\"},\\\\\\\"feedback\\\\\\\":[\\\\\\\"\\\\\\\",\\\\\\\"\\\\\\\"],\\\\\\\"score\\\\\\\":0,\\\\\\\"gems\\\\\\\":0}","lite":"0","guid":"404e1efc-8cee-4db5-8604-b5a6a69532f1","growth_activity":"0"},{"id":"6524","courseId":"149","type":"4","summary":"What You Think is What Counts","index":"17","json":"{ \\\\\\\"type\\\\\\\":4}","lite":"0","guid":"78155afb-e276-4e7b-8fee-484056c1cbf4","growth_activity":"0"},{"id":"6525","courseId":"149","type":"2","summary":"Chapter 1","index":"18","json":"{ \\\\\\\"type\\\\\\\":2}","lite":"0","guid":"80e5195b-ce07-4f55-ae95-a2a2099aa061","growth_activity":"0"}]