{"id":"326","authorId":"0","groupId":"0","credits":"2","dollars":"9.99","summary":"Starting college in the fall? Take my advice: DON'T GO!!!","description":"Save time, money, grief and pain. This Blink course WILL SAVE YOUR LIFE, as you now know it. Let this be a warning to all students about to embark upon their freshman college year: DON'T DO IT!!! It is hazardous to the life you know, unless...","date":"2016-04-04 04:59:29","iconURL":"icon323.jpg","imageURL":"image323.jpg","vimeo":"","title":"Don't Go to College...unless - Before Breaking Burst 1 into 2","editDate":"2016-04-04 05:02:00","buildAvailable":"0","published":"0","publicationDate":null,"listOrder":"100"}