[{"id":"34479","courseId":"163","type":"1","summary":"The Basics of Confident Communication","index":"0","json":"{\\\"type\\\":1,\\\"intro\\\":{\\\"title\\\":\\\"The Basics of Confident Communication\\\",\\\"description\\\":\\\"In this Blink course, you&#39;ll learn how confident communication can improve you life in many ways. &#10;&#10;Blink courses serve up content in small units (called Blinks), add just enough gaming to keep it fun and arrange the Blinks into short sequences (called Bursts). Each Burst takes just a few minutes to complete so you can do them while waiting on line for a cappuccino, or on the subway or while waiting for a phone call at work. Blink can turn your downtime into learning time.\\\",\\\"image\\\":\\\"\\\"},\\\"dossier\\\":true}","lite":"0","guid":"2b576205-31e3-45f3-9125-4f8e5a446cac","growth_activity":"0"},{"id":"34480","courseId":"163","type":"3","summary":"Introduction","index":"1","json":"{\\\"type\\\":3,\\\"intro\\\":{\\\"title\\\":\\\"The Blink Training System\\\",\\\"description\\\":\\\"In this first Burst, you&#39;ll learn about:&#10;   - Blink Training&#10;   - Blinks&#10;   - Bursts&#10;   - Scoring and Gems&#10;   - Why you should care about this course\\\",\\\"image\\\":\\\"\\\",\\\"sound\\\":\\\"\\\",\\\"volume\\\":50},\\\"unlockscore\\\":0,\\\"quicklink\\\":false,\\\"quotation\\\":\\\"\\\",\\\"dossier\\\":false}","lite":"0","guid":"8468fb4b-82d7-4847-a175-2b412664fc13","growth_activity":"0"},{"id":"34481","courseId":"163","type":"6","summary":"Blink Training","index":"2","json":"{\\\"type\\\":6,\\\"image\\\":\\\"\\\",\\\"presentation\\\":[{\\\"text\\\":\\\"BLINK TRAINING - A NEW WAY TO LEARN\\\",\\\"in\\\":0,\\\"time\\\":0,\\\"sound\\\":\\\"\\\"},{\\\"text\\\":\\\"Blink Training can turn your downtime into learning time.\\\",\\\"in\\\":1,\\\"time\\\":2,\\\"sound\\\":\\\"\\\"},{\\\"text\\\":\\\"Blink breaks content into small units (called Blinks), adds just enough gaming to keep it fun and arranges the Blinks into short sequences (called Bursts).\\\",\\\"in\\\":1,\\\"time\\\":0,\\\"sound\\\":\\\"\\\"},{\\\"text\\\":\\\"Each Burst take just a few minutes to complete so you can do them while waiting on line for a cappuccino, or on the subway or while waiting for a phone call at work. You&#39;re now playing the first Burst in this course and you&#39;ll need to accumulate 20 points to unlock the second Burst. \\\",\\\"in\\\":1,\\\"time\\\":0,\\\"sound\\\":\\\"\\\"},{\\\"text\\\":\\\"Blink uses simple gaming devices to help you to master the content. You&#39;ll see what we mean when you move on. Touch &#34;Next&#34; when you&#39;re ready.\\\",\\\"in\\\":0,\\\"time\\\":0,\\\"sound\\\":\\\"\\\"}]}","lite":"0","guid":"c0038432-1905-4102-b635-94e05d383b55","growth_activity":"0"},{"id":"34482","courseId":"163","type":"10","summary":"Simple Gaming Device","index":"3","json":"{\\\"type\\\":10,\\\"dragdrop\\\":{\\\"timer\\\":30,\\\"layout\\\":0,\\\"goals\\\":[{\\\"isImage\\\":false,\\\"text\\\":\\\"Becoming a confident communicator can help you reach that goal\\\",\\\"image\\\":\\\"\\\"}],\\\"items\\\":[{\\\"goal\\\":1,\\\"isImage\\\":false,\\\"text\\\":\\\"A BETTER JOB\\\",\\\"image\\\":\\\"\\\",\\\"feedback\\\":[\\\"Consider this: if you were better at communicating your needs and desires, you&#39;d be more likely to move on to a better job.\\\",\\\"\\\"]},{\\\"goal\\\":1,\\\"isImage\\\":false,\\\"text\\\":\\\"RICHER RELATIONSHIPS\\\",\\\"image\\\":\\\"\\\",\\\"feedback\\\":[\\\"Think about it: if you could communicate better to the people you are closest to, your relationships would deepen.\\\",\\\"\\\"]},{\\\"goal\\\":1,\\\"isImage\\\":false,\\\"text\\\":\\\"MORE SUCCESS IN LIFE\\\",\\\"image\\\":\\\"\\\",\\\"feedback\\\":[\\\"Think about the people you know who are successful in life. If they have one thing in common it&#39;s probably that they can communicate confidently. And you should, too.\\\",\\\"\\\"]},{\\\"goal\\\":1,\\\"isImage\\\":false,\\\"text\\\":\\\"LESS ANXIETY\\\",\\\"image\\\":\\\"\\\",\\\"feedback\\\":[\\\"If you gain confidence in communicating, you will have less anxiety in your day to day life. That would make life easier and give you more energy to pursue your goals.\\\",\\\"\\\"]}],\\\"prompt\\\":\\\"Why is it important to be a confident communicator? Find out by dragging each word to the goal below.\\\",\\\"sound\\\":\\\"\\\"},\\\"feedback\\\":[\\\"You see, Blink uses simple gaming devices to get you involved with the content. Enjoy!\\\",\\\"You see, Blink uses simple gaming devices to get you involved with the content. Enjoy!\\\"],\\\"score\\\":\\\"60\\\",\\\"gems\\\":\\\"1\\\"}","lite":"0","guid":"04c6b3da-4cd2-4b87-848d-25dbcaadfbe4","growth_activity":"0"},{"id":"34483","courseId":"163","type":"7","summary":"Your First Input","index":"4","json":"{\\\"type\\\":7,\\\"input\\\":{\\\"type\\\":7,\\\"prompt\\\":\\\"In Blink Training, we believe that you&#39;ll retain more if you express yourself. So, take a moment to rate yourself as to how confident a communicator you are and then write about it below. (Drag the ball left for low confidence and right for high confidence.)\\\",\\\"locked\\\":false,\\\"text\\\":\\\"\\\",\\\"isNumber\\\":false,\\\"useImages\\\":true,\\\"left\\\":\\\"4B61C3E2-1E04-EE3A-BA27-74B81A4095B1.png\\\",\\\"right\\\":\\\"E3184242-88DA-196F-CD96-8774560DBF4E.png\\\",\\\"ideal\\\":50}}","lite":"0","guid":"0b96492c-bde4-46d9-a750-655a5e9b8a5f","growth_activity":"0"},{"id":"34484","courseId":"163","type":"6","summary":"End of First Burst","index":"5","json":"{\\\"type\\\":6,\\\"image\\\":\\\"\\\",\\\"presentation\\\":[{\\\"text\\\":\\\"BURSTS: QUICK, FUN, and INSIGHTFUL\\\",\\\"in\\\":1,\\\"time\\\":1,\\\"sound\\\":\\\"\\\"},{\\\"text\\\":\\\"Now that you&#39;ve reached the end of the first Burst, you can see that Bursts are quick, fun and even insightful. &#10;&#10;You should also understand how becoming a more confident communicator can help you in many areas of your life.&#10;&#10;When you touch Next, you&#39;ll be taken to your Progress Screen. There you&#39;ll see if you unlocked the next Burst and you&#39;ll get more information about your progress through this course.&#10;&#10;Enjoy your way to becoming a more confident communicator!\\\",\\\"in\\\":1,\\\"time\\\":2,\\\"sound\\\":\\\"\\\"}]}","lite":"0","guid":"e138030d-d24e-451e-89f0-8afc9b6013e0","growth_activity":"0"},{"id":"34485","courseId":"163","type":"4","summary":"Introduction","index":"6","json":"{ \\\"type\\\":4}","lite":"0","guid":"26c0f81c-e918-4cce-b5b5-c1e280fce5fd","growth_activity":"0"},{"id":"34486","courseId":"163","type":"3","summary":"The Big Ideas","index":"7","json":"{\\\"type\\\":3,\\\"intro\\\":{\\\"title\\\":\\\"The Big Ideas\\\",\\\"description\\\":\\\"In this Burst, you&#39;ll learn how confidence can help you to:&#10;   - Speak Freely&#10;   - Assert Yourself&#10;   - Reduce Anxiety&#10;   - Listen Better&#10;   - Contribute More\\\",\\\"image\\\":\\\"\\\",\\\"sound\\\":\\\"\\\",\\\"volume\\\":50},\\\"unlockscore\\\":\\\"20\\\",\\\"quicklink\\\":false,\\\"quotation\\\":\\\"With enough confidence you can go anywhere you want to go.\\\",\\\"dossier\\\":false}","lite":"0","guid":"a615c6de-d77b-4224-a93a-b0b1ee739a14","growth_activity":"0"},{"id":"34487","courseId":"163","type":"11","summary":"The Big Ideas","index":"8","json":"{\\\"type\\\":11,\\\"simon\\\":{\\\"prompt\\\":\\\"                                        THE BIG IDEAS\\\",\\\"sounds\\\":[\\\"DBCB5194-8605-B9C1-1BC5-F352D42B3825.mp3\\\",\\\"28BF30BF-302E-6D4F-5D98-04105FFCE1F1.mp3\\\",\\\"FDBF054F-9A08-3BE9-82BB-0131E2EEC43D.mp3\\\",\\\"DA7B63A5-50B8-CBD8-12A5-4C9D33C5749D.mp3\\\",\\\"5B836D54-9D93-35C0-84A2-E51AEB266F1D.mp3\\\",\\\"1DFF2ED3-9E4C-C39F-1313-8BFD1E2505BE.mp3\\\",\\\"E6B2357A-0683-B5D0-A4DC-4DB7517A2DAD.mp3\\\",\\\"45283CB8-4250-B5D5-3B3F-65936A0FDC96.mp3\\\",\\\"8061633B-8FFD-C5F7-4821-286DFB334C94.mp3\\\",\\\"27ED58EE-B1FD-0ED9-EDE8-9CDF4012B297.mp3\\\",\\\"7D175353-A449-E9D9-0932-172081B6D15E.mp3\\\",\\\"3174B0A0-1A24-B754-F2A9-4B73E759B78E.mp3\\\"],\\\"phrase\\\":\\\"Confidence|Speak Freely|Assert Yourself|Listen Better|Reduce Anxiety|Contribute More\\\",\\\"wrong\\\":\\\"Arrogance|Suspicion|Mistrust|Rejection|Frustration|Resentment\\\",\\\"time\\\":0,\\\"score\\\":0,\\\"gems\\\":0,\\\"sound\\\":\\\"\\\"},\\\"feedback\\\":[\\\"That is an overview of where we&#39;re headed in this course.\\\",\\\"Oh, try again.\\\"],\\\"score\\\":\\\"100\\\",\\\"gems\\\":\\\"\\\"}","lite":"0","guid":"1595052e-4657-4201-94f6-81ecbd91a078","growth_activity":"0"},{"id":"34488","courseId":"163","type":"13","summary":"Intro Dialog","index":"9","json":"{\\\"type\\\":13,\\\"thisthat\\\":{\\\"questions\\\":[{\\\"text\\\":\\\"With enough confidence you can go just about anywhere. &#10;&#10;Do you believe this?\\\",\\\"correct\\\":\\\"I do\\\",\\\"wrong\\\":\\\"Not really\\\",\\\"value\\\":true,\\\"feedback\\\":[\\\"Good and here&#39;s a secret: you can build your own confidence.\\\",\\\"You ought to believe this because confidence can empower you to reach for your dreams. And here&#39;s a secret: you can build your own confidence.\\\"]},{\\\"text\\\":\\\"Communicating well is one way you can build your confidence, and gain the confidence of others. &#10;&#10;Do you know what we mean by this?\\\",\\\"correct\\\":\\\"I do\\\",\\\"wrong\\\":\\\"Not really\\\",\\\"value\\\":true,\\\"feedback\\\":[\\\"Then you know that when you&#39;re confident, you can speak freely, without fear of what others might think of you. You can be assertive and ask for what you want. This builds your self confidence.\\\",\\\"Let me explain: when you&#39;re confident, you can speak freely, without fear of what others might think of you. You can be assertive and ask for what you want. This builds your self confidence.\\\"]},{\\\"text\\\":\\\"And when you&#39;re confident, you even listen better to other people. &#10;&#10;Do you know why this is?\\\",\\\"correct\\\":\\\"I do\\\",\\\"wrong\\\":\\\"Not really\\\",\\\"value\\\":true,\\\"feedback\\\":[\\\"You&#39;ve got insight. You know that when you&#39;re more confident, your perception of what others are saying is not distorted by your fears and anxiety.\\\",\\\"When you&#39;re confident, you can listen better to people because your perception of what others are saying is not distorted by your fears and anxiety.\\\"]}],\\\"timer\\\":0,\\\"noscore\\\":true},\\\"feedback\\\":[\\\"To sum up: confidence can help you to reach your dreams. And learning to communicate better is one way to build your confidence. Worth working at it!\\\",\\\"To sum up: confidence can help you to reach your dreams. And learning to communicate better is one way to raise your confidence. Worth working at it!\\\"],\\\"score\\\":0,\\\"gems\\\":0}","lite":"0","guid":"f78a1e79-6c34-46e2-beb6-46798b73c359","growth_activity":"0"},{"id":"34489","courseId":"163","type":"10","summary":"Confident Speaker","index":"10","json":"{\\\"type\\\":10,\\\"dragdrop\\\":{\\\"timer\\\":30,\\\"layout\\\":0,\\\"goals\\\":[{\\\"isImage\\\":true,\\\"text\\\":\\\"\\\",\\\"image\\\":\\\"3A6478D7-6FFB-E7FD-7A6B-EC4E69BEB93D.png\\\"}],\\\"items\\\":[{\\\"goal\\\":1,\\\"isImage\\\":false,\\\"text\\\":\\\"Speak freely\\\",\\\"image\\\":\\\"\\\",\\\"feedback\\\":[\\\"Yes, as a confident communicator Mary is now able to speak freely and this adds to the overall happiness in her life.\\\",\\\"\\\"]},{\\\"goal\\\":1,\\\"isImage\\\":false,\\\"text\\\":\\\"Reduce anxiety\\\",\\\"image\\\":\\\"\\\",\\\"feedback\\\":[\\\"Yes, as a confident communicator Mary now has little anxiety when speaking to others and it frees her up to truly share ideas and feelings.\\\",\\\"\\\"]},{\\\"goal\\\":1,\\\"isImage\\\":false,\\\"text\\\":\\\"Let yourself be heard\\\",\\\"image\\\":\\\"\\\",\\\"feedback\\\":[\\\"Yes, as a confident communicator Mary isn&#39;t standing in the way of herself. Instead, her message is front and center and being heard.\\\",\\\"\\\"]},{\\\"goal\\\":1,\\\"isImage\\\":false,\\\"text\\\":\\\"Listen better\\\",\\\"image\\\":\\\"\\\",\\\"feedback\\\":[\\\"Yes, as a confident communicator, Mary can listen better to other people because she is no longer listening through a veil of distortion and fear.\\\",\\\"\\\"]},{\\\"goal\\\":0,\\\"isImage\\\":false,\\\"text\\\":\\\"Lose opportunities\\\",\\\"image\\\":\\\"\\\",\\\"feedback\\\":[\\\"\\\",\\\"No, as a confident communicator Mary now has a better chance to create opportunities and to take advantage of opportunities that come her way.\\\"]},{\\\"goal\\\":0,\\\"isImage\\\":false,\\\"text\\\":\\\"Fall behind\\\",\\\"image\\\":\\\"\\\",\\\"feedback\\\":[\\\"\\\",\\\"No, as a confident communicator Mary is now able to focus on moving forward in her personal and professional life.\\\"]}],\\\"prompt\\\":\\\"Mary suffered anxiety and fear when speaking with others, but she took the time to build her confidence. Drag all the words that apply to her. \\\",\\\"sound\\\":\\\"\\\"},\\\"feedback\\\":[\\\"This course can help you to become a more confident communicator like Mary. And clearly it&#39;s worth working at because it can improve your life in many ways.\\\",\\\"This course can help you to become a more confident communicator like Mary. And clearly it&#39;s worth working at because it can improve your life in many ways.\\\"],\\\"score\\\":\\\"30\\\",\\\"gems\\\":\\\"1\\\"}","lite":"0","guid":"1a3c1342-6d25-49c0-9585-2b5389c557f0","growth_activity":"0"},{"id":"34490","courseId":"163","type":"7","summary":"How are you doing?","index":"11","json":"{\\\"type\\\":7,\\\"input\\\":{\\\"type\\\":7,\\\"prompt\\\":\\\"Now that you&#39;re at the end of the second Burst, rate yourself as to how confident a communicator you are and then write about it below.\\\",\\\"locked\\\":false,\\\"text\\\":\\\"\\\",\\\"isNumber\\\":false,\\\"useImages\\\":true,\\\"left\\\":\\\"AFF2029D-BECF-F899-4DA5-F22F17F97041.png\\\",\\\"right\\\":\\\"C019DB10-E215-2EDD-7C65-234626BACD30.png\\\",\\\"ideal\\\":50}}","lite":"0","guid":"95b8f4a6-3847-424e-9302-394f32153e2d","growth_activity":"0"},{"id":"34491","courseId":"163","type":"4","summary":"Burst 1","index":"12","json":"{ \\\"type\\\":4}","lite":"0","guid":"37b6931d-49f5-490b-9ad7-b8c88589c7e3","growth_activity":"0"},{"id":"34492","courseId":"163","type":"3","summary":"Without Confidence","index":"13","json":"{\\\"type\\\":3,\\\"intro\\\":{\\\"title\\\":\\\"Communicating without Confidence\\\",\\\"description\\\":\\\"In this Burst, you&#39;ll learn how lack of confidence can:&#10;   - Make you feel very unpleasant when speaking with others&#10;   - Make the listener get a negative perception of you\\\",\\\"image\\\":\\\"\\\",\\\"sound\\\":\\\"\\\",\\\"volume\\\":50},\\\"unlockscore\\\":\\\"20\\\",\\\"quicklink\\\":false,\\\"quotation\\\":\\\"\\\",\\\"dossier\\\":false}","lite":"0","guid":"199a88fd-fb65-4953-9907-85f16cbcc005","growth_activity":"0"},{"id":"34493","courseId":"163","type":"6","summary":"Without confidence","index":"14","json":"{\\\"type\\\":6,\\\"image\\\":\\\"\\\",\\\"presentation\\\":[{\\\"text\\\":\\\"NO CONFIDENCE - YET YOU HAVE TO TALK\\\",\\\"in\\\":0,\\\"time\\\":0,\\\"sound\\\":\\\"\\\"},{\\\"text\\\":\\\"We all need to communicate with others - in both our business and personal lives. And sometimes we don&#39;t feel confident. That&#39;s when the unpleasant emotions can begin.\\\",\\\"in\\\":0,\\\"time\\\":0,\\\"sound\\\":\\\"\\\"}]}","lite":"0","guid":"a7994cb5-08f8-442b-925e-900b4f73c689","growth_activity":"0"},{"id":"34494","courseId":"163","type":"7","summary":"Speaking without confidence","index":"15","json":"{\\\"type\\\":7,\\\"input\\\":{\\\"type\\\":2,\\\"prompt\\\":\\\"Think back to a time when you had to talk with other people, yet you didn&#39;t feel very confident. Type the five main feelings you experienced.\\\",\\\"locked\\\":false,\\\"in\\\":2,\\\"out\\\":0,\\\"time\\\":1,\\\"count\\\":5,\\\"characters\\\":20}}","lite":"0","guid":"435ced36-4382-4d37-989e-8c485ec6aad7","growth_activity":"0"},{"id":"34495","courseId":"163","type":"6","summary":"Unpleasant Emotions","index":"16","json":"{\\\"type\\\":6,\\\"image\\\":\\\"\\\",\\\"presentation\\\":[{\\\"text\\\":\\\"Those Unpleasant Emotions\\\",\\\"in\\\":0,\\\"time\\\":0,\\\"sound\\\":\\\"\\\"},{\\\"text\\\":\\\"When you&#39;re talking to someone and you don&#39;t feel confident, you can experience bad feelings such as fear, anxiety and anger. Your perception of what they think of you and what they think of what you&#39;re saying may be distorted.&#10;&#10;You may feel that listeners are criticizing or judging you. You may feel rejected, inadequate, frustrated, or resentful. Even vulnerable, trapped or isolated. &#10;&#10;It isn&#39;t a good feeling and this can make you hypersensitive so that you are easily hurt or upset. As a result you may be quick to lose your temper or be unable to tolerate criticism. &#10;&#10;It may feel like a battle to express yourself and this can make communication exhausting and very stressful.\\\",\\\"in\\\":1,\\\"time\\\":2,\\\"sound\\\":\\\"\\\"}]}","lite":"0","guid":"a324e7ea-f65f-4f9d-85ec-60157a88c2a2","growth_activity":"0"},{"id":"34496","courseId":"163","type":"15","summary":"Listening to a non-confident speaker","index":"17","json":"{\\\"type\\\":15,\\\"rotator\\\":{\\\"prompt\\\":\\\"Put yourself in the other person&#39;s shoes for a moment. When LISTENING to someone who lacks confidence, you may:\\\",\\\"statements\\\":[{\\\"text\\\":\\\"Find it harder to focus on the information being communicated\\\",\\\"correct\\\":false},{\\\"text\\\":\\\"Find the interactions less satisfying (than with a confident speaker)\\\",\\\"correct\\\":false},{\\\"text\\\":\\\"Be less inclined to give the speaker what he or she wants\\\",\\\"correct\\\":false},{\\\"text\\\":\\\"Feel that the person is less likely to help the organization to succeed\\\",\\\"correct\\\":false},{\\\"text\\\":\\\"All of the above.\\\",\\\"correct\\\":true}],\\\"timer\\\":0,\\\"sound\\\":\\\"\\\"},\\\"feedback\\\":[\\\"Yes, all are correct. When speakers lack confidence, listening to them can provoke negative feelings and impressions. You may find that you are reacting to the person rather than the message being communicating.\\\",\\\"Actually, all are correct. When speakers lack confidence, listening to them can provoke negative feelings and impressions. You may find that you are reacting to the person rather than the message being communicating.\\\"],\\\"score\\\":0,\\\"gems\\\":0}","lite":"0","guid":"3952c50c-2a88-47ea-b6e1-71960cd8e2c5","growth_activity":"0"},{"id":"34497","courseId":"163","type":"14","summary":"Lack of confidence negates both ways","index":"18","json":"{\\\"type\\\":14,\\\"question\\\":{\\\"timer\\\":30,\\\"multiplechoice\\\":true,\\\"answers\\\":[{\\\"correct\\\":false,\\\"text\\\":\\\"We&#39;ll know how to boss others around.\\\",\\\"feedback\\\":\\\"No, this course is not about becoming a manipulator or a tyrant. It is about learning to have confidence when you communicate so that your message is conveyed clearly and with full strength.\\\"},{\\\"correct\\\":false,\\\"text\\\":\\\"We&#39;ll always get people to agree with us.\\\",\\\"feedback\\\":\\\"No, this is not the case. People will hear you clearly and strongly if you communicate with confidence. But that doesn&#39;t mean they&#39;ll agree with you. But it does give you a fair shot.\\\"},{\\\"correct\\\":true,\\\"text\\\":\\\"We won&#39;t stand in the way of our message being heard.\\\",\\\"feedback\\\":\\\"Yes, by learning to communicate confidently, you won&#39;t always get your way or have people do what you want, but it will give you a fairer shot at getting your ideas listened to and taken into consideration.\\\"}],\\\"sound\\\":\\\"\\\",\\\"text\\\":\\\"We now see that for both the speaker and the listener, lack of confidence creates negative feelings. But what is the big payoff if you learn to have confidence when you are communicating?\\\"},\\\"feedback\\\":[\\\"\\\",\\\"\\\"],\\\"score\\\":0,\\\"gems\\\":0}","lite":"0","guid":"9b57cc5c-4fc6-4ac4-b3da-7318b79043a6","growth_activity":"0"},{"id":"34498","courseId":"163","type":"7","summary":"How are you doing?","index":"19","json":"{\\\"type\\\":7,\\\"input\\\":{\\\"type\\\":7,\\\"prompt\\\":\\\"Now that you&#39;re at the end of the third Burst, rate yourself as to how confident a communicator you are and then write about it below.\\\",\\\"locked\\\":false,\\\"text\\\":\\\"\\\",\\\"isNumber\\\":false,\\\"useImages\\\":true,\\\"left\\\":\\\"D6E1301E-963F-5AE3-A145-D188EB88CC33.png\\\",\\\"right\\\":\\\"A822F7BD-04B9-B5C9-19DF-064EA7C96243.png\\\",\\\"ideal\\\":50}}","lite":"0","guid":"7f30de3a-07c4-4d51-bc8b-cccd3a32e7d4","growth_activity":"0"},{"id":"34499","courseId":"163","type":"4","summary":"Without Confidence","index":"20","json":"{\\\"type\\\":7,\\\"input\\\":{\\\"type\\\":7,\\\"prompt\\\":\\\"Now that you&#39;re at the end of the third Burst, rate yourself as to how confident a communicator you are and t below.hen write about it\\\",\\\"locked\\\":false,\\\"text\\\":\\\"\\\",\\\"isNumber\\\":false,\\\"useImages\\\":true,\\\"left\\\":\\\"E2A5F2E3-FD94-C1AF-DF1F-5FA40DB62E4B.png\\\",\\\"right\\\":\\\"3BA8534D-FAC7-1AC3-8A01-1BFDE8D9CA02.png\\\",\\\"ideal\\\":50}}","lite":"0","guid":"e90cc3f8-7785-421a-a8b2-e1176fcee30b","growth_activity":"0"},{"id":"34500","courseId":"163","type":"3","summary":"Review Fun","index":"21","json":"{\\\"type\\\":3,\\\"intro\\\":{\\\"title\\\":\\\"Fun with Review\\\",\\\"description\\\":\\\"Let&#39;s review what we&#39;ve learned so far - and have some fun, too.\\\",\\\"image\\\":\\\"A32A1C4E-9A5D-A17B-C8CC-49ED0D26A231.png\\\",\\\"sound\\\":\\\"220371F9-3413-C3B5-267D-7F83F56C821A.mp3\\\",\\\"volume\\\":50},\\\"unlockscore\\\":\\\"20\\\",\\\"quicklink\\\":false,\\\"quotation\\\":\\\"You can be a confident communicator - just follow along and give it your best.\\\"}","lite":"0","guid":"8efd351a-dc5c-48fd-b1d8-b905f5c6b53e","growth_activity":"0"},{"id":"34501","courseId":"163","type":"18","summary":"Review time","index":"22","json":"{\\\"type\\\":18,\\\"catch\\\":{\\\"prompt\\\":\\\"Catch the words to complete the phrase. Ordered, bonuses, 5 and 5.\\\",\\\"items\\\":[{\\\"isImage\\\":false,\\\"correct\\\":true,\\\"text\\\":\\\"Be confident to\\\",\\\"image\\\":\\\"\\\",\\\"bonus\\\":0,\\\"slot\\\":1},{\\\"isImage\\\":false,\\\"correct\\\":true,\\\"text\\\":\\\"speak freely and\\\",\\\"image\\\":\\\"\\\",\\\"bonus\\\":0,\\\"slot\\\":2},{\\\"isImage\\\":false,\\\"correct\\\":true,\\\"text\\\":\\\"assert yourself so\\\",\\\"image\\\":\\\"\\\",\\\"bonus\\\":0,\\\"slot\\\":3},{\\\"isImage\\\":false,\\\"correct\\\":true,\\\"text\\\":\\\"you can contribute \\\",\\\"image\\\":\\\"\\\",\\\"bonus\\\":0,\\\"slot\\\":4},{\\\"isImage\\\":false,\\\"correct\\\":true,\\\"text\\\":\\\"to your organization.\\\",\\\"image\\\":\\\"\\\",\\\"bonus\\\":0,\\\"slot\\\":5},{\\\"isImage\\\":false,\\\"correct\\\":true,\\\"text\\\":\\\"EXTRA POINTS\\\",\\\"image\\\":\\\"\\\",\\\"bonus\\\":1,\\\"slot\\\":0},{\\\"isImage\\\":false,\\\"correct\\\":true,\\\"text\\\":\\\"EXTRA TIME\\\",\\\"image\\\":\\\"\\\",\\\"bonus\\\":2,\\\"slot\\\":0},{\\\"isImage\\\":false,\\\"correct\\\":false,\\\"text\\\":\\\"Afraid to speak\\\",\\\"image\\\":\\\"\\\",\\\"bonus\\\":0,\\\"slot\\\":0},{\\\"isImage\\\":false,\\\"correct\\\":false,\\\"text\\\":\\\"being judged\\\",\\\"image\\\":\\\"\\\",\\\"bonus\\\":0,\\\"slot\\\":0},{\\\"isImage\\\":false,\\\"correct\\\":false,\\\"text\\\":\\\"lost opportunities\\\",\\\"image\\\":\\\"\\\",\\\"bonus\\\":0,\\\"slot\\\":0}],\\\"ordered\\\":true,\\\"timer\\\":20,\\\"sound\\\":\\\"\\\",\\\"speed\\\":5,\\\"frequency\\\":5},\\\"feedback\\\":[\\\"You got it!\\\",\\\"You didn&#39;t get it!\\\"],\\\"score\\\":0,\\\"gems\\\":0}","lite":"0","guid":"f312f51a-b0ab-4c93-9412-11f56c1b7441","growth_activity":"0"},{"id":"34502","courseId":"163","type":"18","summary":"More fun","index":"23","json":"{\\\"type\\\":18,\\\"catch\\\":{\\\"prompt\\\":\\\"Catch the low confidence items. Speed 10 and Frequency 10. Non-ordered.\\\",\\\"items\\\":[{\\\"isImage\\\":false,\\\"correct\\\":true,\\\"text\\\":\\\"Fear\\\",\\\"image\\\":\\\"\\\",\\\"bonus\\\":0},{\\\"isImage\\\":false,\\\"correct\\\":true,\\\"text\\\":\\\"Anxiety\\\",\\\"image\\\":\\\"\\\",\\\"bonus\\\":0},{\\\"isImage\\\":false,\\\"correct\\\":true,\\\"text\\\":\\\"Criticism\\\",\\\"image\\\":\\\"\\\",\\\"bonus\\\":0},{\\\"isImage\\\":false,\\\"correct\\\":true,\\\"text\\\":\\\"Rejection\\\",\\\"image\\\":\\\"\\\",\\\"bonus\\\":0},{\\\"isImage\\\":false,\\\"correct\\\":false,\\\"text\\\":\\\"Confidence 1\\\",\\\"image\\\":\\\"\\\",\\\"bonus\\\":0},{\\\"isImage\\\":false,\\\"correct\\\":false,\\\"text\\\":\\\"Confidence 2\\\",\\\"image\\\":\\\"\\\",\\\"bonus\\\":0},{\\\"isImage\\\":false,\\\"correct\\\":false,\\\"text\\\":\\\"Confidence 3\\\",\\\"image\\\":\\\"\\\",\\\"bonus\\\":0},{\\\"isImage\\\":false,\\\"correct\\\":false,\\\"text\\\":\\\"Confidence 4\\\",\\\"image\\\":\\\"\\\",\\\"bonus\\\":0}],\\\"ordered\\\":false,\\\"timer\\\":0,\\\"sound\\\":\\\"\\\",\\\"speed\\\":10,\\\"frequency\\\":10},\\\"feedback\\\":[\\\"You pass!\\\",\\\"You fail.\\\"],\\\"score\\\":0,\\\"gems\\\":0}","lite":"0","guid":"628d0b9e-79b2-4cbe-a32b-233be179a07f","growth_activity":"0"},{"id":"34503","courseId":"163","type":"4","summary":"Review Fun","index":"24","json":"{ \\\"type\\\":4}","lite":"0","guid":"c585f3b8-845f-4dfa-baad-4045b48227b3","growth_activity":"0"},{"id":"34504","courseId":"163","type":"3","summary":"Example of Confident Communicator","index":"25","json":"{\\\"type\\\":3,\\\"intro\\\":{\\\"title\\\":\\\"An Example of a Confident Communicator\\\",\\\"description\\\":\\\"Now that we&#39;ve explored how lack of confidence can hurt communications, let&#39;s watch a confident communicator in action.\\\",\\\"image\\\":\\\"\\\",\\\"sound\\\":\\\"\\\",\\\"volume\\\":50},\\\"unlockscore\\\":\\\"20\\\",\\\"quicklink\\\":false,\\\"quotation\\\":\\\"If you&#39;re confident, people listen.\\\"}","lite":"0","guid":"4454ccaf-12ef-4f2d-82dc-699769d1244f","growth_activity":"0"},{"id":"34505","courseId":"163","type":"6","summary":"Conversation Intro","index":"26","json":"{\\\"type\\\":6,\\\"image\\\":\\\"\\\",\\\"presentation\\\":[{\\\"text\\\":\\\"THE CONVERSATION BACKGROUND\\\",\\\"in\\\":0,\\\"time\\\":0,\\\"sound\\\":\\\"\\\"},{\\\"text\\\":\\\"In this conversation, Amrit needs Mario, the stock controller, to provide her with reports earlier than he has been so that she has sufficient time to determine what stock to purchase.\\\",\\\"in\\\":2,\\\"time\\\":2,\\\"sound\\\":\\\"\\\"}]}","lite":"0","guid":"3c3d5213-7349-48f8-921a-ecf885a13a77","growth_activity":"0"},{"id":"34506","courseId":"163","type":"4","summary":"Example of Confident Communicator","index":"27","json":"{ \\\"type\\\":4}","lite":"0","guid":"cc2cd7d3-3fa7-4190-8d5f-9916d79aee19","growth_activity":"0"},{"id":"34507","courseId":"163","type":"3","summary":"Benefits of Confident Communication","index":"28","json":"{\\\"type\\\":3,\\\"intro\\\":{\\\"title\\\":\\\"Benefits of Confident Communication\\\",\\\"description\\\":\\\"In this Burst, you&#39;ll learn the benefits of confident communication including:&#10;   - keeping the discussion focused on the message&#10;   - having more satisfying interactions&#10;   - being more likely to get what you want&#10;- being more able to contribute to your organization\\\",\\\"image\\\":\\\"\\\",\\\"sound\\\":\\\"1A8A8BDE-5FC0-A49F-DD33-D2713B9796D4.mp3\\\",\\\"volume\\\":50},\\\"unlockscore\\\":\\\"20\\\",\\\"quicklink\\\":false,\\\"quotation\\\":\\\"Being a confident communicator can improve your life in so many ways.\\\",\\\"dossier\\\":false}","lite":"0","guid":"b7cf5291-bab9-4b20-87ab-d5fee49a2a9a","growth_activity":"0"},{"id":"34508","courseId":"163","type":"6","summary":"More Focus","index":"29","json":"{\\\"type\\\":6,\\\"image\\\":\\\"\\\",\\\"presentation\\\":[{\\\"text\\\":\\\"MORE FOCUS ON THE CONTENT OF THE COMMUNICATION\\\",\\\"in\\\":1,\\\"time\\\":0,\\\"sound\\\":\\\"\\\"},{\\\"text\\\":\\\"When you are confident you can focus on the message itself and on understanding its meaning accurately, without distortions caused by insecurities. &#10;&#10;This focus on the message is likely to be mirrored by your listeners, too, because they won&#39;t be distracted by insecure communication behaviors on your part. &#10;&#10;The bottom line is: if you&#39;re not worrying about how you will come across, your listeners are less likely to focus on your and will listen to what you have to say.\\\",\\\"in\\\":1,\\\"time\\\":2,\\\"sound\\\":\\\"\\\"}]}","lite":"0","guid":"e1802a91-59e2-419c-8adb-3b8450361b3d","growth_activity":"0"},{"id":"34509","courseId":"163","type":"6","summary":"More satisfying","index":"30","json":"{\\\"type\\\":6,\\\"image\\\":\\\"\\\",\\\"presentation\\\":[{\\\"text\\\":\\\"MORE SATISFYING FOR YOU AND YOUR LISTENERS\\\",\\\"in\\\":1,\\\"time\\\":0,\\\"sound\\\":\\\"\\\"},{\\\"text\\\":\\\"When you&#39;re speaking with confidence, both you and your listeners will be more relaxed and attentive. There is more harmonious communication, building a sense of cooperation towards a shared goal.&#10;&#10;Ultimately, good will is generated and you and your listeners feel more satisfied.\\\",\\\"in\\\":1,\\\"time\\\":2,\\\"sound\\\":\\\"\\\"}]}","lite":"0","guid":"535d549e-af8d-475e-b131-a05e4b97f107","growth_activity":"0"},{"id":"34510","courseId":"163","type":"6","summary":"Get what you want","index":"31","json":"{\\\"type\\\":6,\\\"image\\\":\\\"\\\",\\\"presentation\\\":[{\\\"text\\\":\\\"MORE LIKELY TO GET WHAT YOU WANT\\\",\\\"in\\\":0,\\\"time\\\":0,\\\"sound\\\":\\\"\\\"},{\\\"text\\\":\\\"When you are confident, people are more inclined to respond to you positively. Your confidence enables others to feel more confident, too.&#10;&#10;This means they are paying more attention to what you are saying, so your message is clearer and has more influence over your listeners. &#10;&#10;This results in more favorable responses to your suggestions.\\\",\\\"in\\\":0,\\\"time\\\":0,\\\"sound\\\":\\\"\\\"}]}","lite":"0","guid":"a16aeeec-7a91-4c6b-937b-2c9563554ba3","growth_activity":"0"},{"id":"34511","courseId":"163","type":"6","summary":"Contribute more","index":"32","json":"{\\\"type\\\":6,\\\"image\\\":\\\"\\\",\\\"presentation\\\":[{\\\"text\\\":\\\"CONTRIBUTE MORE TO THE SUCCESS OF YOUR ORGANIZATION\\\",\\\"in\\\":1,\\\"time\\\":0,\\\"sound\\\":\\\"\\\"},{\\\"text\\\":\\\"Being confident results in fewer misunderstandings when communicating with colleagues, customers and other parties. This preempts many problems and can significantly increase the efficiency and effectiveness of your organization.&#10;&#10;Additionally, being confident can give you more influence over customers and suppliers, who&#39;ll sense a cooperative attitude. They are then more likely to want to continue doing business with your organization.\\\",\\\"in\\\":1,\\\"time\\\":2,\\\"sound\\\":\\\"\\\"}]}","lite":"0","guid":"bbf48279-2fc7-4c21-838e-5e61a6b8c75d","growth_activity":"0"},{"id":"34512","courseId":"163","type":"14","summary":"Your insecurities","index":"33","json":"{\\\"type\\\":14,\\\"question\\\":{\\\"timer\\\":15,\\\"multiplechoice\\\":true,\\\"answers\\\":[{\\\"correct\\\":true,\\\"text\\\":\\\"Your insecurities.\\\",\\\"feedback\\\":\\\"Yes, that is the correct answer.\\\"},{\\\"correct\\\":false,\\\"text\\\":\\\"Your enthusiasm.\\\",\\\"feedback\\\":\\\"That is incorrect. The correct answer is Your Insecurities.\\\"},{\\\"correct\\\":false,\\\"text\\\":\\\"A bad connection.\\\",\\\"feedback\\\":\\\"That is incorrect. The correct answer is Your Insecurities.\\\"}],\\\"sound\\\":\\\"\\\",\\\"text\\\":\\\"When you are not confident, your message can get distorted by:\\\"},\\\"feedback\\\":[\\\"\\\",\\\"\\\"],\\\"score\\\":0,\\\"gems\\\":0}","lite":"0","guid":"260adbfd-d920-457e-a76d-fc09be35b58e","growth_activity":"0"},{"id":"34513","courseId":"163","type":"14","summary":"More influence","index":"34","json":"{\\\"type\\\":14,\\\"question\\\":{\\\"timer\\\":15,\\\"multiplechoice\\\":true,\\\"answers\\\":[{\\\"correct\\\":true,\\\"text\\\":\\\"more influence over your customers and suppliers.\\\",\\\"feedback\\\":\\\"Yes, if you are confident, you can influence people more.\\\"},{\\\"correct\\\":false,\\\"text\\\":\\\"the ability to push people around.\\\",\\\"feedback\\\":\\\"That is incorrect. You can&#39;t push people around, but you are more likely to influence their choices.\\\"},{\\\"correct\\\":false,\\\"text\\\":\\\"the power to fire people.\\\",\\\"feedback\\\":\\\"People both with and without confidence have the power to make staff decisions, but if you are confident, you are more likely to make better choices.\\\"}],\\\"sound\\\":\\\"\\\",\\\"text\\\":\\\"Being confident in your communications gives you:\\\"},\\\"feedback\\\":[\\\"\\\",\\\"\\\"],\\\"score\\\":0,\\\"gems\\\":0}","lite":"0","guid":"5ce9317d-f7b4-4f31-b2a6-4e829b8dd9b3","growth_activity":"0"},{"id":"34514","courseId":"163","type":"14","summary":"Good will generated","index":"35","json":"{\\\"type\\\":14,\\\"question\\\":{\\\"timer\\\":15,\\\"multiplechoice\\\":true,\\\"answers\\\":[{\\\"correct\\\":true,\\\"text\\\":\\\"more good will is generated.\\\",\\\"feedback\\\":\\\"Yes, if you and your listeners are in harmony, more good will is generated and this can lead to many potential positive outcomes.\\\"},{\\\"correct\\\":false,\\\"text\\\":\\\"you will all break out into song and dance.\\\",\\\"feedback\\\":\\\"This is incorrect. Rather, good will is generated. Then again, when all are in harmony your actions can become like a well choreographed dance.\\\"},{\\\"correct\\\":false,\\\"text\\\":\\\"they will start to question your intention.\\\",\\\"feedback\\\":\\\"This is incorrect. When you speak without confidence, people may be confused and question your intentions. But speaking with confidence will usually generate good will.\\\"}],\\\"sound\\\":\\\"\\\",\\\"text\\\":\\\"Ultimately, if you are speaking with confidence, both you and your listeners will be more in harmony and...\\\"},\\\"feedback\\\":[\\\"\\\",\\\"\\\"],\\\"score\\\":0,\\\"gems\\\":0}","lite":"0","guid":"58bd778a-8a38-48e3-963c-109eabde2d03","growth_activity":"0"},{"id":"34515","courseId":"163","type":"14","summary":"Which one is true?","index":"36","json":"{\\\"type\\\":14,\\\"question\\\":{\\\"timer\\\":15,\\\"multiplechoice\\\":true,\\\"answers\\\":[{\\\"correct\\\":false,\\\"text\\\":\\\"Being confident results in more misunderstanding and confusion.\\\",\\\"feedback\\\":\\\"This is incorrect. Being confident surely results in fewer misunderstandings.\\\"},{\\\"correct\\\":true,\\\"text\\\":\\\"Being confident will allow your message to come across more clearly.\\\",\\\"feedback\\\":\\\"This is true and this is perhaps the most important point: if you want your message to be heard, you must build confidence so you can get out of the way of the listener.\\\"},{\\\"correct\\\":false,\\\"text\\\":\\\"Being confident will breed suspicion and fear.\\\",\\\"feedback\\\":\\\"This is incorrect. Suspicion and fear are symptoms of lack of confidence.\\\"}],\\\"sound\\\":\\\"\\\",\\\"text\\\":\\\"Which of the following statements is true?\\\"},\\\"feedback\\\":[\\\"\\\",\\\"\\\"],\\\"score\\\":0,\\\"gems\\\":0}","lite":"0","guid":"58948b68-06ef-43ae-9914-b6f94bea8025","growth_activity":"0"},{"id":"34516","courseId":"163","type":"14","summary":"Awkward situations","index":"37","json":"{\\\"type\\\":14,\\\"question\\\":{\\\"timer\\\":15,\\\"multiplechoice\\\":true,\\\"answers\\\":[{\\\"correct\\\":false,\\\"text\\\":\\\"You&#39;ll avoid awkward situations.\\\",\\\"feedback\\\":\\\"This is incorrect. Being confident doesn&#39;t prevent awkward situations from occurring. However, you may be able to deal with those situations with more grace when you&#39;re confident.\\\"},{\\\"correct\\\":false,\\\"text\\\":\\\"You&#39;ll be able to dominate conversations.\\\",\\\"feedback\\\":\\\"This is incorrect. People who tend to dominate in conversations often suffer from poor confidence. And failing to listen can lead to damaging breakdowns in communication.\\\"},{\\\"correct\\\":true,\\\"text\\\":\\\"You&#39;ll contribute more to the success of your organization. \\\",\\\"feedback\\\":\\\"This is correct. Confidence enables good communication in most contexts, and good communication ensures things get done more effectively and efficiently in an organization.\\\"}],\\\"sound\\\":\\\"\\\",\\\"text\\\":\\\"One advantage of communicating with confidence is:\\\"},\\\"feedback\\\":[\\\"\\\",\\\"\\\"],\\\"score\\\":0,\\\"gems\\\":0}","lite":"0","guid":"4cb5056c-2e0e-4ec9-a195-8f340f837102","growth_activity":"0"},{"id":"34517","courseId":"163","type":"7","summary":"How are you doing?","index":"38","json":"{\\\"type\\\":7,\\\"input\\\":{\\\"type\\\":7,\\\"prompt\\\":\\\"Now that you&#39;re at the end of the sixth Burst, rate yourself as to how confident a communicator you are and t below.hen write about it\\\",\\\"locked\\\":false,\\\"text\\\":\\\"\\\",\\\"isNumber\\\":false,\\\"useImages\\\":true,\\\"left\\\":\\\"2A4304AB-FCEC-2C0A-9924-2D65035A4A84.png\\\",\\\"right\\\":\\\"D117AF87-574A-B5FA-79EF-C884A05D1696.png\\\",\\\"ideal\\\":50}}","lite":"0","guid":"bc5d510e-9b74-4e97-adfa-a7bb7d31846b","growth_activity":"0"},{"id":"34518","courseId":"163","type":"4","summary":"Benefits of Confident Communication","index":"39","json":"{ \\\"type\\\":4}","lite":"0","guid":"9f5e62e1-ebb2-4f9c-9c98-4387256f0c62","growth_activity":"0"},{"id":"34519","courseId":"163","type":"3","summary":"Factors that affect your confidence","index":"40","json":"{\\\"type\\\":3,\\\"intro\\\":{\\\"title\\\":\\\"Factors that affect your confidence.\\\",\\\"description\\\":\\\"In this Burst, you&#39;ll learn about factors that affect your confidence including:&#10;- Fear&#10;- How your listeners feel about you&#10;- How you&#39;ve communicated in the past&#10;- How you carry yourself while communicating \\\",\\\"image\\\":\\\"\\\",\\\"sound\\\":\\\"\\\",\\\"volume\\\":50},\\\"unlockscore\\\":\\\"20\\\",\\\"quicklink\\\":false,\\\"quotation\\\":\\\"\\\",\\\"dossier\\\":false}","lite":"0","guid":"cdbd7ddd-7a40-47e8-a913-e795ad610040","growth_activity":"0"},{"id":"34520","courseId":"163","type":"9","summary":"Some factors","index":"41","json":"{\\\"type\\\":9,\\\"wordfill\\\":{\\\"text\\\":\\\"&#34;You are always correct. Just tell me what to do.&#34; ##2##         &#34;I don&#39;t care what you think. This is what I want!&#34; ##1##   &#34;Whatever, it doesn&#39;t really matter to me.&#34; ##3##\\\",\\\"prompt\\\":\\\"Fear can very negatively affect your communication behavior. Drag the correct behavior to each example.\\\",\\\"sound\\\":\\\"\\\",\\\"words\\\":[\\\"Domineering\\\",\\\"Submissive\\\",\\\"Uncaring\\\",\\\"Honesty\\\"],\\\"timer\\\":60},\\\"feedback\\\":[\\\"The bottom line is this: in whatever way poor confidence manifests, the root cause is usually fear. A speaker who lacks confidence is most likely afraid.\\\",\\\"The bottom line is this: in whatever way poor confidence manifests, the root cause is usually fear. A speaker who lacks confidence is most likely afraid.\\\"],\\\"score\\\":0,\\\"gems\\\":0}","lite":"0","guid":"f3adda43-74b6-44ab-90d5-9c8dc5ef0d47","growth_activity":"0"},{"id":"34521","courseId":"163","type":"6","summary":"More Factors presented","index":"42","json":"{\\\"type\\\":6,\\\"image\\\":\\\"\\\",\\\"presentation\\\":[{\\\"text\\\":\\\"STUDY THIS INFORMATION\\\",\\\"in\\\":1,\\\"time\\\":1,\\\"sound\\\":\\\"\\\"},{\\\"text\\\":\\\"There are many situational and personal factors that affect your level of confidence when communicating. These vary from situation to situation and person to person.nnFor example, you may not feel confident because you are new to your position and feel unprepared. And you don&#39;t know how to ask for help.nnAmong the main factors that affect most people&#39;s confidence are how listeners feel about the speaker, the communication history of the speaker, and how the speaker carries him or herself during the communication.\\\",\\\"in\\\":1,\\\"time\\\":2,\\\"sound\\\":\\\"\\\"}]}","lite":"0","guid":"95514ae1-8c5f-4eb7-95ef-8a0f1fcfc757","growth_activity":"0"},{"id":"34522","courseId":"163","type":"8","summary":"More factors","index":"43","json":"{\\\"type\\\":8,\\\"statement\\\":{\\\"prompt\\\":\\\"Hidden below are three factors that will affect your confidence when speaking. You have 60 seconds to find them.\\\",\\\"wrong\\\":\\\"when someone\\\",\\\"statements\\\":[\\\"How the|listeners are|feeling|about you\\\",\\\"How you have|communicated|in the past\\\",\\\"How you|carry yourself|during  the|communication\\\"],\\\"ordered\\\":true,\\\"timer\\\":60,\\\"sound\\\":\\\"\\\"},\\\"feedback\\\":[\\\"You found them all! Your confidence when speaking is affected by many factors that have to do with you, the people you&#39;re speaking with and what has happened in the past.\\\",\\\"You didn&#39;t find them all. Why not touch Back and review the material, then try again. It&#39;s important to grasp the main factors that will affect your confidence when communicating.\\\"],\\\"score\\\":0,\\\"gems\\\":0}","lite":"0","guid":"43443c0b-61df-4afb-9fc3-77fcadbd29d0","growth_activity":"0"},{"id":"34523","courseId":"163","type":"7","summary":"How are you doing?","index":"44","json":"{\\\"type\\\":7,\\\"input\\\":{\\\"type\\\":7,\\\"prompt\\\":\\\"Now that you&#39;re at the end of the seventh Burst, rate yourself as to how confident a communicator you are and then write about it below.\\\",\\\"locked\\\":false,\\\"text\\\":\\\"\\\",\\\"isNumber\\\":false,\\\"useImages\\\":true,\\\"left\\\":\\\"01B75241-56FD-1A76-0225-67561F0CEBD5.png\\\",\\\"right\\\":\\\"31B27D37-7982-44FB-805E-3992C7CB710B.png\\\",\\\"ideal\\\":50}}","lite":"0","guid":"b51a32df-5d53-45c0-b986-6078e4bc5b29","growth_activity":"0"},{"id":"34524","courseId":"163","type":"4","summary":"Factors that can affect your level of confidence","index":"45","json":"{ \\\"type\\\":4}","lite":"0","guid":"3258d4c4-002d-4ea5-9d9d-aba2d51e73c7","growth_activity":"0"},{"id":"34525","courseId":"163","type":"3","summary":"Speaking Confidently: Key Elements","index":"46","json":"{\\\"type\\\":3,\\\"intro\\\":{\\\"title\\\":\\\"Speaking Confidently: Key Elements\\\",\\\"description\\\":\\\"In this Burst, you&#39;ll learn about the three key elements of confident communications:&#10;   - Trust&#10;   - Credibility&#10;   - Confident Behavior when communicating\\\",\\\"image\\\":\\\"\\\",\\\"sound\\\":\\\"\\\",\\\"volume\\\":50},\\\"unlockscore\\\":\\\"20\\\",\\\"quicklink\\\":false,\\\"quotation\\\":\\\"\\\"}","lite":"0","guid":"c10739d9-c46a-4dc9-a2a6-8b3f60031c78","growth_activity":"0"},{"id":"34526","courseId":"163","type":"6","summary":"Elements that Enable Conf Comm","index":"47","json":"{\\\"type\\\":6,\\\"image\\\":\\\"\\\",\\\"presentation\\\":[{\\\"text\\\":\\\"THREE ELEMENTS THAT ENABLE CONFIDENCE\\\",\\\"in\\\":1,\\\"time\\\":1,\\\"sound\\\":\\\"\\\"},{\\\"text\\\":\\\"So far in this course, we&#39;ve discussed how lack of confidence can impede your progress towards your goals and how confident communications can help you move forward in many areas of your life.\\\",\\\"in\\\":1,\\\"time\\\":2,\\\"sound\\\":\\\"\\\"},{\\\"text\\\":\\\"We&#39;ve determined that the main factors that affect your confidence are how others feel about you, how you&#39;ve communicated in the past and how you behave during your communications.\\\",\\\"in\\\":1,\\\"time\\\":2,\\\"sound\\\":\\\"\\\"},{\\\"text\\\":\\\"But now we&#39;re going to reveal the three main elements that experts have identified that enable confident communications: trust, credibility and confident behavior.\\\",\\\"in\\\":1,\\\"time\\\":2,\\\"sound\\\":\\\"\\\"}]}","lite":"0","guid":"746a25f2-3c1c-4842-b766-05f488fa0caf","growth_activity":"0"},{"id":"34527","courseId":"163","type":"6","summary":"Trust Detail","index":"48","json":"{\\\"type\\\":6,\\\"image\\\":\\\"\\\",\\\"presentation\\\":[{\\\"text\\\":\\\"TRUST\\\",\\\"in\\\":1,\\\"time\\\":1,\\\"sound\\\":\\\"\\\"},{\\\"text\\\":\\\"Trust is the feeling that others have good intentions towards you and that they openly and honestly share information. nnWhen there is trust, you and the other person are both open to feedback and able to admit shortcomings.nnThis openness enables others to feel safer because their views are being taken into account. And when you know you&#39;re being trusted by others, your confidence grows.\\\",\\\"in\\\":1,\\\"time\\\":2,\\\"sound\\\":\\\"\\\"}]}","lite":"0","guid":"48bd4c55-ec06-4dd0-841f-581046c43f69","growth_activity":"0"},{"id":"34528","courseId":"163","type":"6","summary":"Credibility Detail","index":"49","json":"{\\\"type\\\":6,\\\"image\\\":\\\"\\\",\\\"presentation\\\":[{\\\"text\\\":\\\"CREDIBILITY\\\",\\\"in\\\":1,\\\"time\\\":1,\\\"sound\\\":\\\"\\\"},{\\\"text\\\":\\\"When you have credibility, you are being convincing and believable to others. Listeners decide whether a speaker is credible based on assessments of the speaker&#39;s motives, knowledge and truthfulness. If you keep your word, then others believe what you say, and you gain confidence. And if you are accurate in what you say, it adds greatly to your credibility. \\\",\\\"in\\\":1,\\\"time\\\":2,\\\"sound\\\":\\\"\\\"}]}","lite":"0","guid":"740cfcc9-5e18-4848-9ca8-284c8994a3c8","growth_activity":"0"},{"id":"34529","courseId":"163","type":"6","summary":"Conf Beh Detail","index":"50","json":"{\\\"type\\\":6,\\\"image\\\":\\\"\\\",\\\"presentation\\\":[{\\\"text\\\":\\\"CONFIDENT BEHAVIOR\\\",\\\"in\\\":1,\\\"time\\\":1,\\\"sound\\\":\\\"\\\"},{\\\"text\\\":\\\"Open and relaxed body language, good posture, appropriate eye contact and clear speaking all examples of confident behavior. Others feel more comfortable around you when you behave confidently.&#10;&#10;And when you behave in this way it actually fosters a genuine feeling of confidence on your part. &#10;&#10;Fake it till you make it! It really works.\\\",\\\"in\\\":1,\\\"time\\\":2,\\\"sound\\\":\\\"\\\"}]}","lite":"0","guid":"022c480c-30c7-4c20-99d4-2808011a3bee","growth_activity":"0"},{"id":"34530","courseId":"163","type":"14","summary":"Trust, Cred, Conf 1","index":"51","json":"{\\\"type\\\":14,\\\"question\\\":{\\\"timer\\\":10,\\\"multiplechoice\\\":true,\\\"answers\\\":[{\\\"correct\\\":true,\\\"text\\\":\\\"Trust\\\",\\\"feedback\\\":\\\"Yes, this is correct. Trust is the feeling that someone else has good intentions and shares information freely. Trust is the cornerstone of confident communications.\\\"},{\\\"correct\\\":false,\\\"text\\\":\\\"Credibility\\\",\\\"feedback\\\":\\\"No, this is incorrect. The correct answer is trust.\\\"},{\\\"correct\\\":false,\\\"text\\\":\\\"Confident Behavior\\\",\\\"feedback\\\":\\\"No, this is incorrect. The correct answer is trust.\\\"}],\\\"sound\\\":\\\"\\\",\\\"text\\\":\\\"This can be defined as the feeling that you have that another person has good intentions and shares information openly and honestly with you.\\\"},\\\"feedback\\\":[\\\"\\\",\\\"\\\"],\\\"score\\\":\\\"10\\\",\\\"gems\\\":0}","lite":"0","guid":"0d559a84-a6cd-4b2d-a83b-4fc6c5e72c93","growth_activity":"0"},{"id":"34531","courseId":"163","type":"14","summary":"Trust, Cred, Conf 2","index":"52","json":"{\\\"type\\\":14,\\\"question\\\":{\\\"timer\\\":10,\\\"multiplechoice\\\":true,\\\"answers\\\":[{\\\"correct\\\":false,\\\"text\\\":\\\"Trust\\\",\\\"feedback\\\":\\\"No, this incorrect. The correct answer is credibility.\\\"},{\\\"correct\\\":true,\\\"text\\\":\\\"Credibility\\\",\\\"feedback\\\":\\\"Yes, this is correct, when you are credible you are convincing and believable to others.\\\"},{\\\"correct\\\":false,\\\"text\\\":\\\"Confident Behavior\\\",\\\"feedback\\\":\\\"No, this incorrect. The correct answer is credibility.\\\"}],\\\"sound\\\":\\\"\\\",\\\"text\\\":\\\"This can be defined as being convincing or believable to others. \\\"},\\\"feedback\\\":[\\\"\\\",\\\"\\\"],\\\"score\\\":\\\"10\\\",\\\"gems\\\":0}","lite":"0","guid":"cfbb87ad-d1f8-4d1c-858d-8b5fc6ad5fbf","growth_activity":"0"},{"id":"34532","courseId":"163","type":"14","summary":"Trust, Cred, Conf 3","index":"53","json":"{\\\"type\\\":14,\\\"question\\\":{\\\"timer\\\":10,\\\"multiplechoice\\\":true,\\\"answers\\\":[{\\\"correct\\\":false,\\\"text\\\":\\\"Trust\\\",\\\"feedback\\\":\\\"No, this incorrect. The correct answer is confident behavior.\\\"},{\\\"correct\\\":false,\\\"text\\\":\\\"Credibility\\\",\\\"feedback\\\":\\\"No, this incorrect. The correct answer is confident behavior.\\\"},{\\\"correct\\\":true,\\\"text\\\":\\\"Confident Behavior\\\",\\\"feedback\\\":\\\"Yes, this is correct. We&#39;ll talk more about confident behaviors later, but for now consider this: if you&#39;re confident, you&#39;ll be open, relaxed, and speaking clearly because you believe in yourself and in your message.\\\"}],\\\"sound\\\":\\\"\\\",\\\"text\\\":\\\"This includes open and relaxed body language, good posture, appropriate eye contact and clear speaking.\\\"},\\\"feedback\\\":[\\\"\\\",\\\"\\\"],\\\"score\\\":\\\"10\\\",\\\"gems\\\":0}","lite":"0","guid":"7f58a5ab-fc4a-4456-a20c-522344122456","growth_activity":"0"},{"id":"34533","courseId":"163","type":"7","summary":"Trust slider text","index":"54","json":"{\\\"type\\\":7,\\\"input\\\":{\\\"type\\\":7,\\\"prompt\\\":\\\"TRUST: In general, when you communicate with others, do you feel a weak or a strong sense of trust? Adjust the slider and write your thoughts below.\\\",\\\"locked\\\":false,\\\"text\\\":\\\"\\\",\\\"isNumber\\\":false,\\\"useImages\\\":false,\\\"left\\\":\\\"Weak\\\",\\\"right\\\":\\\"Strong\\\",\\\"ideal\\\":50}}","lite":"0","guid":"61fa0395-f03f-44c8-ab2a-f3b2ef9ae772","growth_activity":"0"},{"id":"34534","courseId":"163","type":"7","summary":"Credibility slider text","index":"55","json":"{\\\"type\\\":7,\\\"input\\\":{\\\"type\\\":7,\\\"prompt\\\":\\\"CREDIBILITY: In general, when you communicate with others, do you feel your project a weak or a strong sense of credibility? Adjust the slider and write your thoughts below.\\\",\\\"locked\\\":false,\\\"text\\\":\\\"\\\",\\\"isNumber\\\":false,\\\"useImages\\\":false,\\\"left\\\":\\\"Weak\\\",\\\"right\\\":\\\"Strong\\\",\\\"ideal\\\":50}}","lite":"0","guid":"31b69851-ca8a-4654-948e-1e28eb36a8a1","growth_activity":"0"},{"id":"34535","courseId":"163","type":"7","summary":"Confident Behavior slider text","index":"56","json":"{\\\"type\\\":7,\\\"input\\\":{\\\"type\\\":7,\\\"prompt\\\":\\\"CONFIDENT BEHAVIOR: In general, when you communicate with others, do you feel your behavior projects a weak or a strong sense of confidence? Adjust the slider and write your thoughts below.\\\",\\\"locked\\\":false,\\\"text\\\":\\\"\\\",\\\"isNumber\\\":false,\\\"useImages\\\":false,\\\"left\\\":\\\"Weak\\\",\\\"right\\\":\\\"Strong\\\",\\\"ideal\\\":50}}","lite":"0","guid":"eb6dc362-c369-49e1-a1a0-393b287e3ab4","growth_activity":"0"},{"id":"34536","courseId":"163","type":"9","summary":"Trust, Cred, Conf","index":"57","json":"{\\\"type\\\":9,\\\"wordfill\\\":{\\\"text\\\":\\\"You are open to feedback and and admit your shortcomings. ##2##       &#10;You consistently keep your promises and honor your commitments. ##3##                     &#10;Your actions and mannerisms reflect a sense of confidence. ##1##\\\",\\\"prompt\\\":\\\"Drag the element to the correct example.\\\",\\\"sound\\\":\\\"\\\",\\\"words\\\":[\\\"Confident Behavior\\\",\\\"Trust\\\",\\\"Credibility\\\"],\\\"timer\\\":20},\\\"feedback\\\":[\\\"\\\",\\\"\\\"],\\\"score\\\":\\\"30\\\",\\\"gems\\\":\\\"1\\\"}","lite":"0","guid":"33c49210-3a0b-4b5a-aad7-d064b4eaf524","growth_activity":"0"},{"id":"34537","courseId":"163","type":"4","summary":"Trust, Credibility, Confident Behavior","index":"58","json":"{ \\\"type\\\":4}","lite":"0","guid":"5872a972-ab0d-4988-ac0f-8de016239d5e","growth_activity":"0"},{"id":"34538","courseId":"163","type":"3","summary":"Trust and Credibility - I and You","index":"59","json":"{\\\"type\\\":3,\\\"intro\\\":{\\\"title\\\":\\\"Trust and Credibility - I and You\\\",\\\"description\\\":\\\"In this Burst, you&#39;ll learn:&#10;- the important distinction between trust and credibility\\\",\\\"image\\\":\\\"\\\",\\\"sound\\\":\\\"\\\",\\\"volume\\\":50},\\\"unlockscore\\\":\\\"20\\\",\\\"quicklink\\\":false,\\\"quotation\\\":\\\"\\\"}","lite":"0","guid":"ad581c16-0701-457a-a1a8-87fe2773a6df","growth_activity":"0"},{"id":"34539","courseId":"163","type":"13","summary":"Trust or Credibility?","index":"60","json":"{\\\"type\\\":13,\\\"thisthat\\\":{\\\"questions\\\":[{\\\"text\\\":\\\"Can you figure it out? Which is which?&#10;&#10;More objective, rational and fact-based.\\\",\\\"correct\\\":\\\"Trust\\\",\\\"wrong\\\":\\\"Credibility\\\",\\\"value\\\":false,\\\"feedback\\\":[\\\"This is correct. Credibility is more objective, rational and fact-based, whereas trust is more inherent and subjective.\\\",\\\"This is incorrect. Credibility is more objective, rational and fact-based, whereas trust is more inherent and subjective.\\\"]},{\\\"text\\\":\\\"Your bookkeeper&#39;s (trust or credibility?) is based on her training and work experience and her history of honest and accurate communication.\\\",\\\"correct\\\":\\\"Trust\\\",\\\"wrong\\\":\\\"Credibility\\\",\\\"value\\\":false,\\\"feedback\\\":[\\\"That is correct. Her credibility is based on those historical and fact-based conditions. On the other hand, you may trust the bookkeeper but it is based on a subjective judgment on your part.\\\",\\\"This is incorrect. Her credibility is based on those historical and fact-based conditions. On the other hand, you may trust the bookkeeper but it is based on a subjective judgment on your part.\\\"]},{\\\"text\\\":\\\"One of the two resides within the recipient as opposed to belonging to the speaker.\\\",\\\"correct\\\":\\\"Trust\\\",\\\"wrong\\\":\\\"Credibility\\\",\\\"value\\\":true,\\\"feedback\\\":[\\\"Yes, trust resides within the recipient, whereas credibility belongs to the speaker. In other words, I trust you because you are credible to me. Trust and credibility are closely related concepts, but they are not identical.\\\",\\\"That is incorrect. Trust resides within the recipient, whereas credibility belongs to the speaker. In other words, I trust you because you are credible to me. Trust and credibility are closely related concepts, but not identical.\\\"]},{\\\"text\\\":\\\"The recipient listens to the speaker and thinks: I have (trust or credibility) in you?\\\",\\\"correct\\\":\\\"Trust\\\",\\\"wrong\\\":\\\"Credibility\\\",\\\"value\\\":true,\\\"feedback\\\":[\\\"Yes, the recipient thinks &#34;I have trust in you because you have credibility.&#34;\\\",\\\"That is incorrect. The recipient thinks &#34;I have trust in you because you have credibility.&#34;\\\"]}],\\\"timer\\\":30,\\\"noscore\\\":false},\\\"feedback\\\":[\\\"\\\",\\\"\\\"],\\\"score\\\":\\\"80\\\",\\\"gems\\\":\\\"1\\\"}","lite":"0","guid":"1a4d4b95-9c3b-4441-b69a-d8f272cd41be","growth_activity":"0"},{"id":"34540","courseId":"163","type":"4","summary":"Trust and Credibility - I and You","index":"61","json":"{ \\\"type\\\":4}","lite":"0","guid":"3d815dba-48a2-4bad-9620-ff03ed292604","growth_activity":"0"},{"id":"34541","courseId":"163","type":"3","summary":"All three elements in place","index":"62","json":"{\\\"type\\\":3,\\\"intro\\\":{\\\"title\\\":\\\"All three elements\\\",\\\"description\\\":\\\"In this Burst, you&#39;ll learn:&#10;   - that all three elements must be in place&#10;   - that if any one is missing, confident communication will not occur&#10;   - how to spot the various elements of confident communication\\\",\\\"image\\\":\\\"\\\",\\\"sound\\\":\\\"\\\",\\\"volume\\\":50},\\\"unlockscore\\\":\\\"20\\\",\\\"quicklink\\\":false,\\\"quotation\\\":\\\"\\\"}","lite":"0","guid":"7ef250b2-d561-42e7-bfbf-75d6defc51ce","growth_activity":"0"},{"id":"34542","courseId":"163","type":"6","summary":"None can be missing","index":"63","json":"{\\\"type\\\":6,\\\"image\\\":\\\"\\\",\\\"presentation\\\":[{\\\"text\\\":\\\"ALL THREE ELEMENTS MUST BE PRESENT\\\",\\\"in\\\":1,\\\"time\\\":1,\\\"sound\\\":\\\"\\\"},{\\\"text\\\":\\\"To create confident communications, you need all three elements in place: Trust, Credibility, and Confident Behavior. If any one is missing, it will not work.&#10;&#10;For example, if credibility is missing, your confidence will be eroded and you will not effectively communicate your message.&#10;&#10;Or, if you lack the trust of your audience, you cannot communicate with them effectively just by behaving - or trying to behave - confidently.&#10;&#10;It&#39;s also not possible to achieve credibility in an environment of mistrust, or vice versa.\\\",\\\"in\\\":1,\\\"time\\\":2,\\\"sound\\\":\\\"\\\"}]}","lite":"0","guid":"f43a5289-f1c9-4bb6-be13-54a7a3b3ede7","growth_activity":"0"},{"id":"34543","courseId":"163","type":"12","summary":"What element is missing?","index":"64","json":"{\\\"type\\\":12,\\\"orderitems\\\":{\\\"slots\\\":[\\\"Start of statement\\\",\\\"\\\",\\\"\\\",\\\"\\\",\\\"\\\",\\\"end of statement\\\"],\\\"items\\\":[{\\\"text\\\":\\\"Missing were\\\",\\\"slot\\\":1},{\\\"text\\\":\\\"trust and\\\",\\\"slot\\\":2},{\\\"text\\\":\\\"credibility\\\",\\\"slot\\\":3},{\\\"text\\\":\\\"even though\\\",\\\"slot\\\":4},{\\\"text\\\":\\\"confident behavior \\\",\\\"slot\\\":5},{\\\"text\\\":\\\"was present\\\",\\\"slot\\\":6}],\\\"ordered\\\":true,\\\"timer\\\":30,\\\"sound\\\":\\\"\\\",\\\"prompt\\\":\\\"Mary was listening to a speaker who was dressed sharply and made good eye contact. But people knew him to exaggerate and not live up to his word. Build the appropriate statement below.\\\"},\\\"feedback\\\":[\\\"You got it. This slick dude couldn&#39;t overcome his past behavior and so there was no trust in him and act as confident as he could he did not have credibility.\\\",\\\"Oh, you didn&#39;t get it.\\\"],\\\"score\\\":\\\"60\\\",\\\"gems\\\":\\\"1\\\"}","lite":"0","guid":"4c61e477-d189-4727-93b8-98130b7dad2b","growth_activity":"0"},{"id":"34544","courseId":"163","type":"12","summary":"What element is missing?","index":"65","json":"{\\\"type\\\":12,\\\"orderitems\\\":{\\\"slots\\\":[\\\"Start of statement\\\",\\\"\\\",\\\"\\\",\\\"\\\",\\\"\\\",\\\"end of statement\\\"],\\\"items\\\":[{\\\"text\\\":\\\"Lack of \\\",\\\"slot\\\":1},{\\\"text\\\":\\\"confident behavior\\\",\\\"slot\\\":2},{\\\"text\\\":\\\"undermined\\\",\\\"slot\\\":3},{\\\"text\\\":\\\"this woman&#39;s\\\",\\\"slot\\\":4},{\\\"text\\\":\\\"credibility\\\",\\\"slot\\\":5},{\\\"text\\\":\\\"and trust\\\",\\\"slot\\\":6}],\\\"ordered\\\":true,\\\"timer\\\":30,\\\"sound\\\":\\\"\\\",\\\"prompt\\\":\\\"Mary was listening to a speaker who fidgeted and closed her eyes when she talked. Mary had heard good things about her, but she had trouble believing her words. Build the correct statement below.\\\"},\\\"feedback\\\":[\\\"You got it. This slick dude couldn&#39;t overcome his past behavior and so there was no trust in him and act as confident as he could he did not have credibility.\\\",\\\"Oh, you didn&#39;t get it.\\\"],\\\"score\\\":\\\"60\\\",\\\"gems\\\":\\\"1\\\"}","lite":"0","guid":"32b4d492-1164-4c9d-bf47-685858701d87","growth_activity":"0"},{"id":"34545","courseId":"163","type":"13","summary":"Element or not?","index":"66","json":"{\\\"type\\\":13,\\\"thisthat\\\":{\\\"questions\\\":[{\\\"text\\\":\\\"Is this an example of one of the three essential elements of confident communication: Making only commitments you can fulfill.\\\",\\\"correct\\\":\\\"Element\\\",\\\"wrong\\\":\\\"Not Element\\\",\\\"value\\\":true,\\\"feedback\\\":[\\\"That&#39;s correct. If you speak and act with integrity, your words will be regarded as credible - and credibility is one of the essential elements of confident communication.\\\",\\\"That&#39;s incorrect. If you speak and act with integrity, your words will be regarded as credible - and credibility is one of the essential elements of confident communication.\\\"]},{\\\"text\\\":\\\"Is this an example of one of the three essential elements of confident communication:&#10;&#10;Making only statements you know other people agree with.&#10;\\\",\\\"correct\\\":\\\"Element\\\",\\\"wrong\\\":\\\"Not Element\\\",\\\"value\\\":false,\\\"feedback\\\":[\\\"Yes, not an element. If you say only what you know others already agree with, people will realize your statements aren&#39;t being mad with the purpose of contributing new information. They&#39;ll trust you less and see you as less credible.\\\",\\\"Not an element. If you say only what you know others already agree with, people will realize your statements aren&#39;t being mad with the purpose of contributing new information. So they&#39;ll trust you less and see you as less credible.\\\"]},{\\\"text\\\":\\\"Is this an example of one of the three essential elements of confident communication:&#10;&#10;Sharing only accurate, factual information rather than theories or assumptions.\\\",\\\"correct\\\":\\\"Element\\\",\\\"wrong\\\":\\\"Not Element\\\",\\\"value\\\":false,\\\"feedback\\\":[\\\"Correct, this is not an element. Sharing hypotheses and suppositions can bring valuable insights - provided you make it clear that you&#39;re not certain of the accuracy of your information.\\\",\\\"This is not an element. Sharing hypotheses and suppositions can bring valuable insights - provided you make it clear that you&#39;re not certain of the accuracy of your information.\\\"]},{\\\"text\\\":\\\"Is this an example of one of the three essential elements of confident communication:&#10;&#10;Being open to feedback from others.&#10;&#10;&#10;\\\",\\\"correct\\\":\\\"Element\\\",\\\"wrong\\\":\\\"Not Element\\\",\\\"value\\\":true,\\\"feedback\\\":[\\\"This is correct. When you&#39;re open to feedback, others will be able to trust you because they&#39;ll know their opinions will be considered. Trust is an essential element required for effective, confident communication.\\\",\\\"That&#39;s incorrect. When you&#39;re open to feedback, others will be able to trust you because they&#39;ll know their opinions will be considered. Trust is an essential element required for effective, confident communication.\\\"]},{\\\"text\\\":\\\"Is this an example of one of the three essential elements of confident communication:&#10;&#10;Making appropriate eye contact with people you are communicating with.&#10;\\\",\\\"correct\\\":\\\"Element\\\",\\\"wrong\\\":\\\"Not Element\\\",\\\"value\\\":true,\\\"feedback\\\":[\\\"That is correct. Making eye contact is an important aspect of confidential behavior.\\\",\\\"That is incorrect. Making eye contact is an important aspect of confidential behavior.\\\"]}],\\\"timer\\\":0,\\\"noscore\\\":false},\\\"feedback\\\":[\\\"\\\",\\\"\\\"],\\\"score\\\":\\\"100\\\",\\\"gems\\\":\\\"1\\\"}","lite":"0","guid":"adfa9546-caa9-4e27-abc1-c05ce81e12ad","growth_activity":"0"},{"id":"34546","courseId":"163","type":"4","summary":"All three elements in place","index":"67","json":"{ \\\"type\\\":4}","lite":"0","guid":"4181e38d-36b1-4a61-a0d3-756f51d4ccf6","growth_activity":"0"},{"id":"34547","courseId":"163","type":"3","summary":"Summary","index":"68","json":"{\\\"type\\\":3,\\\"intro\\\":{\\\"title\\\":\\\"Summary So Far\\\",\\\"description\\\":\\\"In this Burst, you&#39;ll review what you&#39;ve learned so far.&#10;&#10;This is the final Burst in this demo course. Let us know what you think!\\\",\\\"image\\\":\\\"\\\",\\\"sound\\\":\\\"\\\",\\\"volume\\\":50},\\\"unlockscore\\\":0,\\\"quicklink\\\":false,\\\"quotation\\\":\\\"\\\"}","lite":"0","guid":"e1997e97-8701-4d72-8ca4-239bd499ece1","growth_activity":"0"},{"id":"34548","courseId":"163","type":"6","summary":"Summary","index":"69","json":"{\\\"type\\\":6,\\\"image\\\":\\\"\\\",\\\"presentation\\\":[{\\\"text\\\":\\\"SUMMARY SO FAR\\\",\\\"in\\\":1,\\\"time\\\":1,\\\"sound\\\":\\\"\\\"},{\\\"text\\\":\\\"Lack of confidence when communicating is a stressful problem, which can make it difficult for you to interact effectively with others. Although lack of confidence can manifest itself in a variety of ways, it is usually caused by a feeling of fear.&#10;&#10;Anyone can become confident with practice once they understand how confidence is built. The key to building confidence is to earn the trust of others, establish your credibility and carry yourself in a confident way. If you achieve these three goals, you can become a confident communicator!\\\",\\\"in\\\":1,\\\"time\\\":2,\\\"sound\\\":\\\"\\\"}]}","lite":"0","guid":"6594f6ab-1562-4a9a-9e26-1825f2010d24","growth_activity":"0"},{"id":"34549","courseId":"163","type":"12","summary":"What is what?","index":"70","json":"{\\\"type\\\":12,\\\"orderitems\\\":{\\\"slots\\\":[\\\"Confident behavior\\\",\\\"Feeling of fear\\\",\\\"Ways to build credibility\\\",\\\"The secret of confidence\\\",\\\"Two benefits of confident communication\\\",\\\"Symptom of lack of confidence\\\"],\\\"items\\\":[{\\\"text\\\":\\\"Open body stance, good eye contact\\\",\\\"slot\\\":1},{\\\"text\\\":\\\"Usual reason for lack of confidence\\\",\\\"slot\\\":2},{\\\"text\\\":\\\"Living up to your word, doing what you say\\\",\\\"slot\\\":3},{\\\"text\\\":\\\"You can build it with practice and understanding\\\",\\\"slot\\\":4},{\\\"text\\\":\\\"Reduce anxiety, speak freely\\\",\\\"slot\\\":5},{\\\"text\\\":\\\"Feeling listeners are judging you\\\",\\\"slot\\\":6}],\\\"ordered\\\":true,\\\"timer\\\":0,\\\"sound\\\":\\\"\\\",\\\"prompt\\\":\\\"Drag the descriptions below to the examples on top.\\\"},\\\"feedback\\\":[\\\"You&#39;re on your way to building your confidence. Keep at it!\\\",\\\"You might want to go through this course demo again to review. Building your confidence is worth it!\\\"],\\\"score\\\":\\\"120\\\",\\\"gems\\\":\\\"1\\\"}","lite":"0","guid":"0e17f038-67dc-4f61-927c-29b920309f3e","growth_activity":"0"},{"id":"34550","courseId":"163","type":"7","summary":"How are you doing?","index":"71","json":"{\\\"type\\\":7,\\\"input\\\":{\\\"type\\\":7,\\\"prompt\\\":\\\"Now that you&#39;re at the end of this demo course, rate yourself as to how confident a communicator you are and then write about it below.\\\",\\\"locked\\\":false,\\\"text\\\":\\\"\\\",\\\"isNumber\\\":false,\\\"useImages\\\":true,\\\"left\\\":\\\"57FBE969-0AE2-3983-2D4C-6B176B6A0CD3.png\\\",\\\"right\\\":\\\"63EF511D-F7DF-53EB-1812-FF9A260F3BB9.png\\\",\\\"ideal\\\":50}}","lite":"0","guid":"09e3e939-5d48-4e60-8281-4e28fc5c8c5c","growth_activity":"0"},{"id":"34551","courseId":"163","type":"4","summary":"Summary","index":"72","json":"{ \\\"type\\\":4}","lite":"0","guid":"e696d72c-bae2-46f0-9ebe-50157bb4080e","growth_activity":"0"},{"id":"34552","courseId":"163","type":"2","summary":"Advantages and elements of confident communication","index":"73","json":"{ \\\"type\\\":2}","lite":"0","guid":"ff2a0d3d-1329-4bd3-9ca4-386e979cd75f","growth_activity":"0"},{"id":"34553","courseId":"163","type":"1","summary":"Trust and Credibility","index":"74","json":"{\\\"type\\\":1,\\\"intro\\\":{\\\"title\\\":\\\"Trust, Credibility and Communicating Confidently\\\",\\\"description\\\":\\\"In this unit, we will discuss how trust and credibility go hand in hand and foster confident communications.\\\",\\\"image\\\":\\\"060D8500-CF05-502A-38BD-69C5EEC8C6A6.png\\\"},\\\"dossier\\\":true}","lite":"0","guid":"bed1d574-df4c-419b-8f98-56230892cd7f","growth_activity":"0"},{"id":"34554","courseId":"163","type":"3","summary":"Why no trust is bad","index":"75","json":"{\\\"type\\\":3,\\\"intro\\\":{\\\"title\\\":\\\"No Trust, No Progress - NO SOUND?\\\",\\\"description\\\":\\\"In this Burst, we&#39;ll explore why trust is essential for confident communications.\\\",\\\"image\\\":\\\"88E41F83-76B6-D311-ECDB-5719305EA115.png\\\",\\\"sound\\\":\\\"\\\",\\\"volume\\\":25},\\\"unlockscore\\\":0,\\\"quicklink\\\":false,\\\"quotation\\\":\\\"Trust is the cornerstone of confident communications. Build trust to build successful relationships.\\\"}","lite":"0","guid":"954fd543-3f13-4c34-9f31-ff2cc59aedee","growth_activity":"0"},{"id":"34555","courseId":"163","type":"14","summary":"What three elements","index":"76","json":"{\\\"type\\\":14,\\\"question\\\":{\\\"timer\\\":0,\\\"multiplechoice\\\":true,\\\"answers\\\":[{\\\"correct\\\":false,\\\"text\\\":\\\"Familiarity\\\",\\\"feedback\\\":\\\"This is incorrect. While being familiar with the people you are communicating with is helpful, it is TRUST that is the most important condition.\\\"},{\\\"correct\\\":true,\\\"text\\\":\\\"Trust\\\",\\\"feedback\\\":\\\"That is correct. TRUST is the cornerstone of confident communications.\\\"},{\\\"correct\\\":false,\\\"text\\\":\\\"Mutual goals\\\",\\\"feedback\\\":\\\"This is incorrect. While sharing similar goals with the people you are communicating with is helpful, it is TRUST that is the most important condition.\\\"}],\\\"sound\\\":\\\"\\\",\\\"text\\\":\\\"WHAT DO YOU THINK?&#10;If you were teaching someone about communicating confidently, what would you say is the most important condition that must be present?\\\"},\\\"feedback\\\":[\\\"That&#39;s correct. As you&#39;ll see in this unit, TRUST is the cornerstone of confident communication.\\\",\\\"That&#39;s incorrect. Both familiarity and mutual goals can exist, yet if there is no TRUST, then confident communication will be difficult.\\\"],\\\"score\\\":\\\"20\\\",\\\"gems\\\":0,\\\"image\\\":\\\"63F4C86E-F739-988D-C583-5FDA6480299E.png\\\"}","lite":"0","guid":"bac57d00-df60-4c28-bdc9-90dc018b0ff8","growth_activity":"0"},{"id":"34556","courseId":"163","type":"13","summary":"Use this one to test non-scoring","index":"77","json":"{\\\"type\\\":13,\\\"thisthat\\\":{\\\"questions\\\":[{\\\"text\\\":\\\"Trust develops instantaneously.\\\",\\\"correct\\\":\\\"True\\\",\\\"wrong\\\":\\\"False\\\",\\\"value\\\":false,\\\"feedback\\\":[\\\"That is correct. Trust takes time to develop and once it is present, is fragile and must be constantly maintained.\\\",\\\"That is incorrect. Trust that seems to develop instantaneously is often not true trust.\\\"]},{\\\"text\\\":\\\"Trust takes work.\\\",\\\"correct\\\":\\\"True\\\",\\\"wrong\\\":\\\"False\\\",\\\"value\\\":true,\\\"feedback\\\":[\\\"That is correct. Trust doesn&#39;t happen without each party working at it. \\\",\\\"That is incorrect. Trust only happens if each party works at it.\\\"]},{\\\"text\\\":\\\"Trust needs to practiced and earned.\\\",\\\"correct\\\":\\\"True\\\",\\\"wrong\\\":\\\"False\\\",\\\"value\\\":true,\\\"feedback\\\":[\\\"That is correct. Trust happens over time with work and it is needs to be practiced and then earned.\\\",\\\"That is incorrect. Trust needs to be practiced over time with hard work and then it is earned.\\\"]},{\\\"text\\\":\\\"A low-trust environment can never be turned into a high-trust environment.\\\",\\\"correct\\\":\\\"True\\\",\\\"wrong\\\":\\\"False\\\",\\\"value\\\":false,\\\"feedback\\\":[\\\"That is incorrect. If both parties are committed, a low-trust environment can be transformed into a high-trust environment over time with work and practice.\\\",\\\"That is correct. If both parties are committed, a low-trust environment can be transformed into a high-trust environment over time with work and practice.\\\"]}],\\\"timer\\\":0},\\\"feedback\\\":[\\\"You get the idea: it takes time and effort to turn a low-trust environment into a high trust environment.\\\",\\\"Trust doesn&#39;t &#39;just happen.&#39; It takes time and effort to turn a low-trust environment into a high trust environment.\\\"],\\\"score\\\":\\\"80\\\",\\\"gems\\\":\\\"1\\\"}","lite":"0","guid":"5a361571-6ab1-4699-8842-dc84e8417669","growth_activity":"0"},{"id":"34557","courseId":"163","type":"6","summary":"A bad situation","index":"78","json":"{\\\"type\\\":6,\\\"presentation\\\":[{\\\"text\\\":\\\"                             THINK BACK...\\\",\\\"in\\\":1,\\\"out\\\":0,\\\"time\\\":2,\\\"sound\\\":\\\"\\\"},{\\\"text\\\":\\\"Have you ever been in an environment where people were afraid to tell the truth? &#10;&#10;Where you weren&#39;t sure how much information you should share? &#10;&#10;Where you weren&#39;t sure who to trust? &#10;&#10;Or who trusted you?\\\",\\\"in\\\":2,\\\"out\\\":0,\\\"time\\\":3}],\\\"image\\\":\\\"\\\"}","lite":"0","guid":"5bb8e8eb-1fe3-463f-bc59-600d88ebde72","growth_activity":"0"},{"id":"34558","courseId":"163","type":"6","summary":"With and without trust","index":"79","json":"{\\\"type\\\":6,\\\"presentation\\\":[{\\\"text\\\":\\\"TRUST IS A MUST\\\",\\\"in\\\":1,\\\"out\\\":0,\\\"time\\\":2,\\\"sound\\\":\\\"C3A09FB3-2564-CD95-87B6-D3E05F7419AA.mp3\\\"},{\\\"text\\\":\\\"Without trust as a cornerstone, communicating is difficult. With trust, confident communication is much easier.\\\",\\\"in\\\":1,\\\"out\\\":0,\\\"time\\\":3,\\\"sound\\\":\\\"A01CCCFF-5779-86ED-00ED-4906F956F52B.mp3\\\"},{\\\"text\\\":\\\"Let&#39;s explore this further and find out why trust is essential for all your communications to be successful.\\\",\\\"in\\\":1,\\\"out\\\":0,\\\"time\\\":3,\\\"sound\\\":\\\"E2854D3A-5EF2-8F61-2B4B-51CA8B6D0208.mp3\\\"}],\\\"image\\\":\\\"71CA3F1C-819D-F356-C12E-E62C5EEC6DF6.png\\\"}","lite":"0","guid":"a6500c4a-3338-43f6-83bf-271d38e76e69","growth_activity":"0"},{"id":"34559","courseId":"163","type":"15","summary":"Denote correct?","index":"80","json":"{\\\"type\\\":15,\\\"rotator\\\":{\\\"prompt\\\":\\\"In a low-trust environment...\\\",\\\"statements\\\":[{\\\"text\\\":\\\"...innovation is stifled.\\\",\\\"correct\\\":true},{\\\"text\\\":\\\"...each party can take risks.\\\",\\\"correct\\\":false},{\\\"text\\\":\\\"...each party knows where they stand.\\\",\\\"correct\\\":false}],\\\"timer\\\":0,\\\"sound\\\":\\\"\\\"},\\\"feedback\\\":[\\\"This is pass text\\\",\\\"This is fail text.\\\"],\\\"score\\\":0,\\\"gems\\\":0}","lite":"0","guid":"f6eb216b-97f1-4053-9089-ac69460e0bfc","growth_activity":"0"},{"id":"34560","courseId":"163","type":"9","summary":"Trust vs No Trust","index":"81","json":"{\\\"type\\\":9,\\\"wordfill\\\":{\\\"text\\\":\\\"If you can build trust in interpersonal ##4##, each person is able to ##1## themselves more ##6##. &#10;&#10;If there is no trust, people become ##2## and aren&#39;t sure what they can ##3## and what the ##5## may be.\\\",\\\"prompt\\\":\\\"                          WITH TRUST, WITHOUT TRUST&#10;Complete these thoughts.\\\",\\\"sound\\\":\\\"\\\",\\\"words\\\":[\\\"express\\\",\\\"suspicious\\\",\\\"say\\\",\\\"communications\\\",\\\"consequences\\\",\\\"confidently\\\"],\\\"timer\\\":60},\\\"feedback\\\":[\\\"You did well. You know, when trust exists, both people feel confident that they can express themselves in a safe and open way.\\\",\\\"Think about times you&#39;ve been in a non-trusting environment. Did you feel you were freely able to express yourself? Probably not. And that led to wasted time and effort and inferior results.\\\"],\\\"score\\\":\\\"20\\\",\\\"gems\\\":\\\"1\\\"}","lite":"0","guid":"f8f7bfeb-fe2b-4ae5-8ed8-1f613dfd0994","growth_activity":"0"},{"id":"34561","courseId":"163","type":"7","summary":"What are your thoughts on trust","index":"82","json":"{\\\"type\\\":7,\\\"input\\\":{\\\"type\\\":7,\\\"prompt\\\":\\\"Do you think you are a trusting or an non-trusting person by nature?\\\",\\\"locked\\\":false,\\\"text\\\":\\\"This is the Text\\\",\\\"min\\\":1,\\\"max\\\":10,\\\"ideal\\\":0,\\\"isNumber\\\":true,\\\"useImages\\\":false,\\\"left\\\":\\\"\\\",\\\"right\\\":\\\"\\\"}}","lite":"0","guid":"306694e1-ad2c-4882-974a-68dba74fd67d","growth_activity":"0"},{"id":"34562","courseId":"163","type":"7","summary":"Slider ","index":"83","json":"{\\\"type\\\":7,\\\"input\\\":{\\\"type\\\":6,\\\"prompt\\\":\\\"Are you a trusting or a non-trusting person?\\\",\\\"locked\\\":false,\\\"isNumber\\\":false,\\\"useImages\\\":true,\\\"left\\\":\\\"73867590-50A1-AEA9-DBFA-8689CF0DB8CE.png\\\",\\\"right\\\":\\\"D879C3F5-8799-1572-630F-90304AF89814.png\\\",\\\"ideal\\\":50}}","lite":"0","guid":"8d5139fb-09ce-41d1-b058-9e37f086f94c","growth_activity":"0"},{"id":"34563","courseId":"163","type":"7","summary":"More","index":"84","json":"{\\\"type\\\":7,\\\"input\\\":{\\\"type\\\":1,\\\"prompt\\\":\\\"Take some time and enter your thoughts on trust and non-trust. As we move through the course, we&#39;ll return to this and you can watch your growth.\\\",\\\"locked\\\":false}}","lite":"0","guid":"de7df3ae-455a-45eb-9af5-4dc34c86ddbf","growth_activity":"0"},{"id":"34564","courseId":"163","type":"8","summary":"Try it","index":"85","json":"{\\\"type\\\":8,\\\"statement\\\":{\\\"prompt\\\":\\\"Find the five most important elements in communicating confidently.\\\",\\\"wrong\\\":\\\"arrogant|afraid to|who can you|mistrust\\\",\\\"statements\\\":[\\\"communicate|productively\\\",\\\"freely|share|info\\\",\\\"be candid|and truthful\\\",\\\"accept constructive|criticism\\\",\\\"respect other|parties|needs and|interests\\\"],\\\"ordered\\\":true,\\\"timer\\\":0,\\\"sound\\\":\\\"\\\"},\\\"feedback\\\":[\\\"You got it!\\\",\\\"You didn&#39;t get it.\\\"],\\\"score\\\":0,\\\"gems\\\":0}","lite":"0","guid":"ba23d2c2-d814-4897-95e6-8619b4ef7613","growth_activity":"0"},{"id":"34565","courseId":"163","type":"4","summary":"Why no trust is bad","index":"86","json":"{ \\\"type\\\":4}","lite":"0","guid":"2dec0b0d-c42e-46eb-b52c-4e4b709f6a19","growth_activity":"0"},{"id":"34566","courseId":"163","type":"3","summary":"Trust others first","index":"87","json":"{\\\"type\\\":3,\\\"intro\\\":{\\\"title\\\":\\\"Trust others first\\\",\\\"description\\\":\\\"The thing about trust is that it has to be reciprocal, but often one person has to have the faith to start the circle of trust.\\\",\\\"image\\\":\\\"85E4B216-D373-7C50-1E8F-AD4DFE495E5F.png\\\",\\\"sound\\\":\\\"\\\",\\\"volume\\\":50},\\\"unlockscore\\\":\\\"60\\\",\\\"quicklink\\\":false,\\\"quotation\\\":\\\"All communicating parties must trust each other for interpersonal communication to work.\\\"}","lite":"0","guid":"69bab070-3f9f-47ad-b8af-2efca48c81c7","growth_activity":"0"},{"id":"34567","courseId":"163","type":"6","summary":"Trust is Reciprocal","index":"88","json":"{\\\"type\\\":6,\\\"presentation\\\":[{\\\"text\\\":\\\"Headline: All parties must trust one another.\\\",\\\"in\\\":1,\\\"out\\\":0,\\\"time\\\":2},{\\\"text\\\":\\\"All communicating parties must trust one another for interpersonal communication to really work. This means you need to try to trust others to enable them to trust you, too.\\\",\\\"in\\\":1,\\\"out\\\":0,\\\"time\\\":2},{\\\"text\\\":\\\"In fact, you may find that you have to take a leap of faith and trust the other party first.\\\",\\\"in\\\":1,\\\"out\\\":0,\\\"time\\\":3},{\\\"text\\\":\\\"This can cause anxiety and even be frightening. But don&#39;t worry because those are normal reactions.\\\",\\\"in\\\":1,\\\"out\\\":0,\\\"time\\\":3}],\\\"image\\\":\\\"\\\"}","lite":"0","guid":"cfd86359-4b3e-4cac-aa7f-b76b624995af","growth_activity":"0"},{"id":"34568","courseId":"163","type":"13","summary":"Trust develops over time","index":"89","json":"{\\\"type\\\":13,\\\"thisthat\\\":{\\\"questions\\\":[{\\\"text\\\":\\\"Trust develops instantaneously.\\\",\\\"correct\\\":\\\"True\\\",\\\"wrong\\\":\\\"False\\\",\\\"value\\\":false,\\\"feedback\\\":[\\\"That is correct. Trust takes time to develop and once it is present, is fragile and must be constantly maintained.\\\",\\\"That is incorrect. Trust that seems to develop instantaneously is often not true trust.\\\"]},{\\\"text\\\":\\\"Trust takes work.\\\",\\\"correct\\\":\\\"True\\\",\\\"wrong\\\":\\\"False\\\",\\\"value\\\":true,\\\"feedback\\\":[\\\"That is correct. Trust doesn&#39;t happen without each party working at it. \\\",\\\"That is incorrect. Trust only happens if each party works at it.\\\"]},{\\\"text\\\":\\\"Trust needs to practiced and earned.\\\",\\\"correct\\\":\\\"True\\\",\\\"wrong\\\":\\\"False\\\",\\\"value\\\":true,\\\"feedback\\\":[\\\"That is correct. Trust happens over time with work and it is needs to be practiced and then earned.\\\",\\\"That is incorrect. Trust needs to be practiced over time with hard work and then it is earned.\\\"]},{\\\"text\\\":\\\"A low-trust environment can never be turned into a high-trust environment.\\\",\\\"correct\\\":\\\"True\\\",\\\"wrong\\\":\\\"False\\\",\\\"value\\\":false,\\\"feedback\\\":[\\\"That is incorrect. If both parties are committed, a low-trust environment can be transformed into a high-trust environment over time with work and practice.\\\",\\\"That is correct. If both parties are committed, a low-trust environment can be transformed into a high-trust environment over time with work and practice.\\\"]}],\\\"timer\\\":0},\\\"feedback\\\":[\\\"You get the idea: it takes time and effort to turn a low-trust environment into a high trust environment.\\\",\\\"Trust doesn&#39;t &#39;just happen.&#39; It takes time and effort to turn a low-trust environment into a high trust environment.\\\"],\\\"score\\\":\\\"80\\\",\\\"gems\\\":\\\"1\\\"}","lite":"0","guid":"b0a27e8c-20da-41c6-9b5c-9283752da204","growth_activity":"0"},{"id":"34569","courseId":"163","type":"10","summary":"With granular feedback","index":"90","json":"{\\\"type\\\":10,\\\"dragdrop\\\":{\\\"timer\\\":30,\\\"layout\\\":0,\\\"goals\\\":[{\\\"isImage\\\":false,\\\"text\\\":\\\"Low-trust environment\\\",\\\"image\\\":\\\"\\\"},{\\\"isImage\\\":false,\\\"text\\\":\\\"High-trust environment\\\",\\\"image\\\":\\\"\\\"}],\\\"items\\\":[{\\\"goal\\\":1,\\\"isImage\\\":false,\\\"text\\\":\\\"Mistrust\\\",\\\"image\\\":\\\"\\\",\\\"feedback\\\":[\\\"Low-trust environments breed mistrust because neither party feels safe enough to risk trust.\\\",\\\"Mistrust will not be found in a high-trust environment because there is the safety to reach out with trust.\\\"]},{\\\"goal\\\":1,\\\"isImage\\\":false,\\\"text\\\":\\\"Suspicion\\\",\\\"image\\\":\\\"\\\",\\\"feedback\\\":[\\\"Low-trust environments breed suspicion because neither party feels like they know the motives of the other party.\\\",\\\"Suspicion will not be found in a high-trust environment because information is being free shared.\\\"]},{\\\"goal\\\":1,\\\"isImage\\\":false,\\\"text\\\":\\\"Low morale\\\",\\\"image\\\":\\\"\\\",\\\"feedback\\\":[\\\"Low-trust environments breed low morale because there is no space for growth and change.\\\",\\\"Low morale will not be found in a high-trust environment because there is space for growth and change.\\\"]},{\\\"goal\\\":2,\\\"isImage\\\":false,\\\"text\\\":\\\"Understanding\\\",\\\"image\\\":\\\"\\\",\\\"feedback\\\":[\\\"Understanding is found in a high-trust environment because all parties believe they know the motivations of the other parties.\\\",\\\"A low-trust environment could not breed understanding because all parties question the motives of the other parties.\\\"]},{\\\"goal\\\":2,\\\"isImage\\\":false,\\\"text\\\":\\\"Benefit of the doubt\\\",\\\"image\\\":\\\"\\\",\\\"feedback\\\":[\\\"In a high-trust environment each party is willing to assume the best of the other party - to give them the &#39;benefit of the doubt.&#39;\\\",\\\"In a low-trust environment each party assumes the worst of the other party because there is no open sharing of information. Because of this, neither party will give the other one the &#39;benefit of the doubt.&#39;\\\"]},{\\\"goal\\\":2,\\\"isImage\\\":false,\\\"text\\\":\\\"Innovation\\\",\\\"image\\\":\\\"\\\",\\\"feedback\\\":[\\\"High-trust environments foster innovation because each party is free to admit mistakes and so they are willing to take risks - which can lead to failure, but also which are key to innovation.\\\",\\\"A low-trust environment could not breed innovation because innovation takes risk and risk can lead to mistakes and neither party will admit to mistakes in a low-trust environment.\\\"]}],\\\"prompt\\\":\\\"Think about your life and what you have learned so far. You have 30 seconds to drag each item to either low- or high-trust environments.\\\",\\\"sound\\\":\\\"1907614F-94E9-4798-4F3C-727EEFD1A121.mp3\\\"},\\\"feedback\\\":[\\\"You get it - to move forward in business and life, you must seek out and foster high-trust environments.\\\",\\\"You might want to think more about the differences between low trust and high trust. Low-trust environments allow for no growth. High-trust environments are what you must strive for.\\\"],\\\"score\\\":\\\"60\\\",\\\"gems\\\":\\\"1\\\"}","lite":"0","guid":"8f42580f-f724-4859-8340-62a6a418f6a0","growth_activity":"0"},{"id":"34570","courseId":"163","type":"10","summary":"With granular feedback","index":"91","json":"{\\\"type\\\":10,\\\"dragdrop\\\":{\\\"timer\\\":30,\\\"layout\\\":0,\\\"goals\\\":[{\\\"isImage\\\":false,\\\"text\\\":\\\"Low-trust environment\\\",\\\"image\\\":\\\"\\\"},{\\\"isImage\\\":false,\\\"text\\\":\\\"High-trust environment\\\",\\\"image\\\":\\\"\\\"}],\\\"items\\\":[{\\\"goal\\\":1,\\\"isImage\\\":false,\\\"text\\\":\\\"Mistrust\\\",\\\"image\\\":\\\"\\\",\\\"feedback\\\":[\\\"\\\",\\\"Mistrust will not be found in a high-trust environment because there is the safety to reach out with trust.\\\"]},{\\\"goal\\\":1,\\\"isImage\\\":false,\\\"text\\\":\\\"Suspicion\\\",\\\"image\\\":\\\"\\\",\\\"feedback\\\":[\\\"\\\",\\\"Suspicion will not be found in a high-trust environment because information is being free shared.\\\"]},{\\\"goal\\\":1,\\\"isImage\\\":false,\\\"text\\\":\\\"Low morale\\\",\\\"image\\\":\\\"\\\",\\\"feedback\\\":[\\\"\\\",\\\"Low morale will not be found in a high-trust environment because there is space for growth and change.\\\"]},{\\\"goal\\\":2,\\\"isImage\\\":false,\\\"text\\\":\\\"Understanding\\\",\\\"image\\\":\\\"\\\",\\\"feedback\\\":[\\\"\\\",\\\"A low-trust environment could not breed understanding because all parties question the motives of the other parties.\\\"]},{\\\"goal\\\":2,\\\"isImage\\\":false,\\\"text\\\":\\\"Benefit of the doubt\\\",\\\"image\\\":\\\"\\\",\\\"feedback\\\":[\\\"\\\",\\\"In a low-trust environment each party assumes the worst of the other party because there is no open sharing of information. Because of this, neither party will give the other one the &#39;benefit of the doubt.&#39;\\\"]},{\\\"goal\\\":2,\\\"isImage\\\":false,\\\"text\\\":\\\"Innovation\\\",\\\"image\\\":\\\"\\\",\\\"feedback\\\":[\\\"\\\",\\\"A low-trust environment could not breed innovation because innovation takes risk and risk can lead to mistakes and neither party will admit to mistakes in a low-trust environment.\\\"]}],\\\"prompt\\\":\\\"Think about your life and what you have learned so far. You have 30 seconds to drag each item to either low- or high-trust environments.\\\",\\\"sound\\\":\\\"1907614F-94E9-4798-4F3C-727EEFD1A121.mp3\\\"},\\\"feedback\\\":[\\\"You get it - to move forward in business and life, you must seek out and foster high-trust environments.\\\",\\\"You might want to think more about the differences between low trust and high trust. Low-trust environments allow for no growth. High-trust environments are what you must strive for.\\\"],\\\"score\\\":\\\"60\\\",\\\"gems\\\":\\\"1\\\"}","lite":"0","guid":"43a4f16b-7f69-4adc-b862-2de10e349015","growth_activity":"0"},{"id":"34571","courseId":"163","type":"4","summary":"Trust others first","index":"92","json":"{ \\\"type\\\":4}","lite":"0","guid":"ee947e38-0ff5-4c0f-a842-5c04c2d6ad76","growth_activity":"0"},{"id":"34572","courseId":"163","type":"3","summary":"Low Trust vs High Trust Environment","index":"93","json":"{ \\\"type\\\":3}","lite":"0","guid":"257edff3-ee7a-4294-9739-30bd5a70de9f","growth_activity":"0"},{"id":"34573","courseId":"163","type":"4","summary":"Low Trust vs High Trust Environment","index":"94","json":"{ \\\"type\\\":4}","lite":"0","guid":"16e1f4f0-afa7-4c34-b44b-08fd5ac5f06c","growth_activity":"0"},{"id":"34574","courseId":"163","type":"3","summary":"Trust is Essential: Review","index":"95","json":"{ \\\"type\\\":3}","lite":"0","guid":"c20ef482-7a71-4f72-9f0b-39373a306a98","growth_activity":"0"},{"id":"34575","courseId":"163","type":"4","summary":"Trust is Essential: Review","index":"96","json":"{ \\\"type\\\":4}","lite":"0","guid":"93a44316-53ed-4a34-9ad9-be1f7ba71228","growth_activity":"0"},{"id":"34576","courseId":"163","type":"3","summary":"Communicate Productively","index":"97","json":"{ \\\"type\\\":3}","lite":"0","guid":"5a81c44e-c449-4aaa-85a3-59b811aba6d7","growth_activity":"0"},{"id":"34577","courseId":"163","type":"4","summary":"Communicate Productively","index":"98","json":"{ \\\"type\\\":4}","lite":"0","guid":"4706f062-39fb-4e15-9ec9-11ac1ced1d42","growth_activity":"0"},{"id":"34578","courseId":"163","type":"3","summary":"Freely Share Information","index":"99","json":"{ \\\"type\\\":3}","lite":"0","guid":"5145dc21-1804-4fa3-bba1-437c81b5918f","growth_activity":"0"},{"id":"34579","courseId":"163","type":"4","summary":"Freely Share Information","index":"100","json":"{ \\\"type\\\":4}","lite":"0","guid":"99520a96-722a-43b1-8a60-f778bc53092d","growth_activity":"0"},{"id":"34580","courseId":"163","type":"3","summary":"Be Candid and Truthful","index":"101","json":"{ \\\"type\\\":3}","lite":"0","guid":"c02b36c4-ff21-4ca2-aba6-57b3f5d7c5c0","growth_activity":"0"},{"id":"34581","courseId":"163","type":"4","summary":"Be Candid and Truthful","index":"102","json":"{ \\\"type\\\":4}","lite":"0","guid":"0ccbfe16-89f8-482e-9bc4-f2fe6fff821c","growth_activity":"0"},{"id":"34582","courseId":"163","type":"3","summary":"Accept Constructive Criticism","index":"103","json":"{ \\\"type\\\":3}","lite":"0","guid":"105d5250-3242-4ad6-a855-647b6a7d1784","growth_activity":"0"},{"id":"34583","courseId":"163","type":"4","summary":"Accept Constructive Criticism","index":"104","json":"{ \\\"type\\\":4}","lite":"0","guid":"a4f1832f-7f84-43ee-a316-794ef10ba9e3","growth_activity":"0"},{"id":"34584","courseId":"163","type":"3","summary":"Respect Other Parties' Needs and Interests","index":"105","json":"{ \\\"type\\\":3}","lite":"0","guid":"ac9e1342-7115-4295-81bf-fa69fffc4ca5","growth_activity":"0"},{"id":"34585","courseId":"163","type":"4","summary":"Respect Other Parties' Needs and Interests","index":"106","json":"{ \\\"type\\\":4}","lite":"0","guid":"5ce154a3-b3fe-4f70-bebb-aef848f5b591","growth_activity":"0"},{"id":"34586","courseId":"163","type":"2","summary":"Trust, Credibility and Communicating Confidently","index":"107","json":"{ \\\"type\\\":2}","lite":"0","guid":"7fd960a4-7b88-46b1-a67d-286806c6640e","growth_activity":"0"}]