[{"id":"435093","courseId":"252","type":"1","summary":"Jmmy's First Unit","index":"0","json":"{\"type\":1,\"intro\":{\"title\":\"Jimmy likes Beatles\",\"description\":\"Hey hey hey...\",\"image\":\"2C7CBBEA-4AA9-D7B8-A4F2-1E7873A4DB58.png\"},\"dossier\":false}","lite":"0","guid":"9515ecc5-7f9d-41cc-b0da-2143fe63e06c","growth_activity":"0"},{"id":"435094","courseId":"252","type":"3","summary":"Jimmy's FIrst BUrst","index":"1","json":"{\"type\":3,\"intro\":{\"title\":\"Jimmy Burst 1\",\"description\":\"All about how Jimmy loves the Beatles\",\"image\":\"6668E248-BBB4-F3F7-38F5-2F619D652253.png\",\"sound\":\"\",\"volume\":50},\"unlockscore\":0,\"quicklink\":false,\"quotation\":\"\"}","lite":"0","guid":"0f554901-981a-4e29-bc0d-4641d0c60531","growth_activity":"0"},{"id":"435095","courseId":"252","type":"6","summary":"Jimmy's Presentation","index":"2","json":"{\"type\":6,\"image\":\"D3C24ED1-27AA-967F-22CE-0D7FAB59B79C.png\",\"presentation\":[{\"text\":\"Jimmy and the Beatles in the movies\",\"in\":0,\"time\":0,\"sound\":\"\",\"font\":2,\"alignment\":2,\"size\":2,\"color\":\"#256ED7\"}]}","lite":"0","guid":"c7cf53d0-61c2-47ee-8ffc-5f312cb6f2ba","growth_activity":"0"},{"id":"435096","courseId":"252","type":"7","summary":"fdd","index":"3","json":"{\"type\":7,\"input\":{\"type\":5,\"prompt\":\"Is this what your life is about?\",\"locked\":false,\"text\":\"\",\"booleans\":[{\"value\":true,\"correct\":\"Truly it is\",\"wrong\":\"Falsely it is not\"}]},\"feedback\":[\"True should bring up this text\",\"False this text\"],\"score\":0,\"gems\":0}","lite":"0","guid":"2e84e98d-8f26-4ef7-87b4-d9e7ee0fb01a","growth_activity":"0"},{"id":"435097","courseId":"252","type":"4","summary":"Jimmy's FIrst BUrst","index":"4","json":"{ \"type\":4}","lite":"0","guid":"1fa97d80-51d6-4582-80c0-6e1db31ff179","growth_activity":"0"},{"id":"435098","courseId":"252","type":"2","summary":"Jmmy's First Unit","index":"5","json":"{ \"type\":2}","lite":"0","guid":"c0b1a1f3-9ccf-485d-9a23-38597d03c44e","growth_activity":"0"}]