[{"id":"95398","courseId":"229","type":"1","summary":"Introduction","index":"0","json":"{\"type\":1,\"intro\":{\"title\":\"Introduction to Your Future\",\"description\":\"Get ready to change your life. This Blink Course is a new vision of Think and Grow Rich, Napoleon Hill&#39;s timeless classic. Written in the 1930s in the heart of the Great Depression, this book was a call out to the future, to growth, to not giving in to fear.&#10;&#10;&#10;&#10;&#10;&#10;&#10;&#10;&#10;&#10;In a dark time, Hill&#39;s philosophy focuses on light and hope. \",\"image\":\"2E75F165-B597-8145-DCF7-794FE13AA3C4.png\"},\"dossier\":false}","lite":"0","guid":"412942f6-bd44-428f-97d4-df7c6653d4cc","growth_activity":"0"},{"id":"95399","courseId":"229","type":"3","summary":"Welcome","index":"1","json":"{\"type\":3,\"intro\":{\"title\":\"Welcome to your dreams\",\"description\":\"Blink courses serve up content in small chunks (called Blinks) and arrange those Blinks into short sequences (called Bursts). In this first Burst, we&#39;ll give you an overview of the course, and you can earn two gems. Gems reflect how well you understand the material.&#10;&#10;&#10;&#10;&#10;&#10;&#10;&#10;&#10;&#10;To unlock the next Burst, you must accumulate at least 20 points. \",\"image\":\"F8B5997C-F687-30DE-74D0-DFF137BD03C3.png\",\"sound\":\"\",\"volume\":50},\"unlockscore\":\"20\",\"quicklink\":false,\"quotation\":\"\"}","lite":"0","guid":"545fa8f0-d336-4baa-8976-f5e5b0c99834","growth_activity":"0"},{"id":"95400","courseId":"229","type":"11","summary":"There is a Secret","index":"2","json":"{\"type\":11,\"simon\":{\"prompt\":\"                    Take a breath. Calm down. Watch and repeat.\",\"sounds\":[\"33DA43B0-6A51-1EBE-C286-114958FEE8F1.mp3\",\"79BFBD58-A586-A61A-F91E-A7BFA6D8C284.mp3\",\"7B1740DE-1868-86F4-681C-CF3A08542EE6.mp3\",\"32DEBF0F-F736-3842-F06F-D594E9441918.mp3\",\"E1C1C5C4-75A1-BB42-3822-0D872D7C8432.mp3\",\"54C24D07-677A-7733-8F56-15CDB3E0E7FE.mp3\",\"60BA1F44-84C4-55A1-A1C4-5B3DF1E597F4.mp3\",\"CA0BE3DA-B1C3-2ACE-4345-32BB82B3361B.mp3\",\"3E7EBA4A-B71B-03DE-E5F7-F09F00C47E68.mp3\"],\"phrase\":\"There is|a secret|for getting|rich.\",\"wrong\":\"faith|desire|persistence|imagination|planning\",\"time\":0,\"score\":0,\"gems\":0,\"sound\":\"\"},\"feedback\":[\"Yes, there is a secret for getting rich. Now, touch Close to continue.\",\"You must keep trying until you succeed. There can be no failure. Now, touch Close to continue.\"],\"score\":\"40\",\"gems\":\"1\"}","lite":"0","guid":"26d09d72-9a35-48e4-a45f-9d6e8a8fcf22","growth_activity":"0"},{"id":"95401","courseId":"229","type":"13","summary":"Background on the book","index":"3","json":"{\"type\":13,\"thisthat\":{\"questions\":[{\"text\":\"Napoleon Hill wrote about the secret in his timeless classic, Think and Grow Rich. Millions of people have been changed by this book. &#10;&#10;How many years ago do you think Hill first published this book?\",\"correct\":\"Almost 80\",\"wrong\":\"Almost 20\",\"value\":true,\"feedback\":[\"Yes, the book first appeared in 1937, in the depths of the depression. Hill&#39;s message was a call for positive action. This Blink course is a new way of learning about his timeless philosophy and starting to put it into action.\",\"No, the book first appeared in 1937, in the depths of the depression. Hill&#39;s message was a call for positive action. This Blink course is a new way of learning about his timeless philosophy and starting to put it into action.\"]},{\"text\":\"Blink Training courses serve up content in small chunks (called Blinks), add just enough gaming to keep it fun and arrange those Blinks into short sequences.&#10;&#10;What are those sequences called?\",\"correct\":\"Booms\",\"wrong\":\"Bursts\",\"value\":false,\"feedback\":[\"Yes, they are called Bursts and each Burst takes just a few minutes to complete so they are flexible and can fit into your day whenever you have a few free moments. You&#39;re playing the first Burst now.\",\"No, they are called Bursts and each Burst takes just a few minutes to complete so they are flexible and can fit into your day whenever you have a few free moments. You&#39;re playing the first Burst now.\"]},{\"text\":\"Hill wrote that the secret was hidden on every page of his book and that it can hit you at any moment. In this course, it is important for you to try to get the most out of each Blink. &#10;&#10;Some Blinks reward 100% success with what?\",\"correct\":\"A Gem\",\"wrong\":\"Applause\",\"value\":true,\"feedback\":[\"Yes, you can earn a Gem in some Blinks. You&#39;ll know if you earned it. Try to earn all the gems in the course - you&#39;ll be that much closer to truly appreciating Hill&#39;s message.\",\"No, they are called gems and you can earn a Gem in some Blinks. You&#39;ll know if you earned it. Try to earn all the gems in the course - you&#39;ll be that much closer to truly appreciating Hill&#39;s message.\"]}],\"timer\":0,\"noscore\":true},\"feedback\":[\"The bottom line: This course will change your life...if you are ready for it.\",\"The bottom line: This course will change your life...if you are ready for it.\"],\"score\":0,\"gems\":0}","lite":"0","guid":"b9321a8e-315f-4513-8129-6f5da9b47588","growth_activity":"0"},{"id":"95402","courseId":"229","type":"10","summary":"On the Course","index":"4","json":"{\"type\":10,\"dragdrop\":{\"timer\":60,\"layout\":0,\"goals\":[{\"isImage\":true,\"text\":\"\",\"image\":\"8F2B625C-378D-8B99-4DE8-20EA6F879840.png\"}],\"items\":[{\"goal\":1,\"isImage\":true,\"text\":\"Growing\",\"image\":\"738D8DF5-8327-67EE-A6DD-5BBC34B809AC.png\",\"feedback\":[\"This course is all about growth, especially growing rich in all ways no matter what rich means to you.\",\"\"]},{\"goal\":1,\"isImage\":true,\"text\":\"A Secret\",\"image\":\"D91F7D85-14B8-9BC0-4A2C-383485C2C17F.png\",\"feedback\":[\"Need we say it again. There IS a secret for getting rich. Hill learned about it from dozens of the wealthiest people in his day. You&#39;ll see.\",\"\"]},{\"goal\":0,\"isImage\":true,\"text\":\"Fear\",\"image\":\"4B428EF1-C6F8-B404-7AE2-8ABEEB9C23ED.png\",\"feedback\":[\"\",\"There is no room for fear in Hill&#39;s system. As FDR said during the Depression: The only thing we have to fear, is fear itself. Think on that for a moment.\"]},{\"goal\":0,\"isImage\":true,\"text\":\"Poverty\",\"image\":\"4FECBB29-1922-39E0-2581-1C547B29716C.png\",\"feedback\":[\"\",\"You will learn about Poverty thinking and Wealth thinking and how you can control your mind to move towards Wealth.\"]},{\"goal\":1,\"isImage\":true,\"text\":\"Gems\",\"image\":\"80AA52DC-FD45-56B3-0B5A-5BC1D61A723C.png\",\"feedback\":[\"Once again, try to earn all the gems and you&#39;ll know you are attempting to truly internalize Hill&#39;s message.\",\"\"]},{\"goal\":1,\"isImage\":true,\"text\":\"Bursts\",\"image\":\"55551E7C-4198-3415-967A-6D38373670D3.png\",\"feedback\":[\"Blinks, Bursts, Gems...and more. These are the building blocks of Blink Training courses.\",\"\"]}],\"prompt\":\"Let&#39;s review what we&#39;ve learned so far. Drag all the words that apply to &#34;Think and Grow Rich&#34; on the bottom.\",\"sound\":\"\"},\"feedback\":[\"Onward to wealth!\",\"Onward to wealth!\"],\"score\":\"60\",\"gems\":\"1\"}","lite":"0","guid":"0797ce44-cc57-4e72-8e50-f3a12d734d86","growth_activity":"0"},{"id":"95403","courseId":"229","type":"4","summary":"Welcome","index":"5","json":"{ \"type\":4}","lite":"0","guid":"dbd7dd95-57c3-4b17-aee8-b39eca48ba7f","growth_activity":"0"},{"id":"95404","courseId":"229","type":"3","summary":"The Secret","index":"6","json":"{ \"type\":3}","lite":"0","guid":"19571af3-3f5d-42cf-bb39-bef44723c372","growth_activity":"0"},{"id":"95405","courseId":"229","type":"4","summary":"The Secret","index":"7","json":"{ \"type\":4}","lite":"0","guid":"b323047b-aed4-4b3e-a829-c2dfc8a85fe0","growth_activity":"0"},{"id":"95406","courseId":"229","type":"3","summary":"Your Desire","index":"8","json":"{ \"type\":3}","lite":"0","guid":"1eae2df4-aa31-4c45-8168-560c561f5e37","growth_activity":"0"},{"id":"95407","courseId":"229","type":"4","summary":"Your Desire","index":"9","json":"{ \"type\":4}","lite":"0","guid":"ae19127e-95a0-4e1a-b16c-b4f2de6ae2f9","growth_activity":"0"},{"id":"95408","courseId":"229","type":"3","summary":"When it Appears","index":"10","json":"{ \"type\":3}","lite":"0","guid":"a44917ee-6f19-47a3-9cf8-e86117fed099","growth_activity":"0"},{"id":"95409","courseId":"229","type":"4","summary":"When it Appears","index":"11","json":"{ \"type\":4}","lite":"0","guid":"22badaa3-a9a3-4742-ba46-aeb264bbebe3","growth_activity":"0"},{"id":"95410","courseId":"229","type":"2","summary":"Thoughts are Things","index":"12","json":"{ \"type\":2}","lite":"0","guid":"ab0c2ccf-f55a-438c-8557-702845563b13","growth_activity":"0"},{"id":"95411","courseId":"229","type":"1","summary":"Thoughts are Things","index":"13","json":"{\"type\":1,\"intro\":{\"title\":\"\",\"description\":\"\",\"image\":\"\"},\"dossier\":false}","lite":"0","guid":"f93628e5-d578-4f59-a79d-97aff1609906","growth_activity":"0"},{"id":"95412","courseId":"229","type":"2","summary":"Introduction","index":"14","json":"{ \"type\":2}","lite":"0","guid":"bc4033d9-902f-4dda-9184-681a838f113f","growth_activity":"0"},{"id":"95413","courseId":"229","type":"1","summary":"Desire: The First Step to Riches","index":"15","json":"{\"type\":1,\"intro\":{\"title\":\"\",\"description\":\"\",\"image\":\"\"},\"dossier\":false}","lite":"0","guid":"69cda769-37d6-44c7-be0f-548d6f7b281f","growth_activity":"0"},{"id":"95414","courseId":"229","type":"2","summary":"Desire","index":"16","json":"{ \"type\":2}","lite":"0","guid":"00d11318-d2a6-484d-af20-082f62546af8","growth_activity":"0"},{"id":"95415","courseId":"229","type":"1","summary":"Faith: The Second Step to Riches","index":"17","json":"{\"type\":1,\"intro\":{\"title\":\"\",\"description\":\"\",\"image\":\"\"},\"dossier\":false}","lite":"0","guid":"e447d0ce-3469-448e-a378-fd93f261f177","growth_activity":"0"},{"id":"95416","courseId":"229","type":"2","summary":"Faith","index":"18","json":"{ \"type\":2}","lite":"0","guid":"56a5575d-d9dc-4e42-a12e-8667ece17ed8","growth_activity":"0"},{"id":"95417","courseId":"229","type":"1","summary":"Autosuggestion: The Third Step to Riches","index":"19","json":"{\"type\":1,\"intro\":{\"title\":\"\",\"description\":\"\",\"image\":\"\"},\"dossier\":false}","lite":"0","guid":"4f5319e7-d905-4f86-9e38-bbdd8c7f2aa2","growth_activity":"0"},{"id":"95418","courseId":"229","type":"2","summary":"Autosuggestion","index":"20","json":"{ \"type\":2}","lite":"0","guid":"f51a982b-b19c-404d-9354-b325b0e1d417","growth_activity":"0"},{"id":"95419","courseId":"229","type":"1","summary":"Specialized Knowlege: The Fourth Step to Riches","index":"21","json":"{\"type\":1,\"intro\":{\"title\":\"\",\"description\":\"\",\"image\":\"\"},\"dossier\":false}","lite":"0","guid":"c64d6893-752f-4e69-9abf-4f6a7ec04344","growth_activity":"0"},{"id":"95420","courseId":"229","type":"2","summary":"Specialized Knowlege","index":"22","json":"{ \"type\":2}","lite":"0","guid":"32d75085-7c08-4e53-be57-82772d78e269","growth_activity":"0"},{"id":"95421","courseId":"229","type":"1","summary":"imagination: The Fifth Step to Riches","index":"23","json":"{\"type\":1,\"intro\":{\"title\":\"\",\"description\":\"\",\"image\":\"\"},\"dossier\":false}","lite":"0","guid":"79d80b28-0d1f-485d-96ef-be3c217c0a16","growth_activity":"0"},{"id":"95422","courseId":"229","type":"2","summary":"imagination","index":"24","json":"{ \"type\":2}","lite":"0","guid":"6a2c4e50-1a81-471e-b8f5-fb50ee001486","growth_activity":"0"},{"id":"95423","courseId":"229","type":"1","summary":"Organized Planning: The Sixth Step to Riches","index":"25","json":"{\"type\":1,\"intro\":{\"title\":\"\",\"description\":\"\",\"image\":\"\"},\"dossier\":false}","lite":"0","guid":"b676fed9-bd01-49f0-84e8-1c550a1f710b","growth_activity":"0"},{"id":"95424","courseId":"229","type":"2","summary":"Organized Planning","index":"26","json":"{ \"type\":2}","lite":"0","guid":"e6227448-d580-4b21-a537-be4b42216754","growth_activity":"0"},{"id":"95425","courseId":"229","type":"1","summary":"Decision: The Seventh Step to Riches","index":"27","json":"{\"type\":1,\"intro\":{\"title\":\"\",\"description\":\"\",\"image\":\"\"},\"dossier\":false}","lite":"0","guid":"a3c943c9-4d2a-4cc6-8ca1-261875b4388a","growth_activity":"0"},{"id":"95426","courseId":"229","type":"2","summary":"Decision","index":"28","json":"{ \"type\":2}","lite":"0","guid":"a685ed18-ec37-4a97-ac41-dbe2ddb82b1a","growth_activity":"0"},{"id":"95427","courseId":"229","type":"1","summary":"Persistence: The Eighth Step to Riches","index":"29","json":"{\"type\":1,\"intro\":{\"title\":\"\",\"description\":\"\",\"image\":\"\"},\"dossier\":false}","lite":"0","guid":"b72e19ab-64d6-47d3-8eb3-d9afdf930755","growth_activity":"0"},{"id":"95428","courseId":"229","type":"2","summary":"Persistence","index":"30","json":"{ \"type\":2}","lite":"0","guid":"6d9de415-2047-4973-b17f-a6be5453f9df","growth_activity":"0"},{"id":"95429","courseId":"229","type":"1","summary":"The Master Mind: The Ninth Step to Riches","index":"31","json":"{\"type\":1,\"intro\":{\"title\":\"\",\"description\":\"\",\"image\":\"\"},\"dossier\":false}","lite":"0","guid":"f404614f-de91-409c-956e-d38a05312a49","growth_activity":"0"},{"id":"95430","courseId":"229","type":"2","summary":"Power of the Master Mind","index":"32","json":"{ \"type\":2}","lite":"0","guid":"e3b7327a-6f19-4566-a022-a692d13a5dbb","growth_activity":"0"},{"id":"95431","courseId":"229","type":"1","summary":"Sex Transmutation: The Tenth Step to Riches","index":"33","json":"{\"type\":1,\"intro\":{\"title\":\"\",\"description\":\"\",\"image\":\"\"},\"dossier\":false}","lite":"0","guid":"3321c405-d0da-4cff-96fc-b697a3397be7","growth_activity":"0"},{"id":"95432","courseId":"229","type":"2","summary":"Sex Transmutation","index":"34","json":"{ \"type\":2}","lite":"0","guid":"674b6f41-8f82-43d0-8216-c432e0aeee11","growth_activity":"0"},{"id":"95433","courseId":"229","type":"1","summary":"Subconscious Mind: The Eleventh Step to Riches","index":"35","json":"{\"type\":1,\"intro\":{\"title\":\"\",\"description\":\"\",\"image\":\"\"},\"dossier\":false}","lite":"0","guid":"7e9e57a3-00a0-43a3-8fc1-954b024d741b","growth_activity":"0"},{"id":"95434","courseId":"229","type":"2","summary":"Subconscious Mind","index":"36","json":"{ \"type\":2}","lite":"0","guid":"4ab809e0-5dc4-4e63-8861-13278032dc9a","growth_activity":"0"},{"id":"95435","courseId":"229","type":"1","summary":"The Brain: The Twelfth Step to Riches","index":"37","json":"{\"type\":1,\"intro\":{\"title\":\"\",\"description\":\"\",\"image\":\"\"},\"dossier\":false}","lite":"0","guid":"bc80e627-4fad-4f01-8525-72bca673ab55","growth_activity":"0"},{"id":"95436","courseId":"229","type":"2","summary":"The Brain","index":"38","json":"{ \"type\":2}","lite":"0","guid":"adf676d3-a9d9-4d0f-843a-7454c618d878","growth_activity":"0"},{"id":"95437","courseId":"229","type":"1","summary":"Sixth Sense: The Thirteenth Step to Riches","index":"39","json":"{\"type\":1,\"intro\":{\"title\":\"\",\"description\":\"\",\"image\":\"\"},\"dossier\":false}","lite":"0","guid":"224cd31d-3990-4474-bcb8-c879af69a0d5","growth_activity":"0"},{"id":"95438","courseId":"229","type":"2","summary":"Sixth Sense","index":"40","json":"{ \"type\":2}","lite":"0","guid":"bfb86813-d5b5-41ac-95a7-b8f24e59548e","growth_activity":"0"},{"id":"95439","courseId":"229","type":"1","summary":"Six Ghosts of Fear: Clearing the Brain for Riches","index":"41","json":"{\"type\":1,\"intro\":{\"title\":\"\",\"description\":\"\",\"image\":\"\"},\"dossier\":false}","lite":"0","guid":"fef9e60f-ec4c-4577-a710-85482b6847a9","growth_activity":"0"},{"id":"95440","courseId":"229","type":"2","summary":"Six Ghosts of Fear","index":"42","json":"{ \"type\":2}","lite":"0","guid":"0f8742c6-6c45-4cc3-a084-4ef8c11a25ed","growth_activity":"0"}]