{"id":"229","credits":"2","dollars":"9.99","summary":"A new vision of the Napoleon Hill classic","description":"This Blink course is a new vision of Napoleon Hill's timeless book that has helped millions of people towards success. In this course, you'll work and play your way toward your dreams.","date":"2014-11-29 03:44:54","iconURL":"icon182.jpg","imageURL":"image182.jpg","vimeo":"","title":"T&GR - OLD VERSION","editDate":"2014-11-29 03:45:27","buildAvailable":"0","published":"0","publicationDate":null}