[{"id":"67841","courseId":"187","type":"3","summary":"Activity 1","index":"0","json":"{\\\"type\\\":3,\\\"intro\\\":{\\\"title\\\":\\\"Activity 1\\\",\\\"description\\\":\\\"This is the first activity\\\",\\\"image\\\":\\\"\\\",\\\"sound\\\":\\\"\\\",\\\"volume\\\":50},\\\"unlockscore\\\":0,\\\"quicklink\\\":false,\\\"quotation\\\":\\\"\\\"}","lite":"0","guid":"6e8d495d-76cc-4629-b3d6-8754c0b8805b","growth_activity":"1"},{"id":"67842","courseId":"187","type":"7","summary":"What is confidence","index":"1","json":"{\\\"type\\\":7,\\\"input\\\":{\\\"type\\\":1,\\\"prompt\\\":\\\"What do you think?\\\",\\\"locked\\\":false},\\\"feedback\\\":[\\\"\\\",\\\"\\\"],\\\"score\\\":0,\\\"gems\\\":0}","lite":"0","guid":"a9adf996-bf6e-41c6-8922-0e60ff57d3d9","growth_activity":"1"},{"id":"67843","courseId":"187","type":"4","summary":"Activity 1","index":"2","json":"{ \\\"type\\\":4}","lite":"0","guid":"47bb0038-7d16-45ac-bc1f-fabf72e5b306","growth_activity":"1"}]