{"id":"183","credits":"2","dollars":"9.99","summary":"Learn to communicate with confidence in your business and personal life.","description":"Learn to use the essential elements of trust, credibility, and confident behavior to communicate effectively and confidently.","date":"2014-09-29 19:30:50","iconURL":"icon173.jpg","imageURL":"image159.jpg","vimeo":"","title":"Confident Communicator Demo Course - FOR PROG TEST","editDate":"2014-09-30 18:49:41","buildAvailable":"1","published":"1","publicationDate":null}