[{"id":"92191","courseId":"223","type":"1","summary":"Before the Voyage","index":"0","json":"{\"type\":1,\"intro\":{\"title\":\"An Exhilarating Nothingness\",\"description\":\"Eight years old. Hanging my head off the end of my bed I wondered &#34;What if there were no trees in this world?&#34; I pictured that world. &#34;What if there was no grass?&#34; Another picture. I erased houses, cars, people, planets till I thought: What if there was never even the idea of existence?&#10;&#10;&#10;&#10;&#10;&#10;&#10;&#10;In that moment, I experienced the exhilarating nothingness.\",\"image\":\"5E45B254-74F8-BC03-9234-CDDF0FC28D3F.png\"},\"dossier\":false}","lite":"0","guid":"3f535f91-0ada-4ab6-b0d4-5b34745fa5ca","growth_activity":"0"},{"id":"92192","courseId":"223","type":"3","summary":"Those are my parents","index":"1","json":"{\"type\":3,\"intro\":{\"title\":\"Conflict Resolution\",\"description\":\"Those are my parents. It&#39;s the 1960s and they clearly love each other. But they fought all the time. With each other. And with my older brother and sister. I found this really annoying and frustrating.&#10;&#10;&#10;&#10;&#10;&#10;&#10;&#10;&#10;&#10;&#10;Then again, I am who I am today.\",\"image\":\"DA674151-BA77-4DFE-0862-EC8E010BBEEF.png\",\"sound\":\"\",\"volume\":50},\"unlockscore\":\"27\",\"quicklink\":false,\"quotation\":\"\"}","lite":"0","guid":"455f91e4-b5b7-4dfe-9899-d0132ec685a0","growth_activity":"0"},{"id":"92193","courseId":"223","type":"14","summary":"Where I grew up","index":"2","json":"{\"type\":14,\"question\":{\"timer\":60,\"multiplechoice\":true,\"answers\":[{\"correct\":false,\"text\":\"Then our dad died in the early &#39;70s.\",\"feedback\":\"No, our dad lived a long life to almost 92 years. But we all know people who&#39;s parents died when they were children. And if that is your tale, keep playing.\"},{\"correct\":false,\"text\":\"It was our mom. She drank until 1981,\",\"feedback\":\"No, mom almost never drank. But we&#39;ve all known people who just drink too much or take too many drugs. And if you were ever caught up in a mess like that, keep on playing.\"},{\"correct\":true,\"text\":\"It wasn&#39;t one thing, it was a slow grind.\",\"feedback\":\"Yes, there was no one major event I can point to. It was just all one big grind because of the constant friction in the house. If that is your story, please, keep playing.\"}],\"sound\":\"\",\"text\":\"That&#39;s me with my sister and brothers standing out front of the house we grew up in on Long Island. We look like mushy versions of who we are today, before life poured molten experience on us.\"},\"feedback\":[\"\",\"\"],\"score\":\"23\",\"gems\":\"1\",\"image\":\"019C01B4-AB68-7299-849D-445DC3584610.png\"}","lite":"0","guid":"1a4c0f9f-5103-4f12-b498-4b919a14268d","growth_activity":"0"},{"id":"92194","courseId":"223","type":"14","summary":"I Kept out of the fighting","index":"3","json":"{\"type\":14,\"question\":{\"timer\":0,\"multiplechoice\":true,\"answers\":[{\"correct\":false,\"text\":\"I love dioramas. One peak inside and everything feels do-able.\",\"feedback\":\"Like looking into a snow globe, or waking up in the morning and seeing that the world is blanketed with snow.\"},{\"correct\":false,\"text\":\"You run away, look for others to blame.\",\"feedback\":\"There is always further to run and more people to blame, but it leads to emptiness. Nothing left.\"},{\"correct\":true,\"text\":\"There is a pain the back of the universe\",\"feedback\":\"Call an ambulance. Call a doctor. Call whoever it is to make it feel better. Why not?\"}],\"sound\":\"\",\"text\":\"There was a lot of fighting going around. It didn&#39;t make sense to me and I didn&#39;t want to be involved. I spent a lot of my time in the backyard playing with my cars and trucks in the sand. I loved to build roads and bridges and parking lots in the sand - little worlds I could control.\"},\"feedback\":[\"\",\"\"],\"score\":\"0\",\"gems\":\"0\",\"image\":\"1E4B5AED-A8BC-B1D4-4C4A-DC73FB0EED8F.png\"}","lite":"0","guid":"4b4d50c1-5894-4a16-9ad1-0dde4b03a918","growth_activity":"0"},{"id":"92195","courseId":"223","type":"10","summary":"It's intuitive","index":"4","json":"{\"type\":10,\"dragdrop\":{\"timer\":90,\"layout\":0,\"goals\":[{\"isImage\":true,\"text\":\"\",\"image\":\"91DEECC6-7EE4-8865-C6FB-3682D9A10FF3.png\"},{\"isImage\":true,\"text\":\"\",\"image\":\"96E42504-8877-0D06-B8CD-794D9AEF1367.png\"}],\"items\":[{\"goal\":1,\"isImage\":false,\"text\":\"Courage\",\"image\":\"1651FD57-A15A-DB27-518E-481915C44CB4.png\",\"feedback\":[\"To live your life just to live your life. Then look up at the stars at night and set your mind free.\",\"When the great bear roars it takes no courage to be scared.\"]},{\"goal\":2,\"isImage\":false,\"text\":\"Fear\",\"image\":\"C091B2F1-6597-DDFB-ADA7-52D172D33E35.png\",\"feedback\":[\"We bring it on ourselves. We cheer the crowd. We fight the war. We listen when we are told what to do. Except for those few who hear a different song.\",\"We bow our heads and murmur prayers. We push through our days and sleep well at night. If there is any fear it is that feeling that we call life itself.\"]},{\"goal\":1,\"isImage\":false,\"text\":\"Flow\",\"image\":\"C5D23AC4-7429-5906-2BC6-32E417AA7EA1.png\",\"feedback\":[\"Don&#39;t talk down to me. I may be flowing with my life and the world, but that is because I have no choice but to be. Otherwise this life would kill me.\",\"There is a vast external flow to war. It pulls you along. That is part of the appeal. It puts us in a situation where we have no choice. We like to want freedom, and talk about it, but it is so tiring.\"]},{\"goal\":2,\"isImage\":false,\"text\":\"Pain\",\"image\":\"4ACFE8A4-1373-6B7D-2B86-055528CA3375.png\",\"feedback\":[\"Fighting hurts. That is the point. If you don&#39;t want to get burnt, then don&#39;t come in the kitchen. What do you think, they&#39;re all kidding? No, and today, treat of all treats: more live lost lives.\",\"There is pain in life. In every life. It can be a daily grinding pain and it can be a shocking fuck of a blow. You can sort of get used to the daily grind, but it&#39;s impossible to ignore those shocking blows.\"]}],\"prompt\":\"                            CONTROL and FIGHTING. DEAL with IT.\",\"sound\":\"\"},\"feedback\":[\"You&#39;re good. You know how to keep from fighting. You are a step above most people. But don&#39;t tell anyone you got this feedback.\",\"Control and fighting. Contain it? You can&#39;t. \"],\"score\":\"80\",\"gems\":\"1\"}","lite":"0","guid":"43f810b1-215e-4a39-b35d-18809b8cc5f1","growth_activity":"0"},{"id":"92196","courseId":"223","type":"9","summary":"Frustrated with the world","index":"5","json":"{\"type\":9,\"wordfill\":{\"text\":\"                 I knew things could be ##1##&#10;                 All the time they were ##2## &#10;                 It just really made me ##3##\",\"prompt\":\"        I was very frustrated with the world beyond my control.\",\"sound\":\"\",\"words\":[\"BETTER\",\"FIGHTING\",\"WONDER\",\"always \",\"listen for\",\"truth\"],\"timer\":23},\"feedback\":[\"                    ...&#34;Why don&#39;t they grow up.&#34; \",\"&#34;Why can&#39;t they be more observant, and seek what they are missing?&#34; What are you missing?\"],\"score\":\"60\",\"gems\":\"1\"}","lite":"0","guid":"0b5df78a-20ec-46aa-ac81-f5d5264c9ea7","growth_activity":"0"},{"id":"92197","courseId":"223","type":"4","summary":"Burst 1","index":"6","json":"{ \"type\":4}","lite":"0","guid":"d6bf9a90-b48c-4cf9-97fc-f092dcd8e2ae","growth_activity":"0"},{"id":"92198","courseId":"223","type":"3","summary":"The Sell","index":"7","json":"{\"type\":3,\"intro\":{\"title\":\"You are bad\",\"description\":\"Fifty years later, I look around at the world and I&#39;m still frustrated. I see us being short-sighted, blaming others for everything, not taking responsibility, bullying, fighting. \",\"image\":\"76D798A2-3D05-01B4-AC16-AA38AF90FD74.png\",\"sound\":\"\",\"volume\":50},\"unlockscore\":\"30\",\"quicklink\":false,\"quotation\":\"\"}","lite":"0","guid":"d81c950b-b097-4caf-9fe9-2f223050599f","growth_activity":"0"},{"id":"92199","courseId":"223","type":"11","summary":"When are we going to grow up?","index":"8","json":"{\"type\":11,\"simon\":{\"prompt\":\"                                   AND I THINK\",\"sounds\":[\"B40B3F30-65D9-A77F-2A09-36CBAB9F7252.mp3\",\"812E665B-7393-7E6A-2E4F-945358C07B80.mp3\",\"AB6ECC09-7186-6857-5AE7-8167A9EEAD18.mp3\",\"CBCAC923-1B14-07A2-BB2D-A6729179BF14.mp3\",\"8FD60439-663D-FC87-CBDC-46C8F7BCF5AA.mp3\",\"C4A50A10-2F57-A372-3D34-480BEC03F792.mp3\",\"4E78A3C4-9914-3F07-3EAE-806206EB1D33.mp3\",\"C1C95729-97D8-B87D-9069-8857F5CDAB91.mp3\",\"F383A6C0-C80A-26CE-FCEC-B70CE4303B47.mp3\"],\"phrase\":\"When are|we going|to|grow up\",\"wrong\":\"Always|trust|in|the future|When are\",\"time\":0,\"score\":0,\"gems\":0,\"sound\":\"\"},\"feedback\":[\"Because we live in a time of incredible promise and if we don&#39;t grow up, that promise will slip through our fingers. To really explain to you what I mean, I have to first tell you about a metric I created.\",\"You can look around and see the good and you can look around and see the bad. But past performance is not an indicator of future results so neither should diminish your faith in the future. Let me explain a metric I created.\"],\"score\":\"39\",\"gems\":\"1\"}","lite":"0","guid":"c0a11d9b-9c9a-4a47-91a2-ddfeea425032","growth_activity":"0"},{"id":"92200","courseId":"223","type":"13","summary":"A new metric","index":"9","json":"{\"type\":13,\"thisthat\":{\"questions\":[{\"text\":\"I needed a way to think about ten thousand years of human civilization. &#10;&#10;Generations weren&#39;t distinct enough; centuries were too long.&#10;&#10;And so I conceived of the... \",\"correct\":\"Lifetime of Humanity\",\"wrong\":\"Extended Moan of Pain\",\"value\":true,\"feedback\":[\"Yes. I love the words &#39;lifetime&#39; and &#39;humanity.&#39; Two of my favorite words connect into one useful concept.\",\"You must have known that wasn&#39;t the correct answer. Maybe you were just looking to see what would be here. You were curious enough to select it. If you did it on your first run though course, very impressed. You are more interested in figuring thing out than in always receiving positive feedback.\"]},{\"text\":\"There is something majestic and compelling about the sweep and flow of a human life.&#10;&#10;This led me to establishing the duration of a Life of Humanity to be this many years:\",\"correct\":\"90\",\"wrong\":\"70\",\"value\":false,\"feedback\":[\"70 is the perfect number. \",\"90? If I was going to use 90 years, I might as well just use centuries.\"]},{\"text\":\"I decided on 70 years because for thousands of years, all across the globe, if you lived to be an adult you were very likely to live into your...\",\"correct\":\"seventies\",\"wrong\":\"forties\",\"value\":true,\"feedback\":[\"Yes, of course, seventies. \",\"Forties? What are you basing that on?\"]},{\"text\":\"Yes, it seems surprising that humans have lived lives that long for so long.&#10;&#10;As if one of the successes of our generation was longevity, rather than the...\",\"correct\":\"spread of it.\",\"wrong\":\"understanding of love.\",\"value\":true,\"feedback\":[\"Yes, we didn&#39;t invent it but we sure helped to spread it around among the people of the world.\",\"Well, I don&#39;t think the human heart can understand and the human mind can only interpret the receptors of feelings.\"]}],\"timer\":57,\"noscore\":false},\"feedback\":[\"So that&#39;s a Lifetime of Humanity. Now go ahead and make something of yourself.\",\"So that&#39;s a Lifetime of Humanity. Now go ahead and make something of yourself.\"],\"score\":0,\"gems\":0}","lite":"0","guid":"98bb51cd-3c83-4000-940a-32a679b84a70","growth_activity":"0"},{"id":"92201","courseId":"223","type":"4","summary":"The Sell","index":"10","json":"{ \"type\":4}","lite":"0","guid":"2315bf26-0bff-497f-8d29-402a50fec922","growth_activity":"0"},{"id":"92202","courseId":"223","type":"3","summary":"Our journey begins","index":"11","json":"{\"type\":3,\"intro\":{\"title\":\"The First Lifetime\",\"description\":\"Our journey begins one dusky morning in 8000 BC. A child is born in the Near East. His parents are hunters who also grow some of their food. As the child grows to manhood, he and his cohorts settle down into somewhat stable communities to focus almost exclusively on farming. It&#39;s an unprecedented change in their day to day lifestyle.&#10;&#10;&#10;&#10;&#10;&#10;&#10;&#10;&#10;This is the dawn of human civilization.\",\"image\":\"53565A6C-1856-215D-696B-D9B19CD1D2E6.png\",\"sound\":\"\",\"volume\":50},\"unlockscore\":\"33\",\"quicklink\":false,\"quotation\":\"\"}","lite":"0","guid":"8cd1cf26-f48c-40e8-b95b-f968b190e8f7","growth_activity":"0"},{"id":"92203","courseId":"223","type":"4","summary":"Our journey begins","index":"12","json":"{ \"type\":4}","lite":"0","guid":"b262e5c6-a28b-4abe-a169-ca82961486a7","growth_activity":"0"},{"id":"92204","courseId":"223","type":"2","summary":"Unit 1","index":"13","json":"{ \"type\":2}","lite":"0","guid":"796956e4-e656-4cac-9a3d-4e3670200be6","growth_activity":"0"}]