[{"id":"93911","courseId":"226","type":"1","summary":"Unit 1","index":"0","json":"{\"type\":1,\"intro\":{\"title\":\"This is the title\",\"description\":\"Blink courses serve up content in small chunks (called Blinks) and arrange those Blinks into short sequences (called Bursts). In this first Burst, you&#39;ll learn about the WF-2540, a high-performance all-in-one, and you can earn 6 gems. Gems reflect how well you understand the material. &#10;&#10;&#10;&#10;&#10;&#10;&#10;&#10;7 Line spaces. And to unlock the next Burst, you must get at least 80 points.\",\"image\":\"A36B013B-FC37-693B-3748-4B1193BBDB9B.png\"},\"dossier\":false}","lite":"0","guid":"44cad04d-6862-4da2-82f8-080fa6c74aa8","growth_activity":"0"},{"id":"93912","courseId":"226","type":"3","summary":"Burst 1","index":"1","json":"{\"type\":3,\"intro\":{\"title\":\"\",\"description\":\"Blink courses serve up content in small chunks (called Blinks) and arrange those Blinks into short sequences (called Bursts). In this first Burst, you&#39;ll learn about the WF-2540, a high-performance all-in-one, and you can earn 6 gems.&#10;&#10;&#10;&#10;&#10;&#10;&#10;&#10;&#10;8 spaces Gems reflect how well you understand the material. And to unlock the next Burst, you must get at least 80 points.&#10;\",\"image\":\"F5E6A284-7825-E9C1-ECFE-9B289A2012CA.png\",\"sound\":\"\",\"volume\":50},\"unlockscore\":0,\"quicklink\":false,\"quotation\":\"\"}","lite":"0","guid":"431d061d-4f49-4de4-ab07-b4f2fa58dcb6","growth_activity":"0"},{"id":"93913","courseId":"226","type":"6","summary":"Pres 1","index":"2","json":"{\"type\":6,\"image\":\"F95DA785-AADF-7D04-6816-D9FBE77E48F5.png\",\"presentation\":[{\"text\":\"THIS IS A HEADING\",\"in\":0,\"time\":0,\"sound\":\"\",\"size\":2,\"color\":\"#256ED7\"},{\"text\":\"WORKS WITH LESS TEXT Blink courses serve up content in small chunks (called Blinks) and arrange those Blinks into short sequences (called Bursts). In this first Burst, you&#39;ll learn about the WF-2540, a high-performance all-in-one, and you can earn 6 gems. Gems reflect how well you understand the material. \",\"in\":0,\"time\":0,\"sound\":\"\"}]}","lite":"0","guid":"0d26aef2-9e85-4a54-9889-cc4b69044cae","growth_activity":"0"},{"id":"93914","courseId":"226","type":"6","summary":"Pres 1 B","index":"3","json":"{\"type\":6,\"image\":\"155163DF-0526-85E5-4895-FC8EB743BFC8.png\",\"presentation\":[{\"text\":\"THIS IS A HEADING\",\"in\":0,\"time\":0,\"sound\":\"\",\"size\":2,\"color\":\"#256ED7\"},{\"text\":\"Blink courses serve up content in small chunks (called Blinks) and arrange those Blinks into short sequences (called Bursts). In this first Burst, you&#39;ll learn about the WF-2540, a high-performance all-in-one, and you can earn 6 gems.\",\"in\":0,\"time\":0,\"sound\":\"\"},{\"text\":\"Gems reflect how well you understand the material. And to unlock the next Burst, you must get at least 80 points.\",\"in\":0,\"time\":0,\"sound\":\"\"}]}","lite":"0","guid":"ac9f0d09-8089-431d-9dcc-6aa83c0cb49b","growth_activity":"0"},{"id":"93915","courseId":"226","type":"6","summary":"Pres 3 B","index":"4","json":"{\"type\":6,\"image\":\"CB2C3B6D-DB3B-571E-882E-15F26D174D08.png\",\"presentation\":[{\"text\":\"THIS IS A HEADING\",\"in\":0,\"time\":0,\"sound\":\"\",\"size\":2,\"color\":\"#256ED7\"},{\"text\":\"Blink courses serve up content in small chunks (called Blinks) and arrange those Blinks into short sequences (called Bursts). In this first Burst, you&#39;ll learn about the WF-2540, a high-performance all-in-one, and you can earn 6 gems.\",\"in\":0,\"time\":0,\"sound\":\"\"},{\"text\":\"Gems reflect how well you understand the material. And to unlock the next Burst, you must get at least 80 points.\",\"in\":0,\"time\":0,\"sound\":\"\"}]}","lite":"0","guid":"4dfcdd5f-ed0b-4fa4-9354-a51505adde1d","growth_activity":"0"},{"id":"93916","courseId":"226","type":"6","summary":"Pres 1 C","index":"5","json":"{\"type\":6,\"image\":\"86B42998-DFDD-DA15-7AD2-4DDBD0130D65.png\",\"presentation\":[{\"text\":\"THIS IS A HEADING\",\"in\":0,\"time\":0,\"sound\":\"\",\"size\":2,\"color\":\"#256ED7\"},{\"text\":\"This is a Presentation with one line of text under a picture\",\"in\":0,\"time\":0,\"sound\":\"\"}]}","lite":"0","guid":"8f0f56c3-05ac-47a5-98e2-efc7845bf54f","growth_activity":"0"},{"id":"93917","courseId":"226","type":"6","summary":"Pres 1 D","index":"6","json":"{\"type\":6,\"image\":\"A9E86B40-2AD1-6B76-DCD5-5CE73008508C.png\",\"presentation\":[{\"text\":\"THIS IS A HEADING\",\"in\":0,\"time\":0,\"sound\":\"\",\"size\":2,\"color\":\"#256ED7\"},{\"text\":\"Blink courses serve up content in small chunks (called Blinks) and arrange those Blinks into short sequences (called Bursts). In this first Burst, you&#39;ll learn about the WF-2540, a high-performance all-in-one, and you can earn 6 gems.\",\"in\":0,\"time\":0,\"sound\":\"\"},{\"text\":\"Gems reflect how well you understand the material. And to unlock the next Burst, you must get at least 80 points.\",\"in\":0,\"time\":0,\"sound\":\"\"}]}","lite":"0","guid":"06865a13-a639-4711-8e54-dc6eb089575e","growth_activity":"0"},{"id":"93918","courseId":"226","type":"6","summary":"Pres 1 E","index":"7","json":"{\"type\":6,\"image\":\"E6E59D83-3DAB-5920-6BD8-E98C8A2DCD87.png\",\"presentation\":[{\"text\":\"Hollywood 1930s\",\"in\":0,\"time\":0,\"sound\":\"\",\"size\":2,\"color\":\"#256ED7\",\"alignment\":1}]}","lite":"0","guid":"c57131dc-9634-43d6-b30d-cea03661ac86","growth_activity":"0"},{"id":"93919","courseId":"226","type":"6","summary":"Pres 2","index":"8","json":"{\"type\":6,\"image\":\"A1304544-CD45-D424-5B03-6A961462ED52.png\",\"presentation\":[{\"text\":\"THIS IS A HEADING\",\"in\":0,\"time\":0,\"sound\":\"\",\"size\":2,\"color\":\"#FF9500\"},{\"text\":\"Blink courses serve up content in small chunks (called Blinks) and arrange those Blinks into short sequences (called Bursts). In this first Burst, you&#39;ll learn about the WF-2540, a high-performance all-in-one, and you can earn 6 gems. \",\"in\":0,\"time\":0,\"sound\":\"\"},{\"text\":\"Gems reflect how well you understand the material. And to unlock the next Burst, you must get at least 80 points.\",\"in\":0,\"time\":0,\"sound\":\"\"}]}","lite":"0","guid":"b499b2bc-474d-4efb-ba6d-21835b1b61b8","growth_activity":"0"},{"id":"93920","courseId":"226","type":"14","summary":"Question 1","index":"9","json":"{\"type\":14,\"question\":{\"timer\":0,\"multiplechoice\":true,\"answers\":[{\"correct\":false,\"text\":\"This is the first answer.\",\"feedback\":\"\"},{\"correct\":false,\"text\":\"This is the second answer.\",\"feedback\":\"\"},{\"correct\":false,\"text\":\"This is the third answer.\",\"feedback\":\"\"}],\"sound\":\"\",\"text\":\"We all need to communicate with other people in both our business and personal lives. And sometimes we don&#39;t feel confident when communicating. That&#39;s when the unpleasant emotions can begin. In this Burst, we&#39;ll explore those feelings both from the point of view of the speaker as well as the listener.\"},\"feedback\":[\"\",\"\"],\"score\":0,\"gems\":0,\"image\":\"454E522E-6FDF-8171-42AC-82648074E33B.png\"}","lite":"0","guid":"0b687122-6e38-4eaf-b76d-ffbd3dc1803d","growth_activity":"0"},{"id":"93921","courseId":"226","type":"14","summary":"Question 1 B","index":"10","json":"{\"type\":14,\"question\":{\"timer\":0,\"multiplechoice\":true,\"answers\":[{\"correct\":false,\"text\":\"This is the first answer.\",\"feedback\":\"\"},{\"correct\":false,\"text\":\"This is the second answer.\",\"feedback\":\"\"},{\"correct\":false,\"text\":\"This is the third answer.\",\"feedback\":\"\"}],\"sound\":\"\",\"text\":\"We all need to communicate with other people in both our business and personal lives. And sometimes we don&#39;t feel confident when communicating. That&#39;s when the unpleasant emotions can begin. In this Burst, we&#39;ll explore those feelings both from the point of view of the speaker as well as the listener.\"},\"feedback\":[\"\",\"\"],\"score\":0,\"gems\":0,\"image\":\"28481A1C-90A2-954A-C664-02985C6400B3.png\"}","lite":"0","guid":"ba2d3bb1-fb96-446a-8987-705c567adf7c","growth_activity":"0"},{"id":"93922","courseId":"226","type":"14","summary":"Question 1 B 2","index":"11","json":"{\"type\":14,\"question\":{\"timer\":0,\"multiplechoice\":true,\"answers\":[{\"correct\":false,\"text\":\"This is the first answer.\",\"feedback\":\"\"},{\"correct\":false,\"text\":\"This is the second answer.\",\"feedback\":\"\"},{\"correct\":false,\"text\":\"This is the third answer.\",\"feedback\":\"\"}],\"sound\":\"\",\"text\":\"We all need to communicate with other people in both our business and personal lives. And sometimes we don&#39;t feel confident when communicating. That&#39;s when the unpleasant emotions can begin. In this Burst, we&#39;ll explore those feelings both from the point of view of the speaker as well as the listener.\"},\"feedback\":[\"\",\"\"],\"score\":0,\"gems\":0,\"image\":\"75886AE7-0F1A-7D0C-8329-2F62A3403A10.png\"}","lite":"0","guid":"aabd79f0-8b13-4bb9-8c37-9600eef56c16","growth_activity":"0"},{"id":"93923","courseId":"226","type":"14","summary":"Question 1 C","index":"12","json":"{\"type\":14,\"question\":{\"timer\":0,\"multiplechoice\":true,\"answers\":[{\"correct\":false,\"text\":\"This is the first answer.\",\"feedback\":\"\"},{\"correct\":false,\"text\":\"This is the second answer.\",\"feedback\":\"\"},{\"correct\":false,\"text\":\"This is the third answer.\",\"feedback\":\"\"}],\"sound\":\"\",\"text\":\"We all need to communicate with other people in both our business and personal lives. And sometimes we don&#39;t feel confident when communicating. That&#39;s when the unpleasant emotions can begin. In this Burst, we&#39;ll explore those feelings both from the point of view of the speaker as well as the listener.\"},\"feedback\":[\"\",\"\"],\"score\":0,\"gems\":0,\"image\":\"5CB83EDD-CD86-58D7-694C-B77611590DCF.png\"}","lite":"0","guid":"b7956f76-e537-48a5-aead-44206683ca8c","growth_activity":"0"},{"id":"93924","courseId":"226","type":"14","summary":"Question 1 D","index":"13","json":"{\"type\":14,\"question\":{\"timer\":0,\"multiplechoice\":true,\"answers\":[{\"correct\":false,\"text\":\"This is the first answer.\",\"feedback\":\"\"},{\"correct\":false,\"text\":\"This is the second answer.\",\"feedback\":\"\"},{\"correct\":false,\"text\":\"This is the third answer.\",\"feedback\":\"\"}],\"sound\":\"\",\"text\":\"We all need to communicate with other people in both our business and personal lives. And sometimes we don&#39;t feel confident when communicating. That&#39;s when the unpleasant emotions can begin. In this Burst, we&#39;ll explore those feelings both from the point of view of the speaker as well as the listener.\"},\"feedback\":[\"\",\"\"],\"score\":0,\"gems\":0,\"image\":\"421D031B-1745-FD62-5F18-7EB5367DB94E.png\"}","lite":"0","guid":"1f487a75-2484-4f7e-a2f6-fc5751c8fe68","growth_activity":"0"},{"id":"93925","courseId":"226","type":"4","summary":"Burst 1","index":"14","json":"{ \"type\":4}","lite":"0","guid":"d4a8493d-e501-4aa7-82e5-f1c23f8e7054","growth_activity":"0"},{"id":"93926","courseId":"226","type":"2","summary":"Unit 1","index":"15","json":"{ \"type\":2}","lite":"0","guid":"12d463d4-8cce-4611-bdab-6288a364f7c0","growth_activity":"0"},{"id":"93927","courseId":"226","type":"1","summary":"Unit 2","index":"16","json":"{\"type\":1,\"intro\":{\"title\":\"Name\",\"description\":\"Blink courses serve up content in small chunks (called Blinks) and arrange those Blinks into short sequences (called Bursts). In this first Burst, you&#39;ll learn about the WF-2540, a high-performance all-in-one, and you can earn 6 gems. Gems reflect how well you understand the material. &#10;&#10;&#10;&#10;&#10;&#10;&#10;&#10;7 Line spaces. And to unlock the next Burst, you must get at least 80 points.\",\"image\":\"8DCDC9A2-0A28-E6DF-252A-D503DB423EC1.png\"},\"dossier\":false}","lite":"0","guid":"2d84d607-d649-471f-b61a-ac0175ae5cd3","growth_activity":"0"},{"id":"93928","courseId":"226","type":"3","summary":"Burst 1","index":"17","json":"{\"type\":3,\"intro\":{\"title\":\"Burst 1\",\"description\":\"Blink courses serve up content in small chunks (called Blinks) and arrange those Blinks into short sequences (called Bursts). In this first Burst, you&#39;ll learn about the WF-2540, a high-performance all-in-one, and you can earn 6 gems.&#10;&#10;&#10;&#10;&#10;&#10;&#10;&#10;&#10;8 spaces Gems reflect how well you understand the material. And to unlock the next Burst, you must get at least 80 points.&#10;\",\"image\":\"75942064-E461-EF4E-3910-817811523F4C.png\",\"sound\":\"\",\"volume\":50},\"unlockscore\":0,\"quicklink\":false,\"quotation\":\"\"}","lite":"0","guid":"261713a3-8640-4e77-8bd9-03802a9f1f39","growth_activity":"0"},{"id":"93929","courseId":"226","type":"4","summary":"Burst 1","index":"18","json":"{ \"type\":4}","lite":"0","guid":"faa4e44c-9e7a-42b8-bea1-b203491257a9","growth_activity":"0"},{"id":"93930","courseId":"226","type":"3","summary":"Burst 2","index":"19","json":"{\"type\":3,\"intro\":{\"title\":\"Name\",\"description\":\"Blink courses serve up content in small chunks (called Blinks) and arrange those Blinks into short sequences (called Bursts). In this first Burst, you&#39;ll learn about the WF-2540, a high-performance all-in-one, and you can earn 6 gems.&#10;&#10;&#10;&#10;&#10;&#10;&#10;&#10;&#10;8 spaces Gems reflect how well you understand the material. And to unlock the next Burst, you must get at least 80 points.&#10;\",\"image\":\"79E4E758-61D4-03FF-09BA-E1D1796E8334.png\",\"sound\":\"\",\"volume\":50},\"unlockscore\":0,\"quicklink\":false,\"quotation\":\"\"}","lite":"0","guid":"dc224410-9970-41eb-86ca-8e7d8ad3853f","growth_activity":"0"},{"id":"93931","courseId":"226","type":"4","summary":"Burst 2","index":"20","json":"{ \"type\":4}","lite":"0","guid":"f093ff1e-6838-4a08-aa06-701c22a7cb37","growth_activity":"0"},{"id":"93932","courseId":"226","type":"3","summary":"This this one","index":"21","json":"{\"type\":3,\"intro\":{\"title\":\"Name\",\"description\":\"Blink courses serve up content in small chunks (called Blinks) and arrange those Blinks into short sequences (called Bursts). In this first Burst, you&#39;ll learn about the WF-2540, a high-performance all-in-one with space-saving design. And you can earn 6 gems. Gems reflect how well you understand the material.&#10;&#10;&#10;&#10;&#10;&#10;&#10;6 Lines To unlock the next Burst, you must get at least 40 points.\",\"image\":\"71C09D6E-F3DE-D502-80A3-827B1782D17C.png\",\"sound\":\"\",\"volume\":50},\"unlockscore\":0,\"quicklink\":false,\"quotation\":\"\"}","lite":"0","guid":"55492ccf-1cb4-4a03-9576-7ed30adbf913","growth_activity":"0"},{"id":"93933","courseId":"226","type":"4","summary":"This this one","index":"22","json":"{ \"type\":4}","lite":"0","guid":"6867f49f-c2eb-4978-85d3-17ce5a726c13","growth_activity":"0"},{"id":"93934","courseId":"226","type":"2","summary":"Unit 2","index":"23","json":"{ \"type\":2}","lite":"0","guid":"10152692-390e-4bac-bd58-f6e1b392364a","growth_activity":"0"},{"id":"93935","courseId":"226","type":"1","summary":"Unit 3 TRY NEW ART","index":"24","json":"{\"type\":1,\"intro\":{\"title\":\"Name\",\"description\":\"Blink courses serve up content in small chunks (called Blinks) and arrange those Blinks into short sequences (called Bursts). In this first Burst, you&#39;ll learn about the WF-2540, a high-performance all-in-one, and you can earn 6 gems. Gems reflect how well you understand the material. &#10;&#10;&#10;&#10;&#10;&#10;&#10;&#10;7 Line spaces. And to unlock the next Burst, you must get at least 80 points.\",\"image\":\"CF4E949C-2BF8-0A94-F3AF-BE004D2BF855.png\"},\"dossier\":false}","lite":"0","guid":"6e0b787f-e3a5-4ba9-ba5a-7ded9ec362cf","growth_activity":"0"},{"id":"93936","courseId":"226","type":"2","summary":"Unit 3 TRY NEW ART","index":"25","json":"{ \"type\":2}","lite":"0","guid":"93ff082b-82b2-4ab4-b2ea-71b3f1a9183c","growth_activity":"0"},{"id":"93937","courseId":"226","type":"1","summary":"Unit 4 Try New Art","index":"26","json":"{\"type\":1,\"intro\":{\"title\":\"Name\",\"description\":\"Blink courses serve up content in small chunks (called Blinks) and arrange those Blinks into short sequences (called Bursts). In this first Burst, you&#39;ll learn about the WF-2540, a high-performance all-in-one, and you can earn 6 gems. Gems reflect how well you understand the material. &#10;&#10;&#10;&#10;&#10;&#10;&#10;&#10;7 Line spaces. And to unlock the next Burst, you must get at least 80 points.\",\"image\":\"526A3A25-180C-D01F-872B-F107FBE0D43D.png\"},\"dossier\":false}","lite":"0","guid":"8b1e5448-2b96-49d4-965f-cd7e69db911a","growth_activity":"0"},{"id":"93938","courseId":"226","type":"2","summary":"Unit 4 Try New Art","index":"27","json":"{ \"type\":2}","lite":"0","guid":"9576f254-ceea-4ebc-a9d9-6f4f87a239fc","growth_activity":"0"}]