[{"id":"4120","courseId":"10","type":"1","summary":"INTRODUCTION","index":"0","json":"{\\\"type\\\":1,\\\"intro\\\":{\\\"title\\\":\\\"This is the introduction\\\",\\\"description\\\":\\\"Think and grow rich is more than a clever phrase. It is a way of life.\\\",\\\"image\\\":\\\"\\\"},\\\"dossier\\\":false}","lite":"1","guid":"797d0eed-4579-41cb-a0df-f3189ef0fdbd","growth_activity":"0"},{"id":"4121","courseId":"10","type":"3","summary":"Welcome","index":"1","json":"{\\\"type\\\":3,\\\"intro\\\":{\\\"title\\\":\\\"Introduction\\\",\\\"description\\\":\\\"This is the introduction.\\\",\\\"image\\\":\\\"\\\"},\\\"unlockscore\\\":0,\\\"quicklink\\\":false,\\\"quotation\\\":\\\"There is a secret for getting rich. \\\"}","lite":"1","guid":"66b5e9c5-0d4e-43b3-a837-7e58514bee55","growth_activity":"0"},{"id":"4122","courseId":"10","type":"9","summary":"There is a secret","index":"2","json":"{\\\"type\\\":9,\\\"feedback\\\":[\\\"Yes, Napoleon Hill discovered a secret among all the successful people he interviewed. A secret that can lead anyone to attaining their desires. You will discover that secret in this app.\\\",\\\"No, there is a secret for getting rich. And Napoleon Hill discovered it in his hundreds of interviews. You will discover that secret in this app.\\\"],\\\"score\\\":0,\\\"gems\\\":0,\\\"wordfill\\\":{\\\"words\\\":[\\\"no secret\\\",\\\"a secret\\\",\\\"rich\\\"],\\\"text\\\":\\\"There is ##2## for getting ##3##.\\\",\\\"timer\\\":15}}","lite":"0","guid":"8602a4ac-8db0-4419-8036-f242149f8a14","growth_activity":"0"},{"id":"4123","courseId":"10","type":"6","summary":"Yes, there is a secret for getting rich","index":"3","json":"{\\\\\\\"type\\\\\\\":3,\\\\\\\"presentation\\\\\\\":[{\\\\\\\"text\\\\\\\":\\\\\\\"Yes, there is a secret for getting rich, and Napoleon hill wrote about that secret over 100 years ago in his classic Think and Grow Rich. \\\\\\\",\\\\\\\"in\\\\\\\":2,\\\\\\\"out\\\\\\\":2,\\\\\\\"time\\\\\\\":4},{\\\\\\\"text\\\\\\\":\\\\\\\"After all these years, his philosophy for achieving success is still powerful and can change your life for the better.\\\\\\\",\\\\\\\"in\\\\\\\":2,\\\\\\\"out\\\\\\\":0,\\\\\\\"time\\\\\\\":4},{\\\\\\\"text\\\\\\\":\\\\\\\"This app summarizes this message and provides activities to help you to put his philosophy into action.\\\\\\\",\\\\\\\"in\\\\\\\":2,\\\\\\\"out\\\\\\\":0,\\\\\\\"time\\\\\\\":4}]}","lite":"1","guid":"6f56178e-aa8f-4f14-b188-12fe76252b89","growth_activity":"0"},{"id":"4124","courseId":"10","type":"6","summary":"This app contains two main sections","index":"4","json":"{\\\"type\\\":3,\\\"intro\\\":{\\\"title\\\":\\\"\\\",\\\"description\\\":\\\"\\\",\\\"image\\\":\\\"\\\"},\\\"unlockscore\\\":0,\\\"quicklink\\\":false,\\\"quotation\\\":\\\"\\\",\\\"presentation\\\":[{\\\"text\\\":\\\"This app contains two main sections: LEARNING UNITS and ACTIVITIES.\\\",\\\"in\\\":0,\\\"out\\\":0,\\\"time\\\":1},{\\\"text\\\":\\\"The Learning Units focus on Hillu2019s secret for attaining your desires, as well as introspective activities to help you to truly THINK AND GROW RICH.\\\",\\\"in\\\":0,\\\"out\\\":0,\\\"time\\\":2},{\\\"text\\\":\\\"The LEARNING units are divided into BURSTS u2013 quick sessions that allow you to conveniently fit Hillu2019s ideas into the free moments of your day.\\\",\\\"in\\\":0,\\\"out\\\":0,\\\"time\\\":3},{\\\"text\\\":\\\"The Growing Activities will help you to put Hillu2019s winning strategies into action.\\\",\\\"in\\\":0,\\\"out\\\":0,\\\"time\\\":0}]}","lite":"1","guid":"c4c177b1-03ee-4b95-b82b-f45ff6ba1a7e","growth_activity":"0"},{"id":"4125","courseId":"10","type":"6","summary":"Change your life","index":"5","json":"{\\\"type\\\":6,\\\"presentation\\\":[{\\\"text\\\":\\\"This app will change your life...if you are ready for it.\\\",\\\"in\\\":1,\\\"out\\\":2,\\\"time\\\":4}]}","lite":"1","guid":"d32cecd9-a7b3-43dd-8708-6441bf0a758f","growth_activity":"0"},{"id":"4126","courseId":"10","type":"10","summary":"What is it","index":"6","json":"{\\\"type\\\":10,\\\"dragdrop\\\":{\\\"timer\\\":20,\\\"layout\\\":0,\\\"goals\\\":[{\\\"isImage\\\":false,\\\"text\\\":\\\"Think and Grow Rich...in a blink!\\\",\\\"image\\\":\\\"\\\"}],\\\"items\\\":[{\\\"goal\\\":0,\\\"isImage\\\":false,\\\"text\\\":\\\"Fear\\\",\\\"image\\\":\\\"\\\"},{\\\"goal\\\":0,\\\"isImage\\\":false,\\\"text\\\":\\\"Learning\\\",\\\"image\\\":\\\"\\\"},{\\\"goal\\\":0,\\\"isImage\\\":false,\\\"text\\\":\\\"Growing\\\",\\\"image\\\":\\\"\\\"},{\\\"goal\\\":0,\\\"isImage\\\":false,\\\"text\\\":\\\"Poverty\\\",\\\"image\\\":\\\"\\\"},{\\\"goal\\\":0,\\\"isImage\\\":false,\\\"text\\\":\\\"Bursts\\\",\\\"image\\\":\\\"\\\"},{\\\"goal\\\":0,\\\"isImage\\\":false,\\\"text\\\":\\\"Units\\\",\\\"image\\\":\\\"\\\"},{\\\"goal\\\":0,\\\"isImage\\\":false,\\\"text\\\":\\\"Boredom\\\",\\\"image\\\":\\\"\\\"},{\\\"goal\\\":0,\\\"isImage\\\":false,\\\"text\\\":\\\"\\\",\\\"image\\\":\\\"\\\"}],\\\"prompt\\\":\\\"Drag all the apply to this app.\\\"},\\\"feedback\\\":[\\\"Yes, you know what to expect. Now let%27s do it!\\\",\\\"Keep an open mind moving forward and go through the Bursts multiple times until you optimize your learning.\\\"],\\\"score\\\":\\\"20\\\",\\\"gems\\\":\\\"1\\\"}","lite":"0","guid":"8b1ca726-bf5d-48cb-b1c4-9216d6dbfa74","growth_activity":"0"},{"id":"4127","courseId":"10","type":"4","summary":"Welcome","index":"7","json":"{ \\\"type\\\":4}","lite":"1","guid":"e82dd336-1468-471a-9fb7-0da576899654","growth_activity":"0"},{"id":"4128","courseId":"10","type":"3","summary":"The Secret","index":"8","json":"{\\\"type\\\":3,\\\"intro\\\":{\\\"title\\\":\\\"\\\",\\\"description\\\":\\\"\\\",\\\"image\\\":\\\"\\\"},\\\"unlockscore\\\":0,\\\"quicklink\\\":false,\\\"quotation\\\":\\\"\\\"}","lite":"1","guid":"6bafc39b-6497-431f-92b0-fc4f77922d95","growth_activity":"0"},{"id":"4129","courseId":"10","type":"6","summary":"The secret is based on","index":"9","json":"{ \\\"type\\\":6}","lite":"1","guid":"4256b4f5-e560-4608-96e7-8234c0638a94","growth_activity":"0"},{"id":"4130","courseId":"10","type":"6","summary":"This app will guide you","index":"10","json":"{ \\\"type\\\":6}","lite":"1","guid":"0b7af476-1357-4a9d-bc32-6976e746131f","growth_activity":"0"},{"id":"4131","courseId":"10","type":"6","summary":"Here is a clue","index":"11","json":"{ \\\"type\\\":6}","lite":"1","guid":"49c9c997-e3cc-4a32-9764-6545dc9c23e3","growth_activity":"0"},{"id":"4132","courseId":"10","type":"7","summary":"What does it mean that all riches begin","index":"12","json":"{ \\\"type\\\":7}","lite":"1","guid":"5e7fb579-cf39-4aee-82fb-0f23a8b39c7a","growth_activity":"0"},{"id":"4133","courseId":"10","type":"6","summary":"It is no accident","index":"13","json":"{ \\\"type\\\":6}","lite":"1","guid":"00fdaf74-32bb-4b82-9502-a3d4184b3e6e","growth_activity":"0"},{"id":"4134","courseId":"10","type":"4","summary":"The Secret","index":"14","json":"{ \\\"type\\\":4}","lite":"1","guid":"c73248f5-e364-4dba-b107-e2c413eed37d","growth_activity":"0"},{"id":"4135","courseId":"10","type":"3","summary":"Your Desire","index":"15","json":"{ \\\"type\\\":3}","lite":"1","guid":"319b2c1d-773e-42a1-9417-cfab3280260f","growth_activity":"0"},{"id":"4136","courseId":"10","type":"6","summary":"The secret will work for all those","index":"16","json":"{ \\\"type\\\":6}","lite":"1","guid":"a5c692e5-5104-4861-8b73-98eca915e05c","growth_activity":"0"},{"id":"4137","courseId":"10","type":"16","summary":"A vision of your desire","index":"17","json":"{ \\\"type\\\":16}","lite":"1","guid":"71074a99-7a21-49cd-a3b0-0fb80223ee93","growth_activity":"0"},{"id":"4138","courseId":"10","type":"4","summary":"Your Desire","index":"18","json":"{ \\\"type\\\":4}","lite":"1","guid":"79be6aca-cb25-4794-9d64-be2cd730392a","growth_activity":"0"},{"id":"4139","courseId":"10","type":"3","summary":"When it Appears","index":"19","json":"{ \\\"type\\\":3}","lite":"1","guid":"dce8b094-0325-4f6d-98d6-a7dccea69542","growth_activity":"0"},{"id":"4140","courseId":"10","type":"6","summary":"As you play through this app","index":"20","json":"{ \\\"type\\\":6}","lite":"1","guid":"0349bd43-9ae0-4c06-88ae-de5778cc928c","growth_activity":"0"},{"id":"4141","courseId":"10","type":"6","summary":"A peculiar thing","index":"21","json":"{ \\\"type\\\":6}","lite":"1","guid":"c77b3587-0762-45c2-8c6d-43da2d40a83c","growth_activity":"0"},{"id":"4142","courseId":"10","type":"14","summary":"Mult Choice For the secret to work","index":"22","json":"{ \\\"type\\\":14}","lite":"1","guid":"b47ee61b-895f-4b7c-9e78-9d9fa595365f","growth_activity":"0"},{"id":"4143","courseId":"10","type":"4","summary":"When it Appears","index":"23","json":"{ \\\"type\\\":4}","lite":"1","guid":"899d18c3-f4ad-49f7-914e-3c8119a9349f","growth_activity":"0"},{"id":"4144","courseId":"10","type":"2","summary":"INTRODUCTION","index":"24","json":"{ \\\"type\\\":2}","lite":"1","guid":"7207063f-edca-469f-bf6c-b71f51b0fcc7","growth_activity":"0"},{"id":"4145","courseId":"10","type":"1","summary":"Thoughts are Things","index":"25","json":"{ \\\"type\\\":1}","lite":"1","guid":"d3beb2a9-f52b-42d7-bdb3-b1820001fc86","growth_activity":"0"},{"id":"4146","courseId":"10","type":"3","summary":"Obsessive Commitment","index":"26","json":"{ \\\"type\\\":3}","lite":"1","guid":"15aacc64-18ff-4d45-8ad1-ebd5922cf94a","growth_activity":"0"},{"id":"4147","courseId":"10","type":"4","summary":"Obsessive Commitment","index":"27","json":"{ \\\"type\\\":4}","lite":"1","guid":"594aa6ec-2fe6-4ab3-b90d-f5d0028c8d3f","growth_activity":"0"},{"id":"4148","courseId":"10","type":"3","summary":"Tricky Opportunity","index":"28","json":"{ \\\"type\\\":3}","lite":"1","guid":"9f5c12b7-8c07-4e27-ab8a-20721c3cd63e","growth_activity":"0"},{"id":"4149","courseId":"10","type":"4","summary":"Tricky Opportunity","index":"29","json":"{ \\\"type\\\":4}","lite":"1","guid":"8105a45c-d7c2-48ca-a127-9ab810349bdb","growth_activity":"0"},{"id":"4150","courseId":"10","type":"3","summary":"Know what you want","index":"30","json":"{ \\\"type\\\":3}","lite":"1","guid":"64f44b20-7f0a-4ff2-aaae-b1fc9936f758","growth_activity":"0"},{"id":"4151","courseId":"10","type":"4","summary":"Know what you want","index":"31","json":"{ \\\"type\\\":4}","lite":"1","guid":"fa6d577f-c40a-4b25-b4af-1809c7dc6832","growth_activity":"0"},{"id":"4152","courseId":"10","type":"3","summary":"Stickability","index":"32","json":"{ \\\"type\\\":3}","lite":"1","guid":"8cbeed59-0386-4c1a-8767-bdf94aaf43cc","growth_activity":"0"},{"id":"4153","courseId":"10","type":"4","summary":"Stickability","index":"33","json":"{ \\\"type\\\":4}","lite":"1","guid":"2af8c7d2-1ea5-4ec5-9e20-2567205cf695","growth_activity":"0"},{"id":"4154","courseId":"10","type":"3","summary":"When Riches Come","index":"34","json":"{ \\\"type\\\":3}","lite":"1","guid":"62302c58-009a-45c3-82fc-611a24653d91","growth_activity":"0"},{"id":"4155","courseId":"10","type":"4","summary":"When Riches Come","index":"35","json":"{ \\\"type\\\":4}","lite":"1","guid":"1a028a08-caae-4274-851f-73d214637a5d","growth_activity":"0"},{"id":"4156","courseId":"10","type":"3","summary":"One Sound Idea","index":"36","json":"{ \\\"type\\\":3}","lite":"1","guid":"c7301e81-15a5-45cb-aefb-953b0b7f3a42","growth_activity":"0"},{"id":"4157","courseId":"10","type":"4","summary":"One Sound Idea","index":"37","json":"{ \\\"type\\\":4}","lite":"1","guid":"5485cc90-787f-4693-a094-047563f07f1a","growth_activity":"0"},{"id":"4158","courseId":"10","type":"3","summary":"Success and Failure Conscious","index":"38","json":"{ \\\"type\\\":3}","lite":"1","guid":"ebcd11be-30ee-4436-b4f6-8a519188c75e","growth_activity":"0"},{"id":"4159","courseId":"10","type":"4","summary":"Success and Failure Conscious","index":"39","json":"{ \\\"type\\\":4}","lite":"1","guid":"36e28262-2616-42c4-9e43-2fb9671c082a","growth_activity":"0"},{"id":"4160","courseId":"10","type":"3","summary":"Impossible and the Measure of Things","index":"40","json":"{ \\\"type\\\":3}","lite":"1","guid":"4db16ee7-9df0-43f4-98f5-85f1c36af799","growth_activity":"0"},{"id":"4161","courseId":"10","type":"4","summary":"Impossible and the Measure of Things","index":"41","json":"{ \\\"type\\\":4}","lite":"1","guid":"dd6913d6-d9e4-43cd-bc79-1c6299093b17","growth_activity":"0"},{"id":"4162","courseId":"10","type":"3","summary":"Your Magnetized Brain","index":"42","json":"{ \\\"type\\\":3}","lite":"1","guid":"2e9c0b2e-c120-4ef7-a7e9-a56245db1819","growth_activity":"0"},{"id":"4163","courseId":"10","type":"4","summary":"Your Magnetized Brain","index":"43","json":"{ \\\"type\\\":4}","lite":"1","guid":"4f82b6c8-4422-451c-98b7-9a36070d6366","growth_activity":"0"},{"id":"4164","courseId":"10","type":"3","summary":"The Energy Around Us","index":"44","json":"{ \\\"type\\\":3}","lite":"1","guid":"5c06b849-27bb-4f78-8fff-d4d689c921c6","growth_activity":"0"},{"id":"4165","courseId":"10","type":"4","summary":"The Energy Around Us","index":"45","json":"{ \\\"type\\\":4}","lite":"1","guid":"90311a54-0782-40a7-8a3a-3483b720a515","growth_activity":"0"},{"id":"4166","courseId":"10","type":"3","summary":"Put these Principles to Work","index":"46","json":"{ \\\"type\\\":3}","lite":"1","guid":"44ae3ce6-1027-4c29-bec3-26d86bd1b06c","growth_activity":"0"},{"id":"4167","courseId":"10","type":"4","summary":"Put these Principles to Work","index":"47","json":"{ \\\"type\\\":4}","lite":"1","guid":"bc2776b1-b26c-4f5f-863b-35fb502915ec","growth_activity":"0"},{"id":"4168","courseId":"10","type":"2","summary":"Thoughts are Things","index":"48","json":"{ \\\"type\\\":2}","lite":"1","guid":"ceac0028-0d57-427a-b101-84313128e2bd","growth_activity":"0"}]