{"id":"209","credits":"2","dollars":"9.99","summary":"Learn to communicate with confidence in your business and personal life.","description":"Learn to use the essential elements of trust, credibility, and confident behavior to communicate effectively and confidently.","date":"2014-10-07 06:31:04","iconURL":"icon198.jpg","imageURL":"image159.jpg","vimeo":"","title":"Confident Communicator Demo Course -  FIX INTRO -  Act Test 5","editDate":"2014-10-10 03:37:09","buildAvailable":"1","published":"0","publicationDate":null}