[{"id":"274165","courseId":"271","type":"1","summary":"Ted Cruz 2016","index":"0","json":"{\"type\":1,\"intro\":{\"title\":\"Reigniting the Promise of America\",\"description\":\"Senator Ted Cruz wants to be America&#39;s next president. As he says, &#34;If you want more of the same, there will be plenty to choose from. But if you want real conservative change and a proven record, I hope I can earn your support.&#34; Play through this Blink Candidate Course and you&#39;ll learn why you should support Ted Cruz.&#10;&#10;&#10;&#10;&#10;&#10;&#10;&#10;Ted Cruz is reigniting the promise of America.\",\"image\":\"F6FC0593-AB39-A62F-6551-E4F8FF4A7788.png\"},\"dossier\":false}","lite":"0","guid":"902175f1-2b4b-4d58-a53e-5a069a1a7732","growth_activity":"0"},{"id":"274166","courseId":"271","type":"3","summary":"Stronger, Safer America","index":"1","json":"{\"type\":3,\"intro\":{\"title\":\"Stronger, Safer America\",\"description\":\"A stronger, safer America safeguards freedom at home and across the globe. That&#39;s why Ted Cruz has fought tirelessly to defend our nation&#39;s servicemen and women, to restore America&#39;s leadership in the world, and to secure our border and streamline our legal immigration system.&#10;&#10;&#10;&#10;&#10;&#10;&#10;&#10;Ted Cruz&#39;s top priority is this nation&#39;s safety - for no family is safe and secure if our nation is not strong.\",\"image\":\"6E83AF43-E71F-698B-EAE6-369479213E38.png\",\"sound\":\"\",\"volume\":50},\"unlockscore\":0,\"quicklink\":false,\"quotation\":\"\"}","lite":"0","guid":"c488cd61-38d5-4114-bfaf-f7cb7ab9768b","growth_activity":"0"},{"id":"274167","courseId":"271","type":"14","summary":"Reject the Deal with Iran","index":"2","json":"{\"type\":14,\"question\":{\"timer\":60,\"multiplechoice\":true,\"answers\":[{\"correct\":true,\"text\":\"Not fit to serve as commander in chief of this country.\",\"feedback\":\"Yes, Cruz believes that this deal will weaken the country&#39;s position with regards to Iran&#39;s nuclear ambitions and leave any future president with few options.\"},{\"correct\":false,\"text\":\"Correctly giving Iran the benefit of the doubt.\",\"feedback\":\"No, Cruz does not believe Iran can be trusted. That nation has acted against its word in the past and it is only a misguided liberal notion that it would suddenly change its ways. A president must be fair, but tough when it comes to our nation&#39;s and the world&#39;s security.\"}],\"sound\":\"\",\"text\":\"Ted Cruz opposed the Obama Administration&#39;s dangerous deal with Iran that would allow Iran to pursue nuclear weapons. He has said that any potential candidate who is not willing to reject the emerging deal with Iran over its nuclear development is:\"},\"feedback\":[\"\",\"\"],\"score\":\"50\",\"gems\":\"1\"}","lite":"0","guid":"c3c6b29d-f67b-4ab0-bdb7-816ecada82aa","growth_activity":"0"},{"id":"274168","courseId":"271","type":"12","summary":"What a Deal Will Mean","index":"3","json":"{ \"type\":12}","lite":"0","guid":"e8b0d59a-f1c9-4e3b-9cab-5d76cdb3d0e0","growth_activity":"0"},{"id":"274169","courseId":"271","type":"4","summary":"Stronger, Safer America","index":"4","json":"{ \"type\":4}","lite":"0","guid":"d8dc5dc7-4139-4bbc-8f2f-bbf34493dd02","growth_activity":"0"},{"id":"274170","courseId":"271","type":"2","summary":"Ted Cruz 2016","index":"5","json":"{ \"type\":2}","lite":"0","guid":"b4fae137-c82b-42b2-b0ab-de5bfe70faf1","growth_activity":"0"}]