[{"id":"637600","courseId":"315","type":"1","summary":"The Better You and Your Family","index":"0","json":"{\"type\":1,\"intro\":{\"title\":\"The Better You and Your Family\",\"description\":\"Every day we walk around in our lives and react to everything that goes on around us. Sometimes we feel trapped in our lives and in the way we respond. We regret anger or we regret letting others take advantage of us. We feel that our life is just too big and complicated to change. So, just keep on keeping on, as they say.&#10;&#10;&#10;&#10;&#10;&#10;&#10;&#10;&#10;But there is a way to improve your life, day by day.\",\"image\":\"454E547A-3D86-691C-B6F9-E6C84AFAF9B8.png\"},\"dossier\":false}","lite":"0","guid":"9015cfc2-fdf8-49a9-8b11-5c013315c68a","growth_activity":"0"},{"id":"637601","courseId":"315","type":"3","summary":"The Better You and Your Spouse","index":"1","json":"{\"type\":3,\"intro\":{\"title\":\"The Better You and Your Spouse\",\"description\":\"Families are such webs of emotional ups and downs and ins and outs. And all our actions seem to reverberate back on us - you&#39;re a bad wife, a bad husband, a terrible mother or father or child. We feel so vulnerable, yet we also feel stuck in how things are.&#10;&#10;Let&#39;s look at this.\",\"image\":\"\",\"sound\":\"\",\"volume\":50},\"unlockscore\":\"225\",\"quicklink\":false,\"quotation\":\"\"}","lite":"0","guid":"cf3acb69-8269-45f2-93c6-5fcfcb6d7469","growth_activity":"0"},{"id":"637602","courseId":"315","type":"13","summary":"Yell, Leave or Open Your Heart","index":"2","json":"{\"type\":13,\"thisthat\":{\"questions\":[{\"text\":\"One day you come home tired and wanting to just sit down for ten minutes. Then you see the dishes are still in the sink and the garbage can is overflowing. Just then your spouse comes in and starts telling a story about the kids or work or you don&#39;t know what, buy you just don&#39;t want to hear it now.&#10;&#10;You want to scream - just shut up! Why can&#39;t you see I just want to relax? Should you scream?\",\"correct\":\"No\",\"wrong\":\"Yes\",\"value\":true,\"feedback\":[\"Of course not. Yelling would be the easy, short term response to what you are feeling. We all do it. And it comes back to haunt us all. It never works. It always makes things worse once you stop yelling. You feel worse.\",\"No, you shouldn&#39;t yell. It&#39;s the easy, short term response to what you are feeling. We all do it. And it comes back to haunt us all. It never works. It always makes things worse once you stop yelling. You feel worse.\"]},{\"text\":\"Okay, so you&#39;re not going to yell. Okay, so then, you think, I&#39;ll just leave the room. Should you do that?\",\"correct\":\"No\",\"wrong\":\"Yes\",\"value\":true,\"feedback\":[\"You&#39;re right, you shouldn&#39;t just leave the room. Yes, it&#39;s better than yelling. But if you just walk out on your spouse, it will be insulting and disrespectful. You might get a nap, but you&#39;ve left bad feelings in your wake.\",\"No, you shouldn&#39;t just leave the room. Yes, it&#39;s better than yelling. But if you just walk out on your spouse, it will be insulting and disrespectful. You might get a nap, but you&#39;ve left bad feelings in your wake.\"]},{\"text\":\"Okay, no yelling, no walking out. What is left? What can you do? How about opening your heart to your spouse? Should you do that?\",\"correct\":\"No\",\"wrong\":\"Yes\",\"value\":false,\"feedback\":[\"Yes, opening your heart is initially the hardest way to go. Why? Because you have to take control of yourself and do what might seem like a weak move at first. But it will always prove to be the strongest move you can make. It&#39;s The Better You. It is the best short term and long term action.\",\"Oh, you should open your heart to your spouse even though it is initially the hardest way to go. Why? Because you have to take control of yourself and do what might seem like a weak move at first. But it will always prove to be the strongest move you can make. It&#39;s The Better You. It is the best short term and long term action.\"]}],\"timer\":120,\"noscore\":false},\"feedback\":[\"Think about it: your spouse at the moment does not necessarily realize what you&#39;re feeling, so if you open your heart, you do not have to initially get over any boulders you threw in the way. So, now you&#39;re feeling good about yourself and your spouse and you are still on the love plain.\",\"Think about it: your spouse at the moment does not necessarily realize what you&#39;re feeling, so if you open your heart, you do not have to initially get over any boulders you threw in the way. So, now you&#39;re feeling good about yourself and your spouse and you are still on the love plain.\"],\"score\":\"75\",\"gems\":\"1\"}","lite":"0","guid":"a94de2af-9415-416a-afdd-b7fd43371c26","growth_activity":"0"},{"id":"637603","courseId":"315","type":"9","summary":"Control Yourself?","index":"3","json":"{\"type\":9,\"wordfill\":{\"text\":\"I will take a few ##2##, release ##1## and ##3##, and ask them to ##4##. \",\"prompt\":\"The one thing in life you can control is you. Get over trying to change your spouse, your children, your relatives. Deep down you know this. Tell yourself this: The next time I get into a situation where I want to yell and tell someone that they are completely wrong and missing the point...\",\"sound\":\"\",\"words\":[\"my anger\",\"deep breaths\",\"indignation\",\"explain\"],\"timer\":60},\"feedback\":[\"Yes. By doing this, you will get past your initial reaction. In fact, the other person may be completely wrong and missing the point, but the way to deal with that is to allow that person the space to find their own mistake. And if they don&#39;t, you can calmly state your point of view.\",\"I will take a few deep breaths, release my anger and indignation, and ask them to explain. This does not mean they are not wrong and missing the point. This is a way for you to regain control of yourself and give the person space to find their own mistake.\"],\"score\":\"100\",\"gems\":\"1\"}","lite":"0","guid":"38581bec-09be-4220-a65f-0f3f38bbd8b6","growth_activity":"0"},{"id":"637604","courseId":"315","type":"10","summary":"You Are Still Connected","index":"4","json":"{\"type\":10,\"dragdrop\":{\"timer\":60,\"layout\":0,\"goals\":[{\"isImage\":false,\"text\":\"The Other Person\",\"image\":\"\"}],\"items\":[{\"goal\":1,\"isImage\":false,\"text\":\"Still communicating with...\",\"image\":\"\",\"feedback\":[\"Once communication stops, you have a much bigger, longer term problem on your hands and the solution is going to be more difficult than the simple self control you need at this moment.\",\"\"]},{\"goal\":1,\"isImage\":false,\"text\":\"Still on a love plain with\",\"image\":\"\",\"feedback\":[\"You have not raised your voice, or spoken negative words. You are still connecting with love to this person. And they can&#39;t but help feeling it. Do not lose that connection. That is a very costly mistake.\",\"\"]},{\"goal\":1,\"isImage\":false,\"text\":\"Not trying to bully\",\"image\":\"\",\"feedback\":[\"You aren&#39;t trying to yell louder, talk over, or in any way force the other person to your point of view. If you bully someone into agreeing with you, they don&#39;t really agree anyway. They are just sick and tired of your crap. It&#39;s like an exhausted suspect admitting to a crime they didn&#39;t do.\",\"\"]}],\"prompt\":\"When you take a moment to step back and allow the other person the space to let off their own steam, you are maintaining self control. And this has the great benefit of allowing you to stay connected to the other person. By staying connected you are:\",\"sound\":\"\"},\"feedback\":[\"The bottom line is: you are still connected to the other person, your spouse, the person who should be most important to you. If you lose connection with your spouse, how can you expect to be connected to the rest of your life?\",\"The bottom line is: you are still connected to the other person, your spouse, the person who should be most important to you. If you lose connection with your spouse, how can you expect to be connected to the rest of your life?\"],\"score\":\"75\",\"gems\":\"1\"}","lite":"0","guid":"288b35b0-a64a-4d1b-885f-ba0ae3edfdc4","growth_activity":"0"},{"id":"637605","courseId":"315","type":"12","summary":"Maybe Not Today","index":"5","json":"{\"type\":12,\"orderitems\":{\"slots\":[\"\",\"\",\"\",\"\",\"\",\"\"],\"items\":[{\"text\":\"You have not\",\"slot\":1},{\"text\":\"shredded the\",\"slot\":2},{\"text\":\"remnants of your\",\"slot\":3},{\"text\":\"relationship. You\",\"slot\":4},{\"text\":\"have kept the door\",\"slot\":5},{\"text\":\"open for love.\",\"slot\":6}],\"ordered\":true,\"timer\":60,\"sound\":\"\",\"prompt\":\"Just because you have maintained self control and kept from being negative and stayed on a love plain, does not mean the other person will agree with you or not be mad at you. After all, maybe you are not correct in this particular instance. And maybe you did something that the other person should be mad about. But:\"},\"feedback\":[\"Yes, there is still the possibility of moving forward positively.\",\"You have not shredded the remnants of your relationship. You have kept the door open for love. There is still the possibility of moving forward positively. \"],\"score\":\"150\",\"gems\":\"1\"}","lite":"0","guid":"0bfd1bed-729b-42a2-9d60-3f9e1896eea8","growth_activity":"0"},{"id":"637606","courseId":"315","type":"20","summary":"The Next Moment","index":"6","json":"{\"type\":20,\"multiple\":{\"timer\":60,\"answers\":[{\"correct\":true,\"text\":\"Sitting down to eat with my spouse \",\"feedback\":\"Visualize sitting down with your spouse and eating a flavorful meal and making small talk about the day. Wouldn&#39;t you rather do that than live in a battle zone for the next few hours, days...?\"},{\"correct\":false,\"text\":\"I want to leave my spouse \",\"feedback\":\"Perhaps you should leave your spouse. But that decision should be made without anger and negativity. If you can honestly visualize a better future without your spouse, then you need to discuss that without yelling. And not now. Not in the middle of a clash of egos.\"},{\"correct\":true,\"text\":\"Resting beside my spouse at night \",\"feedback\":\"If you can just maintain control for these few moments and give your spouse space to talk, then you probably will end up next to your spouse tonight, relaxed after a long day. If you insist on being right, on not listening and on yelling, bad feelings will prevail for a long time.\"},{\"correct\":false,\"text\":\"My spouse is always wrong \",\"feedback\":\"First of all, no one is ever wrong ALL THE TIME. Secondly, don&#39;t make this moment&#39;s argument about everything your spouse ever did that was wrong or hurtful. Your spouse could do the same to you and where would that get you both? The battle zone for a long time.\"}],\"sound\":\"\",\"text\":\"When you are in the heat of anger, it is hard to remember the next moment. But it is essential. Which of these thoughts would it be helpful to push into your mind when it is filled with anger?\"},\"feedback\":[\"Good. Now touch any answer to learn more. (Touch Close to continue.)\",\"Some of your selections were not the best choices for the moment. Now touch any answer to learn more. (Touch Close to continue.)\"],\"score\":\"50\",\"gems\":\"1\"}","lite":"0","guid":"048d2241-6e76-4cff-bd73-b525fe37436d","growth_activity":"0"},{"id":"637607","courseId":"315","type":"6","summary":"The Love Plain","index":"7","json":"{\"type\":6,\"image\":\"\",\"presentation\":[{\"text\":\"The Love Plain\",\"in\":1,\"time\":1,\"sound\":\"\",\"size\":2,\"color\":\"#256ED7\"},{\"text\":\"With your spouse, always push yourself to stay on the love plain. That is the area where you are both communicating freely and openly.\",\"in\":0,\"time\":2,\"sound\":\"\"},{\"text\":\"To do this, you must maintain self control. If you canu2019t control yourself, how can you expect others to control themselves or the world to give you what you need?\",\"in\":1,\"time\":2,\"sound\":\"\"},{\"text\":\"Without self control, you end up in the battle zone and you might get there in a moment, but to get out will always take much, much longer.\",\"in\":1,\"time\":2,\"sound\":\"\"},{\"text\":\"Always strive to respond as The Better You.\",\"in\":1,\"time\":3,\"sound\":\"BB0974A7-2390-0601-5407-210F6D7491E4.mp3\"}]}","lite":"0","guid":"1356328b-3b69-4f2e-8e93-d7982558ab2a","growth_activity":"0"},{"id":"637608","courseId":"315","type":"7","summary":"Your Spouse and The Better You","index":"8","json":"{\"type\":7,\"input\":{\"type\":7,\"prompt\":\"How often do you choose The Better You? Use the slider to answer. Then write about a time when you did or did not choose The Better You in your relationship with your spouse, and how it affected that relationship - short term and long term.\",\"locked\":false,\"text\":\"\",\"isNumber\":false,\"useImages\":false,\"left\":\"Pretty Much Never\",\"right\":\"Most of the Time\",\"ideal\":50},\"feedback\":[\"You can review and edit any text you enter in the course. Just touch the three blue lines in the upper left and choose Dossiers from the menu. And remember: always strive to choose The Better You.\",\"You can review and edit any text you enter in the course. Just touch the three blue lines in the upper left and choose Dossiers from the menu. And remember: always strive to choose The Better You.\"],\"score\":0,\"gems\":0}","lite":"0","guid":"5fcff7a6-956d-415e-8a5b-c0cf61014fe3","growth_activity":"0"},{"id":"637609","courseId":"315","type":"4","summary":"The Better You and Your Spouse","index":"9","json":"{ \"type\":4}","lite":"0","guid":"227b2dfa-2b03-482b-bf28-307e7080d40a","growth_activity":"0"},{"id":"637610","courseId":"315","type":"3","summary":"The Better You and Your Children","index":"10","json":"{\"type\":3,\"intro\":{\"title\":\"The Better You and Your Children\",\"description\":\"As hard as it is to maintain your control with your spouse, it can be even harder with your children. Other issues arise such as &#34;You&#39;re just a kid, what do you know?&#34; or &#34;You better respect me or else!&#34; or &#34;This is my house and you&#39;ll do what I say!&#34; &#10;&#10;Each of these thoughts is going to get you right to the battle zone. You know that, but what can you do about it? Let&#39;s take a look.\",\"image\":\"\",\"sound\":\"\",\"volume\":50},\"unlockscore\":\"250\",\"quicklink\":false,\"quotation\":\"\"}","lite":"0","guid":"61c52f84-eab9-4b37-a577-1989bb141f43","growth_activity":"0"},{"id":"637611","courseId":"315","type":"13","summary":"Yell, Insult or Unblock Your Mind?","index":"11","json":"{\"type\":13,\"thisthat\":{\"questions\":[{\"text\":\"One day you find that your son has been failing two classes in school. You had suspected something, but he&#39;s been telling you things are fine. Then you get a call from the teachers and they tell you the truth. Your son then comes home and when you ask him about it, he blames the teachers and says that he has been working hard. But you know this is not the truth.&#10;&#10;Should you yell at him for ruining his life?\",\"correct\":\"Yes\",\"wrong\":\"No\",\"value\":false,\"feedback\":[\"Yes, it feels like he is ruining his life. So, it should be best to make sure he understands that and the louder you say it the better he should understand. Right? Of course not, but that&#39;s how you&#39;re acting. This is not The Better You.\",\"No, it feels like he is ruining his life. So, it should be best to make sure he understands that and the louder you say it the better he should understand. Right? Of course not, but that&#39;s how you&#39;re acting. This is not The Better You.\"]},{\"text\":\"In a blind moment, you raise your hand and threaten to hit him. Should you just do it?\",\"correct\":\"Yes\",\"wrong\":\"No\",\"value\":false,\"feedback\":[\"Correct. This is never the way to go. Violence breeds violence. Even though you might be so mad that you just want to hit him, take a step away. Leave the room if you need to. Breathe. Breathe. Breathe. Remember what it is like the moment after you hit him. Find The Better You and respond as that person.\",\"No, this is never the way to go. Violence breeds violence. Even though you might be so mad that you just want to hit him, take a step away. Leave the room if you need to. Breathe. Breathe. Breathe. Remember what it is like the moment after you hit him. Find The Better You and respond as that person.\"]},{\"text\":\"Lowering your hand, you hear the next words you are going to speak - &#34;You&#39;re just lazy and you&#39;ll never amount to anything.&#34; Should you speak those words?\",\"correct\":\"Yes\",\"wrong\":\"No\",\"value\":false,\"feedback\":[\"Correct. It may be that you want to tell him that he&#39;s the worst child you know. All your friends&#39; children act like young adults. Of course, you know that&#39;s not even true. And it doesn&#39;t matter. This is your son, here now, and you&#39;re his parent. All parties are present. Are you here for him or to let off some steam?\",\"No, it may be that you want to tell him that he&#39;s the worst child you know. All your friends&#39; children act like young adults. Of course, you know that&#39;s not even true. And it doesn&#39;t matter. This is your son, here now, and you&#39;re his parent. All parties are present. Are you here for him or to let off some steam?\"]},{\"text\":\"With all your usual responses now vetoed by something in your brain, you don&#39;t know what to do. Should you just unblock your mind and act with love?\",\"correct\":\"Yes\",\"wrong\":\"No\",\"value\":true,\"feedback\":[\"Yes. Your anger and other bad feelings are stuffing the pipes of your mind. Breathe and unblock them. Don&#39;t respond until you have a clear head. Then sit down and talk with the intent of helping him. You can still punish him, but out of love and care, rather than hate and anger. \",\"Incorrect. Your anger and other bad feelings are stuffing the pipes of your mind. Breathe and unblock them. Don&#39;t respond until you have a clear head. Then sit down and talk with the intent of helping him. You can still punish him, but out of love and care, rather than hate and anger. \"]}],\"timer\":120,\"noscore\":false},\"feedback\":[\"Respond as The Better You, as the person you want your child to be like when he grows up.\",\"Respond as The Better You, as the person you want your child to be like when he grows up.\"],\"score\":\"100\",\"gems\":\"1\"}","lite":"0","guid":"6a28d22d-61a4-457d-8178-f50c2950154e","growth_activity":"0"},{"id":"637612","courseId":"315","type":"9","summary":"Judge the Act","index":"12","json":"{\"type\":9,\"wordfill\":{\"text\":\"You must stay on the plain of love, sowing seeds of ##1##.##3## the ##2##, not the ##4##.\",\"prompt\":\"When you do have that conversation, don&#39;t use any phrases that are bigger than the immediate situation. Not &#34;You always do the wrong thing,&#34; but &#34;Failing a class and lying about it is wrong.&#34; Focus on the current situation and figure out why it happened - why is he failing and why didn&#39;t he tell you.&#10;&#10;Remember, if you want him to ever talk to you again:\",\"sound\":\"\",\"words\":[\"understanding\",\"act\",\"Judge\",\"person\"],\"timer\":60},\"feedback\":[\"Yes. If you torture the truth out of him, he will make every attempt to never talk to you again.\",\"You must stay on the plain of love, sowing seeds of understanding. Judge the act, not the person. If you torture the truth out of him, he will make every attempt to never talk to you again.\"],\"score\":\"100\",\"gems\":\"1\"}","lite":"0","guid":"d982c009-eff9-4ace-afd2-e5471c283e07","growth_activity":"0"},{"id":"637613","courseId":"315","type":"10","summary":"On a Daily Basis","index":"13","json":"{\"type\":10,\"dragdrop\":{\"timer\":60,\"layout\":0,\"goals\":[{\"isImage\":false,\"text\":\"Your Child\",\"image\":\"\"}],\"items\":[{\"goal\":1,\"isImage\":false,\"text\":\"Hug\",\"image\":\"\",\"feedback\":[\"Out of nowhere, hit your child with a love bomb. He won&#39;t know what hit him. A good hug speaks a thousand I love yous.\",\"\"]},{\"goal\":1,\"isImage\":false,\"text\":\"Observe\",\"image\":\"\",\"feedback\":[\"Every day, be aware of your child&#39;s mindset, emotional state and physical condition. You don&#39;t want surprises.\",\"\"]},{\"goal\":1,\"isImage\":false,\"text\":\"Speak\",\"image\":\"\",\"feedback\":[\"Every day, open communication with your child. If he doesn&#39;t want to talk, don&#39;t push it. As long as he is aware of your availability, then you have fulfilled your everyday goal.\",\"\"]}],\"prompt\":\"If you expect such conversations and situations to end productively and positively, you must make sure that on a daily basis you deal with your child from The Better You.  If you are basically a stranger to your child&#39;s emotional life, such attempts will be almost fruitless.\",\"sound\":\"\"},\"feedback\":[\"If you had a plant and you didn&#39;t water it regularly it would die. If you had a dog and you didn&#39;t feed it daily, it would die. It&#39;s the same with a relationship: if you don&#39;t feed it daily, it withers and one day it is gone.\",\"If you had a plant and you didn&#39;t water it regularly it would die. If you had a dog and you didn&#39;t feed it daily, it would die. It&#39;s the same with a relationship: if you don&#39;t feed it daily, it withers and one day it is gone.\"],\"score\":\"75\",\"gems\":\"1\"}","lite":"0","guid":"21123830-80bd-4ab0-9a34-71aec35f631d","growth_activity":"0"},{"id":"637614","courseId":"315","type":"12","summary":"Think About It","index":"14","json":"{\"type\":12,\"orderitems\":{\"slots\":[\"\",\"\",\"\",\"\",\"\",\"\"],\"items\":[{\"text\":\"Judge the act and\",\"slot\":1},{\"text\":\"punish the act.\",\"slot\":2},{\"text\":\"But love the child\",\"slot\":3},{\"text\":\"and seek to\",\"slot\":4},{\"text\":\"understand\",\"slot\":5},{\"text\":\"the child.\",\"slot\":6}],\"ordered\":true,\"timer\":60,\"sound\":\"\",\"prompt\":\"When your child does something wrong, think about it. If they cheat on a test, lie to you, do illegal drugs or abuse alcohol, think about it. Why are they doing it? If you just respond to the act, you may be missing something far more important. Remember:\"},\"feedback\":[\"This is coming from The Better You and that should be the goal of all your thoughts and actions. You&#39;re going to fail a lot of the time, but you&#39;ll get it right the more you try.\",\"Judge the act. Punish the act. But love the child and seek to understand the child. This is coming from The Better You and that should be the goal of all your thoughts and actions. You&#39;ll fail a lot of the time, but you&#39;ll get it right the more you try.\"],\"score\":\"150\",\"gems\":\"1\"}","lite":"0","guid":"e388f9c0-9177-4cef-988d-9439bd64eade","growth_activity":"0"},{"id":"637615","courseId":"315","type":"20","summary":"Why Try?","index":"15","json":"{\"type\":20,\"multiple\":{\"timer\":60,\"answers\":[{\"correct\":true,\"text\":\"If I don&#39;t, who will?\",\"feedback\":\"Yes, if you don&#39;t, then how can you claim the moral authority to respond to the actions of our politicians, school administration, business leaders - if you&#39;re going to give in at this most intimate and important moment, then everyone might as well just live their lives as they feel at the moment.\"},{\"correct\":true,\"text\":\"My kids will be adults some day. \",\"feedback\":\"Yes, and they will model their behavior after your behavior - without even knowing it. One day they will look in the mirror - just like you did - and realize they are becoming you. You want that to be a proud moment, not one of disappointment and concern. \"},{\"correct\":true,\"text\":\"God is watching.\",\"feedback\":\"If you believe in a higher power - that there is simply more to this life than meets the eye - then you realize that we&#39;re never alone. That&#39;s a comforting thought. But it also means that if we sweep the dust under the rug, the universe knows. And no act goes unanswered. \"},{\"correct\":true,\"text\":\"We want to leave the world better \",\"feedback\":\"If you stopped at a traffic accident, got out of your car and kicked the bloody person lying near his car, what would be the point? It&#39;s the same with the world we live in. If you&#39;re not going to try to make it better, than you&#39;re probably going to make it worse. What&#39;s the point of that?\"}],\"sound\":\"\",\"text\":\"It&#39;s very difficult to control ourselves and difficult to try to act and think as The Better You. Why bother? Our kids still don&#39;t seem to respect us. They still don&#39;t take a moment to clean their dirty dishes, or pick up after themselves. Why try to hold yourself to a higher standard?\"},\"feedback\":[\"You selected all the correct answers. Now touch any to learn more. (Touch Close to continue.)\",\"You didn&#39;t select all the correct answer. Now touch any to learn more. (Touch Close to continue.)\"],\"score\":\"100\",\"gems\":\"1\"}","lite":"0","guid":"b1301e5a-c653-4d73-b445-0dd14e549c10","growth_activity":"0"},{"id":"637616","courseId":"315","type":"6","summary":"The Love Plain","index":"16","json":"{\"type\":6,\"image\":\"\",\"presentation\":[{\"text\":\"The Love Plain\",\"in\":1,\"time\":1,\"sound\":\"\",\"size\":2,\"color\":\"#256ED7\"},{\"text\":\"With your child, as with your spouse, always push yourself to stay on the love plain. That is the area where you are both communicating freely and openly. Because you&#39;re dealing with a child, though, and we know the child&#39;s mind is not yet fully developed for proper judgment, you can&#39;t expect him to try to do the same. So, you may have to work even harder with your child than with your spouse.\",\"in\":1,\"time\":2,\"sound\":\"\"},{\"text\":\"You must maintain self control. And it might be a long time before you actually see the payoff. So, don&#39;t let your ego get in the way and stay out of the battle zone.\",\"in\":1,\"time\":2,\"sound\":\"\"},{\"text\":\"And always strive to respond as The Better You.\",\"in\":1,\"time\":3,\"sound\":\"15F066D3-945E-110A-888D-F08AD4F82A25.mp3\"}]}","lite":"0","guid":"f7ce5811-3db1-4bf4-bda9-913e6ac37695","growth_activity":"0"},{"id":"637617","courseId":"315","type":"7","summary":"Your Child and The Better You","index":"17","json":"{\"type\":7,\"input\":{\"type\":7,\"prompt\":\"How often do you feel that you are on the love plain or in the battle zone with your child? Rate yourself with the slider and then write about it with an open heart.\",\"locked\":false,\"text\":\"\",\"isNumber\":false,\"useImages\":false,\"left\":\"Battle Zone\",\"right\":\"Love Plain\",\"ideal\":50},\"feedback\":[\"And always strive to respond as The Better You.\",\"And always strive to respond as The Better You.\"],\"score\":0,\"gems\":0}","lite":"0","guid":"58da5235-b9ad-4e35-b47e-4e76ba02fd51","growth_activity":"0"},{"id":"637618","courseId":"315","type":"4","summary":"The Better You and Your Children","index":"18","json":"{ \"type\":4}","lite":"0","guid":"4c1cab88-8533-4317-a148-80c85396d43d","growth_activity":"0"},{"id":"637619","courseId":"315","type":"2","summary":"The Better You and Your Family","index":"19","json":"{ \"type\":2}","lite":"0","guid":"1bc7510c-23d6-4b17-95a0-01f8e4408e43","growth_activity":"0"},{"id":"637620","courseId":"315","type":"1","summary":"Work Life","index":"20","json":"{ \"type\":1}","lite":"0","guid":"7dfa8fe6-5452-4459-a623-6338ab058923","growth_activity":"0"},{"id":"637621","courseId":"315","type":"2","summary":"Work Life","index":"21","json":"{ \"type\":2}","lite":"0","guid":"9eb35327-504a-4359-ba73-bfd2c05e394c","growth_activity":"0"}]