{"id":"315","authorId":"0","groupId":"0","credits":"2","dollars":"9.99","summary":"Simple reminders for how to always strive to be The Better You.","description":"Everyday life brings many opportunities to choose The Better You. Here is a simple course on how to do that so you can stay out of the Battle Zone and on the Love Plain.","date":"2016-03-10 09:27:44","iconURL":"icon315.jpg","imageURL":"image315.jpg","vimeo":"","title":"The Better You","editDate":"2016-03-12 19:16:29","buildAvailable":"1","published":"0","publicationDate":null,"listOrder":"7"}