{"id":"339","authorId":"0","groupId":"0","credits":"300","dollars":"9.99","summary":"Discover the secret to success and wealth!","description":"Play with Napoleon Hill's life-changing positive thinking ideas and discover the secret to success and wealth. UNLOCK THE POWER TO ATTAINING YOUR DESIRE. (Includes the full text of the book.)","date":"2017-03-06 02:47:29","iconURL":"icon233.jpg","imageURL":"image182.jpg","vimeo":"","title":"Think and Grow Rich: The Blink Training Course","editDate":"2017-03-15 15:48:00","buildAvailable":"1","published":"1","publicationDate":null,"listOrder":"0"}