[{"id":"5597","courseId":"103","type":"3","summary":"Fun With Word Heat","index":"0","json":"{\\\"type\\\":3,\\\"intro\\\":{\\\"title\\\":\\\"Fun With Word Heat\\\",\\\"description\\\":\\\"Does the word heat now show on the proper background?\\\",\\\"image\\\":\\\"26FF80F0-93C2-B280-7B19-3C762C08190C.png\\\"},\\\"unlockscore\\\":0,\\\"quicklink\\\":false,\\\"quotation\\\":\\\"&#39; &#34; ?\\\"}","lite":"0","guid":"f0d6066a-cccf-4dac-b0c1-6c579f9cf6de","growth_activity":"0"},{"id":"5598","courseId":"103","type":"4","summary":"Fun With Word Heat","index":"1","json":"{ \\\"type\\\":4}","lite":"0","guid":"2c858c41-67e8-4c37-8184-482cc07db9f5","growth_activity":"0"},{"id":"5599","courseId":"103","type":"16","summary":"Let's try it","index":"2","json":"{\\\"type\\\":16,\\\"wordheat\\\":{\\\"prompt\\\":\\\"Consider &#39;success&#39;. Order these ideas from highest priority (largest) to lowest priority (smallest) in terms of what success means to you.\\\",\\\"words\\\":[{\\\"word\\\":\\\"Love\\\",\\\"layer\\\":5},{\\\"word\\\":\\\"Money\\\",\\\"layer\\\":0},{\\\"word\\\":\\\"Fame\\\",\\\"layer\\\":0},{\\\"word\\\":\\\"Fortune\\\",\\\"layer\\\":0},{\\\"word\\\":\\\"Happiness\\\",\\\"layer\\\":0},{\\\"word\\\":\\\"Family\\\",\\\"layer\\\":0},{\\\"word\\\":\\\"Good looks\\\",\\\"layer\\\":0},{\\\"word\\\":\\\"Fancy cars\\\",\\\"layer\\\":0},{\\\"word\\\":\\\"Big house\\\",\\\"layer\\\":0},{\\\"word\\\":\\\"People admiring you\\\",\\\"layer\\\":0},{\\\"word\\\":\\\"Freedom\\\",\\\"layer\\\":0},{\\\"word\\\":\\\"Peace of mind\\\",\\\"layer\\\":0}],\\\"timer\\\":30},\\\"feedback\\\":[\\\"Pass text\\\",\\\"Fail text\\\"],\\\"score\\\":0,\\\"gems\\\":0}","lite":"0","guid":"9199d7ca-3fad-4ac3-b487-d426548edd54","growth_activity":"0"},{"id":"5600","courseId":"103","type":"16","summary":"Let's try it","index":"3","json":"{\\\"type\\\":16,\\\"wordheat\\\":{\\\"prompt\\\":\\\"Consider &#39;success&#39;. Order these ideas from highest priority (largest) to lowest priority (smallest) in terms of what success means to you. THIS TIME WE&#39;RE TESTING\\\",\\\"words\\\":[{\\\"word\\\":\\\"Love\\\",\\\"layer\\\":5},{\\\"word\\\":\\\"Money\\\",\\\"layer\\\":0},{\\\"word\\\":\\\"Fame\\\",\\\"layer\\\":3},{\\\"word\\\":\\\"Fortune\\\",\\\"layer\\\":1},{\\\"word\\\":\\\"Happiness\\\",\\\"layer\\\":2},{\\\"word\\\":\\\"Family\\\",\\\"layer\\\":5},{\\\"word\\\":\\\"Good looks\\\",\\\"layer\\\":4},{\\\"word\\\":\\\"Fancy cars\\\",\\\"layer\\\":2},{\\\"word\\\":\\\"Big house\\\",\\\"layer\\\":1},{\\\"word\\\":\\\"People admiring you\\\",\\\"layer\\\":1},{\\\"word\\\":\\\"Freedom\\\",\\\"layer\\\":1},{\\\"word\\\":\\\"Peace of mind\\\",\\\"layer\\\":5}],\\\"timer\\\":30},\\\"feedback\\\":[\\\"Pass text\\\",\\\"Fail text\\\"],\\\"score\\\":\\\"200\\\",\\\"gems\\\":0}","lite":"0","guid":"33ebf4ba-fa01-4f28-ab15-630e878bd8a0","growth_activity":"0"}]