[{"id":"67000","courseId":"184","type":"3","summary":"Activity Burst","index":"86","json":"{\\\"type\\\":3,\\\"intro\\\":{\\\"title\\\":\\\"First Activity\\\",\\\"description\\\":\\\"This is an activity.\\\",\\\"image\\\":\\\"\\\",\\\"sound\\\":\\\"\\\",\\\"volume\\\":50},\\\"unlockscore\\\":0,\\\"quicklink\\\":false,\\\"quotation\\\":\\\"\\\"}","lite":"0","guid":"908fe72b-f27e-48f5-bf64-53ddfbe734ed","growth_activity":"1"},{"id":"67001","courseId":"184","type":"7","summary":"Confident","index":"87","json":"{\\\"type\\\":7,\\\"input\\\":{\\\"type\\\":1,\\\"prompt\\\":\\\"Are you confident?\\\",\\\"locked\\\":false},\\\"feedback\\\":[\\\"\\\",\\\"\\\"],\\\"score\\\":0,\\\"gems\\\":0}","lite":"0","guid":"a2d92742-d292-428f-94bd-e6214cb35430","growth_activity":"1"},{"id":"67002","courseId":"184","type":"4","summary":"Activity Burst","index":"88","json":"{ \\\"type\\\":4}","lite":"0","guid":"2a422039-16b6-495b-ac3d-83180dbbf3e1","growth_activity":"1"}]