{"id":"231","credits":"2","dollars":"9.99","summary":"A new vision of the Napoleon Hill classic","description":"In-a-Blink courses cut through the clutter and present the essence of the material. In this easy-to-follow version of Think and Grow Rich, you will quickly unlock the secret to attaining your desire.","date":"2014-12-03 21:09:45","iconURL":"icon182.jpg","imageURL":"image182.jpg","vimeo":"","title":"Test WordHeat Think and Grow Rich in a Blink!","editDate":"2014-12-03 21:34:22","buildAvailable":"0","published":"0","publicationDate":null}