{"id":"198","credits":"2","dollars":"9.99","summary":"Learn to communicate with confidence in your business and personal life.","description":"Learn to use the essential elements of trust, credibility, and confident behavior to communicate effectively and confidently.","date":"2014-10-04 15:17:32","iconURL":"icon198.jpg","imageURL":"image198.jpg","vimeo":"","title":"Confident Communicator Demo Course -  FIX INTRO","editDate":"2014-10-14 05:19:57","buildAvailable":"1","published":"0","publicationDate":null}