[{"id":"124998","courseId":"240","type":"1","summary":"Unit 1","index":"0","json":"{\"type\":1,\"intro\":{\"title\":\"First Unit\",\"description\":\"Blah blah blah\",\"image\":\"0C5FF1F2-92F8-A52F-7EED-8B0855EE3FE6.png\"},\"dossier\":false}","lite":"0","guid":"582e7540-12ae-458f-8a6b-cbaa06cba489","growth_activity":"0"},{"id":"124999","courseId":"240","type":"3","summary":"Burst 1","index":"1","json":"{\"type\":3,\"intro\":{\"title\":\"No Bass\",\"description\":\"All about the treble\",\"image\":\"\",\"sound\":\"\",\"volume\":50},\"unlockscore\":0,\"quicklink\":false,\"quotation\":\"\"}","lite":"0","guid":"3f23bdf1-8d9b-4f6c-9689-a06e1ed65441","growth_activity":"0"},{"id":"125000","courseId":"240","type":"6","summary":"Does this show?","index":"2","json":"{\"type\":6,\"image\":\"\",\"presentation\":[{\"text\":\"Are you seeing this?\",\"in\":0,\"time\":0,\"sound\":\"\"}]}","lite":"0","guid":"d23d44ef-e30a-4d86-a2ca-4a455773d340","growth_activity":"0"},{"id":"125001","courseId":"240","type":"17","summary":"Does this work?","index":"3","json":"{\"type\":17,\"video\":{\"prompt\":\"Can you see me?\",\"vimeo\":\"116894472 \"}}","lite":"0","guid":"17668838-e47d-4260-a153-39abec9d2ad2","growth_activity":"0"},{"id":"125002","courseId":"240","type":"14","summary":"Does this show?","index":"4","json":"{\"type\":14,\"question\":{\"timer\":60,\"multiplechoice\":true,\"answers\":[{\"correct\":false,\"text\":\"Yes\",\"feedback\":\"\"},{\"correct\":false,\"text\":\"No\",\"feedback\":\"\"}],\"sound\":\"\",\"text\":\"Are you seeing this?\"},\"feedback\":[\"\",\"\"],\"score\":0,\"gems\":0}","lite":"0","guid":"a34077a6-2a03-47ec-8683-627f73f2bb64","growth_activity":"0"},{"id":"125003","courseId":"240","type":"4","summary":"Burst 1","index":"5","json":"{ \"type\":4}","lite":"0","guid":"1c2010bb-b6aa-498b-aef7-b945fd0f1673","growth_activity":"0"},{"id":"125004","courseId":"240","type":"2","summary":"Unit 1","index":"6","json":"{ \"type\":2}","lite":"0","guid":"1d41c3a5-c0cf-4233-822d-5c900ca227de","growth_activity":"0"}]